Loaded 66 instructions from ../controller_assembly.hex
cycle 0: PC=0x0000 OPCODE=0x02 [SET_ID] (call PE array config module)
cycle 1: PC=0x0001 OPCODE=0x01 [CFG_SET] CSR[0] <= type(0) -> 0x10000000
cycle 2: PC=0x0002 OPCODE=0x01 [CFG_SET] CSR[1] <= type(1) -> 0x20000000
cycle 3: PC=0x0003 OPCODE=0x01 [CFG_SET] CSR[2] <= type(2) -> 0x30000000
cycle 4: PC=0x0004 OPCODE=0x01 [CFG_SET] CSR[3] <= type(3) -> 0x0
cycle 5: PC=0x0005 OPCODE=0x01 [CFG_SET] CSR[4] <= type(4) -> 0x1000
cycle 6: PC=0x0006 OPCODE=0x01 [CFG_SET] CSR[5] <= type(5) -> 0x2000
cycle 7: PC=0x0007 OPCODE=0x01 [CFG_SET] CSR[6] <= type(6) -> 0x100
cycle 8: PC=0x0008 OPCODE=0x01 [CFG_SET] CSR[7] <= type(7) -> 0x2000
cycle 9: PC=0x0009 OPCODE=0x01 [CFG_SET] CSR[8] <= type(8) -> 0x40
cycle 10: PC=0x000a OPCODE=0x01 [CFG_SET] CSR[9] <= type(9) -> 0x90
cycle 11: PC=0x000b OPCODE=0x01 [CFG_SET] CSR[10] <= type(10) -> 0x80
cycle 12: PC=0x000c OPCODE=0x01 [CFG_SET] CSR[11] <= type(11) -> 0x40
cycle 13: PC=0x000d OPCODE=0x01 [CFG_SET] CSR[12] <= type(12) -> 0x1
cycle 14: PC=0x000e OPCODE=0x01 [CFG_SET] CSR[13] <= type(13) -> 0x0
cycle 15: PC=0x000f OPCODE=0x21 [ADDI] REG[1] = REG[0] + 0 -> 0
cycle 16: PC=0x0010 OPCODE=0x21 [ADDI] REG[2] = REG[0] + 0 -> 0
cycle 17: PC=0x0011 OPCODE=0x21 [ADDI] REG[3] = REG[0] + 0 -> 0
cycle 18: PC=0x0012 OPCODE=0x21 [ADDI] REG[4] = REG[0] + 0 -> 0
cycle 19: PC=0x0013 OPCODE=0x21 [ADDI] REG[5] = REG[0] + 0 -> 0
cycle 20: PC=0x0014 OPCODE=0x21 [ADDI] REG[6] = REG[0] + 0 -> 0
cycle 21: PC=0x0015 OPCODE=0x21 [ADDI] REG[8] = REG[0] + 0 -> 0
cycle 22: PC=0x0016 OPCODE=0x21 [ADDI] REG[9] = REG[0] + 0 -> 0
cycle 23: PC=0x0017 OPCODE=0x21 [ADDI] REG[10] = REG[0] + 0 -> 0
cycle 24: PC=0x0018 OPCODE=0x21 [ADDI] REG[11] = REG[0] + 0 -> 0
cycle 25: PC=0x0019 OPCODE=0x21 [ADDI] REG[12] = REG[0] + 0 -> 0
cycle 26: PC=0x001a OPCODE=0x21 [ADDI] REG[13] = REG[0] + 0 -> 0
cycle 27: PC=0x001b OPCODE=0x06 [DMA READ] addr=805306368 size=12288
cycle 28: PC=0x001c OPCODE=0x1d [WAIT DMA] still busy, stall
cycle 15387: PC=0x001c OPCODE=0x1d [WAIT DMA] done, continue
cycle 15388: PC=0x001d OPCODE=0x22 [MULI] REG[8] = REG[8] * 256 -> 0
cycle 15389: PC=0x001e OPCODE=0x24 [ADD] REG[8] = REG[8] + REG[1] -> 0
cycle 15390: PC=0x001f OPCODE=0x05 [DMA READ] addr=536870912 size=18432
cycle 15391: PC=0x0020 OPCODE=0x1d [WAIT DMA] still busy, stall
cycle 38430: PC=0x0020 OPCODE=0x1d [WAIT DMA] done, continue
cycle 38431: PC=0x0021 OPCODE=0x22 [MULI] REG[9] = REG[3] * 2048 -> 0
cycle 38432: PC=0x0022 OPCODE=0x24 [ADD] REG[9] = REG[9] + REG[2] -> 0
cycle 38433: PC=0x0023 OPCODE=0x04 [DMA READ] addr=268435456 size=8192
cycle 38434: PC=0x0024 OPCODE=0x1d [WAIT DMA] still busy, stall
cycle 48673: PC=0x0024 OPCODE=0x1d [WAIT DMA] done, continue
cycle 48674: PC=0x0025 OPCODE=0x18 [CPT_TAGXY] type=1 tag=(0,0)
cycle 48675: PC=0x0026 OPCODE=0x22 [MULI] REG[10] = REG[4] * 128 -> 0
cycle 48676: PC=0x0027 OPCODE=0x24 [ADD] REG[10] = REG[10] + REG[5] -> 0
cycle 48677: PC=0x0028 OPCODE=0x08 [G2P] addr=4096 tag=(0,0) size=576
cycle 48678: PC=0x0029 OPCODE=0x1d [WAIT GLB] still busy, stall
cycle 48965: PC=0x0029 OPCODE=0x1d [WAIT GLB] done, continue
cycle 48966: PC=0x002a OPCODE=0x18 [CPT_TAGXY] type=2 tag=(0,0)
cycle 48967: PC=0x002b OPCODE=0x22 [MULI] REG[11] = REG[3] * 128 -> 0
cycle 48968: PC=0x002c OPCODE=0x22 [MULI] REG[12] = REG[6] * 128 -> 0
cycle 48969: PC=0x002d OPCODE=0x24 [ADD] REG[11] = REG[11] + REG[5] -> 0
cycle 48970: PC=0x002e OPCODE=0x24 [ADD] REG[11] = REG[11] + REG[12] -> 0
cycle 48971: PC=0x002f OPCODE=0x08 [G2P] addr=8192 tag=(0,0) size=32
cycle 48972: PC=0x0030 OPCODE=0x1d [WAIT GLB] still busy, stall
cycle 48987: PC=0x0030 OPCODE=0x1d [WAIT GLB] done, continue
cycle 48988: PC=0x0031 OPCODE=0x18 [CPT_TAGXY] type=0 tag=(0,0)
cycle 48989: PC=0x0032 OPCODE=0x22 [MULI] REG[13] = REG[6] * 36 -> 0
cycle 48990: PC=0x0033 OPCODE=0x08 [G2P] addr=0 tag=(0,0) size=144
cycle 48991: PC=0x0034 OPCODE=0x1d [WAIT GLB] still busy, stall
cycle 49062: PC=0x0034 OPCODE=0x1d [WAIT GLB] done, continue
cycle 49063: PC=0x0035 OPCODE=0x1c [COMPUTE] valid_e=0
cycle 49064: PC=0x0036 OPCODE=0x1d [WAIT PE_ARRAY]
cycle 49065: PC=0x0037 OPCODE=0x18 [CPT_TAGXY] type=3 tag=(0,0)
cycle 49066: PC=0x0038 OPCODE=0x09 [P2G] addr=8192 tag=(0,0) size=32
cycle 49067: PC=0x0039 OPCODE=0x1f [LOOP] REG[6]<=64 ? target=42 : PC+1, after += 1 -> REG=1, nextPC=42
cycle 49068: PC=0x002a OPCODE=0x18 [CPT_TAGXY] type=2 tag=(0,0)
cycle 49069: PC=0x002b OPCODE=0x22 [MULI] REG[11] = REG[3] * 128 -> 0
cycle 49070: PC=0x002c OPCODE=0x22 [MULI] REG[12] = REG[6] * 128 -> 128
cycle 49071: PC=0x002d OPCODE=0x24 [ADD] REG[11] = REG[11] + REG[5] -> 0
cycle 49072: PC=0x002e OPCODE=0x24 [ADD] REG[11] = REG[11] + REG[12] -> 128
cycle 49073: PC=0x002f OPCODE=0x08 [G2P] addr=8320 tag=(0,0) size=32
cycle 49074: PC=0x0030 OPCODE=0x1d [WAIT GLB] still busy, stall
cycle 49089: PC=0x0030 OPCODE=0x1d [WAIT GLB] done, continue
cycle 49090: PC=0x0031 OPCODE=0x18 [CPT_TAGXY] type=0 tag=(0,0)
cycle 49091: PC=0x0032 OPCODE=0x22 [MULI] REG[13] = REG[6] * 36 -> 36
cycle 49092: PC=0x0033 OPCODE=0x08 [G2P] addr=36 tag=(0,0) size=144
cycle 49093: PC=0x0034 OPCODE=0x1d [WAIT GLB] still busy, stall
cycle 49164: PC=0x0034 OPCODE=0x1d [WAIT GLB] done, continue
cycle 49165: PC=0x0035 OPCODE=0x1c [COMPUTE] valid_e=0
cycle 49166: PC=0x0036 OPCODE=0x1d [WAIT PE_ARRAY]
cycle 49167: PC=0x0037 OPCODE=0x18 [CPT_TAGXY] type=3 tag=(0,0)
cycle 49168: PC=0x0038 OPCODE=0x09 [P2G] addr=8320 tag=(0,0) size=32
cycle 49169: PC=0x0039 OPCODE=0x1f [LOOP] REG[6]<=64 ? target=42 : PC+1, after += 1 -> REG=2, nextPC=42
cycle 49170: PC=0x002a OPCODE=0x18 [CPT_TAGXY] type=2 tag=(0,0)
cycle 49171: PC=0x002b OPCODE=0x22 [MULI] REG[11] = REG[3] * 128 -> 0
cycle 49172: PC=0x002c OPCODE=0x22 [MULI] REG[12] = REG[6] * 128 -> 256
cycle 49173: PC=0x002d OPCODE=0x24 [ADD] REG[11] = REG[11] + REG[5] -> 0
cycle 49174: PC=0x002e OPCODE=0x24 [ADD] REG[11] = REG[11] + REG[12] -> 256
cycle 49175: PC=0x002f OPCODE=0x08 [G2P] addr=8448 tag=(0,0) size=32
cycle 49176: PC=0x0030 OPCODE=0x1d [WAIT GLB] still busy, stall
cycle 49191: PC=0x0030 OPCODE=0x1d [WAIT GLB] done, continue
cycle 49192: PC=0x0031 OPCODE=0x18 [CPT_TAGXY] type=0 tag=(0,0)
cycle 49193: PC=0x0032 OPCODE=0x22 [MULI] REG[13] = REG[6] * 36 -> 72
cycle 49194: PC=0x0033 OPCODE=0x08 [G2P] addr=72 tag=(0,0) size=144
cycle 49195: PC=0x0034 OPCODE=0x1d [WAIT GLB] still busy, stall
cycle 49266: PC=0x0034 OPCODE=0x1d [WAIT GLB] done, continue
cycle 49267: PC=0x0035 OPCODE=0x1c [COMPUTE] valid_e=0
cycle 49268: PC=0x0036 OPCODE=0x1d [WAIT PE_ARRAY]
cycle 49269: PC=0x0037 OPCODE=0x18 [CPT_TAGXY] type=3 tag=(0,0)
cycle 49270: PC=0x0038 OPCODE=0x09 [P2G] addr=8448 tag=(0,0) size=32
cycle 49271: PC=0x0039 OPCODE=0x1f [LOOP] REG[6]<=64 ? target=42 : PC+1, after += 1 -> REG=3, nextPC=42
cycle 49272: PC=0x002a OPCODE=0x18 [CPT_TAGXY] type=2 tag=(0,0)
cycle 49273: PC=0x002b OPCODE=0x22 [MULI] REG[11] = REG[3] * 128 -> 0
cycle 49274: PC=0x002c OPCODE=0x22 [MULI] REG[12] = REG[6] * 128 -> 384
cycle 49275: PC=0x002d OPCODE=0x24 [ADD] REG[11] = REG[11] + REG[5] -> 0
cycle 49276: PC=0x002e OPCODE=0x24 [ADD] REG[11] = REG[11] + REG[12] -> 384
cycle 49277: PC=0x002f OPCODE=0x08 [G2P] addr=8576 tag=(0,0) size=32
cycle 49278: PC=0x0030 OPCODE=0x1d [WAIT GLB] still busy, stall
cycle 49293: PC=0x0030 OPCODE=0x1d [WAIT GLB] done, continue
cycle 49294: PC=0x0031 OPCODE=0x18 [CPT_TAGXY] type=0 tag=(0,0)
cycle 49295: PC=0x0032 OPCODE=0x22 [MULI] REG[13] = REG[6] * 36 -> 108
cycle 49296: PC=0x0033 OPCODE=0x08 [G2P] addr=108 tag=(0,0) size=144
cycle 49297: PC=0x0034 OPCODE=0x1d [WAIT GLB] still busy, stall
cycle 49368: PC=0x0034 OPCODE=0x1d [WAIT GLB] done, continue
cycle 49369: PC=0x0035 OPCODE=0x1c [COMPUTE] valid_e=0
cycle 49370: PC=0x0036 OPCODE=0x1d [WAIT PE_ARRAY]
cycle 49371: PC=0x0037 OPCODE=0x18 [CPT_TAGXY] type=3 tag=(0,0)
cycle 49372: PC=0x0038 OPCODE=0x09 [P2G] addr=8576 tag=(0,0) size=32
cycle 49373: PC=0x0039 OPCODE=0x1f [LOOP] REG[6]<=64 ? target=42 : PC+1, after += 1 -> REG=4, nextPC=42
cycle 49374: PC=0x002a OPCODE=0x18 [CPT_TAGXY] type=2 tag=(0,0)
cycle 49375: PC=0x002b OPCODE=0x22 [MULI] REG[11] = REG[3] * 128 -> 0
cycle 49376: PC=0x002c OPCODE=0x22 [MULI] REG[12] = REG[6] * 128 -> 512
cycle 49377: PC=0x002d OPCODE=0x24 [ADD] REG[11] = REG[11] + REG[5] -> 0
cycle 49378: PC=0x002e OPCODE=0x24 [ADD] REG[11] = REG[11] + REG[12] -> 512
cycle 49379: PC=0x002f OPCODE=0x08 [G2P] addr=8704 tag=(0,0) size=32
cycle 49380: PC=0x0030 OPCODE=0x1d [WAIT GLB] still busy, stall
cycle 49395: PC=0x0030 OPCODE=0x1d [WAIT GLB] done, continue
cycle 49396: PC=0x0031 OPCODE=0x18 [CPT_TAGXY] type=0 tag=(0,0)
cycle 49397: PC=0x0032 OPCODE=0x22 [MULI] REG[13] = REG[6] * 36 -> 144
cycle 49398: PC=0x0033 OPCODE=0x08 [G2P] addr=144 tag=(0,0) size=144
cycle 49399: PC=0x0034 OPCODE=0x1d [WAIT GLB] still busy, stall
cycle 49470: PC=0x0034 OPCODE=0x1d [WAIT GLB] done, continue
cycle 49471: PC=0x0035 OPCODE=0x1c [COMPUTE] valid_e=0
cycle 49472: PC=0x0036 OPCODE=0x1d [WAIT PE_ARRAY]
cycle 49473: PC=0x0037 OPCODE=0x18 [CPT_TAGXY] type=3 tag=(0,0)
cycle 49474: PC=0x0038 OPCODE=0x09 [P2G] addr=8704 tag=(0,0) size=32
cycle 49475: PC=0x0039 OPCODE=0x1f [LOOP] REG[6]<=64 ? target=42 : PC+1, after += 1 -> REG=5, nextPC=42
cycle 49476: PC=0x002a OPCODE=0x18 [CPT_TAGXY] type=2 tag=(0,0)
cycle 49477: PC=0x002b OPCODE=0x22 [MULI] REG[11] = REG[3] * 128 -> 0
cycle 49478: PC=0x002c OPCODE=0x22 [MULI] REG[12] = REG[6] * 128 -> 640
cycle 49479: PC=0x002d OPCODE=0x24 [ADD] REG[11] = REG[11] + REG[5] -> 0
cycle 49480: PC=0x002e OPCODE=0x24 [ADD] REG[11] = REG[11] + REG[12] -> 640
cycle 49481: PC=0x002f OPCODE=0x08 [G2P] addr=8832 tag=(0,0) size=32
cycle 49482: PC=0x0030 OPCODE=0x1d [WAIT GLB] still busy, stall
cycle 49497: PC=0x0030 OPCODE=0x1d [WAIT GLB] done, continue
cycle 49498: PC=0x0031 OPCODE=0x18 [CPT_TAGXY] type=0 tag=(0,0)
cycle 49499: PC=0x0032 OPCODE=0x22 [MULI] REG[13] = REG[6] * 36 -> 180
cycle 49500: PC=0x0033 OPCODE=0x08 [G2P] addr=180 tag=(0,0) size=144
cycle 49501: PC=0x0034 OPCODE=0x1d [WAIT GLB] still busy, stall
cycle 49572: PC=0x0034 OPCODE=0x1d [WAIT GLB] done, continue
cycle 49573: PC=0x0035 OPCODE=0x1c [COMPUTE] valid_e=0
cycle 49574: PC=0x0036 OPCODE=0x1d [WAIT PE_ARRAY]
cycle 49575: PC=0x0037 OPCODE=0x18 [CPT_TAGXY] type=3 tag=(0,0)
cycle 49576: PC=0x0038 OPCODE=0x09 [P2G] addr=8832 tag=(0,0) size=32
cycle 49577: PC=0x0039 OPCODE=0x1f [LOOP] REG[6]<=64 ? target=42 : PC+1, after += 1 -> REG=6, nextPC=42
cycle 49578: PC=0x002a OPCODE=0x18 [CPT_TAGXY] type=2 tag=(0,0)
cycle 49579: PC=0x002b OPCODE=0x22 [MULI] REG[11] = REG[3] * 128 -> 0
cycle 49580: PC=0x002c OPCODE=0x22 [MULI] REG[12] = REG[6] * 128 -> 768
cycle 49581: PC=0x002d OPCODE=0x24 [ADD] REG[11] = REG[11] + REG[5] -> 0
cycle 49582: PC=0x002e OPCODE=0x24 [ADD] REG[11] = REG[11] + REG[12] -> 768
cycle 49583: PC=0x002f OPCODE=0x08 [G2P] addr=8960 tag=(0,0) size=32
cycle 49584: PC=0x0030 OPCODE=0x1d [WAIT GLB] still busy, stall
cycle 49599: PC=0x0030 OPCODE=0x1d [WAIT GLB] done, continue
cycle 49600: PC=0x0031 OPCODE=0x18 [CPT_TAGXY] type=0 tag=(0,0)
cycle 49601: PC=0x0032 OPCODE=0x22 [MULI] REG[13] = REG[6] * 36 -> 216
cycle 49602: PC=0x0033 OPCODE=0x08 [G2P] addr=216 tag=(0,0) size=144
cycle 49603: PC=0x0034 OPCODE=0x1d [WAIT GLB] still busy, stall
cycle 49674: PC=0x0034 OPCODE=0x1d [WAIT GLB] done, continue
cycle 49675: PC=0x0035 OPCODE=0x1c [COMPUTE] valid_e=0
cycle 49676: PC=0x0036 OPCODE=0x1d [WAIT PE_ARRAY]
cycle 49677: PC=0x0037 OPCODE=0x18 [CPT_TAGXY] type=3 tag=(0,0)
cycle 49678: PC=0x0038 OPCODE=0x09 [P2G] addr=8960 tag=(0,0) size=32
cycle 49679: PC=0x0039 OPCODE=0x1f [LOOP] REG[6]<=64 ? target=42 : PC+1, after += 1 -> REG=7, nextPC=42
cycle 49680: PC=0x002a OPCODE=0x18 [CPT_TAGXY] type=2 tag=(0,0)
cycle 49681: PC=0x002b OPCODE=0x22 [MULI] REG[11] = REG[3] * 128 -> 0
cycle 49682: PC=0x002c OPCODE=0x22 [MULI] REG[12] = REG[6] * 128 -> 896
cycle 49683: PC=0x002d OPCODE=0x24 [ADD] REG[11] = REG[11] + REG[5] -> 0
cycle 49684: PC=0x002e OPCODE=0x24 [ADD] REG[11] = REG[11] + REG[12] -> 896
cycle 49685: PC=0x002f OPCODE=0x08 [G2P] addr=9088 tag=(0,0) size=32
cycle 49686: PC=0x0030 OPCODE=0x1d [WAIT GLB] still busy, stall
cycle 49701: PC=0x0030 OPCODE=0x1d [WAIT GLB] done, continue
cycle 49702: PC=0x0031 OPCODE=0x18 [CPT_TAGXY] type=0 tag=(0,0)
cycle 49703: PC=0x0032 OPCODE=0x22 [MULI] REG[13] = REG[6] * 36 -> 252
cycle 49704: PC=0x0033 OPCODE=0x08 [G2P] addr=252 tag=(0,0) size=144
cycle 49705: PC=0x0034 OPCODE=0x1d [WAIT GLB] still busy, stall
cycle 49776: PC=0x0034 OPCODE=0x1d [WAIT GLB] done, continue
cycle 49777: PC=0x0035 OPCODE=0x1c [COMPUTE] valid_e=0
cycle 49778: PC=0x0036 OPCODE=0x1d [WAIT PE_ARRAY]
cycle 49779: PC=0x0037 OPCODE=0x18 [CPT_TAGXY] type=3 tag=(0,0)
cycle 49780: PC=0x0038 OPCODE=0x09 [P2G] addr=9088 tag=(0,0) size=32
cycle 49781: PC=0x0039 OPCODE=0x1f [LOOP] REG[6]<=64 ? target=42 : PC+1, after += 1 -> REG=8, nextPC=42
cycle 49782: PC=0x002a OPCODE=0x18 [CPT_TAGXY] type=2 tag=(0,0)
cycle 49783: PC=0x002b OPCODE=0x22 [MULI] REG[11] = REG[3] * 128 -> 0
cycle 49784: PC=0x002c OPCODE=0x22 [MULI] REG[12] = REG[6] * 128 -> 1024
cycle 49785: PC=0x002d OPCODE=0x24 [ADD] REG[11] = REG[11] + REG[5] -> 0
cycle 49786: PC=0x002e OPCODE=0x24 [ADD] REG[11] = REG[11] + REG[12] -> 1024
cycle 49787: PC=0x002f OPCODE=0x08 [G2P] addr=9216 tag=(0,0) size=32
cycle 49788: PC=0x0030 OPCODE=0x1d [WAIT GLB] still busy, stall
cycle 49803: PC=0x0030 OPCODE=0x1d [WAIT GLB] done, continue
cycle 49804: PC=0x0031 OPCODE=0x18 [CPT_TAGXY] type=0 tag=(0,0)
cycle 49805: PC=0x0032 OPCODE=0x22 [MULI] REG[13] = REG[6] * 36 -> 288
cycle 49806: PC=0x0033 OPCODE=0x08 [G2P] addr=288 tag=(0,0) size=144
cycle 49807: PC=0x0034 OPCODE=0x1d [WAIT GLB] still busy, stall
cycle 49878: PC=0x0034 OPCODE=0x1d [WAIT GLB] done, continue
cycle 49879: PC=0x0035 OPCODE=0x1c [COMPUTE] valid_e=0
cycle 49880: PC=0x0036 OPCODE=0x1d [WAIT PE_ARRAY]
cycle 49881: PC=0x0037 OPCODE=0x18 [CPT_TAGXY] type=3 tag=(0,0)
cycle 49882: PC=0x0038 OPCODE=0x09 [P2G] addr=9216 tag=(0,0) size=32
cycle 49883: PC=0x0039 OPCODE=0x1f [LOOP] REG[6]<=64 ? target=42 : PC+1, after += 1 -> REG=9, nextPC=42
cycle 49884: PC=0x002a OPCODE=0x18 [CPT_TAGXY] type=2 tag=(0,0)
cycle 49885: PC=0x002b OPCODE=0x22 [MULI] REG[11] = REG[3] * 128 -> 0
cycle 49886: PC=0x002c OPCODE=0x22 [MULI] REG[12] = REG[6] * 128 -> 1152
cycle 49887: PC=0x002d OPCODE=0x24 [ADD] REG[11] = REG[11] + REG[5] -> 0
cycle 49888: PC=0x002e OPCODE=0x24 [ADD] REG[11] = REG[11] + REG[12] -> 1152
cycle 49889: PC=0x002f OPCODE=0x08 [G2P] addr=9344 tag=(0,0) size=32
cycle 49890: PC=0x0030 OPCODE=0x1d [WAIT GLB] still busy, stall
cycle 49905: PC=0x0030 OPCODE=0x1d [WAIT GLB] done, continue
cycle 49906: PC=0x0031 OPCODE=0x18 [CPT_TAGXY] type=0 tag=(0,0)
cycle 49907: PC=0x0032 OPCODE=0x22 [MULI] REG[13] = REG[6] * 36 -> 324
cycle 49908: PC=0x0033 OPCODE=0x08 [G2P] addr=324 tag=(0,0) size=144
cycle 49909: PC=0x0034 OPCODE=0x1d [WAIT GLB] still busy, stall
cycle 49980: PC=0x0034 OPCODE=0x1d [WAIT GLB] done, continue
cycle 49981: PC=0x0035 OPCODE=0x1c [COMPUTE] valid_e=0
cycle 49982: PC=0x0036 OPCODE=0x1d [WAIT PE_ARRAY]
cycle 49983: PC=0x0037 OPCODE=0x18 [CPT_TAGXY] type=3 tag=(0,0)
cycle 49984: PC=0x0038 OPCODE=0x09 [P2G] addr=9344 tag=(0,0) size=32
cycle 49985: PC=0x0039 OPCODE=0x1f [LOOP] REG[6]<=64 ? target=42 : PC+1, after += 1 -> REG=10, nextPC=42
cycle 49986: PC=0x002a OPCODE=0x18 [CPT_TAGXY] type=2 tag=(0,0)
cycle 49987: PC=0x002b OPCODE=0x22 [MULI] REG[11] = REG[3] * 128 -> 0
cycle 49988: PC=0x002c OPCODE=0x22 [MULI] REG[12] = REG[6] * 128 -> 1280
cycle 49989: PC=0x002d OPCODE=0x24 [ADD] REG[11] = REG[11] + REG[5] -> 0
cycle 49990: PC=0x002e OPCODE=0x24 [ADD] REG[11] = REG[11] + REG[12] -> 1280
cycle 49991: PC=0x002f OPCODE=0x08 [G2P] addr=9472 tag=(0,0) size=32
cycle 49992: PC=0x0030 OPCODE=0x1d [WAIT GLB] still busy, stall
cycle 50007: PC=0x0030 OPCODE=0x1d [WAIT GLB] done, continue
cycle 50008: PC=0x0031 OPCODE=0x18 [CPT_TAGXY] type=0 tag=(0,0)
cycle 50009: PC=0x0032 OPCODE=0x22 [MULI] REG[13] = REG[6] * 36 -> 360
cycle 50010: PC=0x0033 OPCODE=0x08 [G2P] addr=360 tag=(0,0) size=144
cycle 50011: PC=0x0034 OPCODE=0x1d [WAIT GLB] still busy, stall
cycle 50082: PC=0x0034 OPCODE=0x1d [WAIT GLB] done, continue
cycle 50083: PC=0x0035 OPCODE=0x1c [COMPUTE] valid_e=0
cycle 50084: PC=0x0036 OPCODE=0x1d [WAIT PE_ARRAY]
cycle 50085: PC=0x0037 OPCODE=0x18 [CPT_TAGXY] type=3 tag=(0,0)
cycle 50086: PC=0x0038 OPCODE=0x09 [P2G] addr=9472 tag=(0,0) size=32
cycle 50087: PC=0x0039 OPCODE=0x1f [LOOP] REG[6]<=64 ? target=42 : PC+1, after += 1 -> REG=11, nextPC=42
cycle 50088: PC=0x002a OPCODE=0x18 [CPT_TAGXY] type=2 tag=(0,0)
cycle 50089: PC=0x002b OPCODE=0x22 [MULI] REG[11] = REG[3] * 128 -> 0
cycle 50090: PC=0x002c OPCODE=0x22 [MULI] REG[12] = REG[6] * 128 -> 1408
cycle 50091: PC=0x002d OPCODE=0x24 [ADD] REG[11] = REG[11] + REG[5] -> 0
cycle 50092: PC=0x002e OPCODE=0x24 [ADD] REG[11] = REG[11] + REG[12] -> 1408
cycle 50093: PC=0x002f OPCODE=0x08 [G2P] addr=9600 tag=(0,0) size=32
cycle 50094: PC=0x0030 OPCODE=0x1d [WAIT GLB] still busy, stall
cycle 50109: PC=0x0030 OPCODE=0x1d [WAIT GLB] done, continue
cycle 50110: PC=0x0031 OPCODE=0x18 [CPT_TAGXY] type=0 tag=(0,0)
cycle 50111: PC=0x0032 OPCODE=0x22 [MULI] REG[13] = REG[6] * 36 -> 396
cycle 50112: PC=0x0033 OPCODE=0x08 [G2P] addr=396 tag=(0,0) size=144
cycle 50113: PC=0x0034 OPCODE=0x1d [WAIT GLB] still busy, stall
cycle 50184: PC=0x0034 OPCODE=0x1d [WAIT GLB] done, continue
cycle 50185: PC=0x0035 OPCODE=0x1c [COMPUTE] valid_e=0
cycle 50186: PC=0x0036 OPCODE=0x1d [WAIT PE_ARRAY]
cycle 50187: PC=0x0037 OPCODE=0x18 [CPT_TAGXY] type=3 tag=(0,0)
cycle 50188: PC=0x0038 OPCODE=0x09 [P2G] addr=9600 tag=(0,0) size=32
cycle 50189: PC=0x0039 OPCODE=0x1f [LOOP] REG[6]<=64 ? target=42 : PC+1, after += 1 -> REG=12, nextPC=42
cycle 50190: PC=0x002a OPCODE=0x18 [CPT_TAGXY] type=2 tag=(0,0)
cycle 50191: PC=0x002b OPCODE=0x22 [MULI] REG[11] = REG[3] * 128 -> 0
cycle 50192: PC=0x002c OPCODE=0x22 [MULI] REG[12] = REG[6] * 128 -> 1536
cycle 50193: PC=0x002d OPCODE=0x24 [ADD] REG[11] = REG[11] + REG[5] -> 0
cycle 50194: PC=0x002e OPCODE=0x24 [ADD] REG[11] = REG[11] + REG[12] -> 1536
cycle 50195: PC=0x002f OPCODE=0x08 [G2P] addr=9728 tag=(0,0) size=32
cycle 50196: PC=0x0030 OPCODE=0x1d [WAIT GLB] still busy, stall
cycle 50211: PC=0x0030 OPCODE=0x1d [WAIT GLB] done, continue
cycle 50212: PC=0x0031 OPCODE=0x18 [CPT_TAGXY] type=0 tag=(0,0)
cycle 50213: PC=0x0032 OPCODE=0x22 [MULI] REG[13] = REG[6] * 36 -> 432
cycle 50214: PC=0x0033 OPCODE=0x08 [G2P] addr=432 tag=(0,0) size=144
cycle 50215: PC=0x0034 OPCODE=0x1d [WAIT GLB] still busy, stall
cycle 50286: PC=0x0034 OPCODE=0x1d [WAIT GLB] done, continue
cycle 50287: PC=0x0035 OPCODE=0x1c [COMPUTE] valid_e=0
cycle 50288: PC=0x0036 OPCODE=0x1d [WAIT PE_ARRAY]
cycle 50289: PC=0x0037 OPCODE=0x18 [CPT_TAGXY] type=3 tag=(0,0)
cycle 50290: PC=0x0038 OPCODE=0x09 [P2G] addr=9728 tag=(0,0) size=32
cycle 50291: PC=0x0039 OPCODE=0x1f [LOOP] REG[6]<=64 ? target=42 : PC+1, after += 1 -> REG=13, nextPC=42
cycle 50292: PC=0x002a OPCODE=0x18 [CPT_TAGXY] type=2 tag=(0,0)
cycle 50293: PC=0x002b OPCODE=0x22 [MULI] REG[11] = REG[3] * 128 -> 0
cycle 50294: PC=0x002c OPCODE=0x22 [MULI] REG[12] = REG[6] * 128 -> 1664
cycle 50295: PC=0x002d OPCODE=0x24 [ADD] REG[11] = REG[11] + REG[5] -> 0
cycle 50296: PC=0x002e OPCODE=0x24 [ADD] REG[11] = REG[11] + REG[12] -> 1664
cycle 50297: PC=0x002f OPCODE=0x08 [G2P] addr=9856 tag=(0,0) size=32
cycle 50298: PC=0x0030 OPCODE=0x1d [WAIT GLB] still busy, stall
cycle 50313: PC=0x0030 OPCODE=0x1d [WAIT GLB] done, continue
cycle 50314: PC=0x0031 OPCODE=0x18 [CPT_TAGXY] type=0 tag=(0,0)
cycle 50315: PC=0x0032 OPCODE=0x22 [MULI] REG[13] = REG[6] * 36 -> 468
cycle 50316: PC=0x0033 OPCODE=0x08 [G2P] addr=468 tag=(0,0) size=144
cycle 50317: PC=0x0034 OPCODE=0x1d [WAIT GLB] still busy, stall
cycle 50388: PC=0x0034 OPCODE=0x1d [WAIT GLB] done, continue
cycle 50389: PC=0x0035 OPCODE=0x1c [COMPUTE] valid_e=0
cycle 50390: PC=0x0036 OPCODE=0x1d [WAIT PE_ARRAY]
cycle 50391: PC=0x0037 OPCODE=0x18 [CPT_TAGXY] type=3 tag=(0,0)
cycle 50392: PC=0x0038 OPCODE=0x09 [P2G] addr=9856 tag=(0,0) size=32
cycle 50393: PC=0x0039 OPCODE=0x1f [LOOP] REG[6]<=64 ? target=42 : PC+1, after += 1 -> REG=14, nextPC=42
cycle 50394: PC=0x002a OPCODE=0x18 [CPT_TAGXY] type=2 tag=(0,0)
cycle 50395: PC=0x002b OPCODE=0x22 [MULI] REG[11] = REG[3] * 128 -> 0
cycle 50396: PC=0x002c OPCODE=0x22 [MULI] REG[12] = REG[6] * 128 -> 1792
cycle 50397: PC=0x002d OPCODE=0x24 [ADD] REG[11] = REG[11] + REG[5] -> 0
cycle 50398: PC=0x002e OPCODE=0x24 [ADD] REG[11] = REG[11] + REG[12] -> 1792
cycle 50399: PC=0x002f OPCODE=0x08 [G2P] addr=9984 tag=(0,0) size=32
cycle 50400: PC=0x0030 OPCODE=0x1d [WAIT GLB] still busy, stall
cycle 50415: PC=0x0030 OPCODE=0x1d [WAIT GLB] done, continue
cycle 50416: PC=0x0031 OPCODE=0x18 [CPT_TAGXY] type=0 tag=(0,0)
cycle 50417: PC=0x0032 OPCODE=0x22 [MULI] REG[13] = REG[6] * 36 -> 504
cycle 50418: PC=0x0033 OPCODE=0x08 [G2P] addr=504 tag=(0,0) size=144
cycle 50419: PC=0x0034 OPCODE=0x1d [WAIT GLB] still busy, stall
cycle 50490: PC=0x0034 OPCODE=0x1d [WAIT GLB] done, continue
cycle 50491: PC=0x0035 OPCODE=0x1c [COMPUTE] valid_e=0
cycle 50492: PC=0x0036 OPCODE=0x1d [WAIT PE_ARRAY]
cycle 50493: PC=0x0037 OPCODE=0x18 [CPT_TAGXY] type=3 tag=(0,0)
cycle 50494: PC=0x0038 OPCODE=0x09 [P2G] addr=9984 tag=(0,0) size=32
cycle 50495: PC=0x0039 OPCODE=0x1f [LOOP] REG[6]<=64 ? target=42 : PC+1, after += 1 -> REG=15, nextPC=42
cycle 50496: PC=0x002a OPCODE=0x18 [CPT_TAGXY] type=2 tag=(0,0)
cycle 50497: PC=0x002b OPCODE=0x22 [MULI] REG[11] = REG[3] * 128 -> 0
cycle 50498: PC=0x002c OPCODE=0x22 [MULI] REG[12] = REG[6] * 128 -> 1920
cycle 50499: PC=0x002d OPCODE=0x24 [ADD] REG[11] = REG[11] + REG[5] -> 0
cycle 50500: PC=0x002e OPCODE=0x24 [ADD] REG[11] = REG[11] + REG[12] -> 1920
cycle 50501: PC=0x002f OPCODE=0x08 [G2P] addr=10112 tag=(0,0) size=32
cycle 50502: PC=0x0030 OPCODE=0x1d [WAIT GLB] still busy, stall
cycle 50517: PC=0x0030 OPCODE=0x1d [WAIT GLB] done, continue
cycle 50518: PC=0x0031 OPCODE=0x18 [CPT_TAGXY] type=0 tag=(0,0)
cycle 50519: PC=0x0032 OPCODE=0x22 [MULI] REG[13] = REG[6] * 36 -> 540
cycle 50520: PC=0x0033 OPCODE=0x08 [G2P] addr=540 tag=(0,0) size=144
cycle 50521: PC=0x0034 OPCODE=0x1d [WAIT GLB] still busy, stall
cycle 50592: PC=0x0034 OPCODE=0x1d [WAIT GLB] done, continue
cycle 50593: PC=0x0035 OPCODE=0x1c [COMPUTE] valid_e=0
cycle 50594: PC=0x0036 OPCODE=0x1d [WAIT PE_ARRAY]
cycle 50595: PC=0x0037 OPCODE=0x18 [CPT_TAGXY] type=3 tag=(0,0)
cycle 50596: PC=0x0038 OPCODE=0x09 [P2G] addr=10112 tag=(0,0) size=32
cycle 50597: PC=0x0039 OPCODE=0x1f [LOOP] REG[6]<=64 ? target=42 : PC+1, after += 1 -> REG=16, nextPC=42
cycle 50598: PC=0x002a OPCODE=0x18 [CPT_TAGXY] type=2 tag=(0,0)
cycle 50599: PC=0x002b OPCODE=0x22 [MULI] REG[11] = REG[3] * 128 -> 0
cycle 50600: PC=0x002c OPCODE=0x22 [MULI] REG[12] = REG[6] * 128 -> 2048
cycle 50601: PC=0x002d OPCODE=0x24 [ADD] REG[11] = REG[11] + REG[5] -> 0
cycle 50602: PC=0x002e OPCODE=0x24 [ADD] REG[11] = REG[11] + REG[12] -> 2048
cycle 50603: PC=0x002f OPCODE=0x08 [G2P] addr=10240 tag=(0,0) size=32
cycle 50604: PC=0x0030 OPCODE=0x1d [WAIT GLB] still busy, stall
cycle 50619: PC=0x0030 OPCODE=0x1d [WAIT GLB] done, continue
cycle 50620: PC=0x0031 OPCODE=0x18 [CPT_TAGXY] type=0 tag=(0,0)
cycle 50621: PC=0x0032 OPCODE=0x22 [MULI] REG[13] = REG[6] * 36 -> 576
cycle 50622: PC=0x0033 OPCODE=0x08 [G2P] addr=576 tag=(0,0) size=144
cycle 50623: PC=0x0034 OPCODE=0x1d [WAIT GLB] still busy, stall
cycle 50694: PC=0x0034 OPCODE=0x1d [WAIT GLB] done, continue
cycle 50695: PC=0x0035 OPCODE=0x1c [COMPUTE] valid_e=0
cycle 50696: PC=0x0036 OPCODE=0x1d [WAIT PE_ARRAY]
cycle 50697: PC=0x0037 OPCODE=0x18 [CPT_TAGXY] type=3 tag=(0,0)
cycle 50698: PC=0x0038 OPCODE=0x09 [P2G] addr=10240 tag=(0,0) size=32
cycle 50699: PC=0x0039 OPCODE=0x1f [LOOP] REG[6]<=64 ? target=42 : PC+1, after += 1 -> REG=17, nextPC=42
cycle 50700: PC=0x002a OPCODE=0x18 [CPT_TAGXY] type=2 tag=(0,0)
cycle 50701: PC=0x002b OPCODE=0x22 [MULI] REG[11] = REG[3] * 128 -> 0
cycle 50702: PC=0x002c OPCODE=0x22 [MULI] REG[12] = REG[6] * 128 -> 2176
cycle 50703: PC=0x002d OPCODE=0x24 [ADD] REG[11] = REG[11] + REG[5] -> 0
cycle 50704: PC=0x002e OPCODE=0x24 [ADD] REG[11] = REG[11] + REG[12] -> 2176
cycle 50705: PC=0x002f OPCODE=0x08 [G2P] addr=10368 tag=(0,0) size=32
cycle 50706: PC=0x0030 OPCODE=0x1d [WAIT GLB] still busy, stall
cycle 50721: PC=0x0030 OPCODE=0x1d [WAIT GLB] done, continue
cycle 50722: PC=0x0031 OPCODE=0x18 [CPT_TAGXY] type=0 tag=(0,0)
cycle 50723: PC=0x0032 OPCODE=0x22 [MULI] REG[13] = REG[6] * 36 -> 612
cycle 50724: PC=0x0033 OPCODE=0x08 [G2P] addr=612 tag=(0,0) size=144
cycle 50725: PC=0x0034 OPCODE=0x1d [WAIT GLB] still busy, stall
cycle 50796: PC=0x0034 OPCODE=0x1d [WAIT GLB] done, continue
cycle 50797: PC=0x0035 OPCODE=0x1c [COMPUTE] valid_e=0
cycle 50798: PC=0x0036 OPCODE=0x1d [WAIT PE_ARRAY]
cycle 50799: PC=0x0037 OPCODE=0x18 [CPT_TAGXY] type=3 tag=(0,0)
cycle 50800: PC=0x0038 OPCODE=0x09 [P2G] addr=10368 tag=(0,0) size=32
cycle 50801: PC=0x0039 OPCODE=0x1f [LOOP] REG[6]<=64 ? target=42 : PC+1, after += 1 -> REG=18, nextPC=42
cycle 50802: PC=0x002a OPCODE=0x18 [CPT_TAGXY] type=2 tag=(0,0)
cycle 50803: PC=0x002b OPCODE=0x22 [MULI] REG[11] = REG[3] * 128 -> 0
cycle 50804: PC=0x002c OPCODE=0x22 [MULI] REG[12] = REG[6] * 128 -> 2304
cycle 50805: PC=0x002d OPCODE=0x24 [ADD] REG[11] = REG[11] + REG[5] -> 0
cycle 50806: PC=0x002e OPCODE=0x24 [ADD] REG[11] = REG[11] + REG[12] -> 2304
cycle 50807: PC=0x002f OPCODE=0x08 [G2P] addr=10496 tag=(0,0) size=32
cycle 50808: PC=0x0030 OPCODE=0x1d [WAIT GLB] still busy, stall
cycle 50823: PC=0x0030 OPCODE=0x1d [WAIT GLB] done, continue
cycle 50824: PC=0x0031 OPCODE=0x18 [CPT_TAGXY] type=0 tag=(0,0)
cycle 50825: PC=0x0032 OPCODE=0x22 [MULI] REG[13] = REG[6] * 36 -> 648
cycle 50826: PC=0x0033 OPCODE=0x08 [G2P] addr=648 tag=(0,0) size=144
cycle 50827: PC=0x0034 OPCODE=0x1d [WAIT GLB] still busy, stall
cycle 50898: PC=0x0034 OPCODE=0x1d [WAIT GLB] done, continue
cycle 50899: PC=0x0035 OPCODE=0x1c [COMPUTE] valid_e=0
cycle 50900: PC=0x0036 OPCODE=0x1d [WAIT PE_ARRAY]
cycle 50901: PC=0x0037 OPCODE=0x18 [CPT_TAGXY] type=3 tag=(0,0)
cycle 50902: PC=0x0038 OPCODE=0x09 [P2G] addr=10496 tag=(0,0) size=32
cycle 50903: PC=0x0039 OPCODE=0x1f [LOOP] REG[6]<=64 ? target=42 : PC+1, after += 1 -> REG=19, nextPC=42
cycle 50904: PC=0x002a OPCODE=0x18 [CPT_TAGXY] type=2 tag=(0,0)
cycle 50905: PC=0x002b OPCODE=0x22 [MULI] REG[11] = REG[3] * 128 -> 0
cycle 50906: PC=0x002c OPCODE=0x22 [MULI] REG[12] = REG[6] * 128 -> 2432
cycle 50907: PC=0x002d OPCODE=0x24 [ADD] REG[11] = REG[11] + REG[5] -> 0
cycle 50908: PC=0x002e OPCODE=0x24 [ADD] REG[11] = REG[11] + REG[12] -> 2432
cycle 50909: PC=0x002f OPCODE=0x08 [G2P] addr=10624 tag=(0,0) size=32
cycle 50910: PC=0x0030 OPCODE=0x1d [WAIT GLB] still busy, stall
cycle 50925: PC=0x0030 OPCODE=0x1d [WAIT GLB] done, continue
cycle 50926: PC=0x0031 OPCODE=0x18 [CPT_TAGXY] type=0 tag=(0,0)
cycle 50927: PC=0x0032 OPCODE=0x22 [MULI] REG[13] = REG[6] * 36 -> 684
cycle 50928: PC=0x0033 OPCODE=0x08 [G2P] addr=684 tag=(0,0) size=144
cycle 50929: PC=0x0034 OPCODE=0x1d [WAIT GLB] still busy, stall
cycle 51000: PC=0x0034 OPCODE=0x1d [WAIT GLB] done, continue
cycle 51001: PC=0x0035 OPCODE=0x1c [COMPUTE] valid_e=0
cycle 51002: PC=0x0036 OPCODE=0x1d [WAIT PE_ARRAY]
cycle 51003: PC=0x0037 OPCODE=0x18 [CPT_TAGXY] type=3 tag=(0,0)
cycle 51004: PC=0x0038 OPCODE=0x09 [P2G] addr=10624 tag=(0,0) size=32
cycle 51005: PC=0x0039 OPCODE=0x1f [LOOP] REG[6]<=64 ? target=42 : PC+1, after += 1 -> REG=20, nextPC=42
cycle 51006: PC=0x002a OPCODE=0x18 [CPT_TAGXY] type=2 tag=(0,0)
cycle 51007: PC=0x002b OPCODE=0x22 [MULI] REG[11] = REG[3] * 128 -> 0
cycle 51008: PC=0x002c OPCODE=0x22 [MULI] REG[12] = REG[6] * 128 -> 2560
cycle 51009: PC=0x002d OPCODE=0x24 [ADD] REG[11] = REG[11] + REG[5] -> 0
cycle 51010: PC=0x002e OPCODE=0x24 [ADD] REG[11] = REG[11] + REG[12] -> 2560
cycle 51011: PC=0x002f OPCODE=0x08 [G2P] addr=10752 tag=(0,0) size=32
cycle 51012: PC=0x0030 OPCODE=0x1d [WAIT GLB] still busy, stall
cycle 51027: PC=0x0030 OPCODE=0x1d [WAIT GLB] done, continue
cycle 51028: PC=0x0031 OPCODE=0x18 [CPT_TAGXY] type=0 tag=(0,0)
cycle 51029: PC=0x0032 OPCODE=0x22 [MULI] REG[13] = REG[6] * 36 -> 720
cycle 51030: PC=0x0033 OPCODE=0x08 [G2P] addr=720 tag=(0,0) size=144
cycle 51031: PC=0x0034 OPCODE=0x1d [WAIT GLB] still busy, stall
cycle 51102: PC=0x0034 OPCODE=0x1d [WAIT GLB] done, continue
cycle 51103: PC=0x0035 OPCODE=0x1c [COMPUTE] valid_e=0
cycle 51104: PC=0x0036 OPCODE=0x1d [WAIT PE_ARRAY]
cycle 51105: PC=0x0037 OPCODE=0x18 [CPT_TAGXY] type=3 tag=(0,0)
cycle 51106: PC=0x0038 OPCODE=0x09 [P2G] addr=10752 tag=(0,0) size=32
cycle 51107: PC=0x0039 OPCODE=0x1f [LOOP] REG[6]<=64 ? target=42 : PC+1, after += 1 -> REG=21, nextPC=42
cycle 51108: PC=0x002a OPCODE=0x18 [CPT_TAGXY] type=2 tag=(0,0)
cycle 51109: PC=0x002b OPCODE=0x22 [MULI] REG[11] = REG[3] * 128 -> 0
cycle 51110: PC=0x002c OPCODE=0x22 [MULI] REG[12] = REG[6] * 128 -> 2688
cycle 51111: PC=0x002d OPCODE=0x24 [ADD] REG[11] = REG[11] + REG[5] -> 0
cycle 51112: PC=0x002e OPCODE=0x24 [ADD] REG[11] = REG[11] + REG[12] -> 2688
cycle 51113: PC=0x002f OPCODE=0x08 [G2P] addr=10880 tag=(0,0) size=32
cycle 51114: PC=0x0030 OPCODE=0x1d [WAIT GLB] still busy, stall
cycle 51129: PC=0x0030 OPCODE=0x1d [WAIT GLB] done, continue
cycle 51130: PC=0x0031 OPCODE=0x18 [CPT_TAGXY] type=0 tag=(0,0)
cycle 51131: PC=0x0032 OPCODE=0x22 [MULI] REG[13] = REG[6] * 36 -> 756
cycle 51132: PC=0x0033 OPCODE=0x08 [G2P] addr=756 tag=(0,0) size=144
cycle 51133: PC=0x0034 OPCODE=0x1d [WAIT GLB] still busy, stall
cycle 51204: PC=0x0034 OPCODE=0x1d [WAIT GLB] done, continue
cycle 51205: PC=0x0035 OPCODE=0x1c [COMPUTE] valid_e=0
cycle 51206: PC=0x0036 OPCODE=0x1d [WAIT PE_ARRAY]
cycle 51207: PC=0x0037 OPCODE=0x18 [CPT_TAGXY] type=3 tag=(0,0)
cycle 51208: PC=0x0038 OPCODE=0x09 [P2G] addr=10880 tag=(0,0) size=32
cycle 51209: PC=0x0039 OPCODE=0x1f [LOOP] REG[6]<=64 ? target=42 : PC+1, after += 1 -> REG=22, nextPC=42
cycle 51210: PC=0x002a OPCODE=0x18 [CPT_TAGXY] type=2 tag=(0,0)
cycle 51211: PC=0x002b OPCODE=0x22 [MULI] REG[11] = REG[3] * 128 -> 0
cycle 51212: PC=0x002c OPCODE=0x22 [MULI] REG[12] = REG[6] * 128 -> 2816
cycle 51213: PC=0x002d OPCODE=0x24 [ADD] REG[11] = REG[11] + REG[5] -> 0
cycle 51214: PC=0x002e OPCODE=0x24 [ADD] REG[11] = REG[11] + REG[12] -> 2816
cycle 51215: PC=0x002f OPCODE=0x08 [G2P] addr=11008 tag=(0,0) size=32
cycle 51216: PC=0x0030 OPCODE=0x1d [WAIT GLB] still busy, stall
cycle 51231: PC=0x0030 OPCODE=0x1d [WAIT GLB] done, continue
cycle 51232: PC=0x0031 OPCODE=0x18 [CPT_TAGXY] type=0 tag=(0,0)
cycle 51233: PC=0x0032 OPCODE=0x22 [MULI] REG[13] = REG[6] * 36 -> 792
cycle 51234: PC=0x0033 OPCODE=0x08 [G2P] addr=792 tag=(0,0) size=144
cycle 51235: PC=0x0034 OPCODE=0x1d [WAIT GLB] still busy, stall
cycle 51306: PC=0x0034 OPCODE=0x1d [WAIT GLB] done, continue
cycle 51307: PC=0x0035 OPCODE=0x1c [COMPUTE] valid_e=0
cycle 51308: PC=0x0036 OPCODE=0x1d [WAIT PE_ARRAY]
cycle 51309: PC=0x0037 OPCODE=0x18 [CPT_TAGXY] type=3 tag=(0,0)
cycle 51310: PC=0x0038 OPCODE=0x09 [P2G] addr=11008 tag=(0,0) size=32
cycle 51311: PC=0x0039 OPCODE=0x1f [LOOP] REG[6]<=64 ? target=42 : PC+1, after += 1 -> REG=23, nextPC=42
cycle 51312: PC=0x002a OPCODE=0x18 [CPT_TAGXY] type=2 tag=(0,0)
cycle 51313: PC=0x002b OPCODE=0x22 [MULI] REG[11] = REG[3] * 128 -> 0
cycle 51314: PC=0x002c OPCODE=0x22 [MULI] REG[12] = REG[6] * 128 -> 2944
cycle 51315: PC=0x002d OPCODE=0x24 [ADD] REG[11] = REG[11] + REG[5] -> 0
cycle 51316: PC=0x002e OPCODE=0x24 [ADD] REG[11] = REG[11] + REG[12] -> 2944
cycle 51317: PC=0x002f OPCODE=0x08 [G2P] addr=11136 tag=(0,0) size=32
cycle 51318: PC=0x0030 OPCODE=0x1d [WAIT GLB] still busy, stall
cycle 51333: PC=0x0030 OPCODE=0x1d [WAIT GLB] done, continue
cycle 51334: PC=0x0031 OPCODE=0x18 [CPT_TAGXY] type=0 tag=(0,0)
cycle 51335: PC=0x0032 OPCODE=0x22 [MULI] REG[13] = REG[6] * 36 -> 828
cycle 51336: PC=0x0033 OPCODE=0x08 [G2P] addr=828 tag=(0,0) size=144
cycle 51337: PC=0x0034 OPCODE=0x1d [WAIT GLB] still busy, stall
cycle 51408: PC=0x0034 OPCODE=0x1d [WAIT GLB] done, continue
cycle 51409: PC=0x0035 OPCODE=0x1c [COMPUTE] valid_e=0
cycle 51410: PC=0x0036 OPCODE=0x1d [WAIT PE_ARRAY]
cycle 51411: PC=0x0037 OPCODE=0x18 [CPT_TAGXY] type=3 tag=(0,0)
cycle 51412: PC=0x0038 OPCODE=0x09 [P2G] addr=11136 tag=(0,0) size=32
cycle 51413: PC=0x0039 OPCODE=0x1f [LOOP] REG[6]<=64 ? target=42 : PC+1, after += 1 -> REG=24, nextPC=42
cycle 51414: PC=0x002a OPCODE=0x18 [CPT_TAGXY] type=2 tag=(0,0)
cycle 51415: PC=0x002b OPCODE=0x22 [MULI] REG[11] = REG[3] * 128 -> 0
cycle 51416: PC=0x002c OPCODE=0x22 [MULI] REG[12] = REG[6] * 128 -> 3072
cycle 51417: PC=0x002d OPCODE=0x24 [ADD] REG[11] = REG[11] + REG[5] -> 0
cycle 51418: PC=0x002e OPCODE=0x24 [ADD] REG[11] = REG[11] + REG[12] -> 3072
cycle 51419: PC=0x002f OPCODE=0x08 [G2P] addr=11264 tag=(0,0) size=32
cycle 51420: PC=0x0030 OPCODE=0x1d [WAIT GLB] still busy, stall
cycle 51435: PC=0x0030 OPCODE=0x1d [WAIT GLB] done, continue
cycle 51436: PC=0x0031 OPCODE=0x18 [CPT_TAGXY] type=0 tag=(0,0)
cycle 51437: PC=0x0032 OPCODE=0x22 [MULI] REG[13] = REG[6] * 36 -> 864
cycle 51438: PC=0x0033 OPCODE=0x08 [G2P] addr=864 tag=(0,0) size=144
cycle 51439: PC=0x0034 OPCODE=0x1d [WAIT GLB] still busy, stall
cycle 51510: PC=0x0034 OPCODE=0x1d [WAIT GLB] done, continue
cycle 51511: PC=0x0035 OPCODE=0x1c [COMPUTE] valid_e=0
cycle 51512: PC=0x0036 OPCODE=0x1d [WAIT PE_ARRAY]
cycle 51513: PC=0x0037 OPCODE=0x18 [CPT_TAGXY] type=3 tag=(0,0)
cycle 51514: PC=0x0038 OPCODE=0x09 [P2G] addr=11264 tag=(0,0) size=32
cycle 51515: PC=0x0039 OPCODE=0x1f [LOOP] REG[6]<=64 ? target=42 : PC+1, after += 1 -> REG=25, nextPC=42
cycle 51516: PC=0x002a OPCODE=0x18 [CPT_TAGXY] type=2 tag=(0,0)
cycle 51517: PC=0x002b OPCODE=0x22 [MULI] REG[11] = REG[3] * 128 -> 0
cycle 51518: PC=0x002c OPCODE=0x22 [MULI] REG[12] = REG[6] * 128 -> 3200
cycle 51519: PC=0x002d OPCODE=0x24 [ADD] REG[11] = REG[11] + REG[5] -> 0
cycle 51520: PC=0x002e OPCODE=0x24 [ADD] REG[11] = REG[11] + REG[12] -> 3200
cycle 51521: PC=0x002f OPCODE=0x08 [G2P] addr=11392 tag=(0,0) size=32
cycle 51522: PC=0x0030 OPCODE=0x1d [WAIT GLB] still busy, stall
cycle 51537: PC=0x0030 OPCODE=0x1d [WAIT GLB] done, continue
cycle 51538: PC=0x0031 OPCODE=0x18 [CPT_TAGXY] type=0 tag=(0,0)
cycle 51539: PC=0x0032 OPCODE=0x22 [MULI] REG[13] = REG[6] * 36 -> 900
cycle 51540: PC=0x0033 OPCODE=0x08 [G2P] addr=900 tag=(0,0) size=144
cycle 51541: PC=0x0034 OPCODE=0x1d [WAIT GLB] still busy, stall
cycle 51612: PC=0x0034 OPCODE=0x1d [WAIT GLB] done, continue
cycle 51613: PC=0x0035 OPCODE=0x1c [COMPUTE] valid_e=0
cycle 51614: PC=0x0036 OPCODE=0x1d [WAIT PE_ARRAY]
cycle 51615: PC=0x0037 OPCODE=0x18 [CPT_TAGXY] type=3 tag=(0,0)
cycle 51616: PC=0x0038 OPCODE=0x09 [P2G] addr=11392 tag=(0,0) size=32
cycle 51617: PC=0x0039 OPCODE=0x1f [LOOP] REG[6]<=64 ? target=42 : PC+1, after += 1 -> REG=26, nextPC=42
cycle 51618: PC=0x002a OPCODE=0x18 [CPT_TAGXY] type=2 tag=(0,0)
cycle 51619: PC=0x002b OPCODE=0x22 [MULI] REG[11] = REG[3] * 128 -> 0
cycle 51620: PC=0x002c OPCODE=0x22 [MULI] REG[12] = REG[6] * 128 -> 3328
cycle 51621: PC=0x002d OPCODE=0x24 [ADD] REG[11] = REG[11] + REG[5] -> 0
cycle 51622: PC=0x002e OPCODE=0x24 [ADD] REG[11] = REG[11] + REG[12] -> 3328
cycle 51623: PC=0x002f OPCODE=0x08 [G2P] addr=11520 tag=(0,0) size=32
cycle 51624: PC=0x0030 OPCODE=0x1d [WAIT GLB] still busy, stall
cycle 51639: PC=0x0030 OPCODE=0x1d [WAIT GLB] done, continue
cycle 51640: PC=0x0031 OPCODE=0x18 [CPT_TAGXY] type=0 tag=(0,0)
cycle 51641: PC=0x0032 OPCODE=0x22 [MULI] REG[13] = REG[6] * 36 -> 936
cycle 51642: PC=0x0033 OPCODE=0x08 [G2P] addr=936 tag=(0,0) size=144
cycle 51643: PC=0x0034 OPCODE=0x1d [WAIT GLB] still busy, stall
cycle 51714: PC=0x0034 OPCODE=0x1d [WAIT GLB] done, continue
cycle 51715: PC=0x0035 OPCODE=0x1c [COMPUTE] valid_e=0
cycle 51716: PC=0x0036 OPCODE=0x1d [WAIT PE_ARRAY]
cycle 51717: PC=0x0037 OPCODE=0x18 [CPT_TAGXY] type=3 tag=(0,0)
cycle 51718: PC=0x0038 OPCODE=0x09 [P2G] addr=11520 tag=(0,0) size=32
cycle 51719: PC=0x0039 OPCODE=0x1f [LOOP] REG[6]<=64 ? target=42 : PC+1, after += 1 -> REG=27, nextPC=42
cycle 51720: PC=0x002a OPCODE=0x18 [CPT_TAGXY] type=2 tag=(0,0)
cycle 51721: PC=0x002b OPCODE=0x22 [MULI] REG[11] = REG[3] * 128 -> 0
cycle 51722: PC=0x002c OPCODE=0x22 [MULI] REG[12] = REG[6] * 128 -> 3456
cycle 51723: PC=0x002d OPCODE=0x24 [ADD] REG[11] = REG[11] + REG[5] -> 0
cycle 51724: PC=0x002e OPCODE=0x24 [ADD] REG[11] = REG[11] + REG[12] -> 3456
cycle 51725: PC=0x002f OPCODE=0x08 [G2P] addr=11648 tag=(0,0) size=32
cycle 51726: PC=0x0030 OPCODE=0x1d [WAIT GLB] still busy, stall
cycle 51741: PC=0x0030 OPCODE=0x1d [WAIT GLB] done, continue
cycle 51742: PC=0x0031 OPCODE=0x18 [CPT_TAGXY] type=0 tag=(0,0)
cycle 51743: PC=0x0032 OPCODE=0x22 [MULI] REG[13] = REG[6] * 36 -> 972
cycle 51744: PC=0x0033 OPCODE=0x08 [G2P] addr=972 tag=(0,0) size=144
cycle 51745: PC=0x0034 OPCODE=0x1d [WAIT GLB] still busy, stall
cycle 51816: PC=0x0034 OPCODE=0x1d [WAIT GLB] done, continue
cycle 51817: PC=0x0035 OPCODE=0x1c [COMPUTE] valid_e=0
cycle 51818: PC=0x0036 OPCODE=0x1d [WAIT PE_ARRAY]
cycle 51819: PC=0x0037 OPCODE=0x18 [CPT_TAGXY] type=3 tag=(0,0)
cycle 51820: PC=0x0038 OPCODE=0x09 [P2G] addr=11648 tag=(0,0) size=32
cycle 51821: PC=0x0039 OPCODE=0x1f [LOOP] REG[6]<=64 ? target=42 : PC+1, after += 1 -> REG=28, nextPC=42
cycle 51822: PC=0x002a OPCODE=0x18 [CPT_TAGXY] type=2 tag=(0,0)
cycle 51823: PC=0x002b OPCODE=0x22 [MULI] REG[11] = REG[3] * 128 -> 0
cycle 51824: PC=0x002c OPCODE=0x22 [MULI] REG[12] = REG[6] * 128 -> 3584
cycle 51825: PC=0x002d OPCODE=0x24 [ADD] REG[11] = REG[11] + REG[5] -> 0
cycle 51826: PC=0x002e OPCODE=0x24 [ADD] REG[11] = REG[11] + REG[12] -> 3584
cycle 51827: PC=0x002f OPCODE=0x08 [G2P] addr=11776 tag=(0,0) size=32
cycle 51828: PC=0x0030 OPCODE=0x1d [WAIT GLB] still busy, stall
cycle 51843: PC=0x0030 OPCODE=0x1d [WAIT GLB] done, continue
cycle 51844: PC=0x0031 OPCODE=0x18 [CPT_TAGXY] type=0 tag=(0,0)
cycle 51845: PC=0x0032 OPCODE=0x22 [MULI] REG[13] = REG[6] * 36 -> 1008
cycle 51846: PC=0x0033 OPCODE=0x08 [G2P] addr=1008 tag=(0,0) size=144
cycle 51847: PC=0x0034 OPCODE=0x1d [WAIT GLB] still busy, stall
cycle 51918: PC=0x0034 OPCODE=0x1d [WAIT GLB] done, continue
cycle 51919: PC=0x0035 OPCODE=0x1c [COMPUTE] valid_e=0
cycle 51920: PC=0x0036 OPCODE=0x1d [WAIT PE_ARRAY]
cycle 51921: PC=0x0037 OPCODE=0x18 [CPT_TAGXY] type=3 tag=(0,0)
cycle 51922: PC=0x0038 OPCODE=0x09 [P2G] addr=11776 tag=(0,0) size=32
cycle 51923: PC=0x0039 OPCODE=0x1f [LOOP] REG[6]<=64 ? target=42 : PC+1, after += 1 -> REG=29, nextPC=42
cycle 51924: PC=0x002a OPCODE=0x18 [CPT_TAGXY] type=2 tag=(0,0)
cycle 51925: PC=0x002b OPCODE=0x22 [MULI] REG[11] = REG[3] * 128 -> 0
cycle 51926: PC=0x002c OPCODE=0x22 [MULI] REG[12] = REG[6] * 128 -> 3712
cycle 51927: PC=0x002d OPCODE=0x24 [ADD] REG[11] = REG[11] + REG[5] -> 0
cycle 51928: PC=0x002e OPCODE=0x24 [ADD] REG[11] = REG[11] + REG[12] -> 3712
cycle 51929: PC=0x002f OPCODE=0x08 [G2P] addr=11904 tag=(0,0) size=32
cycle 51930: PC=0x0030 OPCODE=0x1d [WAIT GLB] still busy, stall
cycle 51945: PC=0x0030 OPCODE=0x1d [WAIT GLB] done, continue
cycle 51946: PC=0x0031 OPCODE=0x18 [CPT_TAGXY] type=0 tag=(0,0)
cycle 51947: PC=0x0032 OPCODE=0x22 [MULI] REG[13] = REG[6] * 36 -> 1044
cycle 51948: PC=0x0033 OPCODE=0x08 [G2P] addr=1044 tag=(0,0) size=144
cycle 51949: PC=0x0034 OPCODE=0x1d [WAIT GLB] still busy, stall
cycle 52020: PC=0x0034 OPCODE=0x1d [WAIT GLB] done, continue
cycle 52021: PC=0x0035 OPCODE=0x1c [COMPUTE] valid_e=0
cycle 52022: PC=0x0036 OPCODE=0x1d [WAIT PE_ARRAY]
cycle 52023: PC=0x0037 OPCODE=0x18 [CPT_TAGXY] type=3 tag=(0,0)
cycle 52024: PC=0x0038 OPCODE=0x09 [P2G] addr=11904 tag=(0,0) size=32
cycle 52025: PC=0x0039 OPCODE=0x1f [LOOP] REG[6]<=64 ? target=42 : PC+1, after += 1 -> REG=30, nextPC=42
cycle 52026: PC=0x002a OPCODE=0x18 [CPT_TAGXY] type=2 tag=(0,0)
cycle 52027: PC=0x002b OPCODE=0x22 [MULI] REG[11] = REG[3] * 128 -> 0
cycle 52028: PC=0x002c OPCODE=0x22 [MULI] REG[12] = REG[6] * 128 -> 3840
cycle 52029: PC=0x002d OPCODE=0x24 [ADD] REG[11] = REG[11] + REG[5] -> 0
cycle 52030: PC=0x002e OPCODE=0x24 [ADD] REG[11] = REG[11] + REG[12] -> 3840
cycle 52031: PC=0x002f OPCODE=0x08 [G2P] addr=12032 tag=(0,0) size=32
cycle 52032: PC=0x0030 OPCODE=0x1d [WAIT GLB] still busy, stall
cycle 52047: PC=0x0030 OPCODE=0x1d [WAIT GLB] done, continue
cycle 52048: PC=0x0031 OPCODE=0x18 [CPT_TAGXY] type=0 tag=(0,0)
cycle 52049: PC=0x0032 OPCODE=0x22 [MULI] REG[13] = REG[6] * 36 -> 1080
cycle 52050: PC=0x0033 OPCODE=0x08 [G2P] addr=1080 tag=(0,0) size=144
cycle 52051: PC=0x0034 OPCODE=0x1d [WAIT GLB] still busy, stall
cycle 52122: PC=0x0034 OPCODE=0x1d [WAIT GLB] done, continue
cycle 52123: PC=0x0035 OPCODE=0x1c [COMPUTE] valid_e=0
cycle 52124: PC=0x0036 OPCODE=0x1d [WAIT PE_ARRAY]
cycle 52125: PC=0x0037 OPCODE=0x18 [CPT_TAGXY] type=3 tag=(0,0)
cycle 52126: PC=0x0038 OPCODE=0x09 [P2G] addr=12032 tag=(0,0) size=32
cycle 52127: PC=0x0039 OPCODE=0x1f [LOOP] REG[6]<=64 ? target=42 : PC+1, after += 1 -> REG=31, nextPC=42
cycle 52128: PC=0x002a OPCODE=0x18 [CPT_TAGXY] type=2 tag=(0,0)
cycle 52129: PC=0x002b OPCODE=0x22 [MULI] REG[11] = REG[3] * 128 -> 0
cycle 52130: PC=0x002c OPCODE=0x22 [MULI] REG[12] = REG[6] * 128 -> 3968
cycle 52131: PC=0x002d OPCODE=0x24 [ADD] REG[11] = REG[11] + REG[5] -> 0
cycle 52132: PC=0x002e OPCODE=0x24 [ADD] REG[11] = REG[11] + REG[12] -> 3968
cycle 52133: PC=0x002f OPCODE=0x08 [G2P] addr=12160 tag=(0,0) size=32
cycle 52134: PC=0x0030 OPCODE=0x1d [WAIT GLB] still busy, stall
cycle 52149: PC=0x0030 OPCODE=0x1d [WAIT GLB] done, continue
cycle 52150: PC=0x0031 OPCODE=0x18 [CPT_TAGXY] type=0 tag=(0,0)
cycle 52151: PC=0x0032 OPCODE=0x22 [MULI] REG[13] = REG[6] * 36 -> 1116
cycle 52152: PC=0x0033 OPCODE=0x08 [G2P] addr=1116 tag=(0,0) size=144
cycle 52153: PC=0x0034 OPCODE=0x1d [WAIT GLB] still busy, stall
cycle 52224: PC=0x0034 OPCODE=0x1d [WAIT GLB] done, continue
cycle 52225: PC=0x0035 OPCODE=0x1c [COMPUTE] valid_e=0
cycle 52226: PC=0x0036 OPCODE=0x1d [WAIT PE_ARRAY]
cycle 52227: PC=0x0037 OPCODE=0x18 [CPT_TAGXY] type=3 tag=(0,0)
cycle 52228: PC=0x0038 OPCODE=0x09 [P2G] addr=12160 tag=(0,0) size=32
cycle 52229: PC=0x0039 OPCODE=0x1f [LOOP] REG[6]<=64 ? target=42 : PC+1, after += 1 -> REG=32, nextPC=42
cycle 52230: PC=0x002a OPCODE=0x18 [CPT_TAGXY] type=2 tag=(0,0)
cycle 52231: PC=0x002b OPCODE=0x22 [MULI] REG[11] = REG[3] * 128 -> 0
cycle 52232: PC=0x002c OPCODE=0x22 [MULI] REG[12] = REG[6] * 128 -> 4096
cycle 52233: PC=0x002d OPCODE=0x24 [ADD] REG[11] = REG[11] + REG[5] -> 0
cycle 52234: PC=0x002e OPCODE=0x24 [ADD] REG[11] = REG[11] + REG[12] -> 4096
cycle 52235: PC=0x002f OPCODE=0x08 [G2P] addr=12288 tag=(0,0) size=32
cycle 52236: PC=0x0030 OPCODE=0x1d [WAIT GLB] still busy, stall
cycle 52251: PC=0x0030 OPCODE=0x1d [WAIT GLB] done, continue
cycle 52252: PC=0x0031 OPCODE=0x18 [CPT_TAGXY] type=0 tag=(0,0)
cycle 52253: PC=0x0032 OPCODE=0x22 [MULI] REG[13] = REG[6] * 36 -> 1152
cycle 52254: PC=0x0033 OPCODE=0x08 [G2P] addr=1152 tag=(0,0) size=144
cycle 52255: PC=0x0034 OPCODE=0x1d [WAIT GLB] still busy, stall
cycle 52326: PC=0x0034 OPCODE=0x1d [WAIT GLB] done, continue
cycle 52327: PC=0x0035 OPCODE=0x1c [COMPUTE] valid_e=0
cycle 52328: PC=0x0036 OPCODE=0x1d [WAIT PE_ARRAY]
cycle 52329: PC=0x0037 OPCODE=0x18 [CPT_TAGXY] type=3 tag=(0,0)
cycle 52330: PC=0x0038 OPCODE=0x09 [P2G] addr=12288 tag=(0,0) size=32
cycle 52331: PC=0x0039 OPCODE=0x1f [LOOP] REG[6]<=64 ? target=42 : PC+1, after += 1 -> REG=33, nextPC=42
cycle 52332: PC=0x002a OPCODE=0x18 [CPT_TAGXY] type=2 tag=(0,0)
cycle 52333: PC=0x002b OPCODE=0x22 [MULI] REG[11] = REG[3] * 128 -> 0
cycle 52334: PC=0x002c OPCODE=0x22 [MULI] REG[12] = REG[6] * 128 -> 4224
cycle 52335: PC=0x002d OPCODE=0x24 [ADD] REG[11] = REG[11] + REG[5] -> 0
cycle 52336: PC=0x002e OPCODE=0x24 [ADD] REG[11] = REG[11] + REG[12] -> 4224
cycle 52337: PC=0x002f OPCODE=0x08 [G2P] addr=12416 tag=(0,0) size=32
cycle 52338: PC=0x0030 OPCODE=0x1d [WAIT GLB] still busy, stall
cycle 52353: PC=0x0030 OPCODE=0x1d [WAIT GLB] done, continue
cycle 52354: PC=0x0031 OPCODE=0x18 [CPT_TAGXY] type=0 tag=(0,0)
cycle 52355: PC=0x0032 OPCODE=0x22 [MULI] REG[13] = REG[6] * 36 -> 1188
cycle 52356: PC=0x0033 OPCODE=0x08 [G2P] addr=1188 tag=(0,0) size=144
cycle 52357: PC=0x0034 OPCODE=0x1d [WAIT GLB] still busy, stall
cycle 52428: PC=0x0034 OPCODE=0x1d [WAIT GLB] done, continue
cycle 52429: PC=0x0035 OPCODE=0x1c [COMPUTE] valid_e=0
cycle 52430: PC=0x0036 OPCODE=0x1d [WAIT PE_ARRAY]
cycle 52431: PC=0x0037 OPCODE=0x18 [CPT_TAGXY] type=3 tag=(0,0)
cycle 52432: PC=0x0038 OPCODE=0x09 [P2G] addr=12416 tag=(0,0) size=32
cycle 52433: PC=0x0039 OPCODE=0x1f [LOOP] REG[6]<=64 ? target=42 : PC+1, after += 1 -> REG=34, nextPC=42
cycle 52434: PC=0x002a OPCODE=0x18 [CPT_TAGXY] type=2 tag=(0,0)
cycle 52435: PC=0x002b OPCODE=0x22 [MULI] REG[11] = REG[3] * 128 -> 0
cycle 52436: PC=0x002c OPCODE=0x22 [MULI] REG[12] = REG[6] * 128 -> 4352
cycle 52437: PC=0x002d OPCODE=0x24 [ADD] REG[11] = REG[11] + REG[5] -> 0
cycle 52438: PC=0x002e OPCODE=0x24 [ADD] REG[11] = REG[11] + REG[12] -> 4352
cycle 52439: PC=0x002f OPCODE=0x08 [G2P] addr=12544 tag=(0,0) size=32
cycle 52440: PC=0x0030 OPCODE=0x1d [WAIT GLB] still busy, stall
cycle 52455: PC=0x0030 OPCODE=0x1d [WAIT GLB] done, continue
cycle 52456: PC=0x0031 OPCODE=0x18 [CPT_TAGXY] type=0 tag=(0,0)
cycle 52457: PC=0x0032 OPCODE=0x22 [MULI] REG[13] = REG[6] * 36 -> 1224
cycle 52458: PC=0x0033 OPCODE=0x08 [G2P] addr=1224 tag=(0,0) size=144
cycle 52459: PC=0x0034 OPCODE=0x1d [WAIT GLB] still busy, stall
cycle 52530: PC=0x0034 OPCODE=0x1d [WAIT GLB] done, continue
cycle 52531: PC=0x0035 OPCODE=0x1c [COMPUTE] valid_e=0
cycle 52532: PC=0x0036 OPCODE=0x1d [WAIT PE_ARRAY]
cycle 52533: PC=0x0037 OPCODE=0x18 [CPT_TAGXY] type=3 tag=(0,0)
cycle 52534: PC=0x0038 OPCODE=0x09 [P2G] addr=12544 tag=(0,0) size=32
cycle 52535: PC=0x0039 OPCODE=0x1f [LOOP] REG[6]<=64 ? target=42 : PC+1, after += 1 -> REG=35, nextPC=42
cycle 52536: PC=0x002a OPCODE=0x18 [CPT_TAGXY] type=2 tag=(0,0)
cycle 52537: PC=0x002b OPCODE=0x22 [MULI] REG[11] = REG[3] * 128 -> 0
cycle 52538: PC=0x002c OPCODE=0x22 [MULI] REG[12] = REG[6] * 128 -> 4480
cycle 52539: PC=0x002d OPCODE=0x24 [ADD] REG[11] = REG[11] + REG[5] -> 0
cycle 52540: PC=0x002e OPCODE=0x24 [ADD] REG[11] = REG[11] + REG[12] -> 4480
cycle 52541: PC=0x002f OPCODE=0x08 [G2P] addr=12672 tag=(0,0) size=32
cycle 52542: PC=0x0030 OPCODE=0x1d [WAIT GLB] still busy, stall
cycle 52557: PC=0x0030 OPCODE=0x1d [WAIT GLB] done, continue
cycle 52558: PC=0x0031 OPCODE=0x18 [CPT_TAGXY] type=0 tag=(0,0)
cycle 52559: PC=0x0032 OPCODE=0x22 [MULI] REG[13] = REG[6] * 36 -> 1260
cycle 52560: PC=0x0033 OPCODE=0x08 [G2P] addr=1260 tag=(0,0) size=144
cycle 52561: PC=0x0034 OPCODE=0x1d [WAIT GLB] still busy, stall
cycle 52632: PC=0x0034 OPCODE=0x1d [WAIT GLB] done, continue
cycle 52633: PC=0x0035 OPCODE=0x1c [COMPUTE] valid_e=0
cycle 52634: PC=0x0036 OPCODE=0x1d [WAIT PE_ARRAY]
cycle 52635: PC=0x0037 OPCODE=0x18 [CPT_TAGXY] type=3 tag=(0,0)
cycle 52636: PC=0x0038 OPCODE=0x09 [P2G] addr=12672 tag=(0,0) size=32
cycle 52637: PC=0x0039 OPCODE=0x1f [LOOP] REG[6]<=64 ? target=42 : PC+1, after += 1 -> REG=36, nextPC=42
cycle 52638: PC=0x002a OPCODE=0x18 [CPT_TAGXY] type=2 tag=(0,0)
cycle 52639: PC=0x002b OPCODE=0x22 [MULI] REG[11] = REG[3] * 128 -> 0
cycle 52640: PC=0x002c OPCODE=0x22 [MULI] REG[12] = REG[6] * 128 -> 4608
cycle 52641: PC=0x002d OPCODE=0x24 [ADD] REG[11] = REG[11] + REG[5] -> 0
cycle 52642: PC=0x002e OPCODE=0x24 [ADD] REG[11] = REG[11] + REG[12] -> 4608
cycle 52643: PC=0x002f OPCODE=0x08 [G2P] addr=12800 tag=(0,0) size=32
cycle 52644: PC=0x0030 OPCODE=0x1d [WAIT GLB] still busy, stall
cycle 52659: PC=0x0030 OPCODE=0x1d [WAIT GLB] done, continue
cycle 52660: PC=0x0031 OPCODE=0x18 [CPT_TAGXY] type=0 tag=(0,0)
cycle 52661: PC=0x0032 OPCODE=0x22 [MULI] REG[13] = REG[6] * 36 -> 1296
cycle 52662: PC=0x0033 OPCODE=0x08 [G2P] addr=1296 tag=(0,0) size=144
cycle 52663: PC=0x0034 OPCODE=0x1d [WAIT GLB] still busy, stall
cycle 52734: PC=0x0034 OPCODE=0x1d [WAIT GLB] done, continue
cycle 52735: PC=0x0035 OPCODE=0x1c [COMPUTE] valid_e=0
cycle 52736: PC=0x0036 OPCODE=0x1d [WAIT PE_ARRAY]
cycle 52737: PC=0x0037 OPCODE=0x18 [CPT_TAGXY] type=3 tag=(0,0)
cycle 52738: PC=0x0038 OPCODE=0x09 [P2G] addr=12800 tag=(0,0) size=32
cycle 52739: PC=0x0039 OPCODE=0x1f [LOOP] REG[6]<=64 ? target=42 : PC+1, after += 1 -> REG=37, nextPC=42
cycle 52740: PC=0x002a OPCODE=0x18 [CPT_TAGXY] type=2 tag=(0,0)
cycle 52741: PC=0x002b OPCODE=0x22 [MULI] REG[11] = REG[3] * 128 -> 0
cycle 52742: PC=0x002c OPCODE=0x22 [MULI] REG[12] = REG[6] * 128 -> 4736
cycle 52743: PC=0x002d OPCODE=0x24 [ADD] REG[11] = REG[11] + REG[5] -> 0
cycle 52744: PC=0x002e OPCODE=0x24 [ADD] REG[11] = REG[11] + REG[12] -> 4736
cycle 52745: PC=0x002f OPCODE=0x08 [G2P] addr=12928 tag=(0,0) size=32
cycle 52746: PC=0x0030 OPCODE=0x1d [WAIT GLB] still busy, stall
cycle 52761: PC=0x0030 OPCODE=0x1d [WAIT GLB] done, continue
cycle 52762: PC=0x0031 OPCODE=0x18 [CPT_TAGXY] type=0 tag=(0,0)
cycle 52763: PC=0x0032 OPCODE=0x22 [MULI] REG[13] = REG[6] * 36 -> 1332
cycle 52764: PC=0x0033 OPCODE=0x08 [G2P] addr=1332 tag=(0,0) size=144
cycle 52765: PC=0x0034 OPCODE=0x1d [WAIT GLB] still busy, stall
cycle 52836: PC=0x0034 OPCODE=0x1d [WAIT GLB] done, continue
cycle 52837: PC=0x0035 OPCODE=0x1c [COMPUTE] valid_e=0
cycle 52838: PC=0x0036 OPCODE=0x1d [WAIT PE_ARRAY]
cycle 52839: PC=0x0037 OPCODE=0x18 [CPT_TAGXY] type=3 tag=(0,0)
cycle 52840: PC=0x0038 OPCODE=0x09 [P2G] addr=12928 tag=(0,0) size=32
cycle 52841: PC=0x0039 OPCODE=0x1f [LOOP] REG[6]<=64 ? target=42 : PC+1, after += 1 -> REG=38, nextPC=42
cycle 52842: PC=0x002a OPCODE=0x18 [CPT_TAGXY] type=2 tag=(0,0)
cycle 52843: PC=0x002b OPCODE=0x22 [MULI] REG[11] = REG[3] * 128 -> 0
cycle 52844: PC=0x002c OPCODE=0x22 [MULI] REG[12] = REG[6] * 128 -> 4864
cycle 52845: PC=0x002d OPCODE=0x24 [ADD] REG[11] = REG[11] + REG[5] -> 0
cycle 52846: PC=0x002e OPCODE=0x24 [ADD] REG[11] = REG[11] + REG[12] -> 4864
cycle 52847: PC=0x002f OPCODE=0x08 [G2P] addr=13056 tag=(0,0) size=32
cycle 52848: PC=0x0030 OPCODE=0x1d [WAIT GLB] still busy, stall
cycle 52863: PC=0x0030 OPCODE=0x1d [WAIT GLB] done, continue
cycle 52864: PC=0x0031 OPCODE=0x18 [CPT_TAGXY] type=0 tag=(0,0)
cycle 52865: PC=0x0032 OPCODE=0x22 [MULI] REG[13] = REG[6] * 36 -> 1368
cycle 52866: PC=0x0033 OPCODE=0x08 [G2P] addr=1368 tag=(0,0) size=144
cycle 52867: PC=0x0034 OPCODE=0x1d [WAIT GLB] still busy, stall
cycle 52938: PC=0x0034 OPCODE=0x1d [WAIT GLB] done, continue
cycle 52939: PC=0x0035 OPCODE=0x1c [COMPUTE] valid_e=0
cycle 52940: PC=0x0036 OPCODE=0x1d [WAIT PE_ARRAY]
cycle 52941: PC=0x0037 OPCODE=0x18 [CPT_TAGXY] type=3 tag=(0,0)
cycle 52942: PC=0x0038 OPCODE=0x09 [P2G] addr=13056 tag=(0,0) size=32
cycle 52943: PC=0x0039 OPCODE=0x1f [LOOP] REG[6]<=64 ? target=42 : PC+1, after += 1 -> REG=39, nextPC=42
cycle 52944: PC=0x002a OPCODE=0x18 [CPT_TAGXY] type=2 tag=(0,0)
cycle 52945: PC=0x002b OPCODE=0x22 [MULI] REG[11] = REG[3] * 128 -> 0
cycle 52946: PC=0x002c OPCODE=0x22 [MULI] REG[12] = REG[6] * 128 -> 4992
cycle 52947: PC=0x002d OPCODE=0x24 [ADD] REG[11] = REG[11] + REG[5] -> 0
cycle 52948: PC=0x002e OPCODE=0x24 [ADD] REG[11] = REG[11] + REG[12] -> 4992
cycle 52949: PC=0x002f OPCODE=0x08 [G2P] addr=13184 tag=(0,0) size=32
cycle 52950: PC=0x0030 OPCODE=0x1d [WAIT GLB] still busy, stall
cycle 52965: PC=0x0030 OPCODE=0x1d [WAIT GLB] done, continue
cycle 52966: PC=0x0031 OPCODE=0x18 [CPT_TAGXY] type=0 tag=(0,0)
cycle 52967: PC=0x0032 OPCODE=0x22 [MULI] REG[13] = REG[6] * 36 -> 1404
cycle 52968: PC=0x0033 OPCODE=0x08 [G2P] addr=1404 tag=(0,0) size=144
cycle 52969: PC=0x0034 OPCODE=0x1d [WAIT GLB] still busy, stall
cycle 53040: PC=0x0034 OPCODE=0x1d [WAIT GLB] done, continue
cycle 53041: PC=0x0035 OPCODE=0x1c [COMPUTE] valid_e=0
cycle 53042: PC=0x0036 OPCODE=0x1d [WAIT PE_ARRAY]
cycle 53043: PC=0x0037 OPCODE=0x18 [CPT_TAGXY] type=3 tag=(0,0)
cycle 53044: PC=0x0038 OPCODE=0x09 [P2G] addr=13184 tag=(0,0) size=32
cycle 53045: PC=0x0039 OPCODE=0x1f [LOOP] REG[6]<=64 ? target=42 : PC+1, after += 1 -> REG=40, nextPC=42
cycle 53046: PC=0x002a OPCODE=0x18 [CPT_TAGXY] type=2 tag=(0,0)
cycle 53047: PC=0x002b OPCODE=0x22 [MULI] REG[11] = REG[3] * 128 -> 0
cycle 53048: PC=0x002c OPCODE=0x22 [MULI] REG[12] = REG[6] * 128 -> 5120
cycle 53049: PC=0x002d OPCODE=0x24 [ADD] REG[11] = REG[11] + REG[5] -> 0
cycle 53050: PC=0x002e OPCODE=0x24 [ADD] REG[11] = REG[11] + REG[12] -> 5120
cycle 53051: PC=0x002f OPCODE=0x08 [G2P] addr=13312 tag=(0,0) size=32
cycle 53052: PC=0x0030 OPCODE=0x1d [WAIT GLB] still busy, stall
cycle 53067: PC=0x0030 OPCODE=0x1d [WAIT GLB] done, continue
cycle 53068: PC=0x0031 OPCODE=0x18 [CPT_TAGXY] type=0 tag=(0,0)
cycle 53069: PC=0x0032 OPCODE=0x22 [MULI] REG[13] = REG[6] * 36 -> 1440
cycle 53070: PC=0x0033 OPCODE=0x08 [G2P] addr=1440 tag=(0,0) size=144
cycle 53071: PC=0x0034 OPCODE=0x1d [WAIT GLB] still busy, stall
cycle 53142: PC=0x0034 OPCODE=0x1d [WAIT GLB] done, continue
cycle 53143: PC=0x0035 OPCODE=0x1c [COMPUTE] valid_e=0
cycle 53144: PC=0x0036 OPCODE=0x1d [WAIT PE_ARRAY]
cycle 53145: PC=0x0037 OPCODE=0x18 [CPT_TAGXY] type=3 tag=(0,0)
cycle 53146: PC=0x0038 OPCODE=0x09 [P2G] addr=13312 tag=(0,0) size=32
cycle 53147: PC=0x0039 OPCODE=0x1f [LOOP] REG[6]<=64 ? target=42 : PC+1, after += 1 -> REG=41, nextPC=42
cycle 53148: PC=0x002a OPCODE=0x18 [CPT_TAGXY] type=2 tag=(0,0)
cycle 53149: PC=0x002b OPCODE=0x22 [MULI] REG[11] = REG[3] * 128 -> 0
cycle 53150: PC=0x002c OPCODE=0x22 [MULI] REG[12] = REG[6] * 128 -> 5248
cycle 53151: PC=0x002d OPCODE=0x24 [ADD] REG[11] = REG[11] + REG[5] -> 0
cycle 53152: PC=0x002e OPCODE=0x24 [ADD] REG[11] = REG[11] + REG[12] -> 5248
cycle 53153: PC=0x002f OPCODE=0x08 [G2P] addr=13440 tag=(0,0) size=32
cycle 53154: PC=0x0030 OPCODE=0x1d [WAIT GLB] still busy, stall
cycle 53169: PC=0x0030 OPCODE=0x1d [WAIT GLB] done, continue
cycle 53170: PC=0x0031 OPCODE=0x18 [CPT_TAGXY] type=0 tag=(0,0)
cycle 53171: PC=0x0032 OPCODE=0x22 [MULI] REG[13] = REG[6] * 36 -> 1476
cycle 53172: PC=0x0033 OPCODE=0x08 [G2P] addr=1476 tag=(0,0) size=144
cycle 53173: PC=0x0034 OPCODE=0x1d [WAIT GLB] still busy, stall
cycle 53244: PC=0x0034 OPCODE=0x1d [WAIT GLB] done, continue
cycle 53245: PC=0x0035 OPCODE=0x1c [COMPUTE] valid_e=0
cycle 53246: PC=0x0036 OPCODE=0x1d [WAIT PE_ARRAY]
cycle 53247: PC=0x0037 OPCODE=0x18 [CPT_TAGXY] type=3 tag=(0,0)
cycle 53248: PC=0x0038 OPCODE=0x09 [P2G] addr=13440 tag=(0,0) size=32
cycle 53249: PC=0x0039 OPCODE=0x1f [LOOP] REG[6]<=64 ? target=42 : PC+1, after += 1 -> REG=42, nextPC=42
cycle 53250: PC=0x002a OPCODE=0x18 [CPT_TAGXY] type=2 tag=(0,0)
cycle 53251: PC=0x002b OPCODE=0x22 [MULI] REG[11] = REG[3] * 128 -> 0
cycle 53252: PC=0x002c OPCODE=0x22 [MULI] REG[12] = REG[6] * 128 -> 5376
cycle 53253: PC=0x002d OPCODE=0x24 [ADD] REG[11] = REG[11] + REG[5] -> 0
cycle 53254: PC=0x002e OPCODE=0x24 [ADD] REG[11] = REG[11] + REG[12] -> 5376
cycle 53255: PC=0x002f OPCODE=0x08 [G2P] addr=13568 tag=(0,0) size=32
cycle 53256: PC=0x0030 OPCODE=0x1d [WAIT GLB] still busy, stall
cycle 53271: PC=0x0030 OPCODE=0x1d [WAIT GLB] done, continue
cycle 53272: PC=0x0031 OPCODE=0x18 [CPT_TAGXY] type=0 tag=(0,0)
cycle 53273: PC=0x0032 OPCODE=0x22 [MULI] REG[13] = REG[6] * 36 -> 1512
cycle 53274: PC=0x0033 OPCODE=0x08 [G2P] addr=1512 tag=(0,0) size=144
cycle 53275: PC=0x0034 OPCODE=0x1d [WAIT GLB] still busy, stall
cycle 53346: PC=0x0034 OPCODE=0x1d [WAIT GLB] done, continue
cycle 53347: PC=0x0035 OPCODE=0x1c [COMPUTE] valid_e=0
cycle 53348: PC=0x0036 OPCODE=0x1d [WAIT PE_ARRAY]
cycle 53349: PC=0x0037 OPCODE=0x18 [CPT_TAGXY] type=3 tag=(0,0)
cycle 53350: PC=0x0038 OPCODE=0x09 [P2G] addr=13568 tag=(0,0) size=32
cycle 53351: PC=0x0039 OPCODE=0x1f [LOOP] REG[6]<=64 ? target=42 : PC+1, after += 1 -> REG=43, nextPC=42
cycle 53352: PC=0x002a OPCODE=0x18 [CPT_TAGXY] type=2 tag=(0,0)
cycle 53353: PC=0x002b OPCODE=0x22 [MULI] REG[11] = REG[3] * 128 -> 0
cycle 53354: PC=0x002c OPCODE=0x22 [MULI] REG[12] = REG[6] * 128 -> 5504
cycle 53355: PC=0x002d OPCODE=0x24 [ADD] REG[11] = REG[11] + REG[5] -> 0
cycle 53356: PC=0x002e OPCODE=0x24 [ADD] REG[11] = REG[11] + REG[12] -> 5504
cycle 53357: PC=0x002f OPCODE=0x08 [G2P] addr=13696 tag=(0,0) size=32
cycle 53358: PC=0x0030 OPCODE=0x1d [WAIT GLB] still busy, stall
cycle 53373: PC=0x0030 OPCODE=0x1d [WAIT GLB] done, continue
cycle 53374: PC=0x0031 OPCODE=0x18 [CPT_TAGXY] type=0 tag=(0,0)
cycle 53375: PC=0x0032 OPCODE=0x22 [MULI] REG[13] = REG[6] * 36 -> 1548
cycle 53376: PC=0x0033 OPCODE=0x08 [G2P] addr=1548 tag=(0,0) size=144
cycle 53377: PC=0x0034 OPCODE=0x1d [WAIT GLB] still busy, stall
cycle 53448: PC=0x0034 OPCODE=0x1d [WAIT GLB] done, continue
cycle 53449: PC=0x0035 OPCODE=0x1c [COMPUTE] valid_e=0
cycle 53450: PC=0x0036 OPCODE=0x1d [WAIT PE_ARRAY]
cycle 53451: PC=0x0037 OPCODE=0x18 [CPT_TAGXY] type=3 tag=(0,0)
cycle 53452: PC=0x0038 OPCODE=0x09 [P2G] addr=13696 tag=(0,0) size=32
cycle 53453: PC=0x0039 OPCODE=0x1f [LOOP] REG[6]<=64 ? target=42 : PC+1, after += 1 -> REG=44, nextPC=42
cycle 53454: PC=0x002a OPCODE=0x18 [CPT_TAGXY] type=2 tag=(0,0)
cycle 53455: PC=0x002b OPCODE=0x22 [MULI] REG[11] = REG[3] * 128 -> 0
cycle 53456: PC=0x002c OPCODE=0x22 [MULI] REG[12] = REG[6] * 128 -> 5632
cycle 53457: PC=0x002d OPCODE=0x24 [ADD] REG[11] = REG[11] + REG[5] -> 0
cycle 53458: PC=0x002e OPCODE=0x24 [ADD] REG[11] = REG[11] + REG[12] -> 5632
cycle 53459: PC=0x002f OPCODE=0x08 [G2P] addr=13824 tag=(0,0) size=32
cycle 53460: PC=0x0030 OPCODE=0x1d [WAIT GLB] still busy, stall
cycle 53475: PC=0x0030 OPCODE=0x1d [WAIT GLB] done, continue
cycle 53476: PC=0x0031 OPCODE=0x18 [CPT_TAGXY] type=0 tag=(0,0)
cycle 53477: PC=0x0032 OPCODE=0x22 [MULI] REG[13] = REG[6] * 36 -> 1584
cycle 53478: PC=0x0033 OPCODE=0x08 [G2P] addr=1584 tag=(0,0) size=144
cycle 53479: PC=0x0034 OPCODE=0x1d [WAIT GLB] still busy, stall
cycle 53550: PC=0x0034 OPCODE=0x1d [WAIT GLB] done, continue
cycle 53551: PC=0x0035 OPCODE=0x1c [COMPUTE] valid_e=0
cycle 53552: PC=0x0036 OPCODE=0x1d [WAIT PE_ARRAY]
cycle 53553: PC=0x0037 OPCODE=0x18 [CPT_TAGXY] type=3 tag=(0,0)
cycle 53554: PC=0x0038 OPCODE=0x09 [P2G] addr=13824 tag=(0,0) size=32
cycle 53555: PC=0x0039 OPCODE=0x1f [LOOP] REG[6]<=64 ? target=42 : PC+1, after += 1 -> REG=45, nextPC=42
cycle 53556: PC=0x002a OPCODE=0x18 [CPT_TAGXY] type=2 tag=(0,0)
cycle 53557: PC=0x002b OPCODE=0x22 [MULI] REG[11] = REG[3] * 128 -> 0
cycle 53558: PC=0x002c OPCODE=0x22 [MULI] REG[12] = REG[6] * 128 -> 5760
cycle 53559: PC=0x002d OPCODE=0x24 [ADD] REG[11] = REG[11] + REG[5] -> 0
cycle 53560: PC=0x002e OPCODE=0x24 [ADD] REG[11] = REG[11] + REG[12] -> 5760
cycle 53561: PC=0x002f OPCODE=0x08 [G2P] addr=13952 tag=(0,0) size=32
cycle 53562: PC=0x0030 OPCODE=0x1d [WAIT GLB] still busy, stall
cycle 53577: PC=0x0030 OPCODE=0x1d [WAIT GLB] done, continue
cycle 53578: PC=0x0031 OPCODE=0x18 [CPT_TAGXY] type=0 tag=(0,0)
cycle 53579: PC=0x0032 OPCODE=0x22 [MULI] REG[13] = REG[6] * 36 -> 1620
cycle 53580: PC=0x0033 OPCODE=0x08 [G2P] addr=1620 tag=(0,0) size=144
cycle 53581: PC=0x0034 OPCODE=0x1d [WAIT GLB] still busy, stall
cycle 53652: PC=0x0034 OPCODE=0x1d [WAIT GLB] done, continue
cycle 53653: PC=0x0035 OPCODE=0x1c [COMPUTE] valid_e=0
cycle 53654: PC=0x0036 OPCODE=0x1d [WAIT PE_ARRAY]
cycle 53655: PC=0x0037 OPCODE=0x18 [CPT_TAGXY] type=3 tag=(0,0)
cycle 53656: PC=0x0038 OPCODE=0x09 [P2G] addr=13952 tag=(0,0) size=32
cycle 53657: PC=0x0039 OPCODE=0x1f [LOOP] REG[6]<=64 ? target=42 : PC+1, after += 1 -> REG=46, nextPC=42
cycle 53658: PC=0x002a OPCODE=0x18 [CPT_TAGXY] type=2 tag=(0,0)
cycle 53659: PC=0x002b OPCODE=0x22 [MULI] REG[11] = REG[3] * 128 -> 0
cycle 53660: PC=0x002c OPCODE=0x22 [MULI] REG[12] = REG[6] * 128 -> 5888
cycle 53661: PC=0x002d OPCODE=0x24 [ADD] REG[11] = REG[11] + REG[5] -> 0
cycle 53662: PC=0x002e OPCODE=0x24 [ADD] REG[11] = REG[11] + REG[12] -> 5888
cycle 53663: PC=0x002f OPCODE=0x08 [G2P] addr=14080 tag=(0,0) size=32
cycle 53664: PC=0x0030 OPCODE=0x1d [WAIT GLB] still busy, stall
cycle 53679: PC=0x0030 OPCODE=0x1d [WAIT GLB] done, continue
cycle 53680: PC=0x0031 OPCODE=0x18 [CPT_TAGXY] type=0 tag=(0,0)
cycle 53681: PC=0x0032 OPCODE=0x22 [MULI] REG[13] = REG[6] * 36 -> 1656
cycle 53682: PC=0x0033 OPCODE=0x08 [G2P] addr=1656 tag=(0,0) size=144
cycle 53683: PC=0x0034 OPCODE=0x1d [WAIT GLB] still busy, stall
cycle 53754: PC=0x0034 OPCODE=0x1d [WAIT GLB] done, continue
cycle 53755: PC=0x0035 OPCODE=0x1c [COMPUTE] valid_e=0
cycle 53756: PC=0x0036 OPCODE=0x1d [WAIT PE_ARRAY]
cycle 53757: PC=0x0037 OPCODE=0x18 [CPT_TAGXY] type=3 tag=(0,0)
cycle 53758: PC=0x0038 OPCODE=0x09 [P2G] addr=14080 tag=(0,0) size=32
cycle 53759: PC=0x0039 OPCODE=0x1f [LOOP] REG[6]<=64 ? target=42 : PC+1, after += 1 -> REG=47, nextPC=42
cycle 53760: PC=0x002a OPCODE=0x18 [CPT_TAGXY] type=2 tag=(0,0)
cycle 53761: PC=0x002b OPCODE=0x22 [MULI] REG[11] = REG[3] * 128 -> 0
cycle 53762: PC=0x002c OPCODE=0x22 [MULI] REG[12] = REG[6] * 128 -> 6016
cycle 53763: PC=0x002d OPCODE=0x24 [ADD] REG[11] = REG[11] + REG[5] -> 0
cycle 53764: PC=0x002e OPCODE=0x24 [ADD] REG[11] = REG[11] + REG[12] -> 6016
cycle 53765: PC=0x002f OPCODE=0x08 [G2P] addr=14208 tag=(0,0) size=32
cycle 53766: PC=0x0030 OPCODE=0x1d [WAIT GLB] still busy, stall
cycle 53781: PC=0x0030 OPCODE=0x1d [WAIT GLB] done, continue
cycle 53782: PC=0x0031 OPCODE=0x18 [CPT_TAGXY] type=0 tag=(0,0)
cycle 53783: PC=0x0032 OPCODE=0x22 [MULI] REG[13] = REG[6] * 36 -> 1692
cycle 53784: PC=0x0033 OPCODE=0x08 [G2P] addr=1692 tag=(0,0) size=144
cycle 53785: PC=0x0034 OPCODE=0x1d [WAIT GLB] still busy, stall
cycle 53856: PC=0x0034 OPCODE=0x1d [WAIT GLB] done, continue
cycle 53857: PC=0x0035 OPCODE=0x1c [COMPUTE] valid_e=0
cycle 53858: PC=0x0036 OPCODE=0x1d [WAIT PE_ARRAY]
cycle 53859: PC=0x0037 OPCODE=0x18 [CPT_TAGXY] type=3 tag=(0,0)
cycle 53860: PC=0x0038 OPCODE=0x09 [P2G] addr=14208 tag=(0,0) size=32
cycle 53861: PC=0x0039 OPCODE=0x1f [LOOP] REG[6]<=64 ? target=42 : PC+1, after += 1 -> REG=48, nextPC=42
cycle 53862: PC=0x002a OPCODE=0x18 [CPT_TAGXY] type=2 tag=(0,0)
cycle 53863: PC=0x002b OPCODE=0x22 [MULI] REG[11] = REG[3] * 128 -> 0
cycle 53864: PC=0x002c OPCODE=0x22 [MULI] REG[12] = REG[6] * 128 -> 6144
cycle 53865: PC=0x002d OPCODE=0x24 [ADD] REG[11] = REG[11] + REG[5] -> 0
cycle 53866: PC=0x002e OPCODE=0x24 [ADD] REG[11] = REG[11] + REG[12] -> 6144
cycle 53867: PC=0x002f OPCODE=0x08 [G2P] addr=14336 tag=(0,0) size=32
cycle 53868: PC=0x0030 OPCODE=0x1d [WAIT GLB] still busy, stall
cycle 53883: PC=0x0030 OPCODE=0x1d [WAIT GLB] done, continue
cycle 53884: PC=0x0031 OPCODE=0x18 [CPT_TAGXY] type=0 tag=(0,0)
cycle 53885: PC=0x0032 OPCODE=0x22 [MULI] REG[13] = REG[6] * 36 -> 1728
cycle 53886: PC=0x0033 OPCODE=0x08 [G2P] addr=1728 tag=(0,0) size=144
cycle 53887: PC=0x0034 OPCODE=0x1d [WAIT GLB] still busy, stall
cycle 53958: PC=0x0034 OPCODE=0x1d [WAIT GLB] done, continue
cycle 53959: PC=0x0035 OPCODE=0x1c [COMPUTE] valid_e=0
cycle 53960: PC=0x0036 OPCODE=0x1d [WAIT PE_ARRAY]
cycle 53961: PC=0x0037 OPCODE=0x18 [CPT_TAGXY] type=3 tag=(0,0)
cycle 53962: PC=0x0038 OPCODE=0x09 [P2G] addr=14336 tag=(0,0) size=32
cycle 53963: PC=0x0039 OPCODE=0x1f [LOOP] REG[6]<=64 ? target=42 : PC+1, after += 1 -> REG=49, nextPC=42
cycle 53964: PC=0x002a OPCODE=0x18 [CPT_TAGXY] type=2 tag=(0,0)
cycle 53965: PC=0x002b OPCODE=0x22 [MULI] REG[11] = REG[3] * 128 -> 0
cycle 53966: PC=0x002c OPCODE=0x22 [MULI] REG[12] = REG[6] * 128 -> 6272
cycle 53967: PC=0x002d OPCODE=0x24 [ADD] REG[11] = REG[11] + REG[5] -> 0
cycle 53968: PC=0x002e OPCODE=0x24 [ADD] REG[11] = REG[11] + REG[12] -> 6272
cycle 53969: PC=0x002f OPCODE=0x08 [G2P] addr=14464 tag=(0,0) size=32
cycle 53970: PC=0x0030 OPCODE=0x1d [WAIT GLB] still busy, stall
cycle 53985: PC=0x0030 OPCODE=0x1d [WAIT GLB] done, continue
cycle 53986: PC=0x0031 OPCODE=0x18 [CPT_TAGXY] type=0 tag=(0,0)
cycle 53987: PC=0x0032 OPCODE=0x22 [MULI] REG[13] = REG[6] * 36 -> 1764
cycle 53988: PC=0x0033 OPCODE=0x08 [G2P] addr=1764 tag=(0,0) size=144
cycle 53989: PC=0x0034 OPCODE=0x1d [WAIT GLB] still busy, stall
cycle 54060: PC=0x0034 OPCODE=0x1d [WAIT GLB] done, continue
cycle 54061: PC=0x0035 OPCODE=0x1c [COMPUTE] valid_e=0
cycle 54062: PC=0x0036 OPCODE=0x1d [WAIT PE_ARRAY]
cycle 54063: PC=0x0037 OPCODE=0x18 [CPT_TAGXY] type=3 tag=(0,0)
cycle 54064: PC=0x0038 OPCODE=0x09 [P2G] addr=14464 tag=(0,0) size=32
cycle 54065: PC=0x0039 OPCODE=0x1f [LOOP] REG[6]<=64 ? target=42 : PC+1, after += 1 -> REG=50, nextPC=42
cycle 54066: PC=0x002a OPCODE=0x18 [CPT_TAGXY] type=2 tag=(0,0)
cycle 54067: PC=0x002b OPCODE=0x22 [MULI] REG[11] = REG[3] * 128 -> 0
cycle 54068: PC=0x002c OPCODE=0x22 [MULI] REG[12] = REG[6] * 128 -> 6400
cycle 54069: PC=0x002d OPCODE=0x24 [ADD] REG[11] = REG[11] + REG[5] -> 0
cycle 54070: PC=0x002e OPCODE=0x24 [ADD] REG[11] = REG[11] + REG[12] -> 6400
cycle 54071: PC=0x002f OPCODE=0x08 [G2P] addr=14592 tag=(0,0) size=32
cycle 54072: PC=0x0030 OPCODE=0x1d [WAIT GLB] still busy, stall
cycle 54087: PC=0x0030 OPCODE=0x1d [WAIT GLB] done, continue
cycle 54088: PC=0x0031 OPCODE=0x18 [CPT_TAGXY] type=0 tag=(0,0)
cycle 54089: PC=0x0032 OPCODE=0x22 [MULI] REG[13] = REG[6] * 36 -> 1800
cycle 54090: PC=0x0033 OPCODE=0x08 [G2P] addr=1800 tag=(0,0) size=144
cycle 54091: PC=0x0034 OPCODE=0x1d [WAIT GLB] still busy, stall
cycle 54162: PC=0x0034 OPCODE=0x1d [WAIT GLB] done, continue
cycle 54163: PC=0x0035 OPCODE=0x1c [COMPUTE] valid_e=0
cycle 54164: PC=0x0036 OPCODE=0x1d [WAIT PE_ARRAY]
cycle 54165: PC=0x0037 OPCODE=0x18 [CPT_TAGXY] type=3 tag=(0,0)
cycle 54166: PC=0x0038 OPCODE=0x09 [P2G] addr=14592 tag=(0,0) size=32
cycle 54167: PC=0x0039 OPCODE=0x1f [LOOP] REG[6]<=64 ? target=42 : PC+1, after += 1 -> REG=51, nextPC=42
cycle 54168: PC=0x002a OPCODE=0x18 [CPT_TAGXY] type=2 tag=(0,0)
cycle 54169: PC=0x002b OPCODE=0x22 [MULI] REG[11] = REG[3] * 128 -> 0
cycle 54170: PC=0x002c OPCODE=0x22 [MULI] REG[12] = REG[6] * 128 -> 6528
cycle 54171: PC=0x002d OPCODE=0x24 [ADD] REG[11] = REG[11] + REG[5] -> 0
cycle 54172: PC=0x002e OPCODE=0x24 [ADD] REG[11] = REG[11] + REG[12] -> 6528
cycle 54173: PC=0x002f OPCODE=0x08 [G2P] addr=14720 tag=(0,0) size=32
cycle 54174: PC=0x0030 OPCODE=0x1d [WAIT GLB] still busy, stall
cycle 54189: PC=0x0030 OPCODE=0x1d [WAIT GLB] done, continue
cycle 54190: PC=0x0031 OPCODE=0x18 [CPT_TAGXY] type=0 tag=(0,0)
cycle 54191: PC=0x0032 OPCODE=0x22 [MULI] REG[13] = REG[6] * 36 -> 1836
cycle 54192: PC=0x0033 OPCODE=0x08 [G2P] addr=1836 tag=(0,0) size=144
cycle 54193: PC=0x0034 OPCODE=0x1d [WAIT GLB] still busy, stall
cycle 54264: PC=0x0034 OPCODE=0x1d [WAIT GLB] done, continue
cycle 54265: PC=0x0035 OPCODE=0x1c [COMPUTE] valid_e=0
cycle 54266: PC=0x0036 OPCODE=0x1d [WAIT PE_ARRAY]
cycle 54267: PC=0x0037 OPCODE=0x18 [CPT_TAGXY] type=3 tag=(0,0)
cycle 54268: PC=0x0038 OPCODE=0x09 [P2G] addr=14720 tag=(0,0) size=32
cycle 54269: PC=0x0039 OPCODE=0x1f [LOOP] REG[6]<=64 ? target=42 : PC+1, after += 1 -> REG=52, nextPC=42
cycle 54270: PC=0x002a OPCODE=0x18 [CPT_TAGXY] type=2 tag=(0,0)
cycle 54271: PC=0x002b OPCODE=0x22 [MULI] REG[11] = REG[3] * 128 -> 0
cycle 54272: PC=0x002c OPCODE=0x22 [MULI] REG[12] = REG[6] * 128 -> 6656
cycle 54273: PC=0x002d OPCODE=0x24 [ADD] REG[11] = REG[11] + REG[5] -> 0
cycle 54274: PC=0x002e OPCODE=0x24 [ADD] REG[11] = REG[11] + REG[12] -> 6656
cycle 54275: PC=0x002f OPCODE=0x08 [G2P] addr=14848 tag=(0,0) size=32
cycle 54276: PC=0x0030 OPCODE=0x1d [WAIT GLB] still busy, stall
cycle 54291: PC=0x0030 OPCODE=0x1d [WAIT GLB] done, continue
cycle 54292: PC=0x0031 OPCODE=0x18 [CPT_TAGXY] type=0 tag=(0,0)
cycle 54293: PC=0x0032 OPCODE=0x22 [MULI] REG[13] = REG[6] * 36 -> 1872
cycle 54294: PC=0x0033 OPCODE=0x08 [G2P] addr=1872 tag=(0,0) size=144
cycle 54295: PC=0x0034 OPCODE=0x1d [WAIT GLB] still busy, stall
cycle 54366: PC=0x0034 OPCODE=0x1d [WAIT GLB] done, continue
cycle 54367: PC=0x0035 OPCODE=0x1c [COMPUTE] valid_e=0
cycle 54368: PC=0x0036 OPCODE=0x1d [WAIT PE_ARRAY]
cycle 54369: PC=0x0037 OPCODE=0x18 [CPT_TAGXY] type=3 tag=(0,0)
cycle 54370: PC=0x0038 OPCODE=0x09 [P2G] addr=14848 tag=(0,0) size=32
cycle 54371: PC=0x0039 OPCODE=0x1f [LOOP] REG[6]<=64 ? target=42 : PC+1, after += 1 -> REG=53, nextPC=42
cycle 54372: PC=0x002a OPCODE=0x18 [CPT_TAGXY] type=2 tag=(0,0)
cycle 54373: PC=0x002b OPCODE=0x22 [MULI] REG[11] = REG[3] * 128 -> 0
cycle 54374: PC=0x002c OPCODE=0x22 [MULI] REG[12] = REG[6] * 128 -> 6784
cycle 54375: PC=0x002d OPCODE=0x24 [ADD] REG[11] = REG[11] + REG[5] -> 0
cycle 54376: PC=0x002e OPCODE=0x24 [ADD] REG[11] = REG[11] + REG[12] -> 6784
cycle 54377: PC=0x002f OPCODE=0x08 [G2P] addr=14976 tag=(0,0) size=32
cycle 54378: PC=0x0030 OPCODE=0x1d [WAIT GLB] still busy, stall
cycle 54393: PC=0x0030 OPCODE=0x1d [WAIT GLB] done, continue
cycle 54394: PC=0x0031 OPCODE=0x18 [CPT_TAGXY] type=0 tag=(0,0)
cycle 54395: PC=0x0032 OPCODE=0x22 [MULI] REG[13] = REG[6] * 36 -> 1908
cycle 54396: PC=0x0033 OPCODE=0x08 [G2P] addr=1908 tag=(0,0) size=144
cycle 54397: PC=0x0034 OPCODE=0x1d [WAIT GLB] still busy, stall
cycle 54468: PC=0x0034 OPCODE=0x1d [WAIT GLB] done, continue
cycle 54469: PC=0x0035 OPCODE=0x1c [COMPUTE] valid_e=0
cycle 54470: PC=0x0036 OPCODE=0x1d [WAIT PE_ARRAY]
cycle 54471: PC=0x0037 OPCODE=0x18 [CPT_TAGXY] type=3 tag=(0,0)
cycle 54472: PC=0x0038 OPCODE=0x09 [P2G] addr=14976 tag=(0,0) size=32
cycle 54473: PC=0x0039 OPCODE=0x1f [LOOP] REG[6]<=64 ? target=42 : PC+1, after += 1 -> REG=54, nextPC=42
cycle 54474: PC=0x002a OPCODE=0x18 [CPT_TAGXY] type=2 tag=(0,0)
cycle 54475: PC=0x002b OPCODE=0x22 [MULI] REG[11] = REG[3] * 128 -> 0
cycle 54476: PC=0x002c OPCODE=0x22 [MULI] REG[12] = REG[6] * 128 -> 6912
cycle 54477: PC=0x002d OPCODE=0x24 [ADD] REG[11] = REG[11] + REG[5] -> 0
cycle 54478: PC=0x002e OPCODE=0x24 [ADD] REG[11] = REG[11] + REG[12] -> 6912
cycle 54479: PC=0x002f OPCODE=0x08 [G2P] addr=15104 tag=(0,0) size=32
cycle 54480: PC=0x0030 OPCODE=0x1d [WAIT GLB] still busy, stall
cycle 54495: PC=0x0030 OPCODE=0x1d [WAIT GLB] done, continue
cycle 54496: PC=0x0031 OPCODE=0x18 [CPT_TAGXY] type=0 tag=(0,0)
cycle 54497: PC=0x0032 OPCODE=0x22 [MULI] REG[13] = REG[6] * 36 -> 1944
cycle 54498: PC=0x0033 OPCODE=0x08 [G2P] addr=1944 tag=(0,0) size=144
cycle 54499: PC=0x0034 OPCODE=0x1d [WAIT GLB] still busy, stall
cycle 54570: PC=0x0034 OPCODE=0x1d [WAIT GLB] done, continue
cycle 54571: PC=0x0035 OPCODE=0x1c [COMPUTE] valid_e=0
cycle 54572: PC=0x0036 OPCODE=0x1d [WAIT PE_ARRAY]
cycle 54573: PC=0x0037 OPCODE=0x18 [CPT_TAGXY] type=3 tag=(0,0)
cycle 54574: PC=0x0038 OPCODE=0x09 [P2G] addr=15104 tag=(0,0) size=32
cycle 54575: PC=0x0039 OPCODE=0x1f [LOOP] REG[6]<=64 ? target=42 : PC+1, after += 1 -> REG=55, nextPC=42
cycle 54576: PC=0x002a OPCODE=0x18 [CPT_TAGXY] type=2 tag=(0,0)
cycle 54577: PC=0x002b OPCODE=0x22 [MULI] REG[11] = REG[3] * 128 -> 0
cycle 54578: PC=0x002c OPCODE=0x22 [MULI] REG[12] = REG[6] * 128 -> 7040
cycle 54579: PC=0x002d OPCODE=0x24 [ADD] REG[11] = REG[11] + REG[5] -> 0
cycle 54580: PC=0x002e OPCODE=0x24 [ADD] REG[11] = REG[11] + REG[12] -> 7040
cycle 54581: PC=0x002f OPCODE=0x08 [G2P] addr=15232 tag=(0,0) size=32
cycle 54582: PC=0x0030 OPCODE=0x1d [WAIT GLB] still busy, stall
cycle 54597: PC=0x0030 OPCODE=0x1d [WAIT GLB] done, continue
cycle 54598: PC=0x0031 OPCODE=0x18 [CPT_TAGXY] type=0 tag=(0,0)
cycle 54599: PC=0x0032 OPCODE=0x22 [MULI] REG[13] = REG[6] * 36 -> 1980
cycle 54600: PC=0x0033 OPCODE=0x08 [G2P] addr=1980 tag=(0,0) size=144
cycle 54601: PC=0x0034 OPCODE=0x1d [WAIT GLB] still busy, stall
cycle 54672: PC=0x0034 OPCODE=0x1d [WAIT GLB] done, continue
cycle 54673: PC=0x0035 OPCODE=0x1c [COMPUTE] valid_e=0
cycle 54674: PC=0x0036 OPCODE=0x1d [WAIT PE_ARRAY]
cycle 54675: PC=0x0037 OPCODE=0x18 [CPT_TAGXY] type=3 tag=(0,0)
cycle 54676: PC=0x0038 OPCODE=0x09 [P2G] addr=15232 tag=(0,0) size=32
cycle 54677: PC=0x0039 OPCODE=0x1f [LOOP] REG[6]<=64 ? target=42 : PC+1, after += 1 -> REG=56, nextPC=42
cycle 54678: PC=0x002a OPCODE=0x18 [CPT_TAGXY] type=2 tag=(0,0)
cycle 54679: PC=0x002b OPCODE=0x22 [MULI] REG[11] = REG[3] * 128 -> 0
cycle 54680: PC=0x002c OPCODE=0x22 [MULI] REG[12] = REG[6] * 128 -> 7168
cycle 54681: PC=0x002d OPCODE=0x24 [ADD] REG[11] = REG[11] + REG[5] -> 0
cycle 54682: PC=0x002e OPCODE=0x24 [ADD] REG[11] = REG[11] + REG[12] -> 7168
cycle 54683: PC=0x002f OPCODE=0x08 [G2P] addr=15360 tag=(0,0) size=32
cycle 54684: PC=0x0030 OPCODE=0x1d [WAIT GLB] still busy, stall
cycle 54699: PC=0x0030 OPCODE=0x1d [WAIT GLB] done, continue
cycle 54700: PC=0x0031 OPCODE=0x18 [CPT_TAGXY] type=0 tag=(0,0)
cycle 54701: PC=0x0032 OPCODE=0x22 [MULI] REG[13] = REG[6] * 36 -> 2016
cycle 54702: PC=0x0033 OPCODE=0x08 [G2P] addr=2016 tag=(0,0) size=144
cycle 54703: PC=0x0034 OPCODE=0x1d [WAIT GLB] still busy, stall
cycle 54774: PC=0x0034 OPCODE=0x1d [WAIT GLB] done, continue
cycle 54775: PC=0x0035 OPCODE=0x1c [COMPUTE] valid_e=0
cycle 54776: PC=0x0036 OPCODE=0x1d [WAIT PE_ARRAY]
cycle 54777: PC=0x0037 OPCODE=0x18 [CPT_TAGXY] type=3 tag=(0,0)
cycle 54778: PC=0x0038 OPCODE=0x09 [P2G] addr=15360 tag=(0,0) size=32
cycle 54779: PC=0x0039 OPCODE=0x1f [LOOP] REG[6]<=64 ? target=42 : PC+1, after += 1 -> REG=57, nextPC=42
cycle 54780: PC=0x002a OPCODE=0x18 [CPT_TAGXY] type=2 tag=(0,0)
cycle 54781: PC=0x002b OPCODE=0x22 [MULI] REG[11] = REG[3] * 128 -> 0
cycle 54782: PC=0x002c OPCODE=0x22 [MULI] REG[12] = REG[6] * 128 -> 7296
cycle 54783: PC=0x002d OPCODE=0x24 [ADD] REG[11] = REG[11] + REG[5] -> 0
cycle 54784: PC=0x002e OPCODE=0x24 [ADD] REG[11] = REG[11] + REG[12] -> 7296
cycle 54785: PC=0x002f OPCODE=0x08 [G2P] addr=15488 tag=(0,0) size=32
cycle 54786: PC=0x0030 OPCODE=0x1d [WAIT GLB] still busy, stall
cycle 54801: PC=0x0030 OPCODE=0x1d [WAIT GLB] done, continue
cycle 54802: PC=0x0031 OPCODE=0x18 [CPT_TAGXY] type=0 tag=(0,0)
cycle 54803: PC=0x0032 OPCODE=0x22 [MULI] REG[13] = REG[6] * 36 -> 2052
cycle 54804: PC=0x0033 OPCODE=0x08 [G2P] addr=2052 tag=(0,0) size=144
cycle 54805: PC=0x0034 OPCODE=0x1d [WAIT GLB] still busy, stall
cycle 54876: PC=0x0034 OPCODE=0x1d [WAIT GLB] done, continue
cycle 54877: PC=0x0035 OPCODE=0x1c [COMPUTE] valid_e=0
cycle 54878: PC=0x0036 OPCODE=0x1d [WAIT PE_ARRAY]
cycle 54879: PC=0x0037 OPCODE=0x18 [CPT_TAGXY] type=3 tag=(0,0)
cycle 54880: PC=0x0038 OPCODE=0x09 [P2G] addr=15488 tag=(0,0) size=32
cycle 54881: PC=0x0039 OPCODE=0x1f [LOOP] REG[6]<=64 ? target=42 : PC+1, after += 1 -> REG=58, nextPC=42
cycle 54882: PC=0x002a OPCODE=0x18 [CPT_TAGXY] type=2 tag=(0,0)
cycle 54883: PC=0x002b OPCODE=0x22 [MULI] REG[11] = REG[3] * 128 -> 0
cycle 54884: PC=0x002c OPCODE=0x22 [MULI] REG[12] = REG[6] * 128 -> 7424
cycle 54885: PC=0x002d OPCODE=0x24 [ADD] REG[11] = REG[11] + REG[5] -> 0
cycle 54886: PC=0x002e OPCODE=0x24 [ADD] REG[11] = REG[11] + REG[12] -> 7424
cycle 54887: PC=0x002f OPCODE=0x08 [G2P] addr=15616 tag=(0,0) size=32
cycle 54888: PC=0x0030 OPCODE=0x1d [WAIT GLB] still busy, stall
cycle 54903: PC=0x0030 OPCODE=0x1d [WAIT GLB] done, continue
cycle 54904: PC=0x0031 OPCODE=0x18 [CPT_TAGXY] type=0 tag=(0,0)
cycle 54905: PC=0x0032 OPCODE=0x22 [MULI] REG[13] = REG[6] * 36 -> 2088
cycle 54906: PC=0x0033 OPCODE=0x08 [G2P] addr=2088 tag=(0,0) size=144
cycle 54907: PC=0x0034 OPCODE=0x1d [WAIT GLB] still busy, stall
cycle 54978: PC=0x0034 OPCODE=0x1d [WAIT GLB] done, continue
cycle 54979: PC=0x0035 OPCODE=0x1c [COMPUTE] valid_e=0
cycle 54980: PC=0x0036 OPCODE=0x1d [WAIT PE_ARRAY]
cycle 54981: PC=0x0037 OPCODE=0x18 [CPT_TAGXY] type=3 tag=(0,0)
cycle 54982: PC=0x0038 OPCODE=0x09 [P2G] addr=15616 tag=(0,0) size=32
cycle 54983: PC=0x0039 OPCODE=0x1f [LOOP] REG[6]<=64 ? target=42 : PC+1, after += 1 -> REG=59, nextPC=42
cycle 54984: PC=0x002a OPCODE=0x18 [CPT_TAGXY] type=2 tag=(0,0)
cycle 54985: PC=0x002b OPCODE=0x22 [MULI] REG[11] = REG[3] * 128 -> 0
cycle 54986: PC=0x002c OPCODE=0x22 [MULI] REG[12] = REG[6] * 128 -> 7552
cycle 54987: PC=0x002d OPCODE=0x24 [ADD] REG[11] = REG[11] + REG[5] -> 0
cycle 54988: PC=0x002e OPCODE=0x24 [ADD] REG[11] = REG[11] + REG[12] -> 7552
cycle 54989: PC=0x002f OPCODE=0x08 [G2P] addr=15744 tag=(0,0) size=32
cycle 54990: PC=0x0030 OPCODE=0x1d [WAIT GLB] still busy, stall
cycle 55005: PC=0x0030 OPCODE=0x1d [WAIT GLB] done, continue
cycle 55006: PC=0x0031 OPCODE=0x18 [CPT_TAGXY] type=0 tag=(0,0)
cycle 55007: PC=0x0032 OPCODE=0x22 [MULI] REG[13] = REG[6] * 36 -> 2124
cycle 55008: PC=0x0033 OPCODE=0x08 [G2P] addr=2124 tag=(0,0) size=144
cycle 55009: PC=0x0034 OPCODE=0x1d [WAIT GLB] still busy, stall
cycle 55080: PC=0x0034 OPCODE=0x1d [WAIT GLB] done, continue
cycle 55081: PC=0x0035 OPCODE=0x1c [COMPUTE] valid_e=0
cycle 55082: PC=0x0036 OPCODE=0x1d [WAIT PE_ARRAY]
cycle 55083: PC=0x0037 OPCODE=0x18 [CPT_TAGXY] type=3 tag=(0,0)
cycle 55084: PC=0x0038 OPCODE=0x09 [P2G] addr=15744 tag=(0,0) size=32
cycle 55085: PC=0x0039 OPCODE=0x1f [LOOP] REG[6]<=64 ? target=42 : PC+1, after += 1 -> REG=60, nextPC=42
cycle 55086: PC=0x002a OPCODE=0x18 [CPT_TAGXY] type=2 tag=(0,0)
cycle 55087: PC=0x002b OPCODE=0x22 [MULI] REG[11] = REG[3] * 128 -> 0
cycle 55088: PC=0x002c OPCODE=0x22 [MULI] REG[12] = REG[6] * 128 -> 7680
cycle 55089: PC=0x002d OPCODE=0x24 [ADD] REG[11] = REG[11] + REG[5] -> 0
cycle 55090: PC=0x002e OPCODE=0x24 [ADD] REG[11] = REG[11] + REG[12] -> 7680
cycle 55091: PC=0x002f OPCODE=0x08 [G2P] addr=15872 tag=(0,0) size=32
cycle 55092: PC=0x0030 OPCODE=0x1d [WAIT GLB] still busy, stall
cycle 55107: PC=0x0030 OPCODE=0x1d [WAIT GLB] done, continue
cycle 55108: PC=0x0031 OPCODE=0x18 [CPT_TAGXY] type=0 tag=(0,0)
cycle 55109: PC=0x0032 OPCODE=0x22 [MULI] REG[13] = REG[6] * 36 -> 2160
cycle 55110: PC=0x0033 OPCODE=0x08 [G2P] addr=2160 tag=(0,0) size=144
cycle 55111: PC=0x0034 OPCODE=0x1d [WAIT GLB] still busy, stall
cycle 55182: PC=0x0034 OPCODE=0x1d [WAIT GLB] done, continue
cycle 55183: PC=0x0035 OPCODE=0x1c [COMPUTE] valid_e=0
cycle 55184: PC=0x0036 OPCODE=0x1d [WAIT PE_ARRAY]
cycle 55185: PC=0x0037 OPCODE=0x18 [CPT_TAGXY] type=3 tag=(0,0)
cycle 55186: PC=0x0038 OPCODE=0x09 [P2G] addr=15872 tag=(0,0) size=32
cycle 55187: PC=0x0039 OPCODE=0x1f [LOOP] REG[6]<=64 ? target=42 : PC+1, after += 1 -> REG=61, nextPC=42
cycle 55188: PC=0x002a OPCODE=0x18 [CPT_TAGXY] type=2 tag=(0,0)
cycle 55189: PC=0x002b OPCODE=0x22 [MULI] REG[11] = REG[3] * 128 -> 0
cycle 55190: PC=0x002c OPCODE=0x22 [MULI] REG[12] = REG[6] * 128 -> 7808
cycle 55191: PC=0x002d OPCODE=0x24 [ADD] REG[11] = REG[11] + REG[5] -> 0
cycle 55192: PC=0x002e OPCODE=0x24 [ADD] REG[11] = REG[11] + REG[12] -> 7808
cycle 55193: PC=0x002f OPCODE=0x08 [G2P] addr=16000 tag=(0,0) size=32
cycle 55194: PC=0x0030 OPCODE=0x1d [WAIT GLB] still busy, stall
cycle 55209: PC=0x0030 OPCODE=0x1d [WAIT GLB] done, continue
cycle 55210: PC=0x0031 OPCODE=0x18 [CPT_TAGXY] type=0 tag=(0,0)
cycle 55211: PC=0x0032 OPCODE=0x22 [MULI] REG[13] = REG[6] * 36 -> 2196
cycle 55212: PC=0x0033 OPCODE=0x08 [G2P] addr=2196 tag=(0,0) size=144
cycle 55213: PC=0x0034 OPCODE=0x1d [WAIT GLB] still busy, stall
cycle 55284: PC=0x0034 OPCODE=0x1d [WAIT GLB] done, continue
cycle 55285: PC=0x0035 OPCODE=0x1c [COMPUTE] valid_e=0
cycle 55286: PC=0x0036 OPCODE=0x1d [WAIT PE_ARRAY]
cycle 55287: PC=0x0037 OPCODE=0x18 [CPT_TAGXY] type=3 tag=(0,0)
cycle 55288: PC=0x0038 OPCODE=0x09 [P2G] addr=16000 tag=(0,0) size=32
cycle 55289: PC=0x0039 OPCODE=0x1f [LOOP] REG[6]<=64 ? target=42 : PC+1, after += 1 -> REG=62, nextPC=42
cycle 55290: PC=0x002a OPCODE=0x18 [CPT_TAGXY] type=2 tag=(0,0)
cycle 55291: PC=0x002b OPCODE=0x22 [MULI] REG[11] = REG[3] * 128 -> 0
cycle 55292: PC=0x002c OPCODE=0x22 [MULI] REG[12] = REG[6] * 128 -> 7936
cycle 55293: PC=0x002d OPCODE=0x24 [ADD] REG[11] = REG[11] + REG[5] -> 0
cycle 55294: PC=0x002e OPCODE=0x24 [ADD] REG[11] = REG[11] + REG[12] -> 7936
cycle 55295: PC=0x002f OPCODE=0x08 [G2P] addr=16128 tag=(0,0) size=32
cycle 55296: PC=0x0030 OPCODE=0x1d [WAIT GLB] still busy, stall
cycle 55311: PC=0x0030 OPCODE=0x1d [WAIT GLB] done, continue
cycle 55312: PC=0x0031 OPCODE=0x18 [CPT_TAGXY] type=0 tag=(0,0)
cycle 55313: PC=0x0032 OPCODE=0x22 [MULI] REG[13] = REG[6] * 36 -> 2232
cycle 55314: PC=0x0033 OPCODE=0x08 [G2P] addr=2232 tag=(0,0) size=144
cycle 55315: PC=0x0034 OPCODE=0x1d [WAIT GLB] still busy, stall
cycle 55386: PC=0x0034 OPCODE=0x1d [WAIT GLB] done, continue
cycle 55387: PC=0x0035 OPCODE=0x1c [COMPUTE] valid_e=0
cycle 55388: PC=0x0036 OPCODE=0x1d [WAIT PE_ARRAY]
cycle 55389: PC=0x0037 OPCODE=0x18 [CPT_TAGXY] type=3 tag=(0,0)
cycle 55390: PC=0x0038 OPCODE=0x09 [P2G] addr=16128 tag=(0,0) size=32
cycle 55391: PC=0x0039 OPCODE=0x1f [LOOP] REG[6]<=64 ? target=42 : PC+1, after += 1 -> REG=63, nextPC=42
cycle 55392: PC=0x002a OPCODE=0x18 [CPT_TAGXY] type=2 tag=(0,0)
cycle 55393: PC=0x002b OPCODE=0x22 [MULI] REG[11] = REG[3] * 128 -> 0
cycle 55394: PC=0x002c OPCODE=0x22 [MULI] REG[12] = REG[6] * 128 -> 8064
cycle 55395: PC=0x002d OPCODE=0x24 [ADD] REG[11] = REG[11] + REG[5] -> 0
cycle 55396: PC=0x002e OPCODE=0x24 [ADD] REG[11] = REG[11] + REG[12] -> 8064
cycle 55397: PC=0x002f OPCODE=0x08 [G2P] addr=16256 tag=(0,0) size=32
cycle 55398: PC=0x0030 OPCODE=0x1d [WAIT GLB] still busy, stall
cycle 55413: PC=0x0030 OPCODE=0x1d [WAIT GLB] done, continue
cycle 55414: PC=0x0031 OPCODE=0x18 [CPT_TAGXY] type=0 tag=(0,0)
cycle 55415: PC=0x0032 OPCODE=0x22 [MULI] REG[13] = REG[6] * 36 -> 2268
cycle 55416: PC=0x0033 OPCODE=0x08 [G2P] addr=2268 tag=(0,0) size=144
cycle 55417: PC=0x0034 OPCODE=0x1d [WAIT GLB] still busy, stall
cycle 55488: PC=0x0034 OPCODE=0x1d [WAIT GLB] done, continue
cycle 55489: PC=0x0035 OPCODE=0x1c [COMPUTE] valid_e=0
cycle 55490: PC=0x0036 OPCODE=0x1d [WAIT PE_ARRAY]
cycle 55491: PC=0x0037 OPCODE=0x18 [CPT_TAGXY] type=3 tag=(0,0)
cycle 55492: PC=0x0038 OPCODE=0x09 [P2G] addr=16256 tag=(0,0) size=32
cycle 55493: PC=0x0039 OPCODE=0x1f [LOOP] REG[6]<=64 ? target=42 : PC+1, after += 1 -> REG=64, nextPC=58
cycle 55494: PC=0x003a OPCODE=0x1f [LOOP] REG[5]<=128 ? target=37 : PC+1, after += 32 -> REG=32, nextPC=37
cycle 55495: PC=0x0025 OPCODE=0x18 [CPT_TAGXY] type=1 tag=(0,0)
cycle 55496: PC=0x0026 OPCODE=0x22 [MULI] REG[10] = REG[4] * 128 -> 0
cycle 55497: PC=0x0027 OPCODE=0x24 [ADD] REG[10] = REG[10] + REG[5] -> 32
cycle 55498: PC=0x0028 OPCODE=0x08 [G2P] addr=4128 tag=(0,0) size=576
cycle 55499: PC=0x0029 OPCODE=0x1d [WAIT GLB] still busy, stall
cycle 55786: PC=0x0029 OPCODE=0x1d [WAIT GLB] done, continue
cycle 55787: PC=0x002a OPCODE=0x18 [CPT_TAGXY] type=2 tag=(0,0)
cycle 55788: PC=0x002b OPCODE=0x22 [MULI] REG[11] = REG[3] * 128 -> 0
cycle 55789: PC=0x002c OPCODE=0x22 [MULI] REG[12] = REG[6] * 128 -> 8192
cycle 55790: PC=0x002d OPCODE=0x24 [ADD] REG[11] = REG[11] + REG[5] -> 32
cycle 55791: PC=0x002e OPCODE=0x24 [ADD] REG[11] = REG[11] + REG[12] -> 8224
cycle 55792: PC=0x002f OPCODE=0x08 [G2P] addr=16416 tag=(0,0) size=32
cycle 55793: PC=0x0030 OPCODE=0x1d [WAIT GLB] still busy, stall
cycle 55808: PC=0x0030 OPCODE=0x1d [WAIT GLB] done, continue
cycle 55809: PC=0x0031 OPCODE=0x18 [CPT_TAGXY] type=0 tag=(0,0)
cycle 55810: PC=0x0032 OPCODE=0x22 [MULI] REG[13] = REG[6] * 36 -> 2304
cycle 55811: PC=0x0033 OPCODE=0x08 [G2P] addr=2304 tag=(0,0) size=144
cycle 55812: PC=0x0034 OPCODE=0x1d [WAIT GLB] still busy, stall
cycle 55883: PC=0x0034 OPCODE=0x1d [WAIT GLB] done, continue
cycle 55884: PC=0x0035 OPCODE=0x1c [COMPUTE] valid_e=0
cycle 55885: PC=0x0036 OPCODE=0x1d [WAIT PE_ARRAY]
cycle 55886: PC=0x0037 OPCODE=0x18 [CPT_TAGXY] type=3 tag=(0,0)
cycle 55887: PC=0x0038 OPCODE=0x09 [P2G] addr=16416 tag=(0,0) size=32
cycle 55888: PC=0x0039 OPCODE=0x1f [LOOP] REG[6]<=64 ? target=42 : PC+1, after += 1 -> REG=65, nextPC=58
cycle 55889: PC=0x003a OPCODE=0x1f [LOOP] REG[5]<=128 ? target=37 : PC+1, after += 32 -> REG=64, nextPC=37
cycle 55890: PC=0x0025 OPCODE=0x18 [CPT_TAGXY] type=1 tag=(0,0)
cycle 55891: PC=0x0026 OPCODE=0x22 [MULI] REG[10] = REG[4] * 128 -> 0
cycle 55892: PC=0x0027 OPCODE=0x24 [ADD] REG[10] = REG[10] + REG[5] -> 64
cycle 55893: PC=0x0028 OPCODE=0x08 [G2P] addr=4160 tag=(0,0) size=576
cycle 55894: PC=0x0029 OPCODE=0x1d [WAIT GLB] still busy, stall
cycle 56181: PC=0x0029 OPCODE=0x1d [WAIT GLB] done, continue
cycle 56182: PC=0x002a OPCODE=0x18 [CPT_TAGXY] type=2 tag=(0,0)
cycle 56183: PC=0x002b OPCODE=0x22 [MULI] REG[11] = REG[3] * 128 -> 0
cycle 56184: PC=0x002c OPCODE=0x22 [MULI] REG[12] = REG[6] * 128 -> 8320
cycle 56185: PC=0x002d OPCODE=0x24 [ADD] REG[11] = REG[11] + REG[5] -> 64
cycle 56186: PC=0x002e OPCODE=0x24 [ADD] REG[11] = REG[11] + REG[12] -> 8384
cycle 56187: PC=0x002f OPCODE=0x08 [G2P] addr=16576 tag=(0,0) size=32
cycle 56188: PC=0x0030 OPCODE=0x1d [WAIT GLB] still busy, stall
cycle 56203: PC=0x0030 OPCODE=0x1d [WAIT GLB] done, continue
cycle 56204: PC=0x0031 OPCODE=0x18 [CPT_TAGXY] type=0 tag=(0,0)
cycle 56205: PC=0x0032 OPCODE=0x22 [MULI] REG[13] = REG[6] * 36 -> 2340
cycle 56206: PC=0x0033 OPCODE=0x08 [G2P] addr=2340 tag=(0,0) size=144
cycle 56207: PC=0x0034 OPCODE=0x1d [WAIT GLB] still busy, stall
cycle 56278: PC=0x0034 OPCODE=0x1d [WAIT GLB] done, continue
cycle 56279: PC=0x0035 OPCODE=0x1c [COMPUTE] valid_e=0
cycle 56280: PC=0x0036 OPCODE=0x1d [WAIT PE_ARRAY]
cycle 56281: PC=0x0037 OPCODE=0x18 [CPT_TAGXY] type=3 tag=(0,0)
cycle 56282: PC=0x0038 OPCODE=0x09 [P2G] addr=16576 tag=(0,0) size=32
cycle 56283: PC=0x0039 OPCODE=0x1f [LOOP] REG[6]<=64 ? target=42 : PC+1, after += 1 -> REG=66, nextPC=58
cycle 56284: PC=0x003a OPCODE=0x1f [LOOP] REG[5]<=128 ? target=37 : PC+1, after += 32 -> REG=96, nextPC=37
cycle 56285: PC=0x0025 OPCODE=0x18 [CPT_TAGXY] type=1 tag=(0,0)
cycle 56286: PC=0x0026 OPCODE=0x22 [MULI] REG[10] = REG[4] * 128 -> 0
cycle 56287: PC=0x0027 OPCODE=0x24 [ADD] REG[10] = REG[10] + REG[5] -> 96
cycle 56288: PC=0x0028 OPCODE=0x08 [G2P] addr=4192 tag=(0,0) size=576
cycle 56289: PC=0x0029 OPCODE=0x1d [WAIT GLB] still busy, stall
cycle 56576: PC=0x0029 OPCODE=0x1d [WAIT GLB] done, continue
cycle 56577: PC=0x002a OPCODE=0x18 [CPT_TAGXY] type=2 tag=(0,0)
cycle 56578: PC=0x002b OPCODE=0x22 [MULI] REG[11] = REG[3] * 128 -> 0
cycle 56579: PC=0x002c OPCODE=0x22 [MULI] REG[12] = REG[6] * 128 -> 8448
cycle 56580: PC=0x002d OPCODE=0x24 [ADD] REG[11] = REG[11] + REG[5] -> 96
cycle 56581: PC=0x002e OPCODE=0x24 [ADD] REG[11] = REG[11] + REG[12] -> 8544
cycle 56582: PC=0x002f OPCODE=0x08 [G2P] addr=16736 tag=(0,0) size=32
cycle 56583: PC=0x0030 OPCODE=0x1d [WAIT GLB] still busy, stall
cycle 56598: PC=0x0030 OPCODE=0x1d [WAIT GLB] done, continue
cycle 56599: PC=0x0031 OPCODE=0x18 [CPT_TAGXY] type=0 tag=(0,0)
cycle 56600: PC=0x0032 OPCODE=0x22 [MULI] REG[13] = REG[6] * 36 -> 2376
cycle 56601: PC=0x0033 OPCODE=0x08 [G2P] addr=2376 tag=(0,0) size=144
cycle 56602: PC=0x0034 OPCODE=0x1d [WAIT GLB] still busy, stall
cycle 56673: PC=0x0034 OPCODE=0x1d [WAIT GLB] done, continue
cycle 56674: PC=0x0035 OPCODE=0x1c [COMPUTE] valid_e=0
cycle 56675: PC=0x0036 OPCODE=0x1d [WAIT PE_ARRAY]
cycle 56676: PC=0x0037 OPCODE=0x18 [CPT_TAGXY] type=3 tag=(0,0)
cycle 56677: PC=0x0038 OPCODE=0x09 [P2G] addr=16736 tag=(0,0) size=32
cycle 56678: PC=0x0039 OPCODE=0x1f [LOOP] REG[6]<=64 ? target=42 : PC+1, after += 1 -> REG=67, nextPC=58
cycle 56679: PC=0x003a OPCODE=0x1f [LOOP] REG[5]<=128 ? target=37 : PC+1, after += 32 -> REG=128, nextPC=59
cycle 56680: PC=0x003b OPCODE=0x1f [LOOP] REG[4]<=144 ? target=37 : PC+1, after += 18 -> REG=18, nextPC=37
cycle 56681: PC=0x0025 OPCODE=0x18 [CPT_TAGXY] type=1 tag=(0,0)
cycle 56682: PC=0x0026 OPCODE=0x22 [MULI] REG[10] = REG[4] * 128 -> 2304
cycle 56683: PC=0x0027 OPCODE=0x24 [ADD] REG[10] = REG[10] + REG[5] -> 2432
cycle 56684: PC=0x0028 OPCODE=0x08 [G2P] addr=6528 tag=(0,0) size=576
cycle 56685: PC=0x0029 OPCODE=0x1d [WAIT GLB] still busy, stall
cycle 56972: PC=0x0029 OPCODE=0x1d [WAIT GLB] done, continue
cycle 56973: PC=0x002a OPCODE=0x18 [CPT_TAGXY] type=2 tag=(0,0)
cycle 56974: PC=0x002b OPCODE=0x22 [MULI] REG[11] = REG[3] * 128 -> 0
cycle 56975: PC=0x002c OPCODE=0x22 [MULI] REG[12] = REG[6] * 128 -> 8576
cycle 56976: PC=0x002d OPCODE=0x24 [ADD] REG[11] = REG[11] + REG[5] -> 128
cycle 56977: PC=0x002e OPCODE=0x24 [ADD] REG[11] = REG[11] + REG[12] -> 8704
cycle 56978: PC=0x002f OPCODE=0x08 [G2P] addr=16896 tag=(0,0) size=32
cycle 56979: PC=0x0030 OPCODE=0x1d [WAIT GLB] still busy, stall
cycle 56994: PC=0x0030 OPCODE=0x1d [WAIT GLB] done, continue
cycle 56995: PC=0x0031 OPCODE=0x18 [CPT_TAGXY] type=0 tag=(0,0)
cycle 56996: PC=0x0032 OPCODE=0x22 [MULI] REG[13] = REG[6] * 36 -> 2412
cycle 56997: PC=0x0033 OPCODE=0x08 [G2P] addr=2412 tag=(0,0) size=144
cycle 56998: PC=0x0034 OPCODE=0x1d [WAIT GLB] still busy, stall
cycle 57069: PC=0x0034 OPCODE=0x1d [WAIT GLB] done, continue
cycle 57070: PC=0x0035 OPCODE=0x1c [COMPUTE] valid_e=0
cycle 57071: PC=0x0036 OPCODE=0x1d [WAIT PE_ARRAY]
cycle 57072: PC=0x0037 OPCODE=0x18 [CPT_TAGXY] type=3 tag=(0,0)
cycle 57073: PC=0x0038 OPCODE=0x09 [P2G] addr=16896 tag=(0,0) size=32
cycle 57074: PC=0x0039 OPCODE=0x1f [LOOP] REG[6]<=64 ? target=42 : PC+1, after += 1 -> REG=68, nextPC=58
cycle 57075: PC=0x003a OPCODE=0x1f [LOOP] REG[5]<=128 ? target=37 : PC+1, after += 32 -> REG=160, nextPC=59
cycle 57076: PC=0x003b OPCODE=0x1f [LOOP] REG[4]<=144 ? target=37 : PC+1, after += 18 -> REG=36, nextPC=37
cycle 57077: PC=0x0025 OPCODE=0x18 [CPT_TAGXY] type=1 tag=(0,0)
cycle 57078: PC=0x0026 OPCODE=0x22 [MULI] REG[10] = REG[4] * 128 -> 4608
cycle 57079: PC=0x0027 OPCODE=0x24 [ADD] REG[10] = REG[10] + REG[5] -> 4768
cycle 57080: PC=0x0028 OPCODE=0x08 [G2P] addr=8864 tag=(0,0) size=576
cycle 57081: PC=0x0029 OPCODE=0x1d [WAIT GLB] still busy, stall
cycle 57368: PC=0x0029 OPCODE=0x1d [WAIT GLB] done, continue
cycle 57369: PC=0x002a OPCODE=0x18 [CPT_TAGXY] type=2 tag=(0,0)
cycle 57370: PC=0x002b OPCODE=0x22 [MULI] REG[11] = REG[3] * 128 -> 0
cycle 57371: PC=0x002c OPCODE=0x22 [MULI] REG[12] = REG[6] * 128 -> 8704
cycle 57372: PC=0x002d OPCODE=0x24 [ADD] REG[11] = REG[11] + REG[5] -> 160
cycle 57373: PC=0x002e OPCODE=0x24 [ADD] REG[11] = REG[11] + REG[12] -> 8864
cycle 57374: PC=0x002f OPCODE=0x08 [G2P] addr=17056 tag=(0,0) size=32
cycle 57375: PC=0x0030 OPCODE=0x1d [WAIT GLB] still busy, stall
cycle 57390: PC=0x0030 OPCODE=0x1d [WAIT GLB] done, continue
cycle 57391: PC=0x0031 OPCODE=0x18 [CPT_TAGXY] type=0 tag=(0,0)
cycle 57392: PC=0x0032 OPCODE=0x22 [MULI] REG[13] = REG[6] * 36 -> 2448
cycle 57393: PC=0x0033 OPCODE=0x08 [G2P] addr=2448 tag=(0,0) size=144
cycle 57394: PC=0x0034 OPCODE=0x1d [WAIT GLB] still busy, stall
cycle 57465: PC=0x0034 OPCODE=0x1d [WAIT GLB] done, continue
cycle 57466: PC=0x0035 OPCODE=0x1c [COMPUTE] valid_e=0
cycle 57467: PC=0x0036 OPCODE=0x1d [WAIT PE_ARRAY]
cycle 57468: PC=0x0037 OPCODE=0x18 [CPT_TAGXY] type=3 tag=(0,0)
cycle 57469: PC=0x0038 OPCODE=0x09 [P2G] addr=17056 tag=(0,0) size=32
cycle 57470: PC=0x0039 OPCODE=0x1f [LOOP] REG[6]<=64 ? target=42 : PC+1, after += 1 -> REG=69, nextPC=58
cycle 57471: PC=0x003a OPCODE=0x1f [LOOP] REG[5]<=128 ? target=37 : PC+1, after += 32 -> REG=192, nextPC=59
cycle 57472: PC=0x003b OPCODE=0x1f [LOOP] REG[4]<=144 ? target=37 : PC+1, after += 18 -> REG=54, nextPC=37
cycle 57473: PC=0x0025 OPCODE=0x18 [CPT_TAGXY] type=1 tag=(0,0)
cycle 57474: PC=0x0026 OPCODE=0x22 [MULI] REG[10] = REG[4] * 128 -> 6912
cycle 57475: PC=0x0027 OPCODE=0x24 [ADD] REG[10] = REG[10] + REG[5] -> 7104
cycle 57476: PC=0x0028 OPCODE=0x08 [G2P] addr=11200 tag=(0,0) size=576
cycle 57477: PC=0x0029 OPCODE=0x1d [WAIT GLB] still busy, stall
cycle 57764: PC=0x0029 OPCODE=0x1d [WAIT GLB] done, continue
cycle 57765: PC=0x002a OPCODE=0x18 [CPT_TAGXY] type=2 tag=(0,0)
cycle 57766: PC=0x002b OPCODE=0x22 [MULI] REG[11] = REG[3] * 128 -> 0
cycle 57767: PC=0x002c OPCODE=0x22 [MULI] REG[12] = REG[6] * 128 -> 8832
cycle 57768: PC=0x002d OPCODE=0x24 [ADD] REG[11] = REG[11] + REG[5] -> 192
cycle 57769: PC=0x002e OPCODE=0x24 [ADD] REG[11] = REG[11] + REG[12] -> 9024
cycle 57770: PC=0x002f OPCODE=0x08 [G2P] addr=17216 tag=(0,0) size=32
cycle 57771: PC=0x0030 OPCODE=0x1d [WAIT GLB] still busy, stall
cycle 57786: PC=0x0030 OPCODE=0x1d [WAIT GLB] done, continue
cycle 57787: PC=0x0031 OPCODE=0x18 [CPT_TAGXY] type=0 tag=(0,0)
cycle 57788: PC=0x0032 OPCODE=0x22 [MULI] REG[13] = REG[6] * 36 -> 2484
cycle 57789: PC=0x0033 OPCODE=0x08 [G2P] addr=2484 tag=(0,0) size=144
cycle 57790: PC=0x0034 OPCODE=0x1d [WAIT GLB] still busy, stall
cycle 57861: PC=0x0034 OPCODE=0x1d [WAIT GLB] done, continue
cycle 57862: PC=0x0035 OPCODE=0x1c [COMPUTE] valid_e=0
cycle 57863: PC=0x0036 OPCODE=0x1d [WAIT PE_ARRAY]
cycle 57864: PC=0x0037 OPCODE=0x18 [CPT_TAGXY] type=3 tag=(0,0)
cycle 57865: PC=0x0038 OPCODE=0x09 [P2G] addr=17216 tag=(0,0) size=32
cycle 57866: PC=0x0039 OPCODE=0x1f [LOOP] REG[6]<=64 ? target=42 : PC+1, after += 1 -> REG=70, nextPC=58
cycle 57867: PC=0x003a OPCODE=0x1f [LOOP] REG[5]<=128 ? target=37 : PC+1, after += 32 -> REG=224, nextPC=59
cycle 57868: PC=0x003b OPCODE=0x1f [LOOP] REG[4]<=144 ? target=37 : PC+1, after += 18 -> REG=72, nextPC=37
cycle 57869: PC=0x0025 OPCODE=0x18 [CPT_TAGXY] type=1 tag=(0,0)
cycle 57870: PC=0x0026 OPCODE=0x22 [MULI] REG[10] = REG[4] * 128 -> 9216
cycle 57871: PC=0x0027 OPCODE=0x24 [ADD] REG[10] = REG[10] + REG[5] -> 9440
cycle 57872: PC=0x0028 OPCODE=0x08 [G2P] addr=13536 tag=(0,0) size=576
cycle 57873: PC=0x0029 OPCODE=0x1d [WAIT GLB] still busy, stall
cycle 58160: PC=0x0029 OPCODE=0x1d [WAIT GLB] done, continue
cycle 58161: PC=0x002a OPCODE=0x18 [CPT_TAGXY] type=2 tag=(0,0)
cycle 58162: PC=0x002b OPCODE=0x22 [MULI] REG[11] = REG[3] * 128 -> 0
cycle 58163: PC=0x002c OPCODE=0x22 [MULI] REG[12] = REG[6] * 128 -> 8960
cycle 58164: PC=0x002d OPCODE=0x24 [ADD] REG[11] = REG[11] + REG[5] -> 224
cycle 58165: PC=0x002e OPCODE=0x24 [ADD] REG[11] = REG[11] + REG[12] -> 9184
cycle 58166: PC=0x002f OPCODE=0x08 [G2P] addr=17376 tag=(0,0) size=32
cycle 58167: PC=0x0030 OPCODE=0x1d [WAIT GLB] still busy, stall
cycle 58182: PC=0x0030 OPCODE=0x1d [WAIT GLB] done, continue
cycle 58183: PC=0x0031 OPCODE=0x18 [CPT_TAGXY] type=0 tag=(0,0)
cycle 58184: PC=0x0032 OPCODE=0x22 [MULI] REG[13] = REG[6] * 36 -> 2520
cycle 58185: PC=0x0033 OPCODE=0x08 [G2P] addr=2520 tag=(0,0) size=144
cycle 58186: PC=0x0034 OPCODE=0x1d [WAIT GLB] still busy, stall
cycle 58257: PC=0x0034 OPCODE=0x1d [WAIT GLB] done, continue
cycle 58258: PC=0x0035 OPCODE=0x1c [COMPUTE] valid_e=0
cycle 58259: PC=0x0036 OPCODE=0x1d [WAIT PE_ARRAY]
cycle 58260: PC=0x0037 OPCODE=0x18 [CPT_TAGXY] type=3 tag=(0,0)
cycle 58261: PC=0x0038 OPCODE=0x09 [P2G] addr=17376 tag=(0,0) size=32
cycle 58262: PC=0x0039 OPCODE=0x1f [LOOP] REG[6]<=64 ? target=42 : PC+1, after += 1 -> REG=71, nextPC=58
cycle 58263: PC=0x003a OPCODE=0x1f [LOOP] REG[5]<=128 ? target=37 : PC+1, after += 32 -> REG=256, nextPC=59
cycle 58264: PC=0x003b OPCODE=0x1f [LOOP] REG[4]<=144 ? target=37 : PC+1, after += 18 -> REG=90, nextPC=37
cycle 58265: PC=0x0025 OPCODE=0x18 [CPT_TAGXY] type=1 tag=(0,0)
cycle 58266: PC=0x0026 OPCODE=0x22 [MULI] REG[10] = REG[4] * 128 -> 11520
cycle 58267: PC=0x0027 OPCODE=0x24 [ADD] REG[10] = REG[10] + REG[5] -> 11776
cycle 58268: PC=0x0028 OPCODE=0x08 [G2P] addr=15872 tag=(0,0) size=576
cycle 58269: PC=0x0029 OPCODE=0x1d [WAIT GLB] still busy, stall
cycle 58556: PC=0x0029 OPCODE=0x1d [WAIT GLB] done, continue
cycle 58557: PC=0x002a OPCODE=0x18 [CPT_TAGXY] type=2 tag=(0,0)
cycle 58558: PC=0x002b OPCODE=0x22 [MULI] REG[11] = REG[3] * 128 -> 0
cycle 58559: PC=0x002c OPCODE=0x22 [MULI] REG[12] = REG[6] * 128 -> 9088
cycle 58560: PC=0x002d OPCODE=0x24 [ADD] REG[11] = REG[11] + REG[5] -> 256
cycle 58561: PC=0x002e OPCODE=0x24 [ADD] REG[11] = REG[11] + REG[12] -> 9344
cycle 58562: PC=0x002f OPCODE=0x08 [G2P] addr=17536 tag=(0,0) size=32
cycle 58563: PC=0x0030 OPCODE=0x1d [WAIT GLB] still busy, stall
cycle 58578: PC=0x0030 OPCODE=0x1d [WAIT GLB] done, continue
cycle 58579: PC=0x0031 OPCODE=0x18 [CPT_TAGXY] type=0 tag=(0,0)
cycle 58580: PC=0x0032 OPCODE=0x22 [MULI] REG[13] = REG[6] * 36 -> 2556
cycle 58581: PC=0x0033 OPCODE=0x08 [G2P] addr=2556 tag=(0,0) size=144
cycle 58582: PC=0x0034 OPCODE=0x1d [WAIT GLB] still busy, stall
cycle 58653: PC=0x0034 OPCODE=0x1d [WAIT GLB] done, continue
cycle 58654: PC=0x0035 OPCODE=0x1c [COMPUTE] valid_e=0
cycle 58655: PC=0x0036 OPCODE=0x1d [WAIT PE_ARRAY]
cycle 58656: PC=0x0037 OPCODE=0x18 [CPT_TAGXY] type=3 tag=(0,0)
cycle 58657: PC=0x0038 OPCODE=0x09 [P2G] addr=17536 tag=(0,0) size=32
cycle 58658: PC=0x0039 OPCODE=0x1f [LOOP] REG[6]<=64 ? target=42 : PC+1, after += 1 -> REG=72, nextPC=58
cycle 58659: PC=0x003a OPCODE=0x1f [LOOP] REG[5]<=128 ? target=37 : PC+1, after += 32 -> REG=288, nextPC=59
cycle 58660: PC=0x003b OPCODE=0x1f [LOOP] REG[4]<=144 ? target=37 : PC+1, after += 18 -> REG=108, nextPC=37
cycle 58661: PC=0x0025 OPCODE=0x18 [CPT_TAGXY] type=1 tag=(0,0)
cycle 58662: PC=0x0026 OPCODE=0x22 [MULI] REG[10] = REG[4] * 128 -> 13824
cycle 58663: PC=0x0027 OPCODE=0x24 [ADD] REG[10] = REG[10] + REG[5] -> 14112
cycle 58664: PC=0x0028 OPCODE=0x08 [G2P] addr=18208 tag=(0,0) size=576
cycle 58665: PC=0x0029 OPCODE=0x1d [WAIT GLB] still busy, stall
cycle 58952: PC=0x0029 OPCODE=0x1d [WAIT GLB] done, continue
cycle 58953: PC=0x002a OPCODE=0x18 [CPT_TAGXY] type=2 tag=(0,0)
cycle 58954: PC=0x002b OPCODE=0x22 [MULI] REG[11] = REG[3] * 128 -> 0
cycle 58955: PC=0x002c OPCODE=0x22 [MULI] REG[12] = REG[6] * 128 -> 9216
cycle 58956: PC=0x002d OPCODE=0x24 [ADD] REG[11] = REG[11] + REG[5] -> 288
cycle 58957: PC=0x002e OPCODE=0x24 [ADD] REG[11] = REG[11] + REG[12] -> 9504
cycle 58958: PC=0x002f OPCODE=0x08 [G2P] addr=17696 tag=(0,0) size=32
cycle 58959: PC=0x0030 OPCODE=0x1d [WAIT GLB] still busy, stall
cycle 58974: PC=0x0030 OPCODE=0x1d [WAIT GLB] done, continue
cycle 58975: PC=0x0031 OPCODE=0x18 [CPT_TAGXY] type=0 tag=(0,0)
cycle 58976: PC=0x0032 OPCODE=0x22 [MULI] REG[13] = REG[6] * 36 -> 2592
cycle 58977: PC=0x0033 OPCODE=0x08 [G2P] addr=2592 tag=(0,0) size=144
cycle 58978: PC=0x0034 OPCODE=0x1d [WAIT GLB] still busy, stall
cycle 59049: PC=0x0034 OPCODE=0x1d [WAIT GLB] done, continue
cycle 59050: PC=0x0035 OPCODE=0x1c [COMPUTE] valid_e=0
cycle 59051: PC=0x0036 OPCODE=0x1d [WAIT PE_ARRAY]
cycle 59052: PC=0x0037 OPCODE=0x18 [CPT_TAGXY] type=3 tag=(0,0)
cycle 59053: PC=0x0038 OPCODE=0x09 [P2G] addr=17696 tag=(0,0) size=32
cycle 59054: PC=0x0039 OPCODE=0x1f [LOOP] REG[6]<=64 ? target=42 : PC+1, after += 1 -> REG=73, nextPC=58
cycle 59055: PC=0x003a OPCODE=0x1f [LOOP] REG[5]<=128 ? target=37 : PC+1, after += 32 -> REG=320, nextPC=59
cycle 59056: PC=0x003b OPCODE=0x1f [LOOP] REG[4]<=144 ? target=37 : PC+1, after += 18 -> REG=126, nextPC=37
cycle 59057: PC=0x0025 OPCODE=0x18 [CPT_TAGXY] type=1 tag=(0,0)
cycle 59058: PC=0x0026 OPCODE=0x22 [MULI] REG[10] = REG[4] * 128 -> 16128
cycle 59059: PC=0x0027 OPCODE=0x24 [ADD] REG[10] = REG[10] + REG[5] -> 16448
cycle 59060: PC=0x0028 OPCODE=0x08 [G2P] addr=20544 tag=(0,0) size=576
cycle 59061: PC=0x0029 OPCODE=0x1d [WAIT GLB] still busy, stall
cycle 59348: PC=0x0029 OPCODE=0x1d [WAIT GLB] done, continue
cycle 59349: PC=0x002a OPCODE=0x18 [CPT_TAGXY] type=2 tag=(0,0)
cycle 59350: PC=0x002b OPCODE=0x22 [MULI] REG[11] = REG[3] * 128 -> 0
cycle 59351: PC=0x002c OPCODE=0x22 [MULI] REG[12] = REG[6] * 128 -> 9344
cycle 59352: PC=0x002d OPCODE=0x24 [ADD] REG[11] = REG[11] + REG[5] -> 320
cycle 59353: PC=0x002e OPCODE=0x24 [ADD] REG[11] = REG[11] + REG[12] -> 9664
cycle 59354: PC=0x002f OPCODE=0x08 [G2P] addr=17856 tag=(0,0) size=32
cycle 59355: PC=0x0030 OPCODE=0x1d [WAIT GLB] still busy, stall
cycle 59370: PC=0x0030 OPCODE=0x1d [WAIT GLB] done, continue
cycle 59371: PC=0x0031 OPCODE=0x18 [CPT_TAGXY] type=0 tag=(0,0)
cycle 59372: PC=0x0032 OPCODE=0x22 [MULI] REG[13] = REG[6] * 36 -> 2628
cycle 59373: PC=0x0033 OPCODE=0x08 [G2P] addr=2628 tag=(0,0) size=144
cycle 59374: PC=0x0034 OPCODE=0x1d [WAIT GLB] still busy, stall
cycle 59445: PC=0x0034 OPCODE=0x1d [WAIT GLB] done, continue
cycle 59446: PC=0x0035 OPCODE=0x1c [COMPUTE] valid_e=0
cycle 59447: PC=0x0036 OPCODE=0x1d [WAIT PE_ARRAY]
cycle 59448: PC=0x0037 OPCODE=0x18 [CPT_TAGXY] type=3 tag=(0,0)
cycle 59449: PC=0x0038 OPCODE=0x09 [P2G] addr=17856 tag=(0,0) size=32
cycle 59450: PC=0x0039 OPCODE=0x1f [LOOP] REG[6]<=64 ? target=42 : PC+1, after += 1 -> REG=74, nextPC=58
cycle 59451: PC=0x003a OPCODE=0x1f [LOOP] REG[5]<=128 ? target=37 : PC+1, after += 32 -> REG=352, nextPC=59
cycle 59452: PC=0x003b OPCODE=0x1f [LOOP] REG[4]<=144 ? target=37 : PC+1, after += 18 -> REG=144, nextPC=60
cycle 59453: PC=0x003c OPCODE=0x1f [LOOP] REG[3]<=64 ? target=33 : PC+1, after += 64 -> REG=64, nextPC=61
cycle 59454: PC=0x003d OPCODE=0x1f [LOOP] REG[2]<=8192 ? target=29 : PC+1, after += 96 -> REG=96, nextPC=29
cycle 59455: PC=0x001d OPCODE=0x22 [MULI] REG[8] = REG[8] * 256 -> 0
cycle 59456: PC=0x001e OPCODE=0x24 [ADD] REG[8] = REG[8] + REG[1] -> 0
cycle 59457: PC=0x001f OPCODE=0x05 [DMA READ] addr=536870912 size=18432
cycle 59458: PC=0x0020 OPCODE=0x1d [WAIT DMA] still busy, stall
cycle 82497: PC=0x0020 OPCODE=0x1d [WAIT DMA] done, continue
cycle 82498: PC=0x0021 OPCODE=0x22 [MULI] REG[9] = REG[3] * 2048 -> 131072
cycle 82499: PC=0x0022 OPCODE=0x24 [ADD] REG[9] = REG[9] + REG[2] -> 131168
cycle 82500: PC=0x0023 OPCODE=0x04 [DMA READ] addr=268566624 size=8192
cycle 82501: PC=0x0024 OPCODE=0x1d [WAIT DMA] still busy, stall
cycle 92740: PC=0x0024 OPCODE=0x1d [WAIT DMA] done, continue
cycle 92741: PC=0x0025 OPCODE=0x18 [CPT_TAGXY] type=1 tag=(0,0)
cycle 92742: PC=0x0026 OPCODE=0x22 [MULI] REG[10] = REG[4] * 128 -> 18432
cycle 92743: PC=0x0027 OPCODE=0x24 [ADD] REG[10] = REG[10] + REG[5] -> 18784
cycle 92744: PC=0x0028 OPCODE=0x08 [G2P] addr=22880 tag=(0,0) size=576
cycle 92745: PC=0x0029 OPCODE=0x1d [WAIT GLB] still busy, stall
cycle 93032: PC=0x0029 OPCODE=0x1d [WAIT GLB] done, continue
cycle 93033: PC=0x002a OPCODE=0x18 [CPT_TAGXY] type=2 tag=(0,0)
cycle 93034: PC=0x002b OPCODE=0x22 [MULI] REG[11] = REG[3] * 128 -> 8192
cycle 93035: PC=0x002c OPCODE=0x22 [MULI] REG[12] = REG[6] * 128 -> 9472
cycle 93036: PC=0x002d OPCODE=0x24 [ADD] REG[11] = REG[11] + REG[5] -> 8544
cycle 93037: PC=0x002e OPCODE=0x24 [ADD] REG[11] = REG[11] + REG[12] -> 18016
cycle 93038: PC=0x002f OPCODE=0x08 [G2P] addr=26208 tag=(0,0) size=32
cycle 93039: PC=0x0030 OPCODE=0x1d [WAIT GLB] still busy, stall
cycle 93054: PC=0x0030 OPCODE=0x1d [WAIT GLB] done, continue
cycle 93055: PC=0x0031 OPCODE=0x18 [CPT_TAGXY] type=0 tag=(0,0)
cycle 93056: PC=0x0032 OPCODE=0x22 [MULI] REG[13] = REG[6] * 36 -> 2664
cycle 93057: PC=0x0033 OPCODE=0x08 [G2P] addr=2664 tag=(0,0) size=144
cycle 93058: PC=0x0034 OPCODE=0x1d [WAIT GLB] still busy, stall
cycle 93129: PC=0x0034 OPCODE=0x1d [WAIT GLB] done, continue
cycle 93130: PC=0x0035 OPCODE=0x1c [COMPUTE] valid_e=0
cycle 93131: PC=0x0036 OPCODE=0x1d [WAIT PE_ARRAY]
cycle 93132: PC=0x0037 OPCODE=0x18 [CPT_TAGXY] type=3 tag=(0,0)
cycle 93133: PC=0x0038 OPCODE=0x09 [P2G] addr=26208 tag=(0,0) size=32
cycle 93134: PC=0x0039 OPCODE=0x1f [LOOP] REG[6]<=64 ? target=42 : PC+1, after += 1 -> REG=75, nextPC=58
cycle 93135: PC=0x003a OPCODE=0x1f [LOOP] REG[5]<=128 ? target=37 : PC+1, after += 32 -> REG=384, nextPC=59
cycle 93136: PC=0x003b OPCODE=0x1f [LOOP] REG[4]<=144 ? target=37 : PC+1, after += 18 -> REG=162, nextPC=60
cycle 93137: PC=0x003c OPCODE=0x1f [LOOP] REG[3]<=64 ? target=33 : PC+1, after += 64 -> REG=128, nextPC=61
cycle 93138: PC=0x003d OPCODE=0x1f [LOOP] REG[2]<=8192 ? target=29 : PC+1, after += 96 -> REG=192, nextPC=29
cycle 93139: PC=0x001d OPCODE=0x22 [MULI] REG[8] = REG[8] * 256 -> 0
cycle 93140: PC=0x001e OPCODE=0x24 [ADD] REG[8] = REG[8] + REG[1] -> 0
cycle 93141: PC=0x001f OPCODE=0x05 [DMA READ] addr=536870912 size=18432
cycle 93142: PC=0x0020 OPCODE=0x1d [WAIT DMA] still busy, stall
cycle 116181: PC=0x0020 OPCODE=0x1d [WAIT DMA] done, continue
cycle 116182: PC=0x0021 OPCODE=0x22 [MULI] REG[9] = REG[3] * 2048 -> 262144
cycle 116183: PC=0x0022 OPCODE=0x24 [ADD] REG[9] = REG[9] + REG[2] -> 262336
cycle 116184: PC=0x0023 OPCODE=0x04 [DMA READ] addr=268697792 size=8192
cycle 116185: PC=0x0024 OPCODE=0x1d [WAIT DMA] still busy, stall
cycle 126424: PC=0x0024 OPCODE=0x1d [WAIT DMA] done, continue
cycle 126425: PC=0x0025 OPCODE=0x18 [CPT_TAGXY] type=1 tag=(0,0)
cycle 126426: PC=0x0026 OPCODE=0x22 [MULI] REG[10] = REG[4] * 128 -> 20736
cycle 126427: PC=0x0027 OPCODE=0x24 [ADD] REG[10] = REG[10] + REG[5] -> 21120
cycle 126428: PC=0x0028 OPCODE=0x08 [G2P] addr=25216 tag=(0,0) size=576
cycle 126429: PC=0x0029 OPCODE=0x1d [WAIT GLB] still busy, stall
cycle 126716: PC=0x0029 OPCODE=0x1d [WAIT GLB] done, continue
cycle 126717: PC=0x002a OPCODE=0x18 [CPT_TAGXY] type=2 tag=(0,0)
cycle 126718: PC=0x002b OPCODE=0x22 [MULI] REG[11] = REG[3] * 128 -> 16384
cycle 126719: PC=0x002c OPCODE=0x22 [MULI] REG[12] = REG[6] * 128 -> 9600
cycle 126720: PC=0x002d OPCODE=0x24 [ADD] REG[11] = REG[11] + REG[5] -> 16768
cycle 126721: PC=0x002e OPCODE=0x24 [ADD] REG[11] = REG[11] + REG[12] -> 26368
cycle 126722: PC=0x002f OPCODE=0x08 [G2P] addr=34560 tag=(0,0) size=32
cycle 126723: PC=0x0030 OPCODE=0x1d [WAIT GLB] still busy, stall
cycle 126738: PC=0x0030 OPCODE=0x1d [WAIT GLB] done, continue
cycle 126739: PC=0x0031 OPCODE=0x18 [CPT_TAGXY] type=0 tag=(0,0)
cycle 126740: PC=0x0032 OPCODE=0x22 [MULI] REG[13] = REG[6] * 36 -> 2700
cycle 126741: PC=0x0033 OPCODE=0x08 [G2P] addr=2700 tag=(0,0) size=144
cycle 126742: PC=0x0034 OPCODE=0x1d [WAIT GLB] still busy, stall
cycle 126813: PC=0x0034 OPCODE=0x1d [WAIT GLB] done, continue
cycle 126814: PC=0x0035 OPCODE=0x1c [COMPUTE] valid_e=0
cycle 126815: PC=0x0036 OPCODE=0x1d [WAIT PE_ARRAY]
cycle 126816: PC=0x0037 OPCODE=0x18 [CPT_TAGXY] type=3 tag=(0,0)
cycle 126817: PC=0x0038 OPCODE=0x09 [P2G] addr=34560 tag=(0,0) size=32
cycle 126818: PC=0x0039 OPCODE=0x1f [LOOP] REG[6]<=64 ? target=42 : PC+1, after += 1 -> REG=76, nextPC=58
cycle 126819: PC=0x003a OPCODE=0x1f [LOOP] REG[5]<=128 ? target=37 : PC+1, after += 32 -> REG=416, nextPC=59
cycle 126820: PC=0x003b OPCODE=0x1f [LOOP] REG[4]<=144 ? target=37 : PC+1, after += 18 -> REG=180, nextPC=60
cycle 126821: PC=0x003c OPCODE=0x1f [LOOP] REG[3]<=64 ? target=33 : PC+1, after += 64 -> REG=192, nextPC=61
cycle 126822: PC=0x003d OPCODE=0x1f [LOOP] REG[2]<=8192 ? target=29 : PC+1, after += 96 -> REG=288, nextPC=29
cycle 126823: PC=0x001d OPCODE=0x22 [MULI] REG[8] = REG[8] * 256 -> 0
cycle 126824: PC=0x001e OPCODE=0x24 [ADD] REG[8] = REG[8] + REG[1] -> 0
cycle 126825: PC=0x001f OPCODE=0x05 [DMA READ] addr=536870912 size=18432
cycle 126826: PC=0x0020 OPCODE=0x1d [WAIT DMA] still busy, stall
cycle 149865: PC=0x0020 OPCODE=0x1d [WAIT DMA] done, continue
cycle 149866: PC=0x0021 OPCODE=0x22 [MULI] REG[9] = REG[3] * 2048 -> 393216
cycle 149867: PC=0x0022 OPCODE=0x24 [ADD] REG[9] = REG[9] + REG[2] -> 393504
cycle 149868: PC=0x0023 OPCODE=0x04 [DMA READ] addr=268828960 size=8192
cycle 149869: PC=0x0024 OPCODE=0x1d [WAIT DMA] still busy, stall
cycle 160108: PC=0x0024 OPCODE=0x1d [WAIT DMA] done, continue
cycle 160109: PC=0x0025 OPCODE=0x18 [CPT_TAGXY] type=1 tag=(0,0)
cycle 160110: PC=0x0026 OPCODE=0x22 [MULI] REG[10] = REG[4] * 128 -> 23040
cycle 160111: PC=0x0027 OPCODE=0x24 [ADD] REG[10] = REG[10] + REG[5] -> 23456
cycle 160112: PC=0x0028 OPCODE=0x08 [G2P] addr=27552 tag=(0,0) size=576
cycle 160113: PC=0x0029 OPCODE=0x1d [WAIT GLB] still busy, stall
cycle 160400: PC=0x0029 OPCODE=0x1d [WAIT GLB] done, continue
cycle 160401: PC=0x002a OPCODE=0x18 [CPT_TAGXY] type=2 tag=(0,0)
cycle 160402: PC=0x002b OPCODE=0x22 [MULI] REG[11] = REG[3] * 128 -> 24576
cycle 160403: PC=0x002c OPCODE=0x22 [MULI] REG[12] = REG[6] * 128 -> 9728
cycle 160404: PC=0x002d OPCODE=0x24 [ADD] REG[11] = REG[11] + REG[5] -> 24992
cycle 160405: PC=0x002e OPCODE=0x24 [ADD] REG[11] = REG[11] + REG[12] -> 34720
cycle 160406: PC=0x002f OPCODE=0x08 [G2P] addr=42912 tag=(0,0) size=32
cycle 160407: PC=0x0030 OPCODE=0x1d [WAIT GLB] still busy, stall
cycle 160422: PC=0x0030 OPCODE=0x1d [WAIT GLB] done, continue
cycle 160423: PC=0x0031 OPCODE=0x18 [CPT_TAGXY] type=0 tag=(0,0)
cycle 160424: PC=0x0032 OPCODE=0x22 [MULI] REG[13] = REG[6] * 36 -> 2736
cycle 160425: PC=0x0033 OPCODE=0x08 [G2P] addr=2736 tag=(0,0) size=144
cycle 160426: PC=0x0034 OPCODE=0x1d [WAIT GLB] still busy, stall
cycle 160497: PC=0x0034 OPCODE=0x1d [WAIT GLB] done, continue
cycle 160498: PC=0x0035 OPCODE=0x1c [COMPUTE] valid_e=0
cycle 160499: PC=0x0036 OPCODE=0x1d [WAIT PE_ARRAY]
cycle 160500: PC=0x0037 OPCODE=0x18 [CPT_TAGXY] type=3 tag=(0,0)
cycle 160501: PC=0x0038 OPCODE=0x09 [P2G] addr=42912 tag=(0,0) size=32
cycle 160502: PC=0x0039 OPCODE=0x1f [LOOP] REG[6]<=64 ? target=42 : PC+1, after += 1 -> REG=77, nextPC=58
cycle 160503: PC=0x003a OPCODE=0x1f [LOOP] REG[5]<=128 ? target=37 : PC+1, after += 32 -> REG=448, nextPC=59
cycle 160504: PC=0x003b OPCODE=0x1f [LOOP] REG[4]<=144 ? target=37 : PC+1, after += 18 -> REG=198, nextPC=60
cycle 160505: PC=0x003c OPCODE=0x1f [LOOP] REG[3]<=64 ? target=33 : PC+1, after += 64 -> REG=256, nextPC=61
cycle 160506: PC=0x003d OPCODE=0x1f [LOOP] REG[2]<=8192 ? target=29 : PC+1, after += 96 -> REG=384, nextPC=29
cycle 160507: PC=0x001d OPCODE=0x22 [MULI] REG[8] = REG[8] * 256 -> 0
cycle 160508: PC=0x001e OPCODE=0x24 [ADD] REG[8] = REG[8] + REG[1] -> 0
cycle 160509: PC=0x001f OPCODE=0x05 [DMA READ] addr=536870912 size=18432
cycle 160510: PC=0x0020 OPCODE=0x1d [WAIT DMA] still busy, stall
cycle 183549: PC=0x0020 OPCODE=0x1d [WAIT DMA] done, continue
cycle 183550: PC=0x0021 OPCODE=0x22 [MULI] REG[9] = REG[3] * 2048 -> 524288
cycle 183551: PC=0x0022 OPCODE=0x24 [ADD] REG[9] = REG[9] + REG[2] -> 524672
cycle 183552: PC=0x0023 OPCODE=0x04 [DMA READ] addr=268960128 size=8192
cycle 183553: PC=0x0024 OPCODE=0x1d [WAIT DMA] still busy, stall
cycle 193792: PC=0x0024 OPCODE=0x1d [WAIT DMA] done, continue
cycle 193793: PC=0x0025 OPCODE=0x18 [CPT_TAGXY] type=1 tag=(0,0)
cycle 193794: PC=0x0026 OPCODE=0x22 [MULI] REG[10] = REG[4] * 128 -> 25344
cycle 193795: PC=0x0027 OPCODE=0x24 [ADD] REG[10] = REG[10] + REG[5] -> 25792
cycle 193796: PC=0x0028 OPCODE=0x08 [G2P] addr=29888 tag=(0,0) size=576
cycle 193797: PC=0x0029 OPCODE=0x1d [WAIT GLB] still busy, stall
cycle 194084: PC=0x0029 OPCODE=0x1d [WAIT GLB] done, continue
cycle 194085: PC=0x002a OPCODE=0x18 [CPT_TAGXY] type=2 tag=(0,0)
cycle 194086: PC=0x002b OPCODE=0x22 [MULI] REG[11] = REG[3] * 128 -> 32768
cycle 194087: PC=0x002c OPCODE=0x22 [MULI] REG[12] = REG[6] * 128 -> 9856
cycle 194088: PC=0x002d OPCODE=0x24 [ADD] REG[11] = REG[11] + REG[5] -> 33216
cycle 194089: PC=0x002e OPCODE=0x24 [ADD] REG[11] = REG[11] + REG[12] -> 43072
cycle 194090: PC=0x002f OPCODE=0x08 [G2P] addr=51264 tag=(0,0) size=32
cycle 194091: PC=0x0030 OPCODE=0x1d [WAIT GLB] still busy, stall
cycle 194106: PC=0x0030 OPCODE=0x1d [WAIT GLB] done, continue
cycle 194107: PC=0x0031 OPCODE=0x18 [CPT_TAGXY] type=0 tag=(0,0)
cycle 194108: PC=0x0032 OPCODE=0x22 [MULI] REG[13] = REG[6] * 36 -> 2772
cycle 194109: PC=0x0033 OPCODE=0x08 [G2P] addr=2772 tag=(0,0) size=144
cycle 194110: PC=0x0034 OPCODE=0x1d [WAIT GLB] still busy, stall
cycle 194181: PC=0x0034 OPCODE=0x1d [WAIT GLB] done, continue
cycle 194182: PC=0x0035 OPCODE=0x1c [COMPUTE] valid_e=0
cycle 194183: PC=0x0036 OPCODE=0x1d [WAIT PE_ARRAY]
cycle 194184: PC=0x0037 OPCODE=0x18 [CPT_TAGXY] type=3 tag=(0,0)
cycle 194185: PC=0x0038 OPCODE=0x09 [P2G] addr=51264 tag=(0,0) size=32
cycle 194186: PC=0x0039 OPCODE=0x1f [LOOP] REG[6]<=64 ? target=42 : PC+1, after += 1 -> REG=78, nextPC=58
cycle 194187: PC=0x003a OPCODE=0x1f [LOOP] REG[5]<=128 ? target=37 : PC+1, after += 32 -> REG=480, nextPC=59
cycle 194188: PC=0x003b OPCODE=0x1f [LOOP] REG[4]<=144 ? target=37 : PC+1, after += 18 -> REG=216, nextPC=60
cycle 194189: PC=0x003c OPCODE=0x1f [LOOP] REG[3]<=64 ? target=33 : PC+1, after += 64 -> REG=320, nextPC=61
cycle 194190: PC=0x003d OPCODE=0x1f [LOOP] REG[2]<=8192 ? target=29 : PC+1, after += 96 -> REG=480, nextPC=29
cycle 194191: PC=0x001d OPCODE=0x22 [MULI] REG[8] = REG[8] * 256 -> 0
cycle 194192: PC=0x001e OPCODE=0x24 [ADD] REG[8] = REG[8] + REG[1] -> 0
cycle 194193: PC=0x001f OPCODE=0x05 [DMA READ] addr=536870912 size=18432
cycle 194194: PC=0x0020 OPCODE=0x1d [WAIT DMA] still busy, stall
cycle 217233: PC=0x0020 OPCODE=0x1d [WAIT DMA] done, continue
cycle 217234: PC=0x0021 OPCODE=0x22 [MULI] REG[9] = REG[3] * 2048 -> 655360
cycle 217235: PC=0x0022 OPCODE=0x24 [ADD] REG[9] = REG[9] + REG[2] -> 655840
cycle 217236: PC=0x0023 OPCODE=0x04 [DMA READ] addr=269091296 size=8192
cycle 217237: PC=0x0024 OPCODE=0x1d [WAIT DMA] still busy, stall
cycle 227476: PC=0x0024 OPCODE=0x1d [WAIT DMA] done, continue
cycle 227477: PC=0x0025 OPCODE=0x18 [CPT_TAGXY] type=1 tag=(0,0)
cycle 227478: PC=0x0026 OPCODE=0x22 [MULI] REG[10] = REG[4] * 128 -> 27648
cycle 227479: PC=0x0027 OPCODE=0x24 [ADD] REG[10] = REG[10] + REG[5] -> 28128
cycle 227480: PC=0x0028 OPCODE=0x08 [G2P] addr=32224 tag=(0,0) size=576
cycle 227481: PC=0x0029 OPCODE=0x1d [WAIT GLB] still busy, stall
cycle 227768: PC=0x0029 OPCODE=0x1d [WAIT GLB] done, continue
cycle 227769: PC=0x002a OPCODE=0x18 [CPT_TAGXY] type=2 tag=(0,0)
cycle 227770: PC=0x002b OPCODE=0x22 [MULI] REG[11] = REG[3] * 128 -> 40960
cycle 227771: PC=0x002c OPCODE=0x22 [MULI] REG[12] = REG[6] * 128 -> 9984
cycle 227772: PC=0x002d OPCODE=0x24 [ADD] REG[11] = REG[11] + REG[5] -> 41440
cycle 227773: PC=0x002e OPCODE=0x24 [ADD] REG[11] = REG[11] + REG[12] -> 51424
cycle 227774: PC=0x002f OPCODE=0x08 [G2P] addr=59616 tag=(0,0) size=32
cycle 227775: PC=0x0030 OPCODE=0x1d [WAIT GLB] still busy, stall
cycle 227790: PC=0x0030 OPCODE=0x1d [WAIT GLB] done, continue
cycle 227791: PC=0x0031 OPCODE=0x18 [CPT_TAGXY] type=0 tag=(0,0)
cycle 227792: PC=0x0032 OPCODE=0x22 [MULI] REG[13] = REG[6] * 36 -> 2808
cycle 227793: PC=0x0033 OPCODE=0x08 [G2P] addr=2808 tag=(0,0) size=144
cycle 227794: PC=0x0034 OPCODE=0x1d [WAIT GLB] still busy, stall
cycle 227865: PC=0x0034 OPCODE=0x1d [WAIT GLB] done, continue
cycle 227866: PC=0x0035 OPCODE=0x1c [COMPUTE] valid_e=0
cycle 227867: PC=0x0036 OPCODE=0x1d [WAIT PE_ARRAY]
cycle 227868: PC=0x0037 OPCODE=0x18 [CPT_TAGXY] type=3 tag=(0,0)
cycle 227869: PC=0x0038 OPCODE=0x09 [P2G] addr=59616 tag=(0,0) size=32
cycle 227870: PC=0x0039 OPCODE=0x1f [LOOP] REG[6]<=64 ? target=42 : PC+1, after += 1 -> REG=79, nextPC=58
cycle 227871: PC=0x003a OPCODE=0x1f [LOOP] REG[5]<=128 ? target=37 : PC+1, after += 32 -> REG=512, nextPC=59
cycle 227872: PC=0x003b OPCODE=0x1f [LOOP] REG[4]<=144 ? target=37 : PC+1, after += 18 -> REG=234, nextPC=60
cycle 227873: PC=0x003c OPCODE=0x1f [LOOP] REG[3]<=64 ? target=33 : PC+1, after += 64 -> REG=384, nextPC=61
cycle 227874: PC=0x003d OPCODE=0x1f [LOOP] REG[2]<=8192 ? target=29 : PC+1, after += 96 -> REG=576, nextPC=29
cycle 227875: PC=0x001d OPCODE=0x22 [MULI] REG[8] = REG[8] * 256 -> 0
cycle 227876: PC=0x001e OPCODE=0x24 [ADD] REG[8] = REG[8] + REG[1] -> 0
cycle 227877: PC=0x001f OPCODE=0x05 [DMA READ] addr=536870912 size=18432
cycle 227878: PC=0x0020 OPCODE=0x1d [WAIT DMA] still busy, stall
cycle 250917: PC=0x0020 OPCODE=0x1d [WAIT DMA] done, continue
cycle 250918: PC=0x0021 OPCODE=0x22 [MULI] REG[9] = REG[3] * 2048 -> 786432
cycle 250919: PC=0x0022 OPCODE=0x24 [ADD] REG[9] = REG[9] + REG[2] -> 787008
cycle 250920: PC=0x0023 OPCODE=0x04 [DMA READ] addr=269222464 size=8192
cycle 250921: PC=0x0024 OPCODE=0x1d [WAIT DMA] still busy, stall
cycle 261160: PC=0x0024 OPCODE=0x1d [WAIT DMA] done, continue
cycle 261161: PC=0x0025 OPCODE=0x18 [CPT_TAGXY] type=1 tag=(0,0)
cycle 261162: PC=0x0026 OPCODE=0x22 [MULI] REG[10] = REG[4] * 128 -> 29952
cycle 261163: PC=0x0027 OPCODE=0x24 [ADD] REG[10] = REG[10] + REG[5] -> 30464
cycle 261164: PC=0x0028 OPCODE=0x08 [G2P] addr=34560 tag=(0,0) size=576
cycle 261165: PC=0x0029 OPCODE=0x1d [WAIT GLB] still busy, stall
cycle 261452: PC=0x0029 OPCODE=0x1d [WAIT GLB] done, continue
cycle 261453: PC=0x002a OPCODE=0x18 [CPT_TAGXY] type=2 tag=(0,0)
cycle 261454: PC=0x002b OPCODE=0x22 [MULI] REG[11] = REG[3] * 128 -> 49152
cycle 261455: PC=0x002c OPCODE=0x22 [MULI] REG[12] = REG[6] * 128 -> 10112
cycle 261456: PC=0x002d OPCODE=0x24 [ADD] REG[11] = REG[11] + REG[5] -> 49664
cycle 261457: PC=0x002e OPCODE=0x24 [ADD] REG[11] = REG[11] + REG[12] -> 59776
cycle 261458: PC=0x002f OPCODE=0x08 [G2P] addr=67968 tag=(0,0) size=32
cycle 261459: PC=0x0030 OPCODE=0x1d [WAIT GLB] still busy, stall
cycle 261474: PC=0x0030 OPCODE=0x1d [WAIT GLB] done, continue
cycle 261475: PC=0x0031 OPCODE=0x18 [CPT_TAGXY] type=0 tag=(0,0)
cycle 261476: PC=0x0032 OPCODE=0x22 [MULI] REG[13] = REG[6] * 36 -> 2844
cycle 261477: PC=0x0033 OPCODE=0x08 [G2P] addr=2844 tag=(0,0) size=144
cycle 261478: PC=0x0034 OPCODE=0x1d [WAIT GLB] still busy, stall
cycle 261549: PC=0x0034 OPCODE=0x1d [WAIT GLB] done, continue
cycle 261550: PC=0x0035 OPCODE=0x1c [COMPUTE] valid_e=0
cycle 261551: PC=0x0036 OPCODE=0x1d [WAIT PE_ARRAY]
cycle 261552: PC=0x0037 OPCODE=0x18 [CPT_TAGXY] type=3 tag=(0,0)
cycle 261553: PC=0x0038 OPCODE=0x09 [P2G] addr=67968 tag=(0,0) size=32
cycle 261554: PC=0x0039 OPCODE=0x1f [LOOP] REG[6]<=64 ? target=42 : PC+1, after += 1 -> REG=80, nextPC=58
cycle 261555: PC=0x003a OPCODE=0x1f [LOOP] REG[5]<=128 ? target=37 : PC+1, after += 32 -> REG=544, nextPC=59
cycle 261556: PC=0x003b OPCODE=0x1f [LOOP] REG[4]<=144 ? target=37 : PC+1, after += 18 -> REG=252, nextPC=60
cycle 261557: PC=0x003c OPCODE=0x1f [LOOP] REG[3]<=64 ? target=33 : PC+1, after += 64 -> REG=448, nextPC=61
cycle 261558: PC=0x003d OPCODE=0x1f [LOOP] REG[2]<=8192 ? target=29 : PC+1, after += 96 -> REG=672, nextPC=29
cycle 261559: PC=0x001d OPCODE=0x22 [MULI] REG[8] = REG[8] * 256 -> 0
cycle 261560: PC=0x001e OPCODE=0x24 [ADD] REG[8] = REG[8] + REG[1] -> 0
cycle 261561: PC=0x001f OPCODE=0x05 [DMA READ] addr=536870912 size=18432
cycle 261562: PC=0x0020 OPCODE=0x1d [WAIT DMA] still busy, stall
cycle 284601: PC=0x0020 OPCODE=0x1d [WAIT DMA] done, continue
cycle 284602: PC=0x0021 OPCODE=0x22 [MULI] REG[9] = REG[3] * 2048 -> 917504
cycle 284603: PC=0x0022 OPCODE=0x24 [ADD] REG[9] = REG[9] + REG[2] -> 918176
cycle 284604: PC=0x0023 OPCODE=0x04 [DMA READ] addr=269353632 size=8192
cycle 284605: PC=0x0024 OPCODE=0x1d [WAIT DMA] still busy, stall
cycle 294844: PC=0x0024 OPCODE=0x1d [WAIT DMA] done, continue
cycle 294845: PC=0x0025 OPCODE=0x18 [CPT_TAGXY] type=1 tag=(0,0)
cycle 294846: PC=0x0026 OPCODE=0x22 [MULI] REG[10] = REG[4] * 128 -> 32256
cycle 294847: PC=0x0027 OPCODE=0x24 [ADD] REG[10] = REG[10] + REG[5] -> 32800
cycle 294848: PC=0x0028 OPCODE=0x08 [G2P] addr=36896 tag=(0,0) size=576
cycle 294849: PC=0x0029 OPCODE=0x1d [WAIT GLB] still busy, stall
cycle 295136: PC=0x0029 OPCODE=0x1d [WAIT GLB] done, continue
cycle 295137: PC=0x002a OPCODE=0x18 [CPT_TAGXY] type=2 tag=(0,0)
cycle 295138: PC=0x002b OPCODE=0x22 [MULI] REG[11] = REG[3] * 128 -> 57344
cycle 295139: PC=0x002c OPCODE=0x22 [MULI] REG[12] = REG[6] * 128 -> 10240
cycle 295140: PC=0x002d OPCODE=0x24 [ADD] REG[11] = REG[11] + REG[5] -> 57888
cycle 295141: PC=0x002e OPCODE=0x24 [ADD] REG[11] = REG[11] + REG[12] -> 68128
cycle 295142: PC=0x002f OPCODE=0x08 [G2P] addr=76320 tag=(0,0) size=32
cycle 295143: PC=0x0030 OPCODE=0x1d [WAIT GLB] still busy, stall
cycle 295158: PC=0x0030 OPCODE=0x1d [WAIT GLB] done, continue
cycle 295159: PC=0x0031 OPCODE=0x18 [CPT_TAGXY] type=0 tag=(0,0)
cycle 295160: PC=0x0032 OPCODE=0x22 [MULI] REG[13] = REG[6] * 36 -> 2880
cycle 295161: PC=0x0033 OPCODE=0x08 [G2P] addr=2880 tag=(0,0) size=144
cycle 295162: PC=0x0034 OPCODE=0x1d [WAIT GLB] still busy, stall
cycle 295233: PC=0x0034 OPCODE=0x1d [WAIT GLB] done, continue
cycle 295234: PC=0x0035 OPCODE=0x1c [COMPUTE] valid_e=0
cycle 295235: PC=0x0036 OPCODE=0x1d [WAIT PE_ARRAY]
cycle 295236: PC=0x0037 OPCODE=0x18 [CPT_TAGXY] type=3 tag=(0,0)
cycle 295237: PC=0x0038 OPCODE=0x09 [P2G] addr=76320 tag=(0,0) size=32
cycle 295238: PC=0x0039 OPCODE=0x1f [LOOP] REG[6]<=64 ? target=42 : PC+1, after += 1 -> REG=81, nextPC=58
cycle 295239: PC=0x003a OPCODE=0x1f [LOOP] REG[5]<=128 ? target=37 : PC+1, after += 32 -> REG=576, nextPC=59
cycle 295240: PC=0x003b OPCODE=0x1f [LOOP] REG[4]<=144 ? target=37 : PC+1, after += 18 -> REG=270, nextPC=60
cycle 295241: PC=0x003c OPCODE=0x1f [LOOP] REG[3]<=64 ? target=33 : PC+1, after += 64 -> REG=512, nextPC=61
cycle 295242: PC=0x003d OPCODE=0x1f [LOOP] REG[2]<=8192 ? target=29 : PC+1, after += 96 -> REG=768, nextPC=29
cycle 295243: PC=0x001d OPCODE=0x22 [MULI] REG[8] = REG[8] * 256 -> 0
cycle 295244: PC=0x001e OPCODE=0x24 [ADD] REG[8] = REG[8] + REG[1] -> 0
cycle 295245: PC=0x001f OPCODE=0x05 [DMA READ] addr=536870912 size=18432
cycle 295246: PC=0x0020 OPCODE=0x1d [WAIT DMA] still busy, stall
cycle 318285: PC=0x0020 OPCODE=0x1d [WAIT DMA] done, continue
cycle 318286: PC=0x0021 OPCODE=0x22 [MULI] REG[9] = REG[3] * 2048 -> 1048576
cycle 318287: PC=0x0022 OPCODE=0x24 [ADD] REG[9] = REG[9] + REG[2] -> 1049344
cycle 318288: PC=0x0023 OPCODE=0x04 [DMA READ] addr=269484800 size=8192
cycle 318289: PC=0x0024 OPCODE=0x1d [WAIT DMA] still busy, stall
cycle 328528: PC=0x0024 OPCODE=0x1d [WAIT DMA] done, continue
cycle 328529: PC=0x0025 OPCODE=0x18 [CPT_TAGXY] type=1 tag=(0,0)
cycle 328530: PC=0x0026 OPCODE=0x22 [MULI] REG[10] = REG[4] * 128 -> 34560
cycle 328531: PC=0x0027 OPCODE=0x24 [ADD] REG[10] = REG[10] + REG[5] -> 35136
cycle 328532: PC=0x0028 OPCODE=0x08 [G2P] addr=39232 tag=(0,0) size=576
cycle 328533: PC=0x0029 OPCODE=0x1d [WAIT GLB] still busy, stall
cycle 328820: PC=0x0029 OPCODE=0x1d [WAIT GLB] done, continue
cycle 328821: PC=0x002a OPCODE=0x18 [CPT_TAGXY] type=2 tag=(0,0)
cycle 328822: PC=0x002b OPCODE=0x22 [MULI] REG[11] = REG[3] * 128 -> 65536
cycle 328823: PC=0x002c OPCODE=0x22 [MULI] REG[12] = REG[6] * 128 -> 10368
cycle 328824: PC=0x002d OPCODE=0x24 [ADD] REG[11] = REG[11] + REG[5] -> 66112
cycle 328825: PC=0x002e OPCODE=0x24 [ADD] REG[11] = REG[11] + REG[12] -> 76480
cycle 328826: PC=0x002f OPCODE=0x08 [G2P] addr=84672 tag=(0,0) size=32
cycle 328827: PC=0x0030 OPCODE=0x1d [WAIT GLB] still busy, stall
cycle 328842: PC=0x0030 OPCODE=0x1d [WAIT GLB] done, continue
cycle 328843: PC=0x0031 OPCODE=0x18 [CPT_TAGXY] type=0 tag=(0,0)
cycle 328844: PC=0x0032 OPCODE=0x22 [MULI] REG[13] = REG[6] * 36 -> 2916
cycle 328845: PC=0x0033 OPCODE=0x08 [G2P] addr=2916 tag=(0,0) size=144
cycle 328846: PC=0x0034 OPCODE=0x1d [WAIT GLB] still busy, stall
cycle 328917: PC=0x0034 OPCODE=0x1d [WAIT GLB] done, continue
cycle 328918: PC=0x0035 OPCODE=0x1c [COMPUTE] valid_e=0
cycle 328919: PC=0x0036 OPCODE=0x1d [WAIT PE_ARRAY]
cycle 328920: PC=0x0037 OPCODE=0x18 [CPT_TAGXY] type=3 tag=(0,0)
cycle 328921: PC=0x0038 OPCODE=0x09 [P2G] addr=84672 tag=(0,0) size=32
cycle 328922: PC=0x0039 OPCODE=0x1f [LOOP] REG[6]<=64 ? target=42 : PC+1, after += 1 -> REG=82, nextPC=58
cycle 328923: PC=0x003a OPCODE=0x1f [LOOP] REG[5]<=128 ? target=37 : PC+1, after += 32 -> REG=608, nextPC=59
cycle 328924: PC=0x003b OPCODE=0x1f [LOOP] REG[4]<=144 ? target=37 : PC+1, after += 18 -> REG=288, nextPC=60
cycle 328925: PC=0x003c OPCODE=0x1f [LOOP] REG[3]<=64 ? target=33 : PC+1, after += 64 -> REG=576, nextPC=61
cycle 328926: PC=0x003d OPCODE=0x1f [LOOP] REG[2]<=8192 ? target=29 : PC+1, after += 96 -> REG=864, nextPC=29
cycle 328927: PC=0x001d OPCODE=0x22 [MULI] REG[8] = REG[8] * 256 -> 0
cycle 328928: PC=0x001e OPCODE=0x24 [ADD] REG[8] = REG[8] + REG[1] -> 0
cycle 328929: PC=0x001f OPCODE=0x05 [DMA READ] addr=536870912 size=18432
cycle 328930: PC=0x0020 OPCODE=0x1d [WAIT DMA] still busy, stall
cycle 351969: PC=0x0020 OPCODE=0x1d [WAIT DMA] done, continue
cycle 351970: PC=0x0021 OPCODE=0x22 [MULI] REG[9] = REG[3] * 2048 -> 1179648
cycle 351971: PC=0x0022 OPCODE=0x24 [ADD] REG[9] = REG[9] + REG[2] -> 1180512
cycle 351972: PC=0x0023 OPCODE=0x04 [DMA READ] addr=269615968 size=8192
cycle 351973: PC=0x0024 OPCODE=0x1d [WAIT DMA] still busy, stall
cycle 362212: PC=0x0024 OPCODE=0x1d [WAIT DMA] done, continue
cycle 362213: PC=0x0025 OPCODE=0x18 [CPT_TAGXY] type=1 tag=(0,0)
cycle 362214: PC=0x0026 OPCODE=0x22 [MULI] REG[10] = REG[4] * 128 -> 36864
cycle 362215: PC=0x0027 OPCODE=0x24 [ADD] REG[10] = REG[10] + REG[5] -> 37472
cycle 362216: PC=0x0028 OPCODE=0x08 [G2P] addr=41568 tag=(0,0) size=576
cycle 362217: PC=0x0029 OPCODE=0x1d [WAIT GLB] still busy, stall
cycle 362504: PC=0x0029 OPCODE=0x1d [WAIT GLB] done, continue
cycle 362505: PC=0x002a OPCODE=0x18 [CPT_TAGXY] type=2 tag=(0,0)
cycle 362506: PC=0x002b OPCODE=0x22 [MULI] REG[11] = REG[3] * 128 -> 73728
cycle 362507: PC=0x002c OPCODE=0x22 [MULI] REG[12] = REG[6] * 128 -> 10496
cycle 362508: PC=0x002d OPCODE=0x24 [ADD] REG[11] = REG[11] + REG[5] -> 74336
cycle 362509: PC=0x002e OPCODE=0x24 [ADD] REG[11] = REG[11] + REG[12] -> 84832
cycle 362510: PC=0x002f OPCODE=0x08 [G2P] addr=93024 tag=(0,0) size=32
cycle 362511: PC=0x0030 OPCODE=0x1d [WAIT GLB] still busy, stall
cycle 362526: PC=0x0030 OPCODE=0x1d [WAIT GLB] done, continue
cycle 362527: PC=0x0031 OPCODE=0x18 [CPT_TAGXY] type=0 tag=(0,0)
cycle 362528: PC=0x0032 OPCODE=0x22 [MULI] REG[13] = REG[6] * 36 -> 2952
cycle 362529: PC=0x0033 OPCODE=0x08 [G2P] addr=2952 tag=(0,0) size=144
cycle 362530: PC=0x0034 OPCODE=0x1d [WAIT GLB] still busy, stall
cycle 362601: PC=0x0034 OPCODE=0x1d [WAIT GLB] done, continue
cycle 362602: PC=0x0035 OPCODE=0x1c [COMPUTE] valid_e=0
cycle 362603: PC=0x0036 OPCODE=0x1d [WAIT PE_ARRAY]
cycle 362604: PC=0x0037 OPCODE=0x18 [CPT_TAGXY] type=3 tag=(0,0)
cycle 362605: PC=0x0038 OPCODE=0x09 [P2G] addr=93024 tag=(0,0) size=32
cycle 362606: PC=0x0039 OPCODE=0x1f [LOOP] REG[6]<=64 ? target=42 : PC+1, after += 1 -> REG=83, nextPC=58
cycle 362607: PC=0x003a OPCODE=0x1f [LOOP] REG[5]<=128 ? target=37 : PC+1, after += 32 -> REG=640, nextPC=59
cycle 362608: PC=0x003b OPCODE=0x1f [LOOP] REG[4]<=144 ? target=37 : PC+1, after += 18 -> REG=306, nextPC=60
cycle 362609: PC=0x003c OPCODE=0x1f [LOOP] REG[3]<=64 ? target=33 : PC+1, after += 64 -> REG=640, nextPC=61
cycle 362610: PC=0x003d OPCODE=0x1f [LOOP] REG[2]<=8192 ? target=29 : PC+1, after += 96 -> REG=960, nextPC=29
cycle 362611: PC=0x001d OPCODE=0x22 [MULI] REG[8] = REG[8] * 256 -> 0
cycle 362612: PC=0x001e OPCODE=0x24 [ADD] REG[8] = REG[8] + REG[1] -> 0
cycle 362613: PC=0x001f OPCODE=0x05 [DMA READ] addr=536870912 size=18432
cycle 362614: PC=0x0020 OPCODE=0x1d [WAIT DMA] still busy, stall
cycle 385653: PC=0x0020 OPCODE=0x1d [WAIT DMA] done, continue
cycle 385654: PC=0x0021 OPCODE=0x22 [MULI] REG[9] = REG[3] * 2048 -> 1310720
cycle 385655: PC=0x0022 OPCODE=0x24 [ADD] REG[9] = REG[9] + REG[2] -> 1311680
cycle 385656: PC=0x0023 OPCODE=0x04 [DMA READ] addr=269747136 size=8192
cycle 385657: PC=0x0024 OPCODE=0x1d [WAIT DMA] still busy, stall
cycle 395896: PC=0x0024 OPCODE=0x1d [WAIT DMA] done, continue
cycle 395897: PC=0x0025 OPCODE=0x18 [CPT_TAGXY] type=1 tag=(0,0)
cycle 395898: PC=0x0026 OPCODE=0x22 [MULI] REG[10] = REG[4] * 128 -> 39168
cycle 395899: PC=0x0027 OPCODE=0x24 [ADD] REG[10] = REG[10] + REG[5] -> 39808
cycle 395900: PC=0x0028 OPCODE=0x08 [G2P] addr=43904 tag=(0,0) size=576
cycle 395901: PC=0x0029 OPCODE=0x1d [WAIT GLB] still busy, stall
cycle 396188: PC=0x0029 OPCODE=0x1d [WAIT GLB] done, continue
cycle 396189: PC=0x002a OPCODE=0x18 [CPT_TAGXY] type=2 tag=(0,0)
cycle 396190: PC=0x002b OPCODE=0x22 [MULI] REG[11] = REG[3] * 128 -> 81920
cycle 396191: PC=0x002c OPCODE=0x22 [MULI] REG[12] = REG[6] * 128 -> 10624
cycle 396192: PC=0x002d OPCODE=0x24 [ADD] REG[11] = REG[11] + REG[5] -> 82560
cycle 396193: PC=0x002e OPCODE=0x24 [ADD] REG[11] = REG[11] + REG[12] -> 93184
cycle 396194: PC=0x002f OPCODE=0x08 [G2P] addr=101376 tag=(0,0) size=32
cycle 396195: PC=0x0030 OPCODE=0x1d [WAIT GLB] still busy, stall
cycle 396210: PC=0x0030 OPCODE=0x1d [WAIT GLB] done, continue
cycle 396211: PC=0x0031 OPCODE=0x18 [CPT_TAGXY] type=0 tag=(0,0)
cycle 396212: PC=0x0032 OPCODE=0x22 [MULI] REG[13] = REG[6] * 36 -> 2988
cycle 396213: PC=0x0033 OPCODE=0x08 [G2P] addr=2988 tag=(0,0) size=144
cycle 396214: PC=0x0034 OPCODE=0x1d [WAIT GLB] still busy, stall
cycle 396285: PC=0x0034 OPCODE=0x1d [WAIT GLB] done, continue
cycle 396286: PC=0x0035 OPCODE=0x1c [COMPUTE] valid_e=0
cycle 396287: PC=0x0036 OPCODE=0x1d [WAIT PE_ARRAY]
cycle 396288: PC=0x0037 OPCODE=0x18 [CPT_TAGXY] type=3 tag=(0,0)
cycle 396289: PC=0x0038 OPCODE=0x09 [P2G] addr=101376 tag=(0,0) size=32
cycle 396290: PC=0x0039 OPCODE=0x1f [LOOP] REG[6]<=64 ? target=42 : PC+1, after += 1 -> REG=84, nextPC=58
cycle 396291: PC=0x003a OPCODE=0x1f [LOOP] REG[5]<=128 ? target=37 : PC+1, after += 32 -> REG=672, nextPC=59
cycle 396292: PC=0x003b OPCODE=0x1f [LOOP] REG[4]<=144 ? target=37 : PC+1, after += 18 -> REG=324, nextPC=60
cycle 396293: PC=0x003c OPCODE=0x1f [LOOP] REG[3]<=64 ? target=33 : PC+1, after += 64 -> REG=704, nextPC=61
cycle 396294: PC=0x003d OPCODE=0x1f [LOOP] REG[2]<=8192 ? target=29 : PC+1, after += 96 -> REG=1056, nextPC=29
cycle 396295: PC=0x001d OPCODE=0x22 [MULI] REG[8] = REG[8] * 256 -> 0
cycle 396296: PC=0x001e OPCODE=0x24 [ADD] REG[8] = REG[8] + REG[1] -> 0
cycle 396297: PC=0x001f OPCODE=0x05 [DMA READ] addr=536870912 size=18432
cycle 396298: PC=0x0020 OPCODE=0x1d [WAIT DMA] still busy, stall
cycle 419337: PC=0x0020 OPCODE=0x1d [WAIT DMA] done, continue
cycle 419338: PC=0x0021 OPCODE=0x22 [MULI] REG[9] = REG[3] * 2048 -> 1441792
cycle 419339: PC=0x0022 OPCODE=0x24 [ADD] REG[9] = REG[9] + REG[2] -> 1442848
cycle 419340: PC=0x0023 OPCODE=0x04 [DMA READ] addr=269878304 size=8192
cycle 419341: PC=0x0024 OPCODE=0x1d [WAIT DMA] still busy, stall
cycle 429580: PC=0x0024 OPCODE=0x1d [WAIT DMA] done, continue
cycle 429581: PC=0x0025 OPCODE=0x18 [CPT_TAGXY] type=1 tag=(0,0)
cycle 429582: PC=0x0026 OPCODE=0x22 [MULI] REG[10] = REG[4] * 128 -> 41472
cycle 429583: PC=0x0027 OPCODE=0x24 [ADD] REG[10] = REG[10] + REG[5] -> 42144
cycle 429584: PC=0x0028 OPCODE=0x08 [G2P] addr=46240 tag=(0,0) size=576
cycle 429585: PC=0x0029 OPCODE=0x1d [WAIT GLB] still busy, stall
cycle 429872: PC=0x0029 OPCODE=0x1d [WAIT GLB] done, continue
cycle 429873: PC=0x002a OPCODE=0x18 [CPT_TAGXY] type=2 tag=(0,0)
cycle 429874: PC=0x002b OPCODE=0x22 [MULI] REG[11] = REG[3] * 128 -> 90112
cycle 429875: PC=0x002c OPCODE=0x22 [MULI] REG[12] = REG[6] * 128 -> 10752
cycle 429876: PC=0x002d OPCODE=0x24 [ADD] REG[11] = REG[11] + REG[5] -> 90784
cycle 429877: PC=0x002e OPCODE=0x24 [ADD] REG[11] = REG[11] + REG[12] -> 101536
cycle 429878: PC=0x002f OPCODE=0x08 [G2P] addr=109728 tag=(0,0) size=32
cycle 429879: PC=0x0030 OPCODE=0x1d [WAIT GLB] still busy, stall
cycle 429894: PC=0x0030 OPCODE=0x1d [WAIT GLB] done, continue
cycle 429895: PC=0x0031 OPCODE=0x18 [CPT_TAGXY] type=0 tag=(0,0)
cycle 429896: PC=0x0032 OPCODE=0x22 [MULI] REG[13] = REG[6] * 36 -> 3024
cycle 429897: PC=0x0033 OPCODE=0x08 [G2P] addr=3024 tag=(0,0) size=144
cycle 429898: PC=0x0034 OPCODE=0x1d [WAIT GLB] still busy, stall
cycle 429969: PC=0x0034 OPCODE=0x1d [WAIT GLB] done, continue
cycle 429970: PC=0x0035 OPCODE=0x1c [COMPUTE] valid_e=0
cycle 429971: PC=0x0036 OPCODE=0x1d [WAIT PE_ARRAY]
cycle 429972: PC=0x0037 OPCODE=0x18 [CPT_TAGXY] type=3 tag=(0,0)
cycle 429973: PC=0x0038 OPCODE=0x09 [P2G] addr=109728 tag=(0,0) size=32
cycle 429974: PC=0x0039 OPCODE=0x1f [LOOP] REG[6]<=64 ? target=42 : PC+1, after += 1 -> REG=85, nextPC=58
cycle 429975: PC=0x003a OPCODE=0x1f [LOOP] REG[5]<=128 ? target=37 : PC+1, after += 32 -> REG=704, nextPC=59
cycle 429976: PC=0x003b OPCODE=0x1f [LOOP] REG[4]<=144 ? target=37 : PC+1, after += 18 -> REG=342, nextPC=60
cycle 429977: PC=0x003c OPCODE=0x1f [LOOP] REG[3]<=64 ? target=33 : PC+1, after += 64 -> REG=768, nextPC=61
cycle 429978: PC=0x003d OPCODE=0x1f [LOOP] REG[2]<=8192 ? target=29 : PC+1, after += 96 -> REG=1152, nextPC=29
cycle 429979: PC=0x001d OPCODE=0x22 [MULI] REG[8] = REG[8] * 256 -> 0
cycle 429980: PC=0x001e OPCODE=0x24 [ADD] REG[8] = REG[8] + REG[1] -> 0
cycle 429981: PC=0x001f OPCODE=0x05 [DMA READ] addr=536870912 size=18432
cycle 429982: PC=0x0020 OPCODE=0x1d [WAIT DMA] still busy, stall
cycle 453021: PC=0x0020 OPCODE=0x1d [WAIT DMA] done, continue
cycle 453022: PC=0x0021 OPCODE=0x22 [MULI] REG[9] = REG[3] * 2048 -> 1572864
cycle 453023: PC=0x0022 OPCODE=0x24 [ADD] REG[9] = REG[9] + REG[2] -> 1574016
cycle 453024: PC=0x0023 OPCODE=0x04 [DMA READ] addr=270009472 size=8192
cycle 453025: PC=0x0024 OPCODE=0x1d [WAIT DMA] still busy, stall
cycle 463264: PC=0x0024 OPCODE=0x1d [WAIT DMA] done, continue
cycle 463265: PC=0x0025 OPCODE=0x18 [CPT_TAGXY] type=1 tag=(0,0)
cycle 463266: PC=0x0026 OPCODE=0x22 [MULI] REG[10] = REG[4] * 128 -> 43776
cycle 463267: PC=0x0027 OPCODE=0x24 [ADD] REG[10] = REG[10] + REG[5] -> 44480
cycle 463268: PC=0x0028 OPCODE=0x08 [G2P] addr=48576 tag=(0,0) size=576
cycle 463269: PC=0x0029 OPCODE=0x1d [WAIT GLB] still busy, stall
cycle 463556: PC=0x0029 OPCODE=0x1d [WAIT GLB] done, continue
cycle 463557: PC=0x002a OPCODE=0x18 [CPT_TAGXY] type=2 tag=(0,0)
cycle 463558: PC=0x002b OPCODE=0x22 [MULI] REG[11] = REG[3] * 128 -> 98304
cycle 463559: PC=0x002c OPCODE=0x22 [MULI] REG[12] = REG[6] * 128 -> 10880
cycle 463560: PC=0x002d OPCODE=0x24 [ADD] REG[11] = REG[11] + REG[5] -> 99008
cycle 463561: PC=0x002e OPCODE=0x24 [ADD] REG[11] = REG[11] + REG[12] -> 109888
cycle 463562: PC=0x002f OPCODE=0x08 [G2P] addr=118080 tag=(0,0) size=32
cycle 463563: PC=0x0030 OPCODE=0x1d [WAIT GLB] still busy, stall
cycle 463578: PC=0x0030 OPCODE=0x1d [WAIT GLB] done, continue
cycle 463579: PC=0x0031 OPCODE=0x18 [CPT_TAGXY] type=0 tag=(0,0)
cycle 463580: PC=0x0032 OPCODE=0x22 [MULI] REG[13] = REG[6] * 36 -> 3060
cycle 463581: PC=0x0033 OPCODE=0x08 [G2P] addr=3060 tag=(0,0) size=144
cycle 463582: PC=0x0034 OPCODE=0x1d [WAIT GLB] still busy, stall
cycle 463653: PC=0x0034 OPCODE=0x1d [WAIT GLB] done, continue
cycle 463654: PC=0x0035 OPCODE=0x1c [COMPUTE] valid_e=0
cycle 463655: PC=0x0036 OPCODE=0x1d [WAIT PE_ARRAY]
cycle 463656: PC=0x0037 OPCODE=0x18 [CPT_TAGXY] type=3 tag=(0,0)
cycle 463657: PC=0x0038 OPCODE=0x09 [P2G] addr=118080 tag=(0,0) size=32
cycle 463658: PC=0x0039 OPCODE=0x1f [LOOP] REG[6]<=64 ? target=42 : PC+1, after += 1 -> REG=86, nextPC=58
cycle 463659: PC=0x003a OPCODE=0x1f [LOOP] REG[5]<=128 ? target=37 : PC+1, after += 32 -> REG=736, nextPC=59
cycle 463660: PC=0x003b OPCODE=0x1f [LOOP] REG[4]<=144 ? target=37 : PC+1, after += 18 -> REG=360, nextPC=60
cycle 463661: PC=0x003c OPCODE=0x1f [LOOP] REG[3]<=64 ? target=33 : PC+1, after += 64 -> REG=832, nextPC=61
cycle 463662: PC=0x003d OPCODE=0x1f [LOOP] REG[2]<=8192 ? target=29 : PC+1, after += 96 -> REG=1248, nextPC=29
cycle 463663: PC=0x001d OPCODE=0x22 [MULI] REG[8] = REG[8] * 256 -> 0
cycle 463664: PC=0x001e OPCODE=0x24 [ADD] REG[8] = REG[8] + REG[1] -> 0
cycle 463665: PC=0x001f OPCODE=0x05 [DMA READ] addr=536870912 size=18432
cycle 463666: PC=0x0020 OPCODE=0x1d [WAIT DMA] still busy, stall
cycle 486705: PC=0x0020 OPCODE=0x1d [WAIT DMA] done, continue
cycle 486706: PC=0x0021 OPCODE=0x22 [MULI] REG[9] = REG[3] * 2048 -> 1703936
cycle 486707: PC=0x0022 OPCODE=0x24 [ADD] REG[9] = REG[9] + REG[2] -> 1705184
cycle 486708: PC=0x0023 OPCODE=0x04 [DMA READ] addr=270140640 size=8192
cycle 486709: PC=0x0024 OPCODE=0x1d [WAIT DMA] still busy, stall
cycle 496948: PC=0x0024 OPCODE=0x1d [WAIT DMA] done, continue
cycle 496949: PC=0x0025 OPCODE=0x18 [CPT_TAGXY] type=1 tag=(0,0)
cycle 496950: PC=0x0026 OPCODE=0x22 [MULI] REG[10] = REG[4] * 128 -> 46080
cycle 496951: PC=0x0027 OPCODE=0x24 [ADD] REG[10] = REG[10] + REG[5] -> 46816
cycle 496952: PC=0x0028 OPCODE=0x08 [G2P] addr=50912 tag=(0,0) size=576
cycle 496953: PC=0x0029 OPCODE=0x1d [WAIT GLB] still busy, stall
cycle 497240: PC=0x0029 OPCODE=0x1d [WAIT GLB] done, continue
cycle 497241: PC=0x002a OPCODE=0x18 [CPT_TAGXY] type=2 tag=(0,0)
cycle 497242: PC=0x002b OPCODE=0x22 [MULI] REG[11] = REG[3] * 128 -> 106496
cycle 497243: PC=0x002c OPCODE=0x22 [MULI] REG[12] = REG[6] * 128 -> 11008
cycle 497244: PC=0x002d OPCODE=0x24 [ADD] REG[11] = REG[11] + REG[5] -> 107232
cycle 497245: PC=0x002e OPCODE=0x24 [ADD] REG[11] = REG[11] + REG[12] -> 118240
cycle 497246: PC=0x002f OPCODE=0x08 [G2P] addr=126432 tag=(0,0) size=32
cycle 497247: PC=0x0030 OPCODE=0x1d [WAIT GLB] still busy, stall
cycle 497262: PC=0x0030 OPCODE=0x1d [WAIT GLB] done, continue
cycle 497263: PC=0x0031 OPCODE=0x18 [CPT_TAGXY] type=0 tag=(0,0)
cycle 497264: PC=0x0032 OPCODE=0x22 [MULI] REG[13] = REG[6] * 36 -> 3096
cycle 497265: PC=0x0033 OPCODE=0x08 [G2P] addr=3096 tag=(0,0) size=144
cycle 497266: PC=0x0034 OPCODE=0x1d [WAIT GLB] still busy, stall
cycle 497337: PC=0x0034 OPCODE=0x1d [WAIT GLB] done, continue
cycle 497338: PC=0x0035 OPCODE=0x1c [COMPUTE] valid_e=0
cycle 497339: PC=0x0036 OPCODE=0x1d [WAIT PE_ARRAY]
cycle 497340: PC=0x0037 OPCODE=0x18 [CPT_TAGXY] type=3 tag=(0,0)
cycle 497341: PC=0x0038 OPCODE=0x09 [P2G] addr=126432 tag=(0,0) size=32
cycle 497342: PC=0x0039 OPCODE=0x1f [LOOP] REG[6]<=64 ? target=42 : PC+1, after += 1 -> REG=87, nextPC=58
cycle 497343: PC=0x003a OPCODE=0x1f [LOOP] REG[5]<=128 ? target=37 : PC+1, after += 32 -> REG=768, nextPC=59
cycle 497344: PC=0x003b OPCODE=0x1f [LOOP] REG[4]<=144 ? target=37 : PC+1, after += 18 -> REG=378, nextPC=60
cycle 497345: PC=0x003c OPCODE=0x1f [LOOP] REG[3]<=64 ? target=33 : PC+1, after += 64 -> REG=896, nextPC=61
cycle 497346: PC=0x003d OPCODE=0x1f [LOOP] REG[2]<=8192 ? target=29 : PC+1, after += 96 -> REG=1344, nextPC=29
cycle 497347: PC=0x001d OPCODE=0x22 [MULI] REG[8] = REG[8] * 256 -> 0
cycle 497348: PC=0x001e OPCODE=0x24 [ADD] REG[8] = REG[8] + REG[1] -> 0
cycle 497349: PC=0x001f OPCODE=0x05 [DMA READ] addr=536870912 size=18432
cycle 497350: PC=0x0020 OPCODE=0x1d [WAIT DMA] still busy, stall
cycle 520389: PC=0x0020 OPCODE=0x1d [WAIT DMA] done, continue
cycle 520390: PC=0x0021 OPCODE=0x22 [MULI] REG[9] = REG[3] * 2048 -> 1835008
cycle 520391: PC=0x0022 OPCODE=0x24 [ADD] REG[9] = REG[9] + REG[2] -> 1836352
cycle 520392: PC=0x0023 OPCODE=0x04 [DMA READ] addr=270271808 size=8192
cycle 520393: PC=0x0024 OPCODE=0x1d [WAIT DMA] still busy, stall
cycle 530632: PC=0x0024 OPCODE=0x1d [WAIT DMA] done, continue
cycle 530633: PC=0x0025 OPCODE=0x18 [CPT_TAGXY] type=1 tag=(0,0)
cycle 530634: PC=0x0026 OPCODE=0x22 [MULI] REG[10] = REG[4] * 128 -> 48384
cycle 530635: PC=0x0027 OPCODE=0x24 [ADD] REG[10] = REG[10] + REG[5] -> 49152
cycle 530636: PC=0x0028 OPCODE=0x08 [G2P] addr=53248 tag=(0,0) size=576
cycle 530637: PC=0x0029 OPCODE=0x1d [WAIT GLB] still busy, stall
cycle 530924: PC=0x0029 OPCODE=0x1d [WAIT GLB] done, continue
cycle 530925: PC=0x002a OPCODE=0x18 [CPT_TAGXY] type=2 tag=(0,0)
cycle 530926: PC=0x002b OPCODE=0x22 [MULI] REG[11] = REG[3] * 128 -> 114688
cycle 530927: PC=0x002c OPCODE=0x22 [MULI] REG[12] = REG[6] * 128 -> 11136
cycle 530928: PC=0x002d OPCODE=0x24 [ADD] REG[11] = REG[11] + REG[5] -> 115456
cycle 530929: PC=0x002e OPCODE=0x24 [ADD] REG[11] = REG[11] + REG[12] -> 126592
cycle 530930: PC=0x002f OPCODE=0x08 [G2P] addr=134784 tag=(0,0) size=32
cycle 530931: PC=0x0030 OPCODE=0x1d [WAIT GLB] still busy, stall
cycle 530946: PC=0x0030 OPCODE=0x1d [WAIT GLB] done, continue
cycle 530947: PC=0x0031 OPCODE=0x18 [CPT_TAGXY] type=0 tag=(0,0)
cycle 530948: PC=0x0032 OPCODE=0x22 [MULI] REG[13] = REG[6] * 36 -> 3132
cycle 530949: PC=0x0033 OPCODE=0x08 [G2P] addr=3132 tag=(0,0) size=144
cycle 530950: PC=0x0034 OPCODE=0x1d [WAIT GLB] still busy, stall
cycle 531021: PC=0x0034 OPCODE=0x1d [WAIT GLB] done, continue
cycle 531022: PC=0x0035 OPCODE=0x1c [COMPUTE] valid_e=0
cycle 531023: PC=0x0036 OPCODE=0x1d [WAIT PE_ARRAY]
cycle 531024: PC=0x0037 OPCODE=0x18 [CPT_TAGXY] type=3 tag=(0,0)
cycle 531025: PC=0x0038 OPCODE=0x09 [P2G] addr=134784 tag=(0,0) size=32
cycle 531026: PC=0x0039 OPCODE=0x1f [LOOP] REG[6]<=64 ? target=42 : PC+1, after += 1 -> REG=88, nextPC=58
cycle 531027: PC=0x003a OPCODE=0x1f [LOOP] REG[5]<=128 ? target=37 : PC+1, after += 32 -> REG=800, nextPC=59
cycle 531028: PC=0x003b OPCODE=0x1f [LOOP] REG[4]<=144 ? target=37 : PC+1, after += 18 -> REG=396, nextPC=60
cycle 531029: PC=0x003c OPCODE=0x1f [LOOP] REG[3]<=64 ? target=33 : PC+1, after += 64 -> REG=960, nextPC=61
cycle 531030: PC=0x003d OPCODE=0x1f [LOOP] REG[2]<=8192 ? target=29 : PC+1, after += 96 -> REG=1440, nextPC=29
cycle 531031: PC=0x001d OPCODE=0x22 [MULI] REG[8] = REG[8] * 256 -> 0
cycle 531032: PC=0x001e OPCODE=0x24 [ADD] REG[8] = REG[8] + REG[1] -> 0
cycle 531033: PC=0x001f OPCODE=0x05 [DMA READ] addr=536870912 size=18432
cycle 531034: PC=0x0020 OPCODE=0x1d [WAIT DMA] still busy, stall
cycle 554073: PC=0x0020 OPCODE=0x1d [WAIT DMA] done, continue
cycle 554074: PC=0x0021 OPCODE=0x22 [MULI] REG[9] = REG[3] * 2048 -> 1966080
cycle 554075: PC=0x0022 OPCODE=0x24 [ADD] REG[9] = REG[9] + REG[2] -> 1967520
cycle 554076: PC=0x0023 OPCODE=0x04 [DMA READ] addr=270402976 size=8192
cycle 554077: PC=0x0024 OPCODE=0x1d [WAIT DMA] still busy, stall
cycle 564316: PC=0x0024 OPCODE=0x1d [WAIT DMA] done, continue
cycle 564317: PC=0x0025 OPCODE=0x18 [CPT_TAGXY] type=1 tag=(0,0)
cycle 564318: PC=0x0026 OPCODE=0x22 [MULI] REG[10] = REG[4] * 128 -> 50688
cycle 564319: PC=0x0027 OPCODE=0x24 [ADD] REG[10] = REG[10] + REG[5] -> 51488
cycle 564320: PC=0x0028 OPCODE=0x08 [G2P] addr=55584 tag=(0,0) size=576
cycle 564321: PC=0x0029 OPCODE=0x1d [WAIT GLB] still busy, stall
cycle 564608: PC=0x0029 OPCODE=0x1d [WAIT GLB] done, continue
cycle 564609: PC=0x002a OPCODE=0x18 [CPT_TAGXY] type=2 tag=(0,0)
cycle 564610: PC=0x002b OPCODE=0x22 [MULI] REG[11] = REG[3] * 128 -> 122880
cycle 564611: PC=0x002c OPCODE=0x22 [MULI] REG[12] = REG[6] * 128 -> 11264
cycle 564612: PC=0x002d OPCODE=0x24 [ADD] REG[11] = REG[11] + REG[5] -> 123680
cycle 564613: PC=0x002e OPCODE=0x24 [ADD] REG[11] = REG[11] + REG[12] -> 134944
cycle 564614: PC=0x002f OPCODE=0x08 [G2P] addr=143136 tag=(0,0) size=32
cycle 564615: PC=0x0030 OPCODE=0x1d [WAIT GLB] still busy, stall
cycle 564630: PC=0x0030 OPCODE=0x1d [WAIT GLB] done, continue
cycle 564631: PC=0x0031 OPCODE=0x18 [CPT_TAGXY] type=0 tag=(0,0)
cycle 564632: PC=0x0032 OPCODE=0x22 [MULI] REG[13] = REG[6] * 36 -> 3168
cycle 564633: PC=0x0033 OPCODE=0x08 [G2P] addr=3168 tag=(0,0) size=144
cycle 564634: PC=0x0034 OPCODE=0x1d [WAIT GLB] still busy, stall
cycle 564705: PC=0x0034 OPCODE=0x1d [WAIT GLB] done, continue
cycle 564706: PC=0x0035 OPCODE=0x1c [COMPUTE] valid_e=0
cycle 564707: PC=0x0036 OPCODE=0x1d [WAIT PE_ARRAY]
cycle 564708: PC=0x0037 OPCODE=0x18 [CPT_TAGXY] type=3 tag=(0,0)
cycle 564709: PC=0x0038 OPCODE=0x09 [P2G] addr=143136 tag=(0,0) size=32
cycle 564710: PC=0x0039 OPCODE=0x1f [LOOP] REG[6]<=64 ? target=42 : PC+1, after += 1 -> REG=89, nextPC=58
cycle 564711: PC=0x003a OPCODE=0x1f [LOOP] REG[5]<=128 ? target=37 : PC+1, after += 32 -> REG=832, nextPC=59
cycle 564712: PC=0x003b OPCODE=0x1f [LOOP] REG[4]<=144 ? target=37 : PC+1, after += 18 -> REG=414, nextPC=60
cycle 564713: PC=0x003c OPCODE=0x1f [LOOP] REG[3]<=64 ? target=33 : PC+1, after += 64 -> REG=1024, nextPC=61
cycle 564714: PC=0x003d OPCODE=0x1f [LOOP] REG[2]<=8192 ? target=29 : PC+1, after += 96 -> REG=1536, nextPC=29
cycle 564715: PC=0x001d OPCODE=0x22 [MULI] REG[8] = REG[8] * 256 -> 0
cycle 564716: PC=0x001e OPCODE=0x24 [ADD] REG[8] = REG[8] + REG[1] -> 0
cycle 564717: PC=0x001f OPCODE=0x05 [DMA READ] addr=536870912 size=18432
cycle 564718: PC=0x0020 OPCODE=0x1d [WAIT DMA] still busy, stall
cycle 587757: PC=0x0020 OPCODE=0x1d [WAIT DMA] done, continue
cycle 587758: PC=0x0021 OPCODE=0x22 [MULI] REG[9] = REG[3] * 2048 -> 2097152
cycle 587759: PC=0x0022 OPCODE=0x24 [ADD] REG[9] = REG[9] + REG[2] -> 2098688
cycle 587760: PC=0x0023 OPCODE=0x04 [DMA READ] addr=270534144 size=8192
cycle 587761: PC=0x0024 OPCODE=0x1d [WAIT DMA] still busy, stall
cycle 598000: PC=0x0024 OPCODE=0x1d [WAIT DMA] done, continue
cycle 598001: PC=0x0025 OPCODE=0x18 [CPT_TAGXY] type=1 tag=(0,0)
cycle 598002: PC=0x0026 OPCODE=0x22 [MULI] REG[10] = REG[4] * 128 -> 52992
cycle 598003: PC=0x0027 OPCODE=0x24 [ADD] REG[10] = REG[10] + REG[5] -> 53824
cycle 598004: PC=0x0028 OPCODE=0x08 [G2P] addr=57920 tag=(0,0) size=576
cycle 598005: PC=0x0029 OPCODE=0x1d [WAIT GLB] still busy, stall
cycle 598292: PC=0x0029 OPCODE=0x1d [WAIT GLB] done, continue
cycle 598293: PC=0x002a OPCODE=0x18 [CPT_TAGXY] type=2 tag=(0,0)
cycle 598294: PC=0x002b OPCODE=0x22 [MULI] REG[11] = REG[3] * 128 -> 131072
cycle 598295: PC=0x002c OPCODE=0x22 [MULI] REG[12] = REG[6] * 128 -> 11392
cycle 598296: PC=0x002d OPCODE=0x24 [ADD] REG[11] = REG[11] + REG[5] -> 131904
cycle 598297: PC=0x002e OPCODE=0x24 [ADD] REG[11] = REG[11] + REG[12] -> 143296
cycle 598298: PC=0x002f OPCODE=0x08 [G2P] addr=151488 tag=(0,0) size=32
cycle 598299: PC=0x0030 OPCODE=0x1d [WAIT GLB] still busy, stall
cycle 598314: PC=0x0030 OPCODE=0x1d [WAIT GLB] done, continue
cycle 598315: PC=0x0031 OPCODE=0x18 [CPT_TAGXY] type=0 tag=(0,0)
cycle 598316: PC=0x0032 OPCODE=0x22 [MULI] REG[13] = REG[6] * 36 -> 3204
cycle 598317: PC=0x0033 OPCODE=0x08 [G2P] addr=3204 tag=(0,0) size=144
cycle 598318: PC=0x0034 OPCODE=0x1d [WAIT GLB] still busy, stall
cycle 598389: PC=0x0034 OPCODE=0x1d [WAIT GLB] done, continue
cycle 598390: PC=0x0035 OPCODE=0x1c [COMPUTE] valid_e=0
cycle 598391: PC=0x0036 OPCODE=0x1d [WAIT PE_ARRAY]
cycle 598392: PC=0x0037 OPCODE=0x18 [CPT_TAGXY] type=3 tag=(0,0)
cycle 598393: PC=0x0038 OPCODE=0x09 [P2G] addr=151488 tag=(0,0) size=32
cycle 598394: PC=0x0039 OPCODE=0x1f [LOOP] REG[6]<=64 ? target=42 : PC+1, after += 1 -> REG=90, nextPC=58
cycle 598395: PC=0x003a OPCODE=0x1f [LOOP] REG[5]<=128 ? target=37 : PC+1, after += 32 -> REG=864, nextPC=59
cycle 598396: PC=0x003b OPCODE=0x1f [LOOP] REG[4]<=144 ? target=37 : PC+1, after += 18 -> REG=432, nextPC=60
cycle 598397: PC=0x003c OPCODE=0x1f [LOOP] REG[3]<=64 ? target=33 : PC+1, after += 64 -> REG=1088, nextPC=61
cycle 598398: PC=0x003d OPCODE=0x1f [LOOP] REG[2]<=8192 ? target=29 : PC+1, after += 96 -> REG=1632, nextPC=29
cycle 598399: PC=0x001d OPCODE=0x22 [MULI] REG[8] = REG[8] * 256 -> 0
cycle 598400: PC=0x001e OPCODE=0x24 [ADD] REG[8] = REG[8] + REG[1] -> 0
cycle 598401: PC=0x001f OPCODE=0x05 [DMA READ] addr=536870912 size=18432
cycle 598402: PC=0x0020 OPCODE=0x1d [WAIT DMA] still busy, stall
cycle 621441: PC=0x0020 OPCODE=0x1d [WAIT DMA] done, continue
cycle 621442: PC=0x0021 OPCODE=0x22 [MULI] REG[9] = REG[3] * 2048 -> 2228224
cycle 621443: PC=0x0022 OPCODE=0x24 [ADD] REG[9] = REG[9] + REG[2] -> 2229856
cycle 621444: PC=0x0023 OPCODE=0x04 [DMA READ] addr=270665312 size=8192
cycle 621445: PC=0x0024 OPCODE=0x1d [WAIT DMA] still busy, stall
cycle 631684: PC=0x0024 OPCODE=0x1d [WAIT DMA] done, continue
cycle 631685: PC=0x0025 OPCODE=0x18 [CPT_TAGXY] type=1 tag=(0,0)
cycle 631686: PC=0x0026 OPCODE=0x22 [MULI] REG[10] = REG[4] * 128 -> 55296
cycle 631687: PC=0x0027 OPCODE=0x24 [ADD] REG[10] = REG[10] + REG[5] -> 56160
cycle 631688: PC=0x0028 OPCODE=0x08 [G2P] addr=60256 tag=(0,0) size=576
cycle 631689: PC=0x0029 OPCODE=0x1d [WAIT GLB] still busy, stall
cycle 631976: PC=0x0029 OPCODE=0x1d [WAIT GLB] done, continue
cycle 631977: PC=0x002a OPCODE=0x18 [CPT_TAGXY] type=2 tag=(0,0)
cycle 631978: PC=0x002b OPCODE=0x22 [MULI] REG[11] = REG[3] * 128 -> 139264
cycle 631979: PC=0x002c OPCODE=0x22 [MULI] REG[12] = REG[6] * 128 -> 11520
cycle 631980: PC=0x002d OPCODE=0x24 [ADD] REG[11] = REG[11] + REG[5] -> 140128
cycle 631981: PC=0x002e OPCODE=0x24 [ADD] REG[11] = REG[11] + REG[12] -> 151648
cycle 631982: PC=0x002f OPCODE=0x08 [G2P] addr=159840 tag=(0,0) size=32
cycle 631983: PC=0x0030 OPCODE=0x1d [WAIT GLB] still busy, stall
cycle 631998: PC=0x0030 OPCODE=0x1d [WAIT GLB] done, continue
cycle 631999: PC=0x0031 OPCODE=0x18 [CPT_TAGXY] type=0 tag=(0,0)
cycle 632000: PC=0x0032 OPCODE=0x22 [MULI] REG[13] = REG[6] * 36 -> 3240
cycle 632001: PC=0x0033 OPCODE=0x08 [G2P] addr=3240 tag=(0,0) size=144
cycle 632002: PC=0x0034 OPCODE=0x1d [WAIT GLB] still busy, stall
cycle 632073: PC=0x0034 OPCODE=0x1d [WAIT GLB] done, continue
cycle 632074: PC=0x0035 OPCODE=0x1c [COMPUTE] valid_e=0
cycle 632075: PC=0x0036 OPCODE=0x1d [WAIT PE_ARRAY]
cycle 632076: PC=0x0037 OPCODE=0x18 [CPT_TAGXY] type=3 tag=(0,0)
cycle 632077: PC=0x0038 OPCODE=0x09 [P2G] addr=159840 tag=(0,0) size=32
cycle 632078: PC=0x0039 OPCODE=0x1f [LOOP] REG[6]<=64 ? target=42 : PC+1, after += 1 -> REG=91, nextPC=58
cycle 632079: PC=0x003a OPCODE=0x1f [LOOP] REG[5]<=128 ? target=37 : PC+1, after += 32 -> REG=896, nextPC=59
cycle 632080: PC=0x003b OPCODE=0x1f [LOOP] REG[4]<=144 ? target=37 : PC+1, after += 18 -> REG=450, nextPC=60
cycle 632081: PC=0x003c OPCODE=0x1f [LOOP] REG[3]<=64 ? target=33 : PC+1, after += 64 -> REG=1152, nextPC=61
cycle 632082: PC=0x003d OPCODE=0x1f [LOOP] REG[2]<=8192 ? target=29 : PC+1, after += 96 -> REG=1728, nextPC=29
cycle 632083: PC=0x001d OPCODE=0x22 [MULI] REG[8] = REG[8] * 256 -> 0
cycle 632084: PC=0x001e OPCODE=0x24 [ADD] REG[8] = REG[8] + REG[1] -> 0
cycle 632085: PC=0x001f OPCODE=0x05 [DMA READ] addr=536870912 size=18432
cycle 632086: PC=0x0020 OPCODE=0x1d [WAIT DMA] still busy, stall
cycle 655125: PC=0x0020 OPCODE=0x1d [WAIT DMA] done, continue
cycle 655126: PC=0x0021 OPCODE=0x22 [MULI] REG[9] = REG[3] * 2048 -> 2359296
cycle 655127: PC=0x0022 OPCODE=0x24 [ADD] REG[9] = REG[9] + REG[2] -> 2361024
cycle 655128: PC=0x0023 OPCODE=0x04 [DMA READ] addr=270796480 size=8192
cycle 655129: PC=0x0024 OPCODE=0x1d [WAIT DMA] still busy, stall
cycle 665368: PC=0x0024 OPCODE=0x1d [WAIT DMA] done, continue
cycle 665369: PC=0x0025 OPCODE=0x18 [CPT_TAGXY] type=1 tag=(0,0)
cycle 665370: PC=0x0026 OPCODE=0x22 [MULI] REG[10] = REG[4] * 128 -> 57600
cycle 665371: PC=0x0027 OPCODE=0x24 [ADD] REG[10] = REG[10] + REG[5] -> 58496
cycle 665372: PC=0x0028 OPCODE=0x08 [G2P] addr=62592 tag=(0,0) size=576
cycle 665373: PC=0x0029 OPCODE=0x1d [WAIT GLB] still busy, stall
cycle 665660: PC=0x0029 OPCODE=0x1d [WAIT GLB] done, continue
cycle 665661: PC=0x002a OPCODE=0x18 [CPT_TAGXY] type=2 tag=(0,0)
cycle 665662: PC=0x002b OPCODE=0x22 [MULI] REG[11] = REG[3] * 128 -> 147456
cycle 665663: PC=0x002c OPCODE=0x22 [MULI] REG[12] = REG[6] * 128 -> 11648
cycle 665664: PC=0x002d OPCODE=0x24 [ADD] REG[11] = REG[11] + REG[5] -> 148352
cycle 665665: PC=0x002e OPCODE=0x24 [ADD] REG[11] = REG[11] + REG[12] -> 160000
cycle 665666: PC=0x002f OPCODE=0x08 [G2P] addr=168192 tag=(0,0) size=32
cycle 665667: PC=0x0030 OPCODE=0x1d [WAIT GLB] still busy, stall
cycle 665682: PC=0x0030 OPCODE=0x1d [WAIT GLB] done, continue
cycle 665683: PC=0x0031 OPCODE=0x18 [CPT_TAGXY] type=0 tag=(0,0)
cycle 665684: PC=0x0032 OPCODE=0x22 [MULI] REG[13] = REG[6] * 36 -> 3276
cycle 665685: PC=0x0033 OPCODE=0x08 [G2P] addr=3276 tag=(0,0) size=144
cycle 665686: PC=0x0034 OPCODE=0x1d [WAIT GLB] still busy, stall
cycle 665757: PC=0x0034 OPCODE=0x1d [WAIT GLB] done, continue
cycle 665758: PC=0x0035 OPCODE=0x1c [COMPUTE] valid_e=0
cycle 665759: PC=0x0036 OPCODE=0x1d [WAIT PE_ARRAY]
cycle 665760: PC=0x0037 OPCODE=0x18 [CPT_TAGXY] type=3 tag=(0,0)
cycle 665761: PC=0x0038 OPCODE=0x09 [P2G] addr=168192 tag=(0,0) size=32
cycle 665762: PC=0x0039 OPCODE=0x1f [LOOP] REG[6]<=64 ? target=42 : PC+1, after += 1 -> REG=92, nextPC=58
cycle 665763: PC=0x003a OPCODE=0x1f [LOOP] REG[5]<=128 ? target=37 : PC+1, after += 32 -> REG=928, nextPC=59
cycle 665764: PC=0x003b OPCODE=0x1f [LOOP] REG[4]<=144 ? target=37 : PC+1, after += 18 -> REG=468, nextPC=60
cycle 665765: PC=0x003c OPCODE=0x1f [LOOP] REG[3]<=64 ? target=33 : PC+1, after += 64 -> REG=1216, nextPC=61
cycle 665766: PC=0x003d OPCODE=0x1f [LOOP] REG[2]<=8192 ? target=29 : PC+1, after += 96 -> REG=1824, nextPC=29
cycle 665767: PC=0x001d OPCODE=0x22 [MULI] REG[8] = REG[8] * 256 -> 0
cycle 665768: PC=0x001e OPCODE=0x24 [ADD] REG[8] = REG[8] + REG[1] -> 0
cycle 665769: PC=0x001f OPCODE=0x05 [DMA READ] addr=536870912 size=18432
cycle 665770: PC=0x0020 OPCODE=0x1d [WAIT DMA] still busy, stall
cycle 688809: PC=0x0020 OPCODE=0x1d [WAIT DMA] done, continue
cycle 688810: PC=0x0021 OPCODE=0x22 [MULI] REG[9] = REG[3] * 2048 -> 2490368
cycle 688811: PC=0x0022 OPCODE=0x24 [ADD] REG[9] = REG[9] + REG[2] -> 2492192
cycle 688812: PC=0x0023 OPCODE=0x04 [DMA READ] addr=270927648 size=8192
cycle 688813: PC=0x0024 OPCODE=0x1d [WAIT DMA] still busy, stall
cycle 699052: PC=0x0024 OPCODE=0x1d [WAIT DMA] done, continue
cycle 699053: PC=0x0025 OPCODE=0x18 [CPT_TAGXY] type=1 tag=(0,0)
cycle 699054: PC=0x0026 OPCODE=0x22 [MULI] REG[10] = REG[4] * 128 -> 59904
cycle 699055: PC=0x0027 OPCODE=0x24 [ADD] REG[10] = REG[10] + REG[5] -> 60832
cycle 699056: PC=0x0028 OPCODE=0x08 [G2P] addr=64928 tag=(0,0) size=576
cycle 699057: PC=0x0029 OPCODE=0x1d [WAIT GLB] still busy, stall
cycle 699344: PC=0x0029 OPCODE=0x1d [WAIT GLB] done, continue
cycle 699345: PC=0x002a OPCODE=0x18 [CPT_TAGXY] type=2 tag=(0,0)
cycle 699346: PC=0x002b OPCODE=0x22 [MULI] REG[11] = REG[3] * 128 -> 155648
cycle 699347: PC=0x002c OPCODE=0x22 [MULI] REG[12] = REG[6] * 128 -> 11776
cycle 699348: PC=0x002d OPCODE=0x24 [ADD] REG[11] = REG[11] + REG[5] -> 156576
cycle 699349: PC=0x002e OPCODE=0x24 [ADD] REG[11] = REG[11] + REG[12] -> 168352
cycle 699350: PC=0x002f OPCODE=0x08 [G2P] addr=176544 tag=(0,0) size=32
cycle 699351: PC=0x0030 OPCODE=0x1d [WAIT GLB] still busy, stall
cycle 699366: PC=0x0030 OPCODE=0x1d [WAIT GLB] done, continue
cycle 699367: PC=0x0031 OPCODE=0x18 [CPT_TAGXY] type=0 tag=(0,0)
cycle 699368: PC=0x0032 OPCODE=0x22 [MULI] REG[13] = REG[6] * 36 -> 3312
cycle 699369: PC=0x0033 OPCODE=0x08 [G2P] addr=3312 tag=(0,0) size=144
cycle 699370: PC=0x0034 OPCODE=0x1d [WAIT GLB] still busy, stall
cycle 699441: PC=0x0034 OPCODE=0x1d [WAIT GLB] done, continue
cycle 699442: PC=0x0035 OPCODE=0x1c [COMPUTE] valid_e=0
cycle 699443: PC=0x0036 OPCODE=0x1d [WAIT PE_ARRAY]
cycle 699444: PC=0x0037 OPCODE=0x18 [CPT_TAGXY] type=3 tag=(0,0)
cycle 699445: PC=0x0038 OPCODE=0x09 [P2G] addr=176544 tag=(0,0) size=32
cycle 699446: PC=0x0039 OPCODE=0x1f [LOOP] REG[6]<=64 ? target=42 : PC+1, after += 1 -> REG=93, nextPC=58
cycle 699447: PC=0x003a OPCODE=0x1f [LOOP] REG[5]<=128 ? target=37 : PC+1, after += 32 -> REG=960, nextPC=59
cycle 699448: PC=0x003b OPCODE=0x1f [LOOP] REG[4]<=144 ? target=37 : PC+1, after += 18 -> REG=486, nextPC=60
cycle 699449: PC=0x003c OPCODE=0x1f [LOOP] REG[3]<=64 ? target=33 : PC+1, after += 64 -> REG=1280, nextPC=61
cycle 699450: PC=0x003d OPCODE=0x1f [LOOP] REG[2]<=8192 ? target=29 : PC+1, after += 96 -> REG=1920, nextPC=29
cycle 699451: PC=0x001d OPCODE=0x22 [MULI] REG[8] = REG[8] * 256 -> 0
cycle 699452: PC=0x001e OPCODE=0x24 [ADD] REG[8] = REG[8] + REG[1] -> 0
cycle 699453: PC=0x001f OPCODE=0x05 [DMA READ] addr=536870912 size=18432
cycle 699454: PC=0x0020 OPCODE=0x1d [WAIT DMA] still busy, stall
cycle 722493: PC=0x0020 OPCODE=0x1d [WAIT DMA] done, continue
cycle 722494: PC=0x0021 OPCODE=0x22 [MULI] REG[9] = REG[3] * 2048 -> 2621440
cycle 722495: PC=0x0022 OPCODE=0x24 [ADD] REG[9] = REG[9] + REG[2] -> 2623360
cycle 722496: PC=0x0023 OPCODE=0x04 [DMA READ] addr=271058816 size=8192
cycle 722497: PC=0x0024 OPCODE=0x1d [WAIT DMA] still busy, stall
cycle 732736: PC=0x0024 OPCODE=0x1d [WAIT DMA] done, continue
cycle 732737: PC=0x0025 OPCODE=0x18 [CPT_TAGXY] type=1 tag=(0,0)
cycle 732738: PC=0x0026 OPCODE=0x22 [MULI] REG[10] = REG[4] * 128 -> 62208
cycle 732739: PC=0x0027 OPCODE=0x24 [ADD] REG[10] = REG[10] + REG[5] -> 63168
cycle 732740: PC=0x0028 OPCODE=0x08 [G2P] addr=67264 tag=(0,0) size=576
cycle 732741: PC=0x0029 OPCODE=0x1d [WAIT GLB] still busy, stall
cycle 733028: PC=0x0029 OPCODE=0x1d [WAIT GLB] done, continue
cycle 733029: PC=0x002a OPCODE=0x18 [CPT_TAGXY] type=2 tag=(0,0)
cycle 733030: PC=0x002b OPCODE=0x22 [MULI] REG[11] = REG[3] * 128 -> 163840
cycle 733031: PC=0x002c OPCODE=0x22 [MULI] REG[12] = REG[6] * 128 -> 11904
cycle 733032: PC=0x002d OPCODE=0x24 [ADD] REG[11] = REG[11] + REG[5] -> 164800
cycle 733033: PC=0x002e OPCODE=0x24 [ADD] REG[11] = REG[11] + REG[12] -> 176704
cycle 733034: PC=0x002f OPCODE=0x08 [G2P] addr=184896 tag=(0,0) size=32
cycle 733035: PC=0x0030 OPCODE=0x1d [WAIT GLB] still busy, stall
cycle 733050: PC=0x0030 OPCODE=0x1d [WAIT GLB] done, continue
cycle 733051: PC=0x0031 OPCODE=0x18 [CPT_TAGXY] type=0 tag=(0,0)
cycle 733052: PC=0x0032 OPCODE=0x22 [MULI] REG[13] = REG[6] * 36 -> 3348
cycle 733053: PC=0x0033 OPCODE=0x08 [G2P] addr=3348 tag=(0,0) size=144
cycle 733054: PC=0x0034 OPCODE=0x1d [WAIT GLB] still busy, stall
cycle 733125: PC=0x0034 OPCODE=0x1d [WAIT GLB] done, continue
cycle 733126: PC=0x0035 OPCODE=0x1c [COMPUTE] valid_e=0
cycle 733127: PC=0x0036 OPCODE=0x1d [WAIT PE_ARRAY]
cycle 733128: PC=0x0037 OPCODE=0x18 [CPT_TAGXY] type=3 tag=(0,0)
cycle 733129: PC=0x0038 OPCODE=0x09 [P2G] addr=184896 tag=(0,0) size=32
cycle 733130: PC=0x0039 OPCODE=0x1f [LOOP] REG[6]<=64 ? target=42 : PC+1, after += 1 -> REG=94, nextPC=58
cycle 733131: PC=0x003a OPCODE=0x1f [LOOP] REG[5]<=128 ? target=37 : PC+1, after += 32 -> REG=992, nextPC=59
cycle 733132: PC=0x003b OPCODE=0x1f [LOOP] REG[4]<=144 ? target=37 : PC+1, after += 18 -> REG=504, nextPC=60
cycle 733133: PC=0x003c OPCODE=0x1f [LOOP] REG[3]<=64 ? target=33 : PC+1, after += 64 -> REG=1344, nextPC=61
cycle 733134: PC=0x003d OPCODE=0x1f [LOOP] REG[2]<=8192 ? target=29 : PC+1, after += 96 -> REG=2016, nextPC=29
cycle 733135: PC=0x001d OPCODE=0x22 [MULI] REG[8] = REG[8] * 256 -> 0
cycle 733136: PC=0x001e OPCODE=0x24 [ADD] REG[8] = REG[8] + REG[1] -> 0
cycle 733137: PC=0x001f OPCODE=0x05 [DMA READ] addr=536870912 size=18432
cycle 733138: PC=0x0020 OPCODE=0x1d [WAIT DMA] still busy, stall
cycle 756177: PC=0x0020 OPCODE=0x1d [WAIT DMA] done, continue
cycle 756178: PC=0x0021 OPCODE=0x22 [MULI] REG[9] = REG[3] * 2048 -> 2752512
cycle 756179: PC=0x0022 OPCODE=0x24 [ADD] REG[9] = REG[9] + REG[2] -> 2754528
cycle 756180: PC=0x0023 OPCODE=0x04 [DMA READ] addr=271189984 size=8192
cycle 756181: PC=0x0024 OPCODE=0x1d [WAIT DMA] still busy, stall
cycle 766420: PC=0x0024 OPCODE=0x1d [WAIT DMA] done, continue
cycle 766421: PC=0x0025 OPCODE=0x18 [CPT_TAGXY] type=1 tag=(0,0)
cycle 766422: PC=0x0026 OPCODE=0x22 [MULI] REG[10] = REG[4] * 128 -> 64512
cycle 766423: PC=0x0027 OPCODE=0x24 [ADD] REG[10] = REG[10] + REG[5] -> 65504
cycle 766424: PC=0x0028 OPCODE=0x08 [G2P] addr=69600 tag=(0,0) size=576
cycle 766425: PC=0x0029 OPCODE=0x1d [WAIT GLB] still busy, stall
cycle 766712: PC=0x0029 OPCODE=0x1d [WAIT GLB] done, continue
cycle 766713: PC=0x002a OPCODE=0x18 [CPT_TAGXY] type=2 tag=(0,0)
cycle 766714: PC=0x002b OPCODE=0x22 [MULI] REG[11] = REG[3] * 128 -> 172032
cycle 766715: PC=0x002c OPCODE=0x22 [MULI] REG[12] = REG[6] * 128 -> 12032
cycle 766716: PC=0x002d OPCODE=0x24 [ADD] REG[11] = REG[11] + REG[5] -> 173024
cycle 766717: PC=0x002e OPCODE=0x24 [ADD] REG[11] = REG[11] + REG[12] -> 185056
cycle 766718: PC=0x002f OPCODE=0x08 [G2P] addr=193248 tag=(0,0) size=32
cycle 766719: PC=0x0030 OPCODE=0x1d [WAIT GLB] still busy, stall
cycle 766734: PC=0x0030 OPCODE=0x1d [WAIT GLB] done, continue
cycle 766735: PC=0x0031 OPCODE=0x18 [CPT_TAGXY] type=0 tag=(0,0)
cycle 766736: PC=0x0032 OPCODE=0x22 [MULI] REG[13] = REG[6] * 36 -> 3384
cycle 766737: PC=0x0033 OPCODE=0x08 [G2P] addr=3384 tag=(0,0) size=144
cycle 766738: PC=0x0034 OPCODE=0x1d [WAIT GLB] still busy, stall
cycle 766809: PC=0x0034 OPCODE=0x1d [WAIT GLB] done, continue
cycle 766810: PC=0x0035 OPCODE=0x1c [COMPUTE] valid_e=0
cycle 766811: PC=0x0036 OPCODE=0x1d [WAIT PE_ARRAY]
cycle 766812: PC=0x0037 OPCODE=0x18 [CPT_TAGXY] type=3 tag=(0,0)
cycle 766813: PC=0x0038 OPCODE=0x09 [P2G] addr=193248 tag=(0,0) size=32
cycle 766814: PC=0x0039 OPCODE=0x1f [LOOP] REG[6]<=64 ? target=42 : PC+1, after += 1 -> REG=95, nextPC=58
cycle 766815: PC=0x003a OPCODE=0x1f [LOOP] REG[5]<=128 ? target=37 : PC+1, after += 32 -> REG=1024, nextPC=59
cycle 766816: PC=0x003b OPCODE=0x1f [LOOP] REG[4]<=144 ? target=37 : PC+1, after += 18 -> REG=522, nextPC=60
cycle 766817: PC=0x003c OPCODE=0x1f [LOOP] REG[3]<=64 ? target=33 : PC+1, after += 64 -> REG=1408, nextPC=61
cycle 766818: PC=0x003d OPCODE=0x1f [LOOP] REG[2]<=8192 ? target=29 : PC+1, after += 96 -> REG=2112, nextPC=29
cycle 766819: PC=0x001d OPCODE=0x22 [MULI] REG[8] = REG[8] * 256 -> 0
cycle 766820: PC=0x001e OPCODE=0x24 [ADD] REG[8] = REG[8] + REG[1] -> 0
cycle 766821: PC=0x001f OPCODE=0x05 [DMA READ] addr=536870912 size=18432
cycle 766822: PC=0x0020 OPCODE=0x1d [WAIT DMA] still busy, stall
cycle 789861: PC=0x0020 OPCODE=0x1d [WAIT DMA] done, continue
cycle 789862: PC=0x0021 OPCODE=0x22 [MULI] REG[9] = REG[3] * 2048 -> 2883584
cycle 789863: PC=0x0022 OPCODE=0x24 [ADD] REG[9] = REG[9] + REG[2] -> 2885696
cycle 789864: PC=0x0023 OPCODE=0x04 [DMA READ] addr=271321152 size=8192
cycle 789865: PC=0x0024 OPCODE=0x1d [WAIT DMA] still busy, stall
cycle 800104: PC=0x0024 OPCODE=0x1d [WAIT DMA] done, continue
cycle 800105: PC=0x0025 OPCODE=0x18 [CPT_TAGXY] type=1 tag=(0,0)
cycle 800106: PC=0x0026 OPCODE=0x22 [MULI] REG[10] = REG[4] * 128 -> 66816
cycle 800107: PC=0x0027 OPCODE=0x24 [ADD] REG[10] = REG[10] + REG[5] -> 67840
cycle 800108: PC=0x0028 OPCODE=0x08 [G2P] addr=71936 tag=(0,0) size=576
cycle 800109: PC=0x0029 OPCODE=0x1d [WAIT GLB] still busy, stall
cycle 800396: PC=0x0029 OPCODE=0x1d [WAIT GLB] done, continue
cycle 800397: PC=0x002a OPCODE=0x18 [CPT_TAGXY] type=2 tag=(0,0)
cycle 800398: PC=0x002b OPCODE=0x22 [MULI] REG[11] = REG[3] * 128 -> 180224
cycle 800399: PC=0x002c OPCODE=0x22 [MULI] REG[12] = REG[6] * 128 -> 12160
cycle 800400: PC=0x002d OPCODE=0x24 [ADD] REG[11] = REG[11] + REG[5] -> 181248
cycle 800401: PC=0x002e OPCODE=0x24 [ADD] REG[11] = REG[11] + REG[12] -> 193408
cycle 800402: PC=0x002f OPCODE=0x08 [G2P] addr=201600 tag=(0,0) size=32
cycle 800403: PC=0x0030 OPCODE=0x1d [WAIT GLB] still busy, stall
cycle 800418: PC=0x0030 OPCODE=0x1d [WAIT GLB] done, continue
cycle 800419: PC=0x0031 OPCODE=0x18 [CPT_TAGXY] type=0 tag=(0,0)
cycle 800420: PC=0x0032 OPCODE=0x22 [MULI] REG[13] = REG[6] * 36 -> 3420
cycle 800421: PC=0x0033 OPCODE=0x08 [G2P] addr=3420 tag=(0,0) size=144
cycle 800422: PC=0x0034 OPCODE=0x1d [WAIT GLB] still busy, stall
cycle 800493: PC=0x0034 OPCODE=0x1d [WAIT GLB] done, continue
cycle 800494: PC=0x0035 OPCODE=0x1c [COMPUTE] valid_e=0
cycle 800495: PC=0x0036 OPCODE=0x1d [WAIT PE_ARRAY]
cycle 800496: PC=0x0037 OPCODE=0x18 [CPT_TAGXY] type=3 tag=(0,0)
cycle 800497: PC=0x0038 OPCODE=0x09 [P2G] addr=201600 tag=(0,0) size=32
cycle 800498: PC=0x0039 OPCODE=0x1f [LOOP] REG[6]<=64 ? target=42 : PC+1, after += 1 -> REG=96, nextPC=58
cycle 800499: PC=0x003a OPCODE=0x1f [LOOP] REG[5]<=128 ? target=37 : PC+1, after += 32 -> REG=1056, nextPC=59
cycle 800500: PC=0x003b OPCODE=0x1f [LOOP] REG[4]<=144 ? target=37 : PC+1, after += 18 -> REG=540, nextPC=60
cycle 800501: PC=0x003c OPCODE=0x1f [LOOP] REG[3]<=64 ? target=33 : PC+1, after += 64 -> REG=1472, nextPC=61
cycle 800502: PC=0x003d OPCODE=0x1f [LOOP] REG[2]<=8192 ? target=29 : PC+1, after += 96 -> REG=2208, nextPC=29
cycle 800503: PC=0x001d OPCODE=0x22 [MULI] REG[8] = REG[8] * 256 -> 0
cycle 800504: PC=0x001e OPCODE=0x24 [ADD] REG[8] = REG[8] + REG[1] -> 0
cycle 800505: PC=0x001f OPCODE=0x05 [DMA READ] addr=536870912 size=18432
cycle 800506: PC=0x0020 OPCODE=0x1d [WAIT DMA] still busy, stall
cycle 823545: PC=0x0020 OPCODE=0x1d [WAIT DMA] done, continue
cycle 823546: PC=0x0021 OPCODE=0x22 [MULI] REG[9] = REG[3] * 2048 -> 3014656
cycle 823547: PC=0x0022 OPCODE=0x24 [ADD] REG[9] = REG[9] + REG[2] -> 3016864
cycle 823548: PC=0x0023 OPCODE=0x04 [DMA READ] addr=271452320 size=8192
cycle 823549: PC=0x0024 OPCODE=0x1d [WAIT DMA] still busy, stall
cycle 833788: PC=0x0024 OPCODE=0x1d [WAIT DMA] done, continue
cycle 833789: PC=0x0025 OPCODE=0x18 [CPT_TAGXY] type=1 tag=(0,0)
cycle 833790: PC=0x0026 OPCODE=0x22 [MULI] REG[10] = REG[4] * 128 -> 69120
cycle 833791: PC=0x0027 OPCODE=0x24 [ADD] REG[10] = REG[10] + REG[5] -> 70176
cycle 833792: PC=0x0028 OPCODE=0x08 [G2P] addr=74272 tag=(0,0) size=576
cycle 833793: PC=0x0029 OPCODE=0x1d [WAIT GLB] still busy, stall
cycle 834080: PC=0x0029 OPCODE=0x1d [WAIT GLB] done, continue
cycle 834081: PC=0x002a OPCODE=0x18 [CPT_TAGXY] type=2 tag=(0,0)
cycle 834082: PC=0x002b OPCODE=0x22 [MULI] REG[11] = REG[3] * 128 -> 188416
cycle 834083: PC=0x002c OPCODE=0x22 [MULI] REG[12] = REG[6] * 128 -> 12288
cycle 834084: PC=0x002d OPCODE=0x24 [ADD] REG[11] = REG[11] + REG[5] -> 189472
cycle 834085: PC=0x002e OPCODE=0x24 [ADD] REG[11] = REG[11] + REG[12] -> 201760
cycle 834086: PC=0x002f OPCODE=0x08 [G2P] addr=209952 tag=(0,0) size=32
cycle 834087: PC=0x0030 OPCODE=0x1d [WAIT GLB] still busy, stall
cycle 834102: PC=0x0030 OPCODE=0x1d [WAIT GLB] done, continue
cycle 834103: PC=0x0031 OPCODE=0x18 [CPT_TAGXY] type=0 tag=(0,0)
cycle 834104: PC=0x0032 OPCODE=0x22 [MULI] REG[13] = REG[6] * 36 -> 3456
cycle 834105: PC=0x0033 OPCODE=0x08 [G2P] addr=3456 tag=(0,0) size=144
cycle 834106: PC=0x0034 OPCODE=0x1d [WAIT GLB] still busy, stall
cycle 834177: PC=0x0034 OPCODE=0x1d [WAIT GLB] done, continue
cycle 834178: PC=0x0035 OPCODE=0x1c [COMPUTE] valid_e=0
cycle 834179: PC=0x0036 OPCODE=0x1d [WAIT PE_ARRAY]
cycle 834180: PC=0x0037 OPCODE=0x18 [CPT_TAGXY] type=3 tag=(0,0)
cycle 834181: PC=0x0038 OPCODE=0x09 [P2G] addr=209952 tag=(0,0) size=32
cycle 834182: PC=0x0039 OPCODE=0x1f [LOOP] REG[6]<=64 ? target=42 : PC+1, after += 1 -> REG=97, nextPC=58
cycle 834183: PC=0x003a OPCODE=0x1f [LOOP] REG[5]<=128 ? target=37 : PC+1, after += 32 -> REG=1088, nextPC=59
cycle 834184: PC=0x003b OPCODE=0x1f [LOOP] REG[4]<=144 ? target=37 : PC+1, after += 18 -> REG=558, nextPC=60
cycle 834185: PC=0x003c OPCODE=0x1f [LOOP] REG[3]<=64 ? target=33 : PC+1, after += 64 -> REG=1536, nextPC=61
cycle 834186: PC=0x003d OPCODE=0x1f [LOOP] REG[2]<=8192 ? target=29 : PC+1, after += 96 -> REG=2304, nextPC=29
cycle 834187: PC=0x001d OPCODE=0x22 [MULI] REG[8] = REG[8] * 256 -> 0
cycle 834188: PC=0x001e OPCODE=0x24 [ADD] REG[8] = REG[8] + REG[1] -> 0
cycle 834189: PC=0x001f OPCODE=0x05 [DMA READ] addr=536870912 size=18432
cycle 834190: PC=0x0020 OPCODE=0x1d [WAIT DMA] still busy, stall
cycle 857229: PC=0x0020 OPCODE=0x1d [WAIT DMA] done, continue
cycle 857230: PC=0x0021 OPCODE=0x22 [MULI] REG[9] = REG[3] * 2048 -> 3145728
cycle 857231: PC=0x0022 OPCODE=0x24 [ADD] REG[9] = REG[9] + REG[2] -> 3148032
cycle 857232: PC=0x0023 OPCODE=0x04 [DMA READ] addr=271583488 size=8192
cycle 857233: PC=0x0024 OPCODE=0x1d [WAIT DMA] still busy, stall
cycle 867472: PC=0x0024 OPCODE=0x1d [WAIT DMA] done, continue
cycle 867473: PC=0x0025 OPCODE=0x18 [CPT_TAGXY] type=1 tag=(0,0)
cycle 867474: PC=0x0026 OPCODE=0x22 [MULI] REG[10] = REG[4] * 128 -> 71424
cycle 867475: PC=0x0027 OPCODE=0x24 [ADD] REG[10] = REG[10] + REG[5] -> 72512
cycle 867476: PC=0x0028 OPCODE=0x08 [G2P] addr=76608 tag=(0,0) size=576
cycle 867477: PC=0x0029 OPCODE=0x1d [WAIT GLB] still busy, stall
cycle 867764: PC=0x0029 OPCODE=0x1d [WAIT GLB] done, continue
cycle 867765: PC=0x002a OPCODE=0x18 [CPT_TAGXY] type=2 tag=(0,0)
cycle 867766: PC=0x002b OPCODE=0x22 [MULI] REG[11] = REG[3] * 128 -> 196608
cycle 867767: PC=0x002c OPCODE=0x22 [MULI] REG[12] = REG[6] * 128 -> 12416
cycle 867768: PC=0x002d OPCODE=0x24 [ADD] REG[11] = REG[11] + REG[5] -> 197696
cycle 867769: PC=0x002e OPCODE=0x24 [ADD] REG[11] = REG[11] + REG[12] -> 210112
cycle 867770: PC=0x002f OPCODE=0x08 [G2P] addr=218304 tag=(0,0) size=32
cycle 867771: PC=0x0030 OPCODE=0x1d [WAIT GLB] still busy, stall
cycle 867786: PC=0x0030 OPCODE=0x1d [WAIT GLB] done, continue
cycle 867787: PC=0x0031 OPCODE=0x18 [CPT_TAGXY] type=0 tag=(0,0)
cycle 867788: PC=0x0032 OPCODE=0x22 [MULI] REG[13] = REG[6] * 36 -> 3492
cycle 867789: PC=0x0033 OPCODE=0x08 [G2P] addr=3492 tag=(0,0) size=144
cycle 867790: PC=0x0034 OPCODE=0x1d [WAIT GLB] still busy, stall
cycle 867861: PC=0x0034 OPCODE=0x1d [WAIT GLB] done, continue
cycle 867862: PC=0x0035 OPCODE=0x1c [COMPUTE] valid_e=0
cycle 867863: PC=0x0036 OPCODE=0x1d [WAIT PE_ARRAY]
cycle 867864: PC=0x0037 OPCODE=0x18 [CPT_TAGXY] type=3 tag=(0,0)
cycle 867865: PC=0x0038 OPCODE=0x09 [P2G] addr=218304 tag=(0,0) size=32
cycle 867866: PC=0x0039 OPCODE=0x1f [LOOP] REG[6]<=64 ? target=42 : PC+1, after += 1 -> REG=98, nextPC=58
cycle 867867: PC=0x003a OPCODE=0x1f [LOOP] REG[5]<=128 ? target=37 : PC+1, after += 32 -> REG=1120, nextPC=59
cycle 867868: PC=0x003b OPCODE=0x1f [LOOP] REG[4]<=144 ? target=37 : PC+1, after += 18 -> REG=576, nextPC=60
cycle 867869: PC=0x003c OPCODE=0x1f [LOOP] REG[3]<=64 ? target=33 : PC+1, after += 64 -> REG=1600, nextPC=61
cycle 867870: PC=0x003d OPCODE=0x1f [LOOP] REG[2]<=8192 ? target=29 : PC+1, after += 96 -> REG=2400, nextPC=29
cycle 867871: PC=0x001d OPCODE=0x22 [MULI] REG[8] = REG[8] * 256 -> 0
cycle 867872: PC=0x001e OPCODE=0x24 [ADD] REG[8] = REG[8] + REG[1] -> 0
cycle 867873: PC=0x001f OPCODE=0x05 [DMA READ] addr=536870912 size=18432
cycle 867874: PC=0x0020 OPCODE=0x1d [WAIT DMA] still busy, stall
cycle 890913: PC=0x0020 OPCODE=0x1d [WAIT DMA] done, continue
cycle 890914: PC=0x0021 OPCODE=0x22 [MULI] REG[9] = REG[3] * 2048 -> 3276800
cycle 890915: PC=0x0022 OPCODE=0x24 [ADD] REG[9] = REG[9] + REG[2] -> 3279200
cycle 890916: PC=0x0023 OPCODE=0x04 [DMA READ] addr=271714656 size=8192
cycle 890917: PC=0x0024 OPCODE=0x1d [WAIT DMA] still busy, stall
cycle 901156: PC=0x0024 OPCODE=0x1d [WAIT DMA] done, continue
cycle 901157: PC=0x0025 OPCODE=0x18 [CPT_TAGXY] type=1 tag=(0,0)
cycle 901158: PC=0x0026 OPCODE=0x22 [MULI] REG[10] = REG[4] * 128 -> 73728
cycle 901159: PC=0x0027 OPCODE=0x24 [ADD] REG[10] = REG[10] + REG[5] -> 74848
cycle 901160: PC=0x0028 OPCODE=0x08 [G2P] addr=78944 tag=(0,0) size=576
cycle 901161: PC=0x0029 OPCODE=0x1d [WAIT GLB] still busy, stall
cycle 901448: PC=0x0029 OPCODE=0x1d [WAIT GLB] done, continue
cycle 901449: PC=0x002a OPCODE=0x18 [CPT_TAGXY] type=2 tag=(0,0)
cycle 901450: PC=0x002b OPCODE=0x22 [MULI] REG[11] = REG[3] * 128 -> 204800
cycle 901451: PC=0x002c OPCODE=0x22 [MULI] REG[12] = REG[6] * 128 -> 12544
cycle 901452: PC=0x002d OPCODE=0x24 [ADD] REG[11] = REG[11] + REG[5] -> 205920
cycle 901453: PC=0x002e OPCODE=0x24 [ADD] REG[11] = REG[11] + REG[12] -> 218464
cycle 901454: PC=0x002f OPCODE=0x08 [G2P] addr=226656 tag=(0,0) size=32
cycle 901455: PC=0x0030 OPCODE=0x1d [WAIT GLB] still busy, stall
cycle 901470: PC=0x0030 OPCODE=0x1d [WAIT GLB] done, continue
cycle 901471: PC=0x0031 OPCODE=0x18 [CPT_TAGXY] type=0 tag=(0,0)
cycle 901472: PC=0x0032 OPCODE=0x22 [MULI] REG[13] = REG[6] * 36 -> 3528
cycle 901473: PC=0x0033 OPCODE=0x08 [G2P] addr=3528 tag=(0,0) size=144
cycle 901474: PC=0x0034 OPCODE=0x1d [WAIT GLB] still busy, stall
cycle 901545: PC=0x0034 OPCODE=0x1d [WAIT GLB] done, continue
cycle 901546: PC=0x0035 OPCODE=0x1c [COMPUTE] valid_e=0
cycle 901547: PC=0x0036 OPCODE=0x1d [WAIT PE_ARRAY]
cycle 901548: PC=0x0037 OPCODE=0x18 [CPT_TAGXY] type=3 tag=(0,0)
cycle 901549: PC=0x0038 OPCODE=0x09 [P2G] addr=226656 tag=(0,0) size=32
cycle 901550: PC=0x0039 OPCODE=0x1f [LOOP] REG[6]<=64 ? target=42 : PC+1, after += 1 -> REG=99, nextPC=58
cycle 901551: PC=0x003a OPCODE=0x1f [LOOP] REG[5]<=128 ? target=37 : PC+1, after += 32 -> REG=1152, nextPC=59
cycle 901552: PC=0x003b OPCODE=0x1f [LOOP] REG[4]<=144 ? target=37 : PC+1, after += 18 -> REG=594, nextPC=60
cycle 901553: PC=0x003c OPCODE=0x1f [LOOP] REG[3]<=64 ? target=33 : PC+1, after += 64 -> REG=1664, nextPC=61
cycle 901554: PC=0x003d OPCODE=0x1f [LOOP] REG[2]<=8192 ? target=29 : PC+1, after += 96 -> REG=2496, nextPC=29
cycle 901555: PC=0x001d OPCODE=0x22 [MULI] REG[8] = REG[8] * 256 -> 0
cycle 901556: PC=0x001e OPCODE=0x24 [ADD] REG[8] = REG[8] + REG[1] -> 0
cycle 901557: PC=0x001f OPCODE=0x05 [DMA READ] addr=536870912 size=18432
cycle 901558: PC=0x0020 OPCODE=0x1d [WAIT DMA] still busy, stall
cycle 924597: PC=0x0020 OPCODE=0x1d [WAIT DMA] done, continue
cycle 924598: PC=0x0021 OPCODE=0x22 [MULI] REG[9] = REG[3] * 2048 -> 3407872
cycle 924599: PC=0x0022 OPCODE=0x24 [ADD] REG[9] = REG[9] + REG[2] -> 3410368
cycle 924600: PC=0x0023 OPCODE=0x04 [DMA READ] addr=271845824 size=8192
cycle 924601: PC=0x0024 OPCODE=0x1d [WAIT DMA] still busy, stall
cycle 934840: PC=0x0024 OPCODE=0x1d [WAIT DMA] done, continue
cycle 934841: PC=0x0025 OPCODE=0x18 [CPT_TAGXY] type=1 tag=(0,0)
cycle 934842: PC=0x0026 OPCODE=0x22 [MULI] REG[10] = REG[4] * 128 -> 76032
cycle 934843: PC=0x0027 OPCODE=0x24 [ADD] REG[10] = REG[10] + REG[5] -> 77184
cycle 934844: PC=0x0028 OPCODE=0x08 [G2P] addr=81280 tag=(0,0) size=576
cycle 934845: PC=0x0029 OPCODE=0x1d [WAIT GLB] still busy, stall
cycle 935132: PC=0x0029 OPCODE=0x1d [WAIT GLB] done, continue
cycle 935133: PC=0x002a OPCODE=0x18 [CPT_TAGXY] type=2 tag=(0,0)
cycle 935134: PC=0x002b OPCODE=0x22 [MULI] REG[11] = REG[3] * 128 -> 212992
cycle 935135: PC=0x002c OPCODE=0x22 [MULI] REG[12] = REG[6] * 128 -> 12672
cycle 935136: PC=0x002d OPCODE=0x24 [ADD] REG[11] = REG[11] + REG[5] -> 214144
cycle 935137: PC=0x002e OPCODE=0x24 [ADD] REG[11] = REG[11] + REG[12] -> 226816
cycle 935138: PC=0x002f OPCODE=0x08 [G2P] addr=235008 tag=(0,0) size=32
cycle 935139: PC=0x0030 OPCODE=0x1d [WAIT GLB] still busy, stall
cycle 935154: PC=0x0030 OPCODE=0x1d [WAIT GLB] done, continue
cycle 935155: PC=0x0031 OPCODE=0x18 [CPT_TAGXY] type=0 tag=(0,0)
cycle 935156: PC=0x0032 OPCODE=0x22 [MULI] REG[13] = REG[6] * 36 -> 3564
cycle 935157: PC=0x0033 OPCODE=0x08 [G2P] addr=3564 tag=(0,0) size=144
cycle 935158: PC=0x0034 OPCODE=0x1d [WAIT GLB] still busy, stall
cycle 935229: PC=0x0034 OPCODE=0x1d [WAIT GLB] done, continue
cycle 935230: PC=0x0035 OPCODE=0x1c [COMPUTE] valid_e=0
cycle 935231: PC=0x0036 OPCODE=0x1d [WAIT PE_ARRAY]
cycle 935232: PC=0x0037 OPCODE=0x18 [CPT_TAGXY] type=3 tag=(0,0)
cycle 935233: PC=0x0038 OPCODE=0x09 [P2G] addr=235008 tag=(0,0) size=32
cycle 935234: PC=0x0039 OPCODE=0x1f [LOOP] REG[6]<=64 ? target=42 : PC+1, after += 1 -> REG=100, nextPC=58
cycle 935235: PC=0x003a OPCODE=0x1f [LOOP] REG[5]<=128 ? target=37 : PC+1, after += 32 -> REG=1184, nextPC=59
cycle 935236: PC=0x003b OPCODE=0x1f [LOOP] REG[4]<=144 ? target=37 : PC+1, after += 18 -> REG=612, nextPC=60
cycle 935237: PC=0x003c OPCODE=0x1f [LOOP] REG[3]<=64 ? target=33 : PC+1, after += 64 -> REG=1728, nextPC=61
cycle 935238: PC=0x003d OPCODE=0x1f [LOOP] REG[2]<=8192 ? target=29 : PC+1, after += 96 -> REG=2592, nextPC=29
cycle 935239: PC=0x001d OPCODE=0x22 [MULI] REG[8] = REG[8] * 256 -> 0
cycle 935240: PC=0x001e OPCODE=0x24 [ADD] REG[8] = REG[8] + REG[1] -> 0
cycle 935241: PC=0x001f OPCODE=0x05 [DMA READ] addr=536870912 size=18432
cycle 935242: PC=0x0020 OPCODE=0x1d [WAIT DMA] still busy, stall
cycle 958281: PC=0x0020 OPCODE=0x1d [WAIT DMA] done, continue
cycle 958282: PC=0x0021 OPCODE=0x22 [MULI] REG[9] = REG[3] * 2048 -> 3538944
cycle 958283: PC=0x0022 OPCODE=0x24 [ADD] REG[9] = REG[9] + REG[2] -> 3541536
cycle 958284: PC=0x0023 OPCODE=0x04 [DMA READ] addr=271976992 size=8192
cycle 958285: PC=0x0024 OPCODE=0x1d [WAIT DMA] still busy, stall
cycle 968524: PC=0x0024 OPCODE=0x1d [WAIT DMA] done, continue
cycle 968525: PC=0x0025 OPCODE=0x18 [CPT_TAGXY] type=1 tag=(0,0)
cycle 968526: PC=0x0026 OPCODE=0x22 [MULI] REG[10] = REG[4] * 128 -> 78336
cycle 968527: PC=0x0027 OPCODE=0x24 [ADD] REG[10] = REG[10] + REG[5] -> 79520
cycle 968528: PC=0x0028 OPCODE=0x08 [G2P] addr=83616 tag=(0,0) size=576
cycle 968529: PC=0x0029 OPCODE=0x1d [WAIT GLB] still busy, stall
cycle 968816: PC=0x0029 OPCODE=0x1d [WAIT GLB] done, continue
cycle 968817: PC=0x002a OPCODE=0x18 [CPT_TAGXY] type=2 tag=(0,0)
cycle 968818: PC=0x002b OPCODE=0x22 [MULI] REG[11] = REG[3] * 128 -> 221184
cycle 968819: PC=0x002c OPCODE=0x22 [MULI] REG[12] = REG[6] * 128 -> 12800
cycle 968820: PC=0x002d OPCODE=0x24 [ADD] REG[11] = REG[11] + REG[5] -> 222368
cycle 968821: PC=0x002e OPCODE=0x24 [ADD] REG[11] = REG[11] + REG[12] -> 235168
cycle 968822: PC=0x002f OPCODE=0x08 [G2P] addr=243360 tag=(0,0) size=32
cycle 968823: PC=0x0030 OPCODE=0x1d [WAIT GLB] still busy, stall
cycle 968838: PC=0x0030 OPCODE=0x1d [WAIT GLB] done, continue
cycle 968839: PC=0x0031 OPCODE=0x18 [CPT_TAGXY] type=0 tag=(0,0)
cycle 968840: PC=0x0032 OPCODE=0x22 [MULI] REG[13] = REG[6] * 36 -> 3600
cycle 968841: PC=0x0033 OPCODE=0x08 [G2P] addr=3600 tag=(0,0) size=144
cycle 968842: PC=0x0034 OPCODE=0x1d [WAIT GLB] still busy, stall
cycle 968913: PC=0x0034 OPCODE=0x1d [WAIT GLB] done, continue
cycle 968914: PC=0x0035 OPCODE=0x1c [COMPUTE] valid_e=0
cycle 968915: PC=0x0036 OPCODE=0x1d [WAIT PE_ARRAY]
cycle 968916: PC=0x0037 OPCODE=0x18 [CPT_TAGXY] type=3 tag=(0,0)
cycle 968917: PC=0x0038 OPCODE=0x09 [P2G] addr=243360 tag=(0,0) size=32
cycle 968918: PC=0x0039 OPCODE=0x1f [LOOP] REG[6]<=64 ? target=42 : PC+1, after += 1 -> REG=101, nextPC=58
cycle 968919: PC=0x003a OPCODE=0x1f [LOOP] REG[5]<=128 ? target=37 : PC+1, after += 32 -> REG=1216, nextPC=59
cycle 968920: PC=0x003b OPCODE=0x1f [LOOP] REG[4]<=144 ? target=37 : PC+1, after += 18 -> REG=630, nextPC=60
cycle 968921: PC=0x003c OPCODE=0x1f [LOOP] REG[3]<=64 ? target=33 : PC+1, after += 64 -> REG=1792, nextPC=61
cycle 968922: PC=0x003d OPCODE=0x1f [LOOP] REG[2]<=8192 ? target=29 : PC+1, after += 96 -> REG=2688, nextPC=29
cycle 968923: PC=0x001d OPCODE=0x22 [MULI] REG[8] = REG[8] * 256 -> 0
cycle 968924: PC=0x001e OPCODE=0x24 [ADD] REG[8] = REG[8] + REG[1] -> 0
cycle 968925: PC=0x001f OPCODE=0x05 [DMA READ] addr=536870912 size=18432
cycle 968926: PC=0x0020 OPCODE=0x1d [WAIT DMA] still busy, stall
cycle 991965: PC=0x0020 OPCODE=0x1d [WAIT DMA] done, continue
cycle 991966: PC=0x0021 OPCODE=0x22 [MULI] REG[9] = REG[3] * 2048 -> 3670016
cycle 991967: PC=0x0022 OPCODE=0x24 [ADD] REG[9] = REG[9] + REG[2] -> 3672704
cycle 991968: PC=0x0023 OPCODE=0x04 [DMA READ] addr=272108160 size=8192
cycle 991969: PC=0x0024 OPCODE=0x1d [WAIT DMA] still busy, stall
cycle 1002208: PC=0x0024 OPCODE=0x1d [WAIT DMA] done, continue
cycle 1002209: PC=0x0025 OPCODE=0x18 [CPT_TAGXY] type=1 tag=(0,0)
cycle 1002210: PC=0x0026 OPCODE=0x22 [MULI] REG[10] = REG[4] * 128 -> 80640
cycle 1002211: PC=0x0027 OPCODE=0x24 [ADD] REG[10] = REG[10] + REG[5] -> 81856
cycle 1002212: PC=0x0028 OPCODE=0x08 [G2P] addr=85952 tag=(0,0) size=576
cycle 1002213: PC=0x0029 OPCODE=0x1d [WAIT GLB] still busy, stall
cycle 1002500: PC=0x0029 OPCODE=0x1d [WAIT GLB] done, continue
cycle 1002501: PC=0x002a OPCODE=0x18 [CPT_TAGXY] type=2 tag=(0,0)
cycle 1002502: PC=0x002b OPCODE=0x22 [MULI] REG[11] = REG[3] * 128 -> 229376
cycle 1002503: PC=0x002c OPCODE=0x22 [MULI] REG[12] = REG[6] * 128 -> 12928
cycle 1002504: PC=0x002d OPCODE=0x24 [ADD] REG[11] = REG[11] + REG[5] -> 230592
cycle 1002505: PC=0x002e OPCODE=0x24 [ADD] REG[11] = REG[11] + REG[12] -> 243520
cycle 1002506: PC=0x002f OPCODE=0x08 [G2P] addr=251712 tag=(0,0) size=32
cycle 1002507: PC=0x0030 OPCODE=0x1d [WAIT GLB] still busy, stall
cycle 1002522: PC=0x0030 OPCODE=0x1d [WAIT GLB] done, continue
cycle 1002523: PC=0x0031 OPCODE=0x18 [CPT_TAGXY] type=0 tag=(0,0)
cycle 1002524: PC=0x0032 OPCODE=0x22 [MULI] REG[13] = REG[6] * 36 -> 3636
cycle 1002525: PC=0x0033 OPCODE=0x08 [G2P] addr=3636 tag=(0,0) size=144
cycle 1002526: PC=0x0034 OPCODE=0x1d [WAIT GLB] still busy, stall
cycle 1002597: PC=0x0034 OPCODE=0x1d [WAIT GLB] done, continue
cycle 1002598: PC=0x0035 OPCODE=0x1c [COMPUTE] valid_e=0
cycle 1002599: PC=0x0036 OPCODE=0x1d [WAIT PE_ARRAY]
cycle 1002600: PC=0x0037 OPCODE=0x18 [CPT_TAGXY] type=3 tag=(0,0)
cycle 1002601: PC=0x0038 OPCODE=0x09 [P2G] addr=251712 tag=(0,0) size=32
cycle 1002602: PC=0x0039 OPCODE=0x1f [LOOP] REG[6]<=64 ? target=42 : PC+1, after += 1 -> REG=102, nextPC=58
cycle 1002603: PC=0x003a OPCODE=0x1f [LOOP] REG[5]<=128 ? target=37 : PC+1, after += 32 -> REG=1248, nextPC=59
cycle 1002604: PC=0x003b OPCODE=0x1f [LOOP] REG[4]<=144 ? target=37 : PC+1, after += 18 -> REG=648, nextPC=60
cycle 1002605: PC=0x003c OPCODE=0x1f [LOOP] REG[3]<=64 ? target=33 : PC+1, after += 64 -> REG=1856, nextPC=61
cycle 1002606: PC=0x003d OPCODE=0x1f [LOOP] REG[2]<=8192 ? target=29 : PC+1, after += 96 -> REG=2784, nextPC=29
cycle 1002607: PC=0x001d OPCODE=0x22 [MULI] REG[8] = REG[8] * 256 -> 0
cycle 1002608: PC=0x001e OPCODE=0x24 [ADD] REG[8] = REG[8] + REG[1] -> 0
cycle 1002609: PC=0x001f OPCODE=0x05 [DMA READ] addr=536870912 size=18432
cycle 1002610: PC=0x0020 OPCODE=0x1d [WAIT DMA] still busy, stall
cycle 1025649: PC=0x0020 OPCODE=0x1d [WAIT DMA] done, continue
cycle 1025650: PC=0x0021 OPCODE=0x22 [MULI] REG[9] = REG[3] * 2048 -> 3801088
cycle 1025651: PC=0x0022 OPCODE=0x24 [ADD] REG[9] = REG[9] + REG[2] -> 3803872
cycle 1025652: PC=0x0023 OPCODE=0x04 [DMA READ] addr=272239328 size=8192
cycle 1025653: PC=0x0024 OPCODE=0x1d [WAIT DMA] still busy, stall
cycle 1035892: PC=0x0024 OPCODE=0x1d [WAIT DMA] done, continue
cycle 1035893: PC=0x0025 OPCODE=0x18 [CPT_TAGXY] type=1 tag=(0,0)
cycle 1035894: PC=0x0026 OPCODE=0x22 [MULI] REG[10] = REG[4] * 128 -> 82944
cycle 1035895: PC=0x0027 OPCODE=0x24 [ADD] REG[10] = REG[10] + REG[5] -> 84192
cycle 1035896: PC=0x0028 OPCODE=0x08 [G2P] addr=88288 tag=(0,0) size=576
cycle 1035897: PC=0x0029 OPCODE=0x1d [WAIT GLB] still busy, stall
cycle 1036184: PC=0x0029 OPCODE=0x1d [WAIT GLB] done, continue
cycle 1036185: PC=0x002a OPCODE=0x18 [CPT_TAGXY] type=2 tag=(0,0)
cycle 1036186: PC=0x002b OPCODE=0x22 [MULI] REG[11] = REG[3] * 128 -> 237568
cycle 1036187: PC=0x002c OPCODE=0x22 [MULI] REG[12] = REG[6] * 128 -> 13056
cycle 1036188: PC=0x002d OPCODE=0x24 [ADD] REG[11] = REG[11] + REG[5] -> 238816
cycle 1036189: PC=0x002e OPCODE=0x24 [ADD] REG[11] = REG[11] + REG[12] -> 251872
cycle 1036190: PC=0x002f OPCODE=0x08 [G2P] addr=260064 tag=(0,0) size=32
cycle 1036191: PC=0x0030 OPCODE=0x1d [WAIT GLB] still busy, stall
cycle 1036206: PC=0x0030 OPCODE=0x1d [WAIT GLB] done, continue
cycle 1036207: PC=0x0031 OPCODE=0x18 [CPT_TAGXY] type=0 tag=(0,0)
cycle 1036208: PC=0x0032 OPCODE=0x22 [MULI] REG[13] = REG[6] * 36 -> 3672
cycle 1036209: PC=0x0033 OPCODE=0x08 [G2P] addr=3672 tag=(0,0) size=144
cycle 1036210: PC=0x0034 OPCODE=0x1d [WAIT GLB] still busy, stall
cycle 1036281: PC=0x0034 OPCODE=0x1d [WAIT GLB] done, continue
cycle 1036282: PC=0x0035 OPCODE=0x1c [COMPUTE] valid_e=0
cycle 1036283: PC=0x0036 OPCODE=0x1d [WAIT PE_ARRAY]
cycle 1036284: PC=0x0037 OPCODE=0x18 [CPT_TAGXY] type=3 tag=(0,0)
cycle 1036285: PC=0x0038 OPCODE=0x09 [P2G] addr=260064 tag=(0,0) size=32
cycle 1036286: PC=0x0039 OPCODE=0x1f [LOOP] REG[6]<=64 ? target=42 : PC+1, after += 1 -> REG=103, nextPC=58
cycle 1036287: PC=0x003a OPCODE=0x1f [LOOP] REG[5]<=128 ? target=37 : PC+1, after += 32 -> REG=1280, nextPC=59
cycle 1036288: PC=0x003b OPCODE=0x1f [LOOP] REG[4]<=144 ? target=37 : PC+1, after += 18 -> REG=666, nextPC=60
cycle 1036289: PC=0x003c OPCODE=0x1f [LOOP] REG[3]<=64 ? target=33 : PC+1, after += 64 -> REG=1920, nextPC=61
cycle 1036290: PC=0x003d OPCODE=0x1f [LOOP] REG[2]<=8192 ? target=29 : PC+1, after += 96 -> REG=2880, nextPC=29
cycle 1036291: PC=0x001d OPCODE=0x22 [MULI] REG[8] = REG[8] * 256 -> 0
cycle 1036292: PC=0x001e OPCODE=0x24 [ADD] REG[8] = REG[8] + REG[1] -> 0
cycle 1036293: PC=0x001f OPCODE=0x05 [DMA READ] addr=536870912 size=18432
cycle 1036294: PC=0x0020 OPCODE=0x1d [WAIT DMA] still busy, stall
cycle 1059333: PC=0x0020 OPCODE=0x1d [WAIT DMA] done, continue
cycle 1059334: PC=0x0021 OPCODE=0x22 [MULI] REG[9] = REG[3] * 2048 -> 3932160
cycle 1059335: PC=0x0022 OPCODE=0x24 [ADD] REG[9] = REG[9] + REG[2] -> 3935040
cycle 1059336: PC=0x0023 OPCODE=0x04 [DMA READ] addr=272370496 size=8192
cycle 1059337: PC=0x0024 OPCODE=0x1d [WAIT DMA] still busy, stall
cycle 1069576: PC=0x0024 OPCODE=0x1d [WAIT DMA] done, continue
cycle 1069577: PC=0x0025 OPCODE=0x18 [CPT_TAGXY] type=1 tag=(0,0)
cycle 1069578: PC=0x0026 OPCODE=0x22 [MULI] REG[10] = REG[4] * 128 -> 85248
cycle 1069579: PC=0x0027 OPCODE=0x24 [ADD] REG[10] = REG[10] + REG[5] -> 86528
cycle 1069580: PC=0x0028 OPCODE=0x08 [G2P] addr=90624 tag=(0,0) size=576
cycle 1069581: PC=0x0029 OPCODE=0x1d [WAIT GLB] still busy, stall
cycle 1069868: PC=0x0029 OPCODE=0x1d [WAIT GLB] done, continue
cycle 1069869: PC=0x002a OPCODE=0x18 [CPT_TAGXY] type=2 tag=(0,0)
cycle 1069870: PC=0x002b OPCODE=0x22 [MULI] REG[11] = REG[3] * 128 -> 245760
cycle 1069871: PC=0x002c OPCODE=0x22 [MULI] REG[12] = REG[6] * 128 -> 13184
cycle 1069872: PC=0x002d OPCODE=0x24 [ADD] REG[11] = REG[11] + REG[5] -> 247040
cycle 1069873: PC=0x002e OPCODE=0x24 [ADD] REG[11] = REG[11] + REG[12] -> 260224
cycle 1069874: PC=0x002f OPCODE=0x08 [G2P] addr=268416 tag=(0,0) size=32
cycle 1069875: PC=0x0030 OPCODE=0x1d [WAIT GLB] still busy, stall
cycle 1069890: PC=0x0030 OPCODE=0x1d [WAIT GLB] done, continue
cycle 1069891: PC=0x0031 OPCODE=0x18 [CPT_TAGXY] type=0 tag=(0,0)
cycle 1069892: PC=0x0032 OPCODE=0x22 [MULI] REG[13] = REG[6] * 36 -> 3708
cycle 1069893: PC=0x0033 OPCODE=0x08 [G2P] addr=3708 tag=(0,0) size=144
cycle 1069894: PC=0x0034 OPCODE=0x1d [WAIT GLB] still busy, stall
cycle 1069965: PC=0x0034 OPCODE=0x1d [WAIT GLB] done, continue
cycle 1069966: PC=0x0035 OPCODE=0x1c [COMPUTE] valid_e=0
cycle 1069967: PC=0x0036 OPCODE=0x1d [WAIT PE_ARRAY]
cycle 1069968: PC=0x0037 OPCODE=0x18 [CPT_TAGXY] type=3 tag=(0,0)
cycle 1069969: PC=0x0038 OPCODE=0x09 [P2G] addr=268416 tag=(0,0) size=32
cycle 1069970: PC=0x0039 OPCODE=0x1f [LOOP] REG[6]<=64 ? target=42 : PC+1, after += 1 -> REG=104, nextPC=58
cycle 1069971: PC=0x003a OPCODE=0x1f [LOOP] REG[5]<=128 ? target=37 : PC+1, after += 32 -> REG=1312, nextPC=59
cycle 1069972: PC=0x003b OPCODE=0x1f [LOOP] REG[4]<=144 ? target=37 : PC+1, after += 18 -> REG=684, nextPC=60
cycle 1069973: PC=0x003c OPCODE=0x1f [LOOP] REG[3]<=64 ? target=33 : PC+1, after += 64 -> REG=1984, nextPC=61
cycle 1069974: PC=0x003d OPCODE=0x1f [LOOP] REG[2]<=8192 ? target=29 : PC+1, after += 96 -> REG=2976, nextPC=29
cycle 1069975: PC=0x001d OPCODE=0x22 [MULI] REG[8] = REG[8] * 256 -> 0
cycle 1069976: PC=0x001e OPCODE=0x24 [ADD] REG[8] = REG[8] + REG[1] -> 0
cycle 1069977: PC=0x001f OPCODE=0x05 [DMA READ] addr=536870912 size=18432
cycle 1069978: PC=0x0020 OPCODE=0x1d [WAIT DMA] still busy, stall
cycle 1093017: PC=0x0020 OPCODE=0x1d [WAIT DMA] done, continue
cycle 1093018: PC=0x0021 OPCODE=0x22 [MULI] REG[9] = REG[3] * 2048 -> 4063232
cycle 1093019: PC=0x0022 OPCODE=0x24 [ADD] REG[9] = REG[9] + REG[2] -> 4066208
cycle 1093020: PC=0x0023 OPCODE=0x04 [DMA READ] addr=272501664 size=8192
cycle 1093021: PC=0x0024 OPCODE=0x1d [WAIT DMA] still busy, stall
cycle 1103260: PC=0x0024 OPCODE=0x1d [WAIT DMA] done, continue
cycle 1103261: PC=0x0025 OPCODE=0x18 [CPT_TAGXY] type=1 tag=(0,0)
cycle 1103262: PC=0x0026 OPCODE=0x22 [MULI] REG[10] = REG[4] * 128 -> 87552
cycle 1103263: PC=0x0027 OPCODE=0x24 [ADD] REG[10] = REG[10] + REG[5] -> 88864
cycle 1103264: PC=0x0028 OPCODE=0x08 [G2P] addr=92960 tag=(0,0) size=576
cycle 1103265: PC=0x0029 OPCODE=0x1d [WAIT GLB] still busy, stall
cycle 1103552: PC=0x0029 OPCODE=0x1d [WAIT GLB] done, continue
cycle 1103553: PC=0x002a OPCODE=0x18 [CPT_TAGXY] type=2 tag=(0,0)
cycle 1103554: PC=0x002b OPCODE=0x22 [MULI] REG[11] = REG[3] * 128 -> 253952
cycle 1103555: PC=0x002c OPCODE=0x22 [MULI] REG[12] = REG[6] * 128 -> 13312
cycle 1103556: PC=0x002d OPCODE=0x24 [ADD] REG[11] = REG[11] + REG[5] -> 255264
cycle 1103557: PC=0x002e OPCODE=0x24 [ADD] REG[11] = REG[11] + REG[12] -> 268576
cycle 1103558: PC=0x002f OPCODE=0x08 [G2P] addr=276768 tag=(0,0) size=32
cycle 1103559: PC=0x0030 OPCODE=0x1d [WAIT GLB] still busy, stall
cycle 1103574: PC=0x0030 OPCODE=0x1d [WAIT GLB] done, continue
cycle 1103575: PC=0x0031 OPCODE=0x18 [CPT_TAGXY] type=0 tag=(0,0)
cycle 1103576: PC=0x0032 OPCODE=0x22 [MULI] REG[13] = REG[6] * 36 -> 3744
cycle 1103577: PC=0x0033 OPCODE=0x08 [G2P] addr=3744 tag=(0,0) size=144
cycle 1103578: PC=0x0034 OPCODE=0x1d [WAIT GLB] still busy, stall
cycle 1103649: PC=0x0034 OPCODE=0x1d [WAIT GLB] done, continue
cycle 1103650: PC=0x0035 OPCODE=0x1c [COMPUTE] valid_e=0
cycle 1103651: PC=0x0036 OPCODE=0x1d [WAIT PE_ARRAY]
cycle 1103652: PC=0x0037 OPCODE=0x18 [CPT_TAGXY] type=3 tag=(0,0)
cycle 1103653: PC=0x0038 OPCODE=0x09 [P2G] addr=276768 tag=(0,0) size=32
cycle 1103654: PC=0x0039 OPCODE=0x1f [LOOP] REG[6]<=64 ? target=42 : PC+1, after += 1 -> REG=105, nextPC=58
cycle 1103655: PC=0x003a OPCODE=0x1f [LOOP] REG[5]<=128 ? target=37 : PC+1, after += 32 -> REG=1344, nextPC=59
cycle 1103656: PC=0x003b OPCODE=0x1f [LOOP] REG[4]<=144 ? target=37 : PC+1, after += 18 -> REG=702, nextPC=60
cycle 1103657: PC=0x003c OPCODE=0x1f [LOOP] REG[3]<=64 ? target=33 : PC+1, after += 64 -> REG=2048, nextPC=61
cycle 1103658: PC=0x003d OPCODE=0x1f [LOOP] REG[2]<=8192 ? target=29 : PC+1, after += 96 -> REG=3072, nextPC=29
cycle 1103659: PC=0x001d OPCODE=0x22 [MULI] REG[8] = REG[8] * 256 -> 0
cycle 1103660: PC=0x001e OPCODE=0x24 [ADD] REG[8] = REG[8] + REG[1] -> 0
cycle 1103661: PC=0x001f OPCODE=0x05 [DMA READ] addr=536870912 size=18432
cycle 1103662: PC=0x0020 OPCODE=0x1d [WAIT DMA] still busy, stall
cycle 1126701: PC=0x0020 OPCODE=0x1d [WAIT DMA] done, continue
cycle 1126702: PC=0x0021 OPCODE=0x22 [MULI] REG[9] = REG[3] * 2048 -> 4194304
cycle 1126703: PC=0x0022 OPCODE=0x24 [ADD] REG[9] = REG[9] + REG[2] -> 4197376
cycle 1126704: PC=0x0023 OPCODE=0x04 [DMA READ] addr=272632832 size=8192
cycle 1126705: PC=0x0024 OPCODE=0x1d [WAIT DMA] still busy, stall
cycle 1136944: PC=0x0024 OPCODE=0x1d [WAIT DMA] done, continue
cycle 1136945: PC=0x0025 OPCODE=0x18 [CPT_TAGXY] type=1 tag=(0,0)
cycle 1136946: PC=0x0026 OPCODE=0x22 [MULI] REG[10] = REG[4] * 128 -> 89856
cycle 1136947: PC=0x0027 OPCODE=0x24 [ADD] REG[10] = REG[10] + REG[5] -> 91200
cycle 1136948: PC=0x0028 OPCODE=0x08 [G2P] addr=95296 tag=(0,0) size=576
cycle 1136949: PC=0x0029 OPCODE=0x1d [WAIT GLB] still busy, stall
cycle 1137236: PC=0x0029 OPCODE=0x1d [WAIT GLB] done, continue
cycle 1137237: PC=0x002a OPCODE=0x18 [CPT_TAGXY] type=2 tag=(0,0)
cycle 1137238: PC=0x002b OPCODE=0x22 [MULI] REG[11] = REG[3] * 128 -> 262144
cycle 1137239: PC=0x002c OPCODE=0x22 [MULI] REG[12] = REG[6] * 128 -> 13440
cycle 1137240: PC=0x002d OPCODE=0x24 [ADD] REG[11] = REG[11] + REG[5] -> 263488
cycle 1137241: PC=0x002e OPCODE=0x24 [ADD] REG[11] = REG[11] + REG[12] -> 276928
cycle 1137242: PC=0x002f OPCODE=0x08 [G2P] addr=285120 tag=(0,0) size=32
cycle 1137243: PC=0x0030 OPCODE=0x1d [WAIT GLB] still busy, stall
cycle 1137258: PC=0x0030 OPCODE=0x1d [WAIT GLB] done, continue
cycle 1137259: PC=0x0031 OPCODE=0x18 [CPT_TAGXY] type=0 tag=(0,0)
cycle 1137260: PC=0x0032 OPCODE=0x22 [MULI] REG[13] = REG[6] * 36 -> 3780
cycle 1137261: PC=0x0033 OPCODE=0x08 [G2P] addr=3780 tag=(0,0) size=144
cycle 1137262: PC=0x0034 OPCODE=0x1d [WAIT GLB] still busy, stall
cycle 1137333: PC=0x0034 OPCODE=0x1d [WAIT GLB] done, continue
cycle 1137334: PC=0x0035 OPCODE=0x1c [COMPUTE] valid_e=0
cycle 1137335: PC=0x0036 OPCODE=0x1d [WAIT PE_ARRAY]
cycle 1137336: PC=0x0037 OPCODE=0x18 [CPT_TAGXY] type=3 tag=(0,0)
cycle 1137337: PC=0x0038 OPCODE=0x09 [P2G] addr=285120 tag=(0,0) size=32
cycle 1137338: PC=0x0039 OPCODE=0x1f [LOOP] REG[6]<=64 ? target=42 : PC+1, after += 1 -> REG=106, nextPC=58
cycle 1137339: PC=0x003a OPCODE=0x1f [LOOP] REG[5]<=128 ? target=37 : PC+1, after += 32 -> REG=1376, nextPC=59
cycle 1137340: PC=0x003b OPCODE=0x1f [LOOP] REG[4]<=144 ? target=37 : PC+1, after += 18 -> REG=720, nextPC=60
cycle 1137341: PC=0x003c OPCODE=0x1f [LOOP] REG[3]<=64 ? target=33 : PC+1, after += 64 -> REG=2112, nextPC=61
cycle 1137342: PC=0x003d OPCODE=0x1f [LOOP] REG[2]<=8192 ? target=29 : PC+1, after += 96 -> REG=3168, nextPC=29
cycle 1137343: PC=0x001d OPCODE=0x22 [MULI] REG[8] = REG[8] * 256 -> 0
cycle 1137344: PC=0x001e OPCODE=0x24 [ADD] REG[8] = REG[8] + REG[1] -> 0
cycle 1137345: PC=0x001f OPCODE=0x05 [DMA READ] addr=536870912 size=18432
cycle 1137346: PC=0x0020 OPCODE=0x1d [WAIT DMA] still busy, stall
cycle 1160385: PC=0x0020 OPCODE=0x1d [WAIT DMA] done, continue
cycle 1160386: PC=0x0021 OPCODE=0x22 [MULI] REG[9] = REG[3] * 2048 -> 4325376
cycle 1160387: PC=0x0022 OPCODE=0x24 [ADD] REG[9] = REG[9] + REG[2] -> 4328544
cycle 1160388: PC=0x0023 OPCODE=0x04 [DMA READ] addr=272764000 size=8192
cycle 1160389: PC=0x0024 OPCODE=0x1d [WAIT DMA] still busy, stall
cycle 1170628: PC=0x0024 OPCODE=0x1d [WAIT DMA] done, continue
cycle 1170629: PC=0x0025 OPCODE=0x18 [CPT_TAGXY] type=1 tag=(0,0)
cycle 1170630: PC=0x0026 OPCODE=0x22 [MULI] REG[10] = REG[4] * 128 -> 92160
cycle 1170631: PC=0x0027 OPCODE=0x24 [ADD] REG[10] = REG[10] + REG[5] -> 93536
cycle 1170632: PC=0x0028 OPCODE=0x08 [G2P] addr=97632 tag=(0,0) size=576
cycle 1170633: PC=0x0029 OPCODE=0x1d [WAIT GLB] still busy, stall
cycle 1170920: PC=0x0029 OPCODE=0x1d [WAIT GLB] done, continue
cycle 1170921: PC=0x002a OPCODE=0x18 [CPT_TAGXY] type=2 tag=(0,0)
cycle 1170922: PC=0x002b OPCODE=0x22 [MULI] REG[11] = REG[3] * 128 -> 270336
cycle 1170923: PC=0x002c OPCODE=0x22 [MULI] REG[12] = REG[6] * 128 -> 13568
cycle 1170924: PC=0x002d OPCODE=0x24 [ADD] REG[11] = REG[11] + REG[5] -> 271712
cycle 1170925: PC=0x002e OPCODE=0x24 [ADD] REG[11] = REG[11] + REG[12] -> 285280
cycle 1170926: PC=0x002f OPCODE=0x08 [G2P] addr=293472 tag=(0,0) size=32
cycle 1170927: PC=0x0030 OPCODE=0x1d [WAIT GLB] still busy, stall
cycle 1170942: PC=0x0030 OPCODE=0x1d [WAIT GLB] done, continue
cycle 1170943: PC=0x0031 OPCODE=0x18 [CPT_TAGXY] type=0 tag=(0,0)
cycle 1170944: PC=0x0032 OPCODE=0x22 [MULI] REG[13] = REG[6] * 36 -> 3816
cycle 1170945: PC=0x0033 OPCODE=0x08 [G2P] addr=3816 tag=(0,0) size=144
cycle 1170946: PC=0x0034 OPCODE=0x1d [WAIT GLB] still busy, stall
cycle 1171017: PC=0x0034 OPCODE=0x1d [WAIT GLB] done, continue
cycle 1171018: PC=0x0035 OPCODE=0x1c [COMPUTE] valid_e=0
cycle 1171019: PC=0x0036 OPCODE=0x1d [WAIT PE_ARRAY]
cycle 1171020: PC=0x0037 OPCODE=0x18 [CPT_TAGXY] type=3 tag=(0,0)
cycle 1171021: PC=0x0038 OPCODE=0x09 [P2G] addr=293472 tag=(0,0) size=32
cycle 1171022: PC=0x0039 OPCODE=0x1f [LOOP] REG[6]<=64 ? target=42 : PC+1, after += 1 -> REG=107, nextPC=58
cycle 1171023: PC=0x003a OPCODE=0x1f [LOOP] REG[5]<=128 ? target=37 : PC+1, after += 32 -> REG=1408, nextPC=59
cycle 1171024: PC=0x003b OPCODE=0x1f [LOOP] REG[4]<=144 ? target=37 : PC+1, after += 18 -> REG=738, nextPC=60
cycle 1171025: PC=0x003c OPCODE=0x1f [LOOP] REG[3]<=64 ? target=33 : PC+1, after += 64 -> REG=2176, nextPC=61
cycle 1171026: PC=0x003d OPCODE=0x1f [LOOP] REG[2]<=8192 ? target=29 : PC+1, after += 96 -> REG=3264, nextPC=29
cycle 1171027: PC=0x001d OPCODE=0x22 [MULI] REG[8] = REG[8] * 256 -> 0
cycle 1171028: PC=0x001e OPCODE=0x24 [ADD] REG[8] = REG[8] + REG[1] -> 0
cycle 1171029: PC=0x001f OPCODE=0x05 [DMA READ] addr=536870912 size=18432
cycle 1171030: PC=0x0020 OPCODE=0x1d [WAIT DMA] still busy, stall
cycle 1194069: PC=0x0020 OPCODE=0x1d [WAIT DMA] done, continue
cycle 1194070: PC=0x0021 OPCODE=0x22 [MULI] REG[9] = REG[3] * 2048 -> 4456448
cycle 1194071: PC=0x0022 OPCODE=0x24 [ADD] REG[9] = REG[9] + REG[2] -> 4459712
cycle 1194072: PC=0x0023 OPCODE=0x04 [DMA READ] addr=272895168 size=8192
cycle 1194073: PC=0x0024 OPCODE=0x1d [WAIT DMA] still busy, stall
cycle 1204312: PC=0x0024 OPCODE=0x1d [WAIT DMA] done, continue
cycle 1204313: PC=0x0025 OPCODE=0x18 [CPT_TAGXY] type=1 tag=(0,0)
cycle 1204314: PC=0x0026 OPCODE=0x22 [MULI] REG[10] = REG[4] * 128 -> 94464
cycle 1204315: PC=0x0027 OPCODE=0x24 [ADD] REG[10] = REG[10] + REG[5] -> 95872
cycle 1204316: PC=0x0028 OPCODE=0x08 [G2P] addr=99968 tag=(0,0) size=576
cycle 1204317: PC=0x0029 OPCODE=0x1d [WAIT GLB] still busy, stall
cycle 1204604: PC=0x0029 OPCODE=0x1d [WAIT GLB] done, continue
cycle 1204605: PC=0x002a OPCODE=0x18 [CPT_TAGXY] type=2 tag=(0,0)
cycle 1204606: PC=0x002b OPCODE=0x22 [MULI] REG[11] = REG[3] * 128 -> 278528
cycle 1204607: PC=0x002c OPCODE=0x22 [MULI] REG[12] = REG[6] * 128 -> 13696
cycle 1204608: PC=0x002d OPCODE=0x24 [ADD] REG[11] = REG[11] + REG[5] -> 279936
cycle 1204609: PC=0x002e OPCODE=0x24 [ADD] REG[11] = REG[11] + REG[12] -> 293632
cycle 1204610: PC=0x002f OPCODE=0x08 [G2P] addr=301824 tag=(0,0) size=32
cycle 1204611: PC=0x0030 OPCODE=0x1d [WAIT GLB] still busy, stall
cycle 1204626: PC=0x0030 OPCODE=0x1d [WAIT GLB] done, continue
cycle 1204627: PC=0x0031 OPCODE=0x18 [CPT_TAGXY] type=0 tag=(0,0)
cycle 1204628: PC=0x0032 OPCODE=0x22 [MULI] REG[13] = REG[6] * 36 -> 3852
cycle 1204629: PC=0x0033 OPCODE=0x08 [G2P] addr=3852 tag=(0,0) size=144
cycle 1204630: PC=0x0034 OPCODE=0x1d [WAIT GLB] still busy, stall
cycle 1204701: PC=0x0034 OPCODE=0x1d [WAIT GLB] done, continue
cycle 1204702: PC=0x0035 OPCODE=0x1c [COMPUTE] valid_e=0
cycle 1204703: PC=0x0036 OPCODE=0x1d [WAIT PE_ARRAY]
cycle 1204704: PC=0x0037 OPCODE=0x18 [CPT_TAGXY] type=3 tag=(0,0)
cycle 1204705: PC=0x0038 OPCODE=0x09 [P2G] addr=301824 tag=(0,0) size=32
cycle 1204706: PC=0x0039 OPCODE=0x1f [LOOP] REG[6]<=64 ? target=42 : PC+1, after += 1 -> REG=108, nextPC=58
cycle 1204707: PC=0x003a OPCODE=0x1f [LOOP] REG[5]<=128 ? target=37 : PC+1, after += 32 -> REG=1440, nextPC=59
cycle 1204708: PC=0x003b OPCODE=0x1f [LOOP] REG[4]<=144 ? target=37 : PC+1, after += 18 -> REG=756, nextPC=60
cycle 1204709: PC=0x003c OPCODE=0x1f [LOOP] REG[3]<=64 ? target=33 : PC+1, after += 64 -> REG=2240, nextPC=61
cycle 1204710: PC=0x003d OPCODE=0x1f [LOOP] REG[2]<=8192 ? target=29 : PC+1, after += 96 -> REG=3360, nextPC=29
cycle 1204711: PC=0x001d OPCODE=0x22 [MULI] REG[8] = REG[8] * 256 -> 0
cycle 1204712: PC=0x001e OPCODE=0x24 [ADD] REG[8] = REG[8] + REG[1] -> 0
cycle 1204713: PC=0x001f OPCODE=0x05 [DMA READ] addr=536870912 size=18432
cycle 1204714: PC=0x0020 OPCODE=0x1d [WAIT DMA] still busy, stall
cycle 1227753: PC=0x0020 OPCODE=0x1d [WAIT DMA] done, continue
cycle 1227754: PC=0x0021 OPCODE=0x22 [MULI] REG[9] = REG[3] * 2048 -> 4587520
cycle 1227755: PC=0x0022 OPCODE=0x24 [ADD] REG[9] = REG[9] + REG[2] -> 4590880
cycle 1227756: PC=0x0023 OPCODE=0x04 [DMA READ] addr=273026336 size=8192
cycle 1227757: PC=0x0024 OPCODE=0x1d [WAIT DMA] still busy, stall
cycle 1237996: PC=0x0024 OPCODE=0x1d [WAIT DMA] done, continue
cycle 1237997: PC=0x0025 OPCODE=0x18 [CPT_TAGXY] type=1 tag=(0,0)
cycle 1237998: PC=0x0026 OPCODE=0x22 [MULI] REG[10] = REG[4] * 128 -> 96768
cycle 1237999: PC=0x0027 OPCODE=0x24 [ADD] REG[10] = REG[10] + REG[5] -> 98208
cycle 1238000: PC=0x0028 OPCODE=0x08 [G2P] addr=102304 tag=(0,0) size=576
cycle 1238001: PC=0x0029 OPCODE=0x1d [WAIT GLB] still busy, stall
cycle 1238288: PC=0x0029 OPCODE=0x1d [WAIT GLB] done, continue
cycle 1238289: PC=0x002a OPCODE=0x18 [CPT_TAGXY] type=2 tag=(0,0)
cycle 1238290: PC=0x002b OPCODE=0x22 [MULI] REG[11] = REG[3] * 128 -> 286720
cycle 1238291: PC=0x002c OPCODE=0x22 [MULI] REG[12] = REG[6] * 128 -> 13824
cycle 1238292: PC=0x002d OPCODE=0x24 [ADD] REG[11] = REG[11] + REG[5] -> 288160
cycle 1238293: PC=0x002e OPCODE=0x24 [ADD] REG[11] = REG[11] + REG[12] -> 301984
cycle 1238294: PC=0x002f OPCODE=0x08 [G2P] addr=310176 tag=(0,0) size=32
cycle 1238295: PC=0x0030 OPCODE=0x1d [WAIT GLB] still busy, stall
cycle 1238310: PC=0x0030 OPCODE=0x1d [WAIT GLB] done, continue
cycle 1238311: PC=0x0031 OPCODE=0x18 [CPT_TAGXY] type=0 tag=(0,0)
cycle 1238312: PC=0x0032 OPCODE=0x22 [MULI] REG[13] = REG[6] * 36 -> 3888
cycle 1238313: PC=0x0033 OPCODE=0x08 [G2P] addr=3888 tag=(0,0) size=144
cycle 1238314: PC=0x0034 OPCODE=0x1d [WAIT GLB] still busy, stall
cycle 1238385: PC=0x0034 OPCODE=0x1d [WAIT GLB] done, continue
cycle 1238386: PC=0x0035 OPCODE=0x1c [COMPUTE] valid_e=0
cycle 1238387: PC=0x0036 OPCODE=0x1d [WAIT PE_ARRAY]
cycle 1238388: PC=0x0037 OPCODE=0x18 [CPT_TAGXY] type=3 tag=(0,0)
cycle 1238389: PC=0x0038 OPCODE=0x09 [P2G] addr=310176 tag=(0,0) size=32
cycle 1238390: PC=0x0039 OPCODE=0x1f [LOOP] REG[6]<=64 ? target=42 : PC+1, after += 1 -> REG=109, nextPC=58
cycle 1238391: PC=0x003a OPCODE=0x1f [LOOP] REG[5]<=128 ? target=37 : PC+1, after += 32 -> REG=1472, nextPC=59
cycle 1238392: PC=0x003b OPCODE=0x1f [LOOP] REG[4]<=144 ? target=37 : PC+1, after += 18 -> REG=774, nextPC=60
cycle 1238393: PC=0x003c OPCODE=0x1f [LOOP] REG[3]<=64 ? target=33 : PC+1, after += 64 -> REG=2304, nextPC=61
cycle 1238394: PC=0x003d OPCODE=0x1f [LOOP] REG[2]<=8192 ? target=29 : PC+1, after += 96 -> REG=3456, nextPC=29
cycle 1238395: PC=0x001d OPCODE=0x22 [MULI] REG[8] = REG[8] * 256 -> 0
cycle 1238396: PC=0x001e OPCODE=0x24 [ADD] REG[8] = REG[8] + REG[1] -> 0
cycle 1238397: PC=0x001f OPCODE=0x05 [DMA READ] addr=536870912 size=18432
cycle 1238398: PC=0x0020 OPCODE=0x1d [WAIT DMA] still busy, stall
cycle 1261437: PC=0x0020 OPCODE=0x1d [WAIT DMA] done, continue
cycle 1261438: PC=0x0021 OPCODE=0x22 [MULI] REG[9] = REG[3] * 2048 -> 4718592
cycle 1261439: PC=0x0022 OPCODE=0x24 [ADD] REG[9] = REG[9] + REG[2] -> 4722048
cycle 1261440: PC=0x0023 OPCODE=0x04 [DMA READ] addr=273157504 size=8192
cycle 1261441: PC=0x0024 OPCODE=0x1d [WAIT DMA] still busy, stall
cycle 1271680: PC=0x0024 OPCODE=0x1d [WAIT DMA] done, continue
cycle 1271681: PC=0x0025 OPCODE=0x18 [CPT_TAGXY] type=1 tag=(0,0)
cycle 1271682: PC=0x0026 OPCODE=0x22 [MULI] REG[10] = REG[4] * 128 -> 99072
cycle 1271683: PC=0x0027 OPCODE=0x24 [ADD] REG[10] = REG[10] + REG[5] -> 100544
cycle 1271684: PC=0x0028 OPCODE=0x08 [G2P] addr=104640 tag=(0,0) size=576
cycle 1271685: PC=0x0029 OPCODE=0x1d [WAIT GLB] still busy, stall
cycle 1271972: PC=0x0029 OPCODE=0x1d [WAIT GLB] done, continue
cycle 1271973: PC=0x002a OPCODE=0x18 [CPT_TAGXY] type=2 tag=(0,0)
cycle 1271974: PC=0x002b OPCODE=0x22 [MULI] REG[11] = REG[3] * 128 -> 294912
cycle 1271975: PC=0x002c OPCODE=0x22 [MULI] REG[12] = REG[6] * 128 -> 13952
cycle 1271976: PC=0x002d OPCODE=0x24 [ADD] REG[11] = REG[11] + REG[5] -> 296384
cycle 1271977: PC=0x002e OPCODE=0x24 [ADD] REG[11] = REG[11] + REG[12] -> 310336
cycle 1271978: PC=0x002f OPCODE=0x08 [G2P] addr=318528 tag=(0,0) size=32
cycle 1271979: PC=0x0030 OPCODE=0x1d [WAIT GLB] still busy, stall
cycle 1271994: PC=0x0030 OPCODE=0x1d [WAIT GLB] done, continue
cycle 1271995: PC=0x0031 OPCODE=0x18 [CPT_TAGXY] type=0 tag=(0,0)
cycle 1271996: PC=0x0032 OPCODE=0x22 [MULI] REG[13] = REG[6] * 36 -> 3924
cycle 1271997: PC=0x0033 OPCODE=0x08 [G2P] addr=3924 tag=(0,0) size=144
cycle 1271998: PC=0x0034 OPCODE=0x1d [WAIT GLB] still busy, stall
cycle 1272069: PC=0x0034 OPCODE=0x1d [WAIT GLB] done, continue
cycle 1272070: PC=0x0035 OPCODE=0x1c [COMPUTE] valid_e=0
cycle 1272071: PC=0x0036 OPCODE=0x1d [WAIT PE_ARRAY]
cycle 1272072: PC=0x0037 OPCODE=0x18 [CPT_TAGXY] type=3 tag=(0,0)
cycle 1272073: PC=0x0038 OPCODE=0x09 [P2G] addr=318528 tag=(0,0) size=32
cycle 1272074: PC=0x0039 OPCODE=0x1f [LOOP] REG[6]<=64 ? target=42 : PC+1, after += 1 -> REG=110, nextPC=58
cycle 1272075: PC=0x003a OPCODE=0x1f [LOOP] REG[5]<=128 ? target=37 : PC+1, after += 32 -> REG=1504, nextPC=59
cycle 1272076: PC=0x003b OPCODE=0x1f [LOOP] REG[4]<=144 ? target=37 : PC+1, after += 18 -> REG=792, nextPC=60
cycle 1272077: PC=0x003c OPCODE=0x1f [LOOP] REG[3]<=64 ? target=33 : PC+1, after += 64 -> REG=2368, nextPC=61
cycle 1272078: PC=0x003d OPCODE=0x1f [LOOP] REG[2]<=8192 ? target=29 : PC+1, after += 96 -> REG=3552, nextPC=29
cycle 1272079: PC=0x001d OPCODE=0x22 [MULI] REG[8] = REG[8] * 256 -> 0
cycle 1272080: PC=0x001e OPCODE=0x24 [ADD] REG[8] = REG[8] + REG[1] -> 0
cycle 1272081: PC=0x001f OPCODE=0x05 [DMA READ] addr=536870912 size=18432
cycle 1272082: PC=0x0020 OPCODE=0x1d [WAIT DMA] still busy, stall
cycle 1295121: PC=0x0020 OPCODE=0x1d [WAIT DMA] done, continue
cycle 1295122: PC=0x0021 OPCODE=0x22 [MULI] REG[9] = REG[3] * 2048 -> 4849664
cycle 1295123: PC=0x0022 OPCODE=0x24 [ADD] REG[9] = REG[9] + REG[2] -> 4853216
cycle 1295124: PC=0x0023 OPCODE=0x04 [DMA READ] addr=273288672 size=8192
cycle 1295125: PC=0x0024 OPCODE=0x1d [WAIT DMA] still busy, stall
cycle 1305364: PC=0x0024 OPCODE=0x1d [WAIT DMA] done, continue
cycle 1305365: PC=0x0025 OPCODE=0x18 [CPT_TAGXY] type=1 tag=(0,0)
cycle 1305366: PC=0x0026 OPCODE=0x22 [MULI] REG[10] = REG[4] * 128 -> 101376
cycle 1305367: PC=0x0027 OPCODE=0x24 [ADD] REG[10] = REG[10] + REG[5] -> 102880
cycle 1305368: PC=0x0028 OPCODE=0x08 [G2P] addr=106976 tag=(0,0) size=576
cycle 1305369: PC=0x0029 OPCODE=0x1d [WAIT GLB] still busy, stall
cycle 1305656: PC=0x0029 OPCODE=0x1d [WAIT GLB] done, continue
cycle 1305657: PC=0x002a OPCODE=0x18 [CPT_TAGXY] type=2 tag=(0,0)
cycle 1305658: PC=0x002b OPCODE=0x22 [MULI] REG[11] = REG[3] * 128 -> 303104
cycle 1305659: PC=0x002c OPCODE=0x22 [MULI] REG[12] = REG[6] * 128 -> 14080
cycle 1305660: PC=0x002d OPCODE=0x24 [ADD] REG[11] = REG[11] + REG[5] -> 304608
cycle 1305661: PC=0x002e OPCODE=0x24 [ADD] REG[11] = REG[11] + REG[12] -> 318688
cycle 1305662: PC=0x002f OPCODE=0x08 [G2P] addr=326880 tag=(0,0) size=32
cycle 1305663: PC=0x0030 OPCODE=0x1d [WAIT GLB] still busy, stall
cycle 1305678: PC=0x0030 OPCODE=0x1d [WAIT GLB] done, continue
cycle 1305679: PC=0x0031 OPCODE=0x18 [CPT_TAGXY] type=0 tag=(0,0)
cycle 1305680: PC=0x0032 OPCODE=0x22 [MULI] REG[13] = REG[6] * 36 -> 3960
cycle 1305681: PC=0x0033 OPCODE=0x08 [G2P] addr=3960 tag=(0,0) size=144
cycle 1305682: PC=0x0034 OPCODE=0x1d [WAIT GLB] still busy, stall
cycle 1305753: PC=0x0034 OPCODE=0x1d [WAIT GLB] done, continue
cycle 1305754: PC=0x0035 OPCODE=0x1c [COMPUTE] valid_e=0
cycle 1305755: PC=0x0036 OPCODE=0x1d [WAIT PE_ARRAY]
cycle 1305756: PC=0x0037 OPCODE=0x18 [CPT_TAGXY] type=3 tag=(0,0)
cycle 1305757: PC=0x0038 OPCODE=0x09 [P2G] addr=326880 tag=(0,0) size=32
cycle 1305758: PC=0x0039 OPCODE=0x1f [LOOP] REG[6]<=64 ? target=42 : PC+1, after += 1 -> REG=111, nextPC=58
cycle 1305759: PC=0x003a OPCODE=0x1f [LOOP] REG[5]<=128 ? target=37 : PC+1, after += 32 -> REG=1536, nextPC=59
cycle 1305760: PC=0x003b OPCODE=0x1f [LOOP] REG[4]<=144 ? target=37 : PC+1, after += 18 -> REG=810, nextPC=60
cycle 1305761: PC=0x003c OPCODE=0x1f [LOOP] REG[3]<=64 ? target=33 : PC+1, after += 64 -> REG=2432, nextPC=61
cycle 1305762: PC=0x003d OPCODE=0x1f [LOOP] REG[2]<=8192 ? target=29 : PC+1, after += 96 -> REG=3648, nextPC=29
cycle 1305763: PC=0x001d OPCODE=0x22 [MULI] REG[8] = REG[8] * 256 -> 0
cycle 1305764: PC=0x001e OPCODE=0x24 [ADD] REG[8] = REG[8] + REG[1] -> 0
cycle 1305765: PC=0x001f OPCODE=0x05 [DMA READ] addr=536870912 size=18432
cycle 1305766: PC=0x0020 OPCODE=0x1d [WAIT DMA] still busy, stall
cycle 1328805: PC=0x0020 OPCODE=0x1d [WAIT DMA] done, continue
cycle 1328806: PC=0x0021 OPCODE=0x22 [MULI] REG[9] = REG[3] * 2048 -> 4980736
cycle 1328807: PC=0x0022 OPCODE=0x24 [ADD] REG[9] = REG[9] + REG[2] -> 4984384
cycle 1328808: PC=0x0023 OPCODE=0x04 [DMA READ] addr=273419840 size=8192
cycle 1328809: PC=0x0024 OPCODE=0x1d [WAIT DMA] still busy, stall
cycle 1339048: PC=0x0024 OPCODE=0x1d [WAIT DMA] done, continue
cycle 1339049: PC=0x0025 OPCODE=0x18 [CPT_TAGXY] type=1 tag=(0,0)
cycle 1339050: PC=0x0026 OPCODE=0x22 [MULI] REG[10] = REG[4] * 128 -> 103680
cycle 1339051: PC=0x0027 OPCODE=0x24 [ADD] REG[10] = REG[10] + REG[5] -> 105216
cycle 1339052: PC=0x0028 OPCODE=0x08 [G2P] addr=109312 tag=(0,0) size=576
cycle 1339053: PC=0x0029 OPCODE=0x1d [WAIT GLB] still busy, stall
cycle 1339340: PC=0x0029 OPCODE=0x1d [WAIT GLB] done, continue
cycle 1339341: PC=0x002a OPCODE=0x18 [CPT_TAGXY] type=2 tag=(0,0)
cycle 1339342: PC=0x002b OPCODE=0x22 [MULI] REG[11] = REG[3] * 128 -> 311296
cycle 1339343: PC=0x002c OPCODE=0x22 [MULI] REG[12] = REG[6] * 128 -> 14208
cycle 1339344: PC=0x002d OPCODE=0x24 [ADD] REG[11] = REG[11] + REG[5] -> 312832
cycle 1339345: PC=0x002e OPCODE=0x24 [ADD] REG[11] = REG[11] + REG[12] -> 327040
cycle 1339346: PC=0x002f OPCODE=0x08 [G2P] addr=335232 tag=(0,0) size=32
cycle 1339347: PC=0x0030 OPCODE=0x1d [WAIT GLB] still busy, stall
cycle 1339362: PC=0x0030 OPCODE=0x1d [WAIT GLB] done, continue
cycle 1339363: PC=0x0031 OPCODE=0x18 [CPT_TAGXY] type=0 tag=(0,0)
cycle 1339364: PC=0x0032 OPCODE=0x22 [MULI] REG[13] = REG[6] * 36 -> 3996
cycle 1339365: PC=0x0033 OPCODE=0x08 [G2P] addr=3996 tag=(0,0) size=144
cycle 1339366: PC=0x0034 OPCODE=0x1d [WAIT GLB] still busy, stall
cycle 1339437: PC=0x0034 OPCODE=0x1d [WAIT GLB] done, continue
cycle 1339438: PC=0x0035 OPCODE=0x1c [COMPUTE] valid_e=0
cycle 1339439: PC=0x0036 OPCODE=0x1d [WAIT PE_ARRAY]
cycle 1339440: PC=0x0037 OPCODE=0x18 [CPT_TAGXY] type=3 tag=(0,0)
cycle 1339441: PC=0x0038 OPCODE=0x09 [P2G] addr=335232 tag=(0,0) size=32
cycle 1339442: PC=0x0039 OPCODE=0x1f [LOOP] REG[6]<=64 ? target=42 : PC+1, after += 1 -> REG=112, nextPC=58
cycle 1339443: PC=0x003a OPCODE=0x1f [LOOP] REG[5]<=128 ? target=37 : PC+1, after += 32 -> REG=1568, nextPC=59
cycle 1339444: PC=0x003b OPCODE=0x1f [LOOP] REG[4]<=144 ? target=37 : PC+1, after += 18 -> REG=828, nextPC=60
cycle 1339445: PC=0x003c OPCODE=0x1f [LOOP] REG[3]<=64 ? target=33 : PC+1, after += 64 -> REG=2496, nextPC=61
cycle 1339446: PC=0x003d OPCODE=0x1f [LOOP] REG[2]<=8192 ? target=29 : PC+1, after += 96 -> REG=3744, nextPC=29
cycle 1339447: PC=0x001d OPCODE=0x22 [MULI] REG[8] = REG[8] * 256 -> 0
cycle 1339448: PC=0x001e OPCODE=0x24 [ADD] REG[8] = REG[8] + REG[1] -> 0
cycle 1339449: PC=0x001f OPCODE=0x05 [DMA READ] addr=536870912 size=18432
cycle 1339450: PC=0x0020 OPCODE=0x1d [WAIT DMA] still busy, stall
cycle 1362489: PC=0x0020 OPCODE=0x1d [WAIT DMA] done, continue
cycle 1362490: PC=0x0021 OPCODE=0x22 [MULI] REG[9] = REG[3] * 2048 -> 5111808
cycle 1362491: PC=0x0022 OPCODE=0x24 [ADD] REG[9] = REG[9] + REG[2] -> 5115552
cycle 1362492: PC=0x0023 OPCODE=0x04 [DMA READ] addr=273551008 size=8192
cycle 1362493: PC=0x0024 OPCODE=0x1d [WAIT DMA] still busy, stall
cycle 1372732: PC=0x0024 OPCODE=0x1d [WAIT DMA] done, continue
cycle 1372733: PC=0x0025 OPCODE=0x18 [CPT_TAGXY] type=1 tag=(0,0)
cycle 1372734: PC=0x0026 OPCODE=0x22 [MULI] REG[10] = REG[4] * 128 -> 105984
cycle 1372735: PC=0x0027 OPCODE=0x24 [ADD] REG[10] = REG[10] + REG[5] -> 107552
cycle 1372736: PC=0x0028 OPCODE=0x08 [G2P] addr=111648 tag=(0,0) size=576
cycle 1372737: PC=0x0029 OPCODE=0x1d [WAIT GLB] still busy, stall
cycle 1373024: PC=0x0029 OPCODE=0x1d [WAIT GLB] done, continue
cycle 1373025: PC=0x002a OPCODE=0x18 [CPT_TAGXY] type=2 tag=(0,0)
cycle 1373026: PC=0x002b OPCODE=0x22 [MULI] REG[11] = REG[3] * 128 -> 319488
cycle 1373027: PC=0x002c OPCODE=0x22 [MULI] REG[12] = REG[6] * 128 -> 14336
cycle 1373028: PC=0x002d OPCODE=0x24 [ADD] REG[11] = REG[11] + REG[5] -> 321056
cycle 1373029: PC=0x002e OPCODE=0x24 [ADD] REG[11] = REG[11] + REG[12] -> 335392
cycle 1373030: PC=0x002f OPCODE=0x08 [G2P] addr=343584 tag=(0,0) size=32
cycle 1373031: PC=0x0030 OPCODE=0x1d [WAIT GLB] still busy, stall
cycle 1373046: PC=0x0030 OPCODE=0x1d [WAIT GLB] done, continue
cycle 1373047: PC=0x0031 OPCODE=0x18 [CPT_TAGXY] type=0 tag=(0,0)
cycle 1373048: PC=0x0032 OPCODE=0x22 [MULI] REG[13] = REG[6] * 36 -> 4032
cycle 1373049: PC=0x0033 OPCODE=0x08 [G2P] addr=4032 tag=(0,0) size=144
cycle 1373050: PC=0x0034 OPCODE=0x1d [WAIT GLB] still busy, stall
cycle 1373121: PC=0x0034 OPCODE=0x1d [WAIT GLB] done, continue
cycle 1373122: PC=0x0035 OPCODE=0x1c [COMPUTE] valid_e=0
cycle 1373123: PC=0x0036 OPCODE=0x1d [WAIT PE_ARRAY]
cycle 1373124: PC=0x0037 OPCODE=0x18 [CPT_TAGXY] type=3 tag=(0,0)
cycle 1373125: PC=0x0038 OPCODE=0x09 [P2G] addr=343584 tag=(0,0) size=32
cycle 1373126: PC=0x0039 OPCODE=0x1f [LOOP] REG[6]<=64 ? target=42 : PC+1, after += 1 -> REG=113, nextPC=58
cycle 1373127: PC=0x003a OPCODE=0x1f [LOOP] REG[5]<=128 ? target=37 : PC+1, after += 32 -> REG=1600, nextPC=59
cycle 1373128: PC=0x003b OPCODE=0x1f [LOOP] REG[4]<=144 ? target=37 : PC+1, after += 18 -> REG=846, nextPC=60
cycle 1373129: PC=0x003c OPCODE=0x1f [LOOP] REG[3]<=64 ? target=33 : PC+1, after += 64 -> REG=2560, nextPC=61
cycle 1373130: PC=0x003d OPCODE=0x1f [LOOP] REG[2]<=8192 ? target=29 : PC+1, after += 96 -> REG=3840, nextPC=29
cycle 1373131: PC=0x001d OPCODE=0x22 [MULI] REG[8] = REG[8] * 256 -> 0
cycle 1373132: PC=0x001e OPCODE=0x24 [ADD] REG[8] = REG[8] + REG[1] -> 0
cycle 1373133: PC=0x001f OPCODE=0x05 [DMA READ] addr=536870912 size=18432
cycle 1373134: PC=0x0020 OPCODE=0x1d [WAIT DMA] still busy, stall
cycle 1396173: PC=0x0020 OPCODE=0x1d [WAIT DMA] done, continue
cycle 1396174: PC=0x0021 OPCODE=0x22 [MULI] REG[9] = REG[3] * 2048 -> 5242880
cycle 1396175: PC=0x0022 OPCODE=0x24 [ADD] REG[9] = REG[9] + REG[2] -> 5246720
cycle 1396176: PC=0x0023 OPCODE=0x04 [DMA READ] addr=273682176 size=8192
cycle 1396177: PC=0x0024 OPCODE=0x1d [WAIT DMA] still busy, stall
cycle 1406416: PC=0x0024 OPCODE=0x1d [WAIT DMA] done, continue
cycle 1406417: PC=0x0025 OPCODE=0x18 [CPT_TAGXY] type=1 tag=(0,0)
cycle 1406418: PC=0x0026 OPCODE=0x22 [MULI] REG[10] = REG[4] * 128 -> 108288
cycle 1406419: PC=0x0027 OPCODE=0x24 [ADD] REG[10] = REG[10] + REG[5] -> 109888
cycle 1406420: PC=0x0028 OPCODE=0x08 [G2P] addr=113984 tag=(0,0) size=576
cycle 1406421: PC=0x0029 OPCODE=0x1d [WAIT GLB] still busy, stall
cycle 1406708: PC=0x0029 OPCODE=0x1d [WAIT GLB] done, continue
cycle 1406709: PC=0x002a OPCODE=0x18 [CPT_TAGXY] type=2 tag=(0,0)
cycle 1406710: PC=0x002b OPCODE=0x22 [MULI] REG[11] = REG[3] * 128 -> 327680
cycle 1406711: PC=0x002c OPCODE=0x22 [MULI] REG[12] = REG[6] * 128 -> 14464
cycle 1406712: PC=0x002d OPCODE=0x24 [ADD] REG[11] = REG[11] + REG[5] -> 329280
cycle 1406713: PC=0x002e OPCODE=0x24 [ADD] REG[11] = REG[11] + REG[12] -> 343744
cycle 1406714: PC=0x002f OPCODE=0x08 [G2P] addr=351936 tag=(0,0) size=32
cycle 1406715: PC=0x0030 OPCODE=0x1d [WAIT GLB] still busy, stall
cycle 1406730: PC=0x0030 OPCODE=0x1d [WAIT GLB] done, continue
cycle 1406731: PC=0x0031 OPCODE=0x18 [CPT_TAGXY] type=0 tag=(0,0)
cycle 1406732: PC=0x0032 OPCODE=0x22 [MULI] REG[13] = REG[6] * 36 -> 4068
cycle 1406733: PC=0x0033 OPCODE=0x08 [G2P] addr=4068 tag=(0,0) size=144
cycle 1406734: PC=0x0034 OPCODE=0x1d [WAIT GLB] still busy, stall
cycle 1406805: PC=0x0034 OPCODE=0x1d [WAIT GLB] done, continue
cycle 1406806: PC=0x0035 OPCODE=0x1c [COMPUTE] valid_e=0
cycle 1406807: PC=0x0036 OPCODE=0x1d [WAIT PE_ARRAY]
cycle 1406808: PC=0x0037 OPCODE=0x18 [CPT_TAGXY] type=3 tag=(0,0)
cycle 1406809: PC=0x0038 OPCODE=0x09 [P2G] addr=351936 tag=(0,0) size=32
cycle 1406810: PC=0x0039 OPCODE=0x1f [LOOP] REG[6]<=64 ? target=42 : PC+1, after += 1 -> REG=114, nextPC=58
cycle 1406811: PC=0x003a OPCODE=0x1f [LOOP] REG[5]<=128 ? target=37 : PC+1, after += 32 -> REG=1632, nextPC=59
cycle 1406812: PC=0x003b OPCODE=0x1f [LOOP] REG[4]<=144 ? target=37 : PC+1, after += 18 -> REG=864, nextPC=60
cycle 1406813: PC=0x003c OPCODE=0x1f [LOOP] REG[3]<=64 ? target=33 : PC+1, after += 64 -> REG=2624, nextPC=61
cycle 1406814: PC=0x003d OPCODE=0x1f [LOOP] REG[2]<=8192 ? target=29 : PC+1, after += 96 -> REG=3936, nextPC=29
cycle 1406815: PC=0x001d OPCODE=0x22 [MULI] REG[8] = REG[8] * 256 -> 0
cycle 1406816: PC=0x001e OPCODE=0x24 [ADD] REG[8] = REG[8] + REG[1] -> 0
cycle 1406817: PC=0x001f OPCODE=0x05 [DMA READ] addr=536870912 size=18432
cycle 1406818: PC=0x0020 OPCODE=0x1d [WAIT DMA] still busy, stall
cycle 1429857: PC=0x0020 OPCODE=0x1d [WAIT DMA] done, continue
cycle 1429858: PC=0x0021 OPCODE=0x22 [MULI] REG[9] = REG[3] * 2048 -> 5373952
cycle 1429859: PC=0x0022 OPCODE=0x24 [ADD] REG[9] = REG[9] + REG[2] -> 5377888
cycle 1429860: PC=0x0023 OPCODE=0x04 [DMA READ] addr=273813344 size=8192
cycle 1429861: PC=0x0024 OPCODE=0x1d [WAIT DMA] still busy, stall
cycle 1440100: PC=0x0024 OPCODE=0x1d [WAIT DMA] done, continue
cycle 1440101: PC=0x0025 OPCODE=0x18 [CPT_TAGXY] type=1 tag=(0,0)
cycle 1440102: PC=0x0026 OPCODE=0x22 [MULI] REG[10] = REG[4] * 128 -> 110592
cycle 1440103: PC=0x0027 OPCODE=0x24 [ADD] REG[10] = REG[10] + REG[5] -> 112224
cycle 1440104: PC=0x0028 OPCODE=0x08 [G2P] addr=116320 tag=(0,0) size=576
cycle 1440105: PC=0x0029 OPCODE=0x1d [WAIT GLB] still busy, stall
cycle 1440392: PC=0x0029 OPCODE=0x1d [WAIT GLB] done, continue
cycle 1440393: PC=0x002a OPCODE=0x18 [CPT_TAGXY] type=2 tag=(0,0)
cycle 1440394: PC=0x002b OPCODE=0x22 [MULI] REG[11] = REG[3] * 128 -> 335872
cycle 1440395: PC=0x002c OPCODE=0x22 [MULI] REG[12] = REG[6] * 128 -> 14592
cycle 1440396: PC=0x002d OPCODE=0x24 [ADD] REG[11] = REG[11] + REG[5] -> 337504
cycle 1440397: PC=0x002e OPCODE=0x24 [ADD] REG[11] = REG[11] + REG[12] -> 352096
cycle 1440398: PC=0x002f OPCODE=0x08 [G2P] addr=360288 tag=(0,0) size=32
cycle 1440399: PC=0x0030 OPCODE=0x1d [WAIT GLB] still busy, stall
cycle 1440414: PC=0x0030 OPCODE=0x1d [WAIT GLB] done, continue
cycle 1440415: PC=0x0031 OPCODE=0x18 [CPT_TAGXY] type=0 tag=(0,0)
cycle 1440416: PC=0x0032 OPCODE=0x22 [MULI] REG[13] = REG[6] * 36 -> 4104
cycle 1440417: PC=0x0033 OPCODE=0x08 [G2P] addr=4104 tag=(0,0) size=144
cycle 1440418: PC=0x0034 OPCODE=0x1d [WAIT GLB] still busy, stall
cycle 1440489: PC=0x0034 OPCODE=0x1d [WAIT GLB] done, continue
cycle 1440490: PC=0x0035 OPCODE=0x1c [COMPUTE] valid_e=0
cycle 1440491: PC=0x0036 OPCODE=0x1d [WAIT PE_ARRAY]
cycle 1440492: PC=0x0037 OPCODE=0x18 [CPT_TAGXY] type=3 tag=(0,0)
cycle 1440493: PC=0x0038 OPCODE=0x09 [P2G] addr=360288 tag=(0,0) size=32
cycle 1440494: PC=0x0039 OPCODE=0x1f [LOOP] REG[6]<=64 ? target=42 : PC+1, after += 1 -> REG=115, nextPC=58
cycle 1440495: PC=0x003a OPCODE=0x1f [LOOP] REG[5]<=128 ? target=37 : PC+1, after += 32 -> REG=1664, nextPC=59
cycle 1440496: PC=0x003b OPCODE=0x1f [LOOP] REG[4]<=144 ? target=37 : PC+1, after += 18 -> REG=882, nextPC=60
cycle 1440497: PC=0x003c OPCODE=0x1f [LOOP] REG[3]<=64 ? target=33 : PC+1, after += 64 -> REG=2688, nextPC=61
cycle 1440498: PC=0x003d OPCODE=0x1f [LOOP] REG[2]<=8192 ? target=29 : PC+1, after += 96 -> REG=4032, nextPC=29
cycle 1440499: PC=0x001d OPCODE=0x22 [MULI] REG[8] = REG[8] * 256 -> 0
cycle 1440500: PC=0x001e OPCODE=0x24 [ADD] REG[8] = REG[8] + REG[1] -> 0
cycle 1440501: PC=0x001f OPCODE=0x05 [DMA READ] addr=536870912 size=18432
cycle 1440502: PC=0x0020 OPCODE=0x1d [WAIT DMA] still busy, stall
cycle 1463541: PC=0x0020 OPCODE=0x1d [WAIT DMA] done, continue
cycle 1463542: PC=0x0021 OPCODE=0x22 [MULI] REG[9] = REG[3] * 2048 -> 5505024
cycle 1463543: PC=0x0022 OPCODE=0x24 [ADD] REG[9] = REG[9] + REG[2] -> 5509056
cycle 1463544: PC=0x0023 OPCODE=0x04 [DMA READ] addr=273944512 size=8192
cycle 1463545: PC=0x0024 OPCODE=0x1d [WAIT DMA] still busy, stall
cycle 1473784: PC=0x0024 OPCODE=0x1d [WAIT DMA] done, continue
cycle 1473785: PC=0x0025 OPCODE=0x18 [CPT_TAGXY] type=1 tag=(0,0)
cycle 1473786: PC=0x0026 OPCODE=0x22 [MULI] REG[10] = REG[4] * 128 -> 112896
cycle 1473787: PC=0x0027 OPCODE=0x24 [ADD] REG[10] = REG[10] + REG[5] -> 114560
cycle 1473788: PC=0x0028 OPCODE=0x08 [G2P] addr=118656 tag=(0,0) size=576
cycle 1473789: PC=0x0029 OPCODE=0x1d [WAIT GLB] still busy, stall
cycle 1474076: PC=0x0029 OPCODE=0x1d [WAIT GLB] done, continue
cycle 1474077: PC=0x002a OPCODE=0x18 [CPT_TAGXY] type=2 tag=(0,0)
cycle 1474078: PC=0x002b OPCODE=0x22 [MULI] REG[11] = REG[3] * 128 -> 344064
cycle 1474079: PC=0x002c OPCODE=0x22 [MULI] REG[12] = REG[6] * 128 -> 14720
cycle 1474080: PC=0x002d OPCODE=0x24 [ADD] REG[11] = REG[11] + REG[5] -> 345728
cycle 1474081: PC=0x002e OPCODE=0x24 [ADD] REG[11] = REG[11] + REG[12] -> 360448
cycle 1474082: PC=0x002f OPCODE=0x08 [G2P] addr=368640 tag=(0,0) size=32
cycle 1474083: PC=0x0030 OPCODE=0x1d [WAIT GLB] still busy, stall
cycle 1474098: PC=0x0030 OPCODE=0x1d [WAIT GLB] done, continue
cycle 1474099: PC=0x0031 OPCODE=0x18 [CPT_TAGXY] type=0 tag=(0,0)
cycle 1474100: PC=0x0032 OPCODE=0x22 [MULI] REG[13] = REG[6] * 36 -> 4140
cycle 1474101: PC=0x0033 OPCODE=0x08 [G2P] addr=4140 tag=(0,0) size=144
cycle 1474102: PC=0x0034 OPCODE=0x1d [WAIT GLB] still busy, stall
cycle 1474173: PC=0x0034 OPCODE=0x1d [WAIT GLB] done, continue
cycle 1474174: PC=0x0035 OPCODE=0x1c [COMPUTE] valid_e=0
cycle 1474175: PC=0x0036 OPCODE=0x1d [WAIT PE_ARRAY]
cycle 1474176: PC=0x0037 OPCODE=0x18 [CPT_TAGXY] type=3 tag=(0,0)
cycle 1474177: PC=0x0038 OPCODE=0x09 [P2G] addr=368640 tag=(0,0) size=32
cycle 1474178: PC=0x0039 OPCODE=0x1f [LOOP] REG[6]<=64 ? target=42 : PC+1, after += 1 -> REG=116, nextPC=58
cycle 1474179: PC=0x003a OPCODE=0x1f [LOOP] REG[5]<=128 ? target=37 : PC+1, after += 32 -> REG=1696, nextPC=59
cycle 1474180: PC=0x003b OPCODE=0x1f [LOOP] REG[4]<=144 ? target=37 : PC+1, after += 18 -> REG=900, nextPC=60
cycle 1474181: PC=0x003c OPCODE=0x1f [LOOP] REG[3]<=64 ? target=33 : PC+1, after += 64 -> REG=2752, nextPC=61
cycle 1474182: PC=0x003d OPCODE=0x1f [LOOP] REG[2]<=8192 ? target=29 : PC+1, after += 96 -> REG=4128, nextPC=29
cycle 1474183: PC=0x001d OPCODE=0x22 [MULI] REG[8] = REG[8] * 256 -> 0
cycle 1474184: PC=0x001e OPCODE=0x24 [ADD] REG[8] = REG[8] + REG[1] -> 0
cycle 1474185: PC=0x001f OPCODE=0x05 [DMA READ] addr=536870912 size=18432
cycle 1474186: PC=0x0020 OPCODE=0x1d [WAIT DMA] still busy, stall
cycle 1497225: PC=0x0020 OPCODE=0x1d [WAIT DMA] done, continue
cycle 1497226: PC=0x0021 OPCODE=0x22 [MULI] REG[9] = REG[3] * 2048 -> 5636096
cycle 1497227: PC=0x0022 OPCODE=0x24 [ADD] REG[9] = REG[9] + REG[2] -> 5640224
cycle 1497228: PC=0x0023 OPCODE=0x04 [DMA READ] addr=274075680 size=8192
cycle 1497229: PC=0x0024 OPCODE=0x1d [WAIT DMA] still busy, stall
cycle 1507468: PC=0x0024 OPCODE=0x1d [WAIT DMA] done, continue
cycle 1507469: PC=0x0025 OPCODE=0x18 [CPT_TAGXY] type=1 tag=(0,0)
cycle 1507470: PC=0x0026 OPCODE=0x22 [MULI] REG[10] = REG[4] * 128 -> 115200
cycle 1507471: PC=0x0027 OPCODE=0x24 [ADD] REG[10] = REG[10] + REG[5] -> 116896
cycle 1507472: PC=0x0028 OPCODE=0x08 [G2P] addr=120992 tag=(0,0) size=576
cycle 1507473: PC=0x0029 OPCODE=0x1d [WAIT GLB] still busy, stall
cycle 1507760: PC=0x0029 OPCODE=0x1d [WAIT GLB] done, continue
cycle 1507761: PC=0x002a OPCODE=0x18 [CPT_TAGXY] type=2 tag=(0,0)
cycle 1507762: PC=0x002b OPCODE=0x22 [MULI] REG[11] = REG[3] * 128 -> 352256
cycle 1507763: PC=0x002c OPCODE=0x22 [MULI] REG[12] = REG[6] * 128 -> 14848
cycle 1507764: PC=0x002d OPCODE=0x24 [ADD] REG[11] = REG[11] + REG[5] -> 353952
cycle 1507765: PC=0x002e OPCODE=0x24 [ADD] REG[11] = REG[11] + REG[12] -> 368800
cycle 1507766: PC=0x002f OPCODE=0x08 [G2P] addr=376992 tag=(0,0) size=32
cycle 1507767: PC=0x0030 OPCODE=0x1d [WAIT GLB] still busy, stall
cycle 1507782: PC=0x0030 OPCODE=0x1d [WAIT GLB] done, continue
cycle 1507783: PC=0x0031 OPCODE=0x18 [CPT_TAGXY] type=0 tag=(0,0)
cycle 1507784: PC=0x0032 OPCODE=0x22 [MULI] REG[13] = REG[6] * 36 -> 4176
cycle 1507785: PC=0x0033 OPCODE=0x08 [G2P] addr=4176 tag=(0,0) size=144
cycle 1507786: PC=0x0034 OPCODE=0x1d [WAIT GLB] still busy, stall
cycle 1507857: PC=0x0034 OPCODE=0x1d [WAIT GLB] done, continue
cycle 1507858: PC=0x0035 OPCODE=0x1c [COMPUTE] valid_e=0
cycle 1507859: PC=0x0036 OPCODE=0x1d [WAIT PE_ARRAY]
cycle 1507860: PC=0x0037 OPCODE=0x18 [CPT_TAGXY] type=3 tag=(0,0)
cycle 1507861: PC=0x0038 OPCODE=0x09 [P2G] addr=376992 tag=(0,0) size=32
cycle 1507862: PC=0x0039 OPCODE=0x1f [LOOP] REG[6]<=64 ? target=42 : PC+1, after += 1 -> REG=117, nextPC=58
cycle 1507863: PC=0x003a OPCODE=0x1f [LOOP] REG[5]<=128 ? target=37 : PC+1, after += 32 -> REG=1728, nextPC=59
cycle 1507864: PC=0x003b OPCODE=0x1f [LOOP] REG[4]<=144 ? target=37 : PC+1, after += 18 -> REG=918, nextPC=60
cycle 1507865: PC=0x003c OPCODE=0x1f [LOOP] REG[3]<=64 ? target=33 : PC+1, after += 64 -> REG=2816, nextPC=61
cycle 1507866: PC=0x003d OPCODE=0x1f [LOOP] REG[2]<=8192 ? target=29 : PC+1, after += 96 -> REG=4224, nextPC=29
cycle 1507867: PC=0x001d OPCODE=0x22 [MULI] REG[8] = REG[8] * 256 -> 0
cycle 1507868: PC=0x001e OPCODE=0x24 [ADD] REG[8] = REG[8] + REG[1] -> 0
cycle 1507869: PC=0x001f OPCODE=0x05 [DMA READ] addr=536870912 size=18432
cycle 1507870: PC=0x0020 OPCODE=0x1d [WAIT DMA] still busy, stall
cycle 1530909: PC=0x0020 OPCODE=0x1d [WAIT DMA] done, continue
cycle 1530910: PC=0x0021 OPCODE=0x22 [MULI] REG[9] = REG[3] * 2048 -> 5767168
cycle 1530911: PC=0x0022 OPCODE=0x24 [ADD] REG[9] = REG[9] + REG[2] -> 5771392
cycle 1530912: PC=0x0023 OPCODE=0x04 [DMA READ] addr=274206848 size=8192
cycle 1530913: PC=0x0024 OPCODE=0x1d [WAIT DMA] still busy, stall
cycle 1541152: PC=0x0024 OPCODE=0x1d [WAIT DMA] done, continue
cycle 1541153: PC=0x0025 OPCODE=0x18 [CPT_TAGXY] type=1 tag=(0,0)
cycle 1541154: PC=0x0026 OPCODE=0x22 [MULI] REG[10] = REG[4] * 128 -> 117504
cycle 1541155: PC=0x0027 OPCODE=0x24 [ADD] REG[10] = REG[10] + REG[5] -> 119232
cycle 1541156: PC=0x0028 OPCODE=0x08 [G2P] addr=123328 tag=(0,0) size=576
cycle 1541157: PC=0x0029 OPCODE=0x1d [WAIT GLB] still busy, stall
cycle 1541444: PC=0x0029 OPCODE=0x1d [WAIT GLB] done, continue
cycle 1541445: PC=0x002a OPCODE=0x18 [CPT_TAGXY] type=2 tag=(0,0)
cycle 1541446: PC=0x002b OPCODE=0x22 [MULI] REG[11] = REG[3] * 128 -> 360448
cycle 1541447: PC=0x002c OPCODE=0x22 [MULI] REG[12] = REG[6] * 128 -> 14976
cycle 1541448: PC=0x002d OPCODE=0x24 [ADD] REG[11] = REG[11] + REG[5] -> 362176
cycle 1541449: PC=0x002e OPCODE=0x24 [ADD] REG[11] = REG[11] + REG[12] -> 377152
cycle 1541450: PC=0x002f OPCODE=0x08 [G2P] addr=385344 tag=(0,0) size=32
cycle 1541451: PC=0x0030 OPCODE=0x1d [WAIT GLB] still busy, stall
cycle 1541466: PC=0x0030 OPCODE=0x1d [WAIT GLB] done, continue
cycle 1541467: PC=0x0031 OPCODE=0x18 [CPT_TAGXY] type=0 tag=(0,0)
cycle 1541468: PC=0x0032 OPCODE=0x22 [MULI] REG[13] = REG[6] * 36 -> 4212
cycle 1541469: PC=0x0033 OPCODE=0x08 [G2P] addr=4212 tag=(0,0) size=144
cycle 1541470: PC=0x0034 OPCODE=0x1d [WAIT GLB] still busy, stall
cycle 1541541: PC=0x0034 OPCODE=0x1d [WAIT GLB] done, continue
cycle 1541542: PC=0x0035 OPCODE=0x1c [COMPUTE] valid_e=0
cycle 1541543: PC=0x0036 OPCODE=0x1d [WAIT PE_ARRAY]
cycle 1541544: PC=0x0037 OPCODE=0x18 [CPT_TAGXY] type=3 tag=(0,0)
cycle 1541545: PC=0x0038 OPCODE=0x09 [P2G] addr=385344 tag=(0,0) size=32
cycle 1541546: PC=0x0039 OPCODE=0x1f [LOOP] REG[6]<=64 ? target=42 : PC+1, after += 1 -> REG=118, nextPC=58
cycle 1541547: PC=0x003a OPCODE=0x1f [LOOP] REG[5]<=128 ? target=37 : PC+1, after += 32 -> REG=1760, nextPC=59
cycle 1541548: PC=0x003b OPCODE=0x1f [LOOP] REG[4]<=144 ? target=37 : PC+1, after += 18 -> REG=936, nextPC=60
cycle 1541549: PC=0x003c OPCODE=0x1f [LOOP] REG[3]<=64 ? target=33 : PC+1, after += 64 -> REG=2880, nextPC=61
cycle 1541550: PC=0x003d OPCODE=0x1f [LOOP] REG[2]<=8192 ? target=29 : PC+1, after += 96 -> REG=4320, nextPC=29
cycle 1541551: PC=0x001d OPCODE=0x22 [MULI] REG[8] = REG[8] * 256 -> 0
cycle 1541552: PC=0x001e OPCODE=0x24 [ADD] REG[8] = REG[8] + REG[1] -> 0
cycle 1541553: PC=0x001f OPCODE=0x05 [DMA READ] addr=536870912 size=18432
cycle 1541554: PC=0x0020 OPCODE=0x1d [WAIT DMA] still busy, stall
cycle 1564593: PC=0x0020 OPCODE=0x1d [WAIT DMA] done, continue
cycle 1564594: PC=0x0021 OPCODE=0x22 [MULI] REG[9] = REG[3] * 2048 -> 5898240
cycle 1564595: PC=0x0022 OPCODE=0x24 [ADD] REG[9] = REG[9] + REG[2] -> 5902560
cycle 1564596: PC=0x0023 OPCODE=0x04 [DMA READ] addr=274338016 size=8192
cycle 1564597: PC=0x0024 OPCODE=0x1d [WAIT DMA] still busy, stall
cycle 1574836: PC=0x0024 OPCODE=0x1d [WAIT DMA] done, continue
cycle 1574837: PC=0x0025 OPCODE=0x18 [CPT_TAGXY] type=1 tag=(0,0)
cycle 1574838: PC=0x0026 OPCODE=0x22 [MULI] REG[10] = REG[4] * 128 -> 119808
cycle 1574839: PC=0x0027 OPCODE=0x24 [ADD] REG[10] = REG[10] + REG[5] -> 121568
cycle 1574840: PC=0x0028 OPCODE=0x08 [G2P] addr=125664 tag=(0,0) size=576
cycle 1574841: PC=0x0029 OPCODE=0x1d [WAIT GLB] still busy, stall
cycle 1575128: PC=0x0029 OPCODE=0x1d [WAIT GLB] done, continue
cycle 1575129: PC=0x002a OPCODE=0x18 [CPT_TAGXY] type=2 tag=(0,0)
cycle 1575130: PC=0x002b OPCODE=0x22 [MULI] REG[11] = REG[3] * 128 -> 368640
cycle 1575131: PC=0x002c OPCODE=0x22 [MULI] REG[12] = REG[6] * 128 -> 15104
cycle 1575132: PC=0x002d OPCODE=0x24 [ADD] REG[11] = REG[11] + REG[5] -> 370400
cycle 1575133: PC=0x002e OPCODE=0x24 [ADD] REG[11] = REG[11] + REG[12] -> 385504
cycle 1575134: PC=0x002f OPCODE=0x08 [G2P] addr=393696 tag=(0,0) size=32
cycle 1575135: PC=0x0030 OPCODE=0x1d [WAIT GLB] still busy, stall
cycle 1575150: PC=0x0030 OPCODE=0x1d [WAIT GLB] done, continue
cycle 1575151: PC=0x0031 OPCODE=0x18 [CPT_TAGXY] type=0 tag=(0,0)
cycle 1575152: PC=0x0032 OPCODE=0x22 [MULI] REG[13] = REG[6] * 36 -> 4248
cycle 1575153: PC=0x0033 OPCODE=0x08 [G2P] addr=4248 tag=(0,0) size=144
cycle 1575154: PC=0x0034 OPCODE=0x1d [WAIT GLB] still busy, stall
cycle 1575225: PC=0x0034 OPCODE=0x1d [WAIT GLB] done, continue
cycle 1575226: PC=0x0035 OPCODE=0x1c [COMPUTE] valid_e=0
cycle 1575227: PC=0x0036 OPCODE=0x1d [WAIT PE_ARRAY]
cycle 1575228: PC=0x0037 OPCODE=0x18 [CPT_TAGXY] type=3 tag=(0,0)
cycle 1575229: PC=0x0038 OPCODE=0x09 [P2G] addr=393696 tag=(0,0) size=32
cycle 1575230: PC=0x0039 OPCODE=0x1f [LOOP] REG[6]<=64 ? target=42 : PC+1, after += 1 -> REG=119, nextPC=58
cycle 1575231: PC=0x003a OPCODE=0x1f [LOOP] REG[5]<=128 ? target=37 : PC+1, after += 32 -> REG=1792, nextPC=59
cycle 1575232: PC=0x003b OPCODE=0x1f [LOOP] REG[4]<=144 ? target=37 : PC+1, after += 18 -> REG=954, nextPC=60
cycle 1575233: PC=0x003c OPCODE=0x1f [LOOP] REG[3]<=64 ? target=33 : PC+1, after += 64 -> REG=2944, nextPC=61
cycle 1575234: PC=0x003d OPCODE=0x1f [LOOP] REG[2]<=8192 ? target=29 : PC+1, after += 96 -> REG=4416, nextPC=29
cycle 1575235: PC=0x001d OPCODE=0x22 [MULI] REG[8] = REG[8] * 256 -> 0
cycle 1575236: PC=0x001e OPCODE=0x24 [ADD] REG[8] = REG[8] + REG[1] -> 0
cycle 1575237: PC=0x001f OPCODE=0x05 [DMA READ] addr=536870912 size=18432
cycle 1575238: PC=0x0020 OPCODE=0x1d [WAIT DMA] still busy, stall
cycle 1598277: PC=0x0020 OPCODE=0x1d [WAIT DMA] done, continue
cycle 1598278: PC=0x0021 OPCODE=0x22 [MULI] REG[9] = REG[3] * 2048 -> 6029312
cycle 1598279: PC=0x0022 OPCODE=0x24 [ADD] REG[9] = REG[9] + REG[2] -> 6033728
cycle 1598280: PC=0x0023 OPCODE=0x04 [DMA READ] addr=274469184 size=8192
cycle 1598281: PC=0x0024 OPCODE=0x1d [WAIT DMA] still busy, stall
cycle 1608520: PC=0x0024 OPCODE=0x1d [WAIT DMA] done, continue
cycle 1608521: PC=0x0025 OPCODE=0x18 [CPT_TAGXY] type=1 tag=(0,0)
cycle 1608522: PC=0x0026 OPCODE=0x22 [MULI] REG[10] = REG[4] * 128 -> 122112
cycle 1608523: PC=0x0027 OPCODE=0x24 [ADD] REG[10] = REG[10] + REG[5] -> 123904
cycle 1608524: PC=0x0028 OPCODE=0x08 [G2P] addr=128000 tag=(0,0) size=576
cycle 1608525: PC=0x0029 OPCODE=0x1d [WAIT GLB] still busy, stall
cycle 1608812: PC=0x0029 OPCODE=0x1d [WAIT GLB] done, continue
cycle 1608813: PC=0x002a OPCODE=0x18 [CPT_TAGXY] type=2 tag=(0,0)
cycle 1608814: PC=0x002b OPCODE=0x22 [MULI] REG[11] = REG[3] * 128 -> 376832
cycle 1608815: PC=0x002c OPCODE=0x22 [MULI] REG[12] = REG[6] * 128 -> 15232
cycle 1608816: PC=0x002d OPCODE=0x24 [ADD] REG[11] = REG[11] + REG[5] -> 378624
cycle 1608817: PC=0x002e OPCODE=0x24 [ADD] REG[11] = REG[11] + REG[12] -> 393856
cycle 1608818: PC=0x002f OPCODE=0x08 [G2P] addr=402048 tag=(0,0) size=32
cycle 1608819: PC=0x0030 OPCODE=0x1d [WAIT GLB] still busy, stall
cycle 1608834: PC=0x0030 OPCODE=0x1d [WAIT GLB] done, continue
cycle 1608835: PC=0x0031 OPCODE=0x18 [CPT_TAGXY] type=0 tag=(0,0)
cycle 1608836: PC=0x0032 OPCODE=0x22 [MULI] REG[13] = REG[6] * 36 -> 4284
cycle 1608837: PC=0x0033 OPCODE=0x08 [G2P] addr=4284 tag=(0,0) size=144
cycle 1608838: PC=0x0034 OPCODE=0x1d [WAIT GLB] still busy, stall
cycle 1608909: PC=0x0034 OPCODE=0x1d [WAIT GLB] done, continue
cycle 1608910: PC=0x0035 OPCODE=0x1c [COMPUTE] valid_e=0
cycle 1608911: PC=0x0036 OPCODE=0x1d [WAIT PE_ARRAY]
cycle 1608912: PC=0x0037 OPCODE=0x18 [CPT_TAGXY] type=3 tag=(0,0)
cycle 1608913: PC=0x0038 OPCODE=0x09 [P2G] addr=402048 tag=(0,0) size=32
cycle 1608914: PC=0x0039 OPCODE=0x1f [LOOP] REG[6]<=64 ? target=42 : PC+1, after += 1 -> REG=120, nextPC=58
cycle 1608915: PC=0x003a OPCODE=0x1f [LOOP] REG[5]<=128 ? target=37 : PC+1, after += 32 -> REG=1824, nextPC=59
cycle 1608916: PC=0x003b OPCODE=0x1f [LOOP] REG[4]<=144 ? target=37 : PC+1, after += 18 -> REG=972, nextPC=60
cycle 1608917: PC=0x003c OPCODE=0x1f [LOOP] REG[3]<=64 ? target=33 : PC+1, after += 64 -> REG=3008, nextPC=61
cycle 1608918: PC=0x003d OPCODE=0x1f [LOOP] REG[2]<=8192 ? target=29 : PC+1, after += 96 -> REG=4512, nextPC=29
cycle 1608919: PC=0x001d OPCODE=0x22 [MULI] REG[8] = REG[8] * 256 -> 0
cycle 1608920: PC=0x001e OPCODE=0x24 [ADD] REG[8] = REG[8] + REG[1] -> 0
cycle 1608921: PC=0x001f OPCODE=0x05 [DMA READ] addr=536870912 size=18432
cycle 1608922: PC=0x0020 OPCODE=0x1d [WAIT DMA] still busy, stall
cycle 1631961: PC=0x0020 OPCODE=0x1d [WAIT DMA] done, continue
cycle 1631962: PC=0x0021 OPCODE=0x22 [MULI] REG[9] = REG[3] * 2048 -> 6160384
cycle 1631963: PC=0x0022 OPCODE=0x24 [ADD] REG[9] = REG[9] + REG[2] -> 6164896
cycle 1631964: PC=0x0023 OPCODE=0x04 [DMA READ] addr=274600352 size=8192
cycle 1631965: PC=0x0024 OPCODE=0x1d [WAIT DMA] still busy, stall
cycle 1642204: PC=0x0024 OPCODE=0x1d [WAIT DMA] done, continue
cycle 1642205: PC=0x0025 OPCODE=0x18 [CPT_TAGXY] type=1 tag=(0,0)
cycle 1642206: PC=0x0026 OPCODE=0x22 [MULI] REG[10] = REG[4] * 128 -> 124416
cycle 1642207: PC=0x0027 OPCODE=0x24 [ADD] REG[10] = REG[10] + REG[5] -> 126240
cycle 1642208: PC=0x0028 OPCODE=0x08 [G2P] addr=130336 tag=(0,0) size=576
cycle 1642209: PC=0x0029 OPCODE=0x1d [WAIT GLB] still busy, stall
cycle 1642496: PC=0x0029 OPCODE=0x1d [WAIT GLB] done, continue
cycle 1642497: PC=0x002a OPCODE=0x18 [CPT_TAGXY] type=2 tag=(0,0)
cycle 1642498: PC=0x002b OPCODE=0x22 [MULI] REG[11] = REG[3] * 128 -> 385024
cycle 1642499: PC=0x002c OPCODE=0x22 [MULI] REG[12] = REG[6] * 128 -> 15360
cycle 1642500: PC=0x002d OPCODE=0x24 [ADD] REG[11] = REG[11] + REG[5] -> 386848
cycle 1642501: PC=0x002e OPCODE=0x24 [ADD] REG[11] = REG[11] + REG[12] -> 402208
cycle 1642502: PC=0x002f OPCODE=0x08 [G2P] addr=410400 tag=(0,0) size=32
cycle 1642503: PC=0x0030 OPCODE=0x1d [WAIT GLB] still busy, stall
cycle 1642518: PC=0x0030 OPCODE=0x1d [WAIT GLB] done, continue
cycle 1642519: PC=0x0031 OPCODE=0x18 [CPT_TAGXY] type=0 tag=(0,0)
cycle 1642520: PC=0x0032 OPCODE=0x22 [MULI] REG[13] = REG[6] * 36 -> 4320
cycle 1642521: PC=0x0033 OPCODE=0x08 [G2P] addr=4320 tag=(0,0) size=144
cycle 1642522: PC=0x0034 OPCODE=0x1d [WAIT GLB] still busy, stall
cycle 1642593: PC=0x0034 OPCODE=0x1d [WAIT GLB] done, continue
cycle 1642594: PC=0x0035 OPCODE=0x1c [COMPUTE] valid_e=0
cycle 1642595: PC=0x0036 OPCODE=0x1d [WAIT PE_ARRAY]
cycle 1642596: PC=0x0037 OPCODE=0x18 [CPT_TAGXY] type=3 tag=(0,0)
cycle 1642597: PC=0x0038 OPCODE=0x09 [P2G] addr=410400 tag=(0,0) size=32
cycle 1642598: PC=0x0039 OPCODE=0x1f [LOOP] REG[6]<=64 ? target=42 : PC+1, after += 1 -> REG=121, nextPC=58
cycle 1642599: PC=0x003a OPCODE=0x1f [LOOP] REG[5]<=128 ? target=37 : PC+1, after += 32 -> REG=1856, nextPC=59
cycle 1642600: PC=0x003b OPCODE=0x1f [LOOP] REG[4]<=144 ? target=37 : PC+1, after += 18 -> REG=990, nextPC=60
cycle 1642601: PC=0x003c OPCODE=0x1f [LOOP] REG[3]<=64 ? target=33 : PC+1, after += 64 -> REG=3072, nextPC=61
cycle 1642602: PC=0x003d OPCODE=0x1f [LOOP] REG[2]<=8192 ? target=29 : PC+1, after += 96 -> REG=4608, nextPC=29
cycle 1642603: PC=0x001d OPCODE=0x22 [MULI] REG[8] = REG[8] * 256 -> 0
cycle 1642604: PC=0x001e OPCODE=0x24 [ADD] REG[8] = REG[8] + REG[1] -> 0
cycle 1642605: PC=0x001f OPCODE=0x05 [DMA READ] addr=536870912 size=18432
cycle 1642606: PC=0x0020 OPCODE=0x1d [WAIT DMA] still busy, stall
cycle 1665645: PC=0x0020 OPCODE=0x1d [WAIT DMA] done, continue
cycle 1665646: PC=0x0021 OPCODE=0x22 [MULI] REG[9] = REG[3] * 2048 -> 6291456
cycle 1665647: PC=0x0022 OPCODE=0x24 [ADD] REG[9] = REG[9] + REG[2] -> 6296064
cycle 1665648: PC=0x0023 OPCODE=0x04 [DMA READ] addr=274731520 size=8192
cycle 1665649: PC=0x0024 OPCODE=0x1d [WAIT DMA] still busy, stall
cycle 1675888: PC=0x0024 OPCODE=0x1d [WAIT DMA] done, continue
cycle 1675889: PC=0x0025 OPCODE=0x18 [CPT_TAGXY] type=1 tag=(0,0)
cycle 1675890: PC=0x0026 OPCODE=0x22 [MULI] REG[10] = REG[4] * 128 -> 126720
cycle 1675891: PC=0x0027 OPCODE=0x24 [ADD] REG[10] = REG[10] + REG[5] -> 128576
cycle 1675892: PC=0x0028 OPCODE=0x08 [G2P] addr=132672 tag=(0,0) size=576
cycle 1675893: PC=0x0029 OPCODE=0x1d [WAIT GLB] still busy, stall
cycle 1676180: PC=0x0029 OPCODE=0x1d [WAIT GLB] done, continue
cycle 1676181: PC=0x002a OPCODE=0x18 [CPT_TAGXY] type=2 tag=(0,0)
cycle 1676182: PC=0x002b OPCODE=0x22 [MULI] REG[11] = REG[3] * 128 -> 393216
cycle 1676183: PC=0x002c OPCODE=0x22 [MULI] REG[12] = REG[6] * 128 -> 15488
cycle 1676184: PC=0x002d OPCODE=0x24 [ADD] REG[11] = REG[11] + REG[5] -> 395072
cycle 1676185: PC=0x002e OPCODE=0x24 [ADD] REG[11] = REG[11] + REG[12] -> 410560
cycle 1676186: PC=0x002f OPCODE=0x08 [G2P] addr=418752 tag=(0,0) size=32
cycle 1676187: PC=0x0030 OPCODE=0x1d [WAIT GLB] still busy, stall
cycle 1676202: PC=0x0030 OPCODE=0x1d [WAIT GLB] done, continue
cycle 1676203: PC=0x0031 OPCODE=0x18 [CPT_TAGXY] type=0 tag=(0,0)
cycle 1676204: PC=0x0032 OPCODE=0x22 [MULI] REG[13] = REG[6] * 36 -> 4356
cycle 1676205: PC=0x0033 OPCODE=0x08 [G2P] addr=4356 tag=(0,0) size=144
cycle 1676206: PC=0x0034 OPCODE=0x1d [WAIT GLB] still busy, stall
cycle 1676277: PC=0x0034 OPCODE=0x1d [WAIT GLB] done, continue
cycle 1676278: PC=0x0035 OPCODE=0x1c [COMPUTE] valid_e=0
cycle 1676279: PC=0x0036 OPCODE=0x1d [WAIT PE_ARRAY]
cycle 1676280: PC=0x0037 OPCODE=0x18 [CPT_TAGXY] type=3 tag=(0,0)
cycle 1676281: PC=0x0038 OPCODE=0x09 [P2G] addr=418752 tag=(0,0) size=32
cycle 1676282: PC=0x0039 OPCODE=0x1f [LOOP] REG[6]<=64 ? target=42 : PC+1, after += 1 -> REG=122, nextPC=58
cycle 1676283: PC=0x003a OPCODE=0x1f [LOOP] REG[5]<=128 ? target=37 : PC+1, after += 32 -> REG=1888, nextPC=59
cycle 1676284: PC=0x003b OPCODE=0x1f [LOOP] REG[4]<=144 ? target=37 : PC+1, after += 18 -> REG=1008, nextPC=60
cycle 1676285: PC=0x003c OPCODE=0x1f [LOOP] REG[3]<=64 ? target=33 : PC+1, after += 64 -> REG=3136, nextPC=61
cycle 1676286: PC=0x003d OPCODE=0x1f [LOOP] REG[2]<=8192 ? target=29 : PC+1, after += 96 -> REG=4704, nextPC=29
cycle 1676287: PC=0x001d OPCODE=0x22 [MULI] REG[8] = REG[8] * 256 -> 0
cycle 1676288: PC=0x001e OPCODE=0x24 [ADD] REG[8] = REG[8] + REG[1] -> 0
cycle 1676289: PC=0x001f OPCODE=0x05 [DMA READ] addr=536870912 size=18432
cycle 1676290: PC=0x0020 OPCODE=0x1d [WAIT DMA] still busy, stall
cycle 1699329: PC=0x0020 OPCODE=0x1d [WAIT DMA] done, continue
cycle 1699330: PC=0x0021 OPCODE=0x22 [MULI] REG[9] = REG[3] * 2048 -> 6422528
cycle 1699331: PC=0x0022 OPCODE=0x24 [ADD] REG[9] = REG[9] + REG[2] -> 6427232
cycle 1699332: PC=0x0023 OPCODE=0x04 [DMA READ] addr=274862688 size=8192
cycle 1699333: PC=0x0024 OPCODE=0x1d [WAIT DMA] still busy, stall
cycle 1709572: PC=0x0024 OPCODE=0x1d [WAIT DMA] done, continue
cycle 1709573: PC=0x0025 OPCODE=0x18 [CPT_TAGXY] type=1 tag=(0,0)
cycle 1709574: PC=0x0026 OPCODE=0x22 [MULI] REG[10] = REG[4] * 128 -> 129024
cycle 1709575: PC=0x0027 OPCODE=0x24 [ADD] REG[10] = REG[10] + REG[5] -> 130912
cycle 1709576: PC=0x0028 OPCODE=0x08 [G2P] addr=135008 tag=(0,0) size=576
cycle 1709577: PC=0x0029 OPCODE=0x1d [WAIT GLB] still busy, stall
cycle 1709864: PC=0x0029 OPCODE=0x1d [WAIT GLB] done, continue
cycle 1709865: PC=0x002a OPCODE=0x18 [CPT_TAGXY] type=2 tag=(0,0)
cycle 1709866: PC=0x002b OPCODE=0x22 [MULI] REG[11] = REG[3] * 128 -> 401408
cycle 1709867: PC=0x002c OPCODE=0x22 [MULI] REG[12] = REG[6] * 128 -> 15616
cycle 1709868: PC=0x002d OPCODE=0x24 [ADD] REG[11] = REG[11] + REG[5] -> 403296
cycle 1709869: PC=0x002e OPCODE=0x24 [ADD] REG[11] = REG[11] + REG[12] -> 418912
cycle 1709870: PC=0x002f OPCODE=0x08 [G2P] addr=427104 tag=(0,0) size=32
cycle 1709871: PC=0x0030 OPCODE=0x1d [WAIT GLB] still busy, stall
cycle 1709886: PC=0x0030 OPCODE=0x1d [WAIT GLB] done, continue
cycle 1709887: PC=0x0031 OPCODE=0x18 [CPT_TAGXY] type=0 tag=(0,0)
cycle 1709888: PC=0x0032 OPCODE=0x22 [MULI] REG[13] = REG[6] * 36 -> 4392
cycle 1709889: PC=0x0033 OPCODE=0x08 [G2P] addr=4392 tag=(0,0) size=144
cycle 1709890: PC=0x0034 OPCODE=0x1d [WAIT GLB] still busy, stall
cycle 1709961: PC=0x0034 OPCODE=0x1d [WAIT GLB] done, continue
cycle 1709962: PC=0x0035 OPCODE=0x1c [COMPUTE] valid_e=0
cycle 1709963: PC=0x0036 OPCODE=0x1d [WAIT PE_ARRAY]
cycle 1709964: PC=0x0037 OPCODE=0x18 [CPT_TAGXY] type=3 tag=(0,0)
cycle 1709965: PC=0x0038 OPCODE=0x09 [P2G] addr=427104 tag=(0,0) size=32
cycle 1709966: PC=0x0039 OPCODE=0x1f [LOOP] REG[6]<=64 ? target=42 : PC+1, after += 1 -> REG=123, nextPC=58
cycle 1709967: PC=0x003a OPCODE=0x1f [LOOP] REG[5]<=128 ? target=37 : PC+1, after += 32 -> REG=1920, nextPC=59
cycle 1709968: PC=0x003b OPCODE=0x1f [LOOP] REG[4]<=144 ? target=37 : PC+1, after += 18 -> REG=1026, nextPC=60
cycle 1709969: PC=0x003c OPCODE=0x1f [LOOP] REG[3]<=64 ? target=33 : PC+1, after += 64 -> REG=3200, nextPC=61
cycle 1709970: PC=0x003d OPCODE=0x1f [LOOP] REG[2]<=8192 ? target=29 : PC+1, after += 96 -> REG=4800, nextPC=29
cycle 1709971: PC=0x001d OPCODE=0x22 [MULI] REG[8] = REG[8] * 256 -> 0
cycle 1709972: PC=0x001e OPCODE=0x24 [ADD] REG[8] = REG[8] + REG[1] -> 0
cycle 1709973: PC=0x001f OPCODE=0x05 [DMA READ] addr=536870912 size=18432
cycle 1709974: PC=0x0020 OPCODE=0x1d [WAIT DMA] still busy, stall
cycle 1733013: PC=0x0020 OPCODE=0x1d [WAIT DMA] done, continue
cycle 1733014: PC=0x0021 OPCODE=0x22 [MULI] REG[9] = REG[3] * 2048 -> 6553600
cycle 1733015: PC=0x0022 OPCODE=0x24 [ADD] REG[9] = REG[9] + REG[2] -> 6558400
cycle 1733016: PC=0x0023 OPCODE=0x04 [DMA READ] addr=274993856 size=8192
cycle 1733017: PC=0x0024 OPCODE=0x1d [WAIT DMA] still busy, stall
cycle 1743256: PC=0x0024 OPCODE=0x1d [WAIT DMA] done, continue
cycle 1743257: PC=0x0025 OPCODE=0x18 [CPT_TAGXY] type=1 tag=(0,0)
cycle 1743258: PC=0x0026 OPCODE=0x22 [MULI] REG[10] = REG[4] * 128 -> 131328
cycle 1743259: PC=0x0027 OPCODE=0x24 [ADD] REG[10] = REG[10] + REG[5] -> 133248
cycle 1743260: PC=0x0028 OPCODE=0x08 [G2P] addr=137344 tag=(0,0) size=576
cycle 1743261: PC=0x0029 OPCODE=0x1d [WAIT GLB] still busy, stall
cycle 1743548: PC=0x0029 OPCODE=0x1d [WAIT GLB] done, continue
cycle 1743549: PC=0x002a OPCODE=0x18 [CPT_TAGXY] type=2 tag=(0,0)
cycle 1743550: PC=0x002b OPCODE=0x22 [MULI] REG[11] = REG[3] * 128 -> 409600
cycle 1743551: PC=0x002c OPCODE=0x22 [MULI] REG[12] = REG[6] * 128 -> 15744
cycle 1743552: PC=0x002d OPCODE=0x24 [ADD] REG[11] = REG[11] + REG[5] -> 411520
cycle 1743553: PC=0x002e OPCODE=0x24 [ADD] REG[11] = REG[11] + REG[12] -> 427264
cycle 1743554: PC=0x002f OPCODE=0x08 [G2P] addr=435456 tag=(0,0) size=32
cycle 1743555: PC=0x0030 OPCODE=0x1d [WAIT GLB] still busy, stall
cycle 1743570: PC=0x0030 OPCODE=0x1d [WAIT GLB] done, continue
cycle 1743571: PC=0x0031 OPCODE=0x18 [CPT_TAGXY] type=0 tag=(0,0)
cycle 1743572: PC=0x0032 OPCODE=0x22 [MULI] REG[13] = REG[6] * 36 -> 4428
cycle 1743573: PC=0x0033 OPCODE=0x08 [G2P] addr=4428 tag=(0,0) size=144
cycle 1743574: PC=0x0034 OPCODE=0x1d [WAIT GLB] still busy, stall
cycle 1743645: PC=0x0034 OPCODE=0x1d [WAIT GLB] done, continue
cycle 1743646: PC=0x0035 OPCODE=0x1c [COMPUTE] valid_e=0
cycle 1743647: PC=0x0036 OPCODE=0x1d [WAIT PE_ARRAY]
cycle 1743648: PC=0x0037 OPCODE=0x18 [CPT_TAGXY] type=3 tag=(0,0)
cycle 1743649: PC=0x0038 OPCODE=0x09 [P2G] addr=435456 tag=(0,0) size=32
cycle 1743650: PC=0x0039 OPCODE=0x1f [LOOP] REG[6]<=64 ? target=42 : PC+1, after += 1 -> REG=124, nextPC=58
cycle 1743651: PC=0x003a OPCODE=0x1f [LOOP] REG[5]<=128 ? target=37 : PC+1, after += 32 -> REG=1952, nextPC=59
cycle 1743652: PC=0x003b OPCODE=0x1f [LOOP] REG[4]<=144 ? target=37 : PC+1, after += 18 -> REG=1044, nextPC=60
cycle 1743653: PC=0x003c OPCODE=0x1f [LOOP] REG[3]<=64 ? target=33 : PC+1, after += 64 -> REG=3264, nextPC=61
cycle 1743654: PC=0x003d OPCODE=0x1f [LOOP] REG[2]<=8192 ? target=29 : PC+1, after += 96 -> REG=4896, nextPC=29
cycle 1743655: PC=0x001d OPCODE=0x22 [MULI] REG[8] = REG[8] * 256 -> 0
cycle 1743656: PC=0x001e OPCODE=0x24 [ADD] REG[8] = REG[8] + REG[1] -> 0
cycle 1743657: PC=0x001f OPCODE=0x05 [DMA READ] addr=536870912 size=18432
cycle 1743658: PC=0x0020 OPCODE=0x1d [WAIT DMA] still busy, stall
cycle 1766697: PC=0x0020 OPCODE=0x1d [WAIT DMA] done, continue
cycle 1766698: PC=0x0021 OPCODE=0x22 [MULI] REG[9] = REG[3] * 2048 -> 6684672
cycle 1766699: PC=0x0022 OPCODE=0x24 [ADD] REG[9] = REG[9] + REG[2] -> 6689568
cycle 1766700: PC=0x0023 OPCODE=0x04 [DMA READ] addr=275125024 size=8192
cycle 1766701: PC=0x0024 OPCODE=0x1d [WAIT DMA] still busy, stall
cycle 1776940: PC=0x0024 OPCODE=0x1d [WAIT DMA] done, continue
cycle 1776941: PC=0x0025 OPCODE=0x18 [CPT_TAGXY] type=1 tag=(0,0)
cycle 1776942: PC=0x0026 OPCODE=0x22 [MULI] REG[10] = REG[4] * 128 -> 133632
cycle 1776943: PC=0x0027 OPCODE=0x24 [ADD] REG[10] = REG[10] + REG[5] -> 135584
cycle 1776944: PC=0x0028 OPCODE=0x08 [G2P] addr=139680 tag=(0,0) size=576
cycle 1776945: PC=0x0029 OPCODE=0x1d [WAIT GLB] still busy, stall
cycle 1777232: PC=0x0029 OPCODE=0x1d [WAIT GLB] done, continue
cycle 1777233: PC=0x002a OPCODE=0x18 [CPT_TAGXY] type=2 tag=(0,0)
cycle 1777234: PC=0x002b OPCODE=0x22 [MULI] REG[11] = REG[3] * 128 -> 417792
cycle 1777235: PC=0x002c OPCODE=0x22 [MULI] REG[12] = REG[6] * 128 -> 15872
cycle 1777236: PC=0x002d OPCODE=0x24 [ADD] REG[11] = REG[11] + REG[5] -> 419744
cycle 1777237: PC=0x002e OPCODE=0x24 [ADD] REG[11] = REG[11] + REG[12] -> 435616
cycle 1777238: PC=0x002f OPCODE=0x08 [G2P] addr=443808 tag=(0,0) size=32
cycle 1777239: PC=0x0030 OPCODE=0x1d [WAIT GLB] still busy, stall
cycle 1777254: PC=0x0030 OPCODE=0x1d [WAIT GLB] done, continue
cycle 1777255: PC=0x0031 OPCODE=0x18 [CPT_TAGXY] type=0 tag=(0,0)
cycle 1777256: PC=0x0032 OPCODE=0x22 [MULI] REG[13] = REG[6] * 36 -> 4464
cycle 1777257: PC=0x0033 OPCODE=0x08 [G2P] addr=4464 tag=(0,0) size=144
cycle 1777258: PC=0x0034 OPCODE=0x1d [WAIT GLB] still busy, stall
cycle 1777329: PC=0x0034 OPCODE=0x1d [WAIT GLB] done, continue
cycle 1777330: PC=0x0035 OPCODE=0x1c [COMPUTE] valid_e=0
cycle 1777331: PC=0x0036 OPCODE=0x1d [WAIT PE_ARRAY]
cycle 1777332: PC=0x0037 OPCODE=0x18 [CPT_TAGXY] type=3 tag=(0,0)
cycle 1777333: PC=0x0038 OPCODE=0x09 [P2G] addr=443808 tag=(0,0) size=32
cycle 1777334: PC=0x0039 OPCODE=0x1f [LOOP] REG[6]<=64 ? target=42 : PC+1, after += 1 -> REG=125, nextPC=58
cycle 1777335: PC=0x003a OPCODE=0x1f [LOOP] REG[5]<=128 ? target=37 : PC+1, after += 32 -> REG=1984, nextPC=59
cycle 1777336: PC=0x003b OPCODE=0x1f [LOOP] REG[4]<=144 ? target=37 : PC+1, after += 18 -> REG=1062, nextPC=60
cycle 1777337: PC=0x003c OPCODE=0x1f [LOOP] REG[3]<=64 ? target=33 : PC+1, after += 64 -> REG=3328, nextPC=61
cycle 1777338: PC=0x003d OPCODE=0x1f [LOOP] REG[2]<=8192 ? target=29 : PC+1, after += 96 -> REG=4992, nextPC=29
cycle 1777339: PC=0x001d OPCODE=0x22 [MULI] REG[8] = REG[8] * 256 -> 0
cycle 1777340: PC=0x001e OPCODE=0x24 [ADD] REG[8] = REG[8] + REG[1] -> 0
cycle 1777341: PC=0x001f OPCODE=0x05 [DMA READ] addr=536870912 size=18432
cycle 1777342: PC=0x0020 OPCODE=0x1d [WAIT DMA] still busy, stall
cycle 1800381: PC=0x0020 OPCODE=0x1d [WAIT DMA] done, continue
cycle 1800382: PC=0x0021 OPCODE=0x22 [MULI] REG[9] = REG[3] * 2048 -> 6815744
cycle 1800383: PC=0x0022 OPCODE=0x24 [ADD] REG[9] = REG[9] + REG[2] -> 6820736
cycle 1800384: PC=0x0023 OPCODE=0x04 [DMA READ] addr=275256192 size=8192
cycle 1800385: PC=0x0024 OPCODE=0x1d [WAIT DMA] still busy, stall
cycle 1810624: PC=0x0024 OPCODE=0x1d [WAIT DMA] done, continue
cycle 1810625: PC=0x0025 OPCODE=0x18 [CPT_TAGXY] type=1 tag=(0,0)
cycle 1810626: PC=0x0026 OPCODE=0x22 [MULI] REG[10] = REG[4] * 128 -> 135936
cycle 1810627: PC=0x0027 OPCODE=0x24 [ADD] REG[10] = REG[10] + REG[5] -> 137920
cycle 1810628: PC=0x0028 OPCODE=0x08 [G2P] addr=142016 tag=(0,0) size=576
cycle 1810629: PC=0x0029 OPCODE=0x1d [WAIT GLB] still busy, stall
cycle 1810916: PC=0x0029 OPCODE=0x1d [WAIT GLB] done, continue
cycle 1810917: PC=0x002a OPCODE=0x18 [CPT_TAGXY] type=2 tag=(0,0)
cycle 1810918: PC=0x002b OPCODE=0x22 [MULI] REG[11] = REG[3] * 128 -> 425984
cycle 1810919: PC=0x002c OPCODE=0x22 [MULI] REG[12] = REG[6] * 128 -> 16000
cycle 1810920: PC=0x002d OPCODE=0x24 [ADD] REG[11] = REG[11] + REG[5] -> 427968
cycle 1810921: PC=0x002e OPCODE=0x24 [ADD] REG[11] = REG[11] + REG[12] -> 443968
cycle 1810922: PC=0x002f OPCODE=0x08 [G2P] addr=452160 tag=(0,0) size=32
cycle 1810923: PC=0x0030 OPCODE=0x1d [WAIT GLB] still busy, stall
cycle 1810938: PC=0x0030 OPCODE=0x1d [WAIT GLB] done, continue
cycle 1810939: PC=0x0031 OPCODE=0x18 [CPT_TAGXY] type=0 tag=(0,0)
cycle 1810940: PC=0x0032 OPCODE=0x22 [MULI] REG[13] = REG[6] * 36 -> 4500
cycle 1810941: PC=0x0033 OPCODE=0x08 [G2P] addr=4500 tag=(0,0) size=144
cycle 1810942: PC=0x0034 OPCODE=0x1d [WAIT GLB] still busy, stall
cycle 1811013: PC=0x0034 OPCODE=0x1d [WAIT GLB] done, continue
cycle 1811014: PC=0x0035 OPCODE=0x1c [COMPUTE] valid_e=0
cycle 1811015: PC=0x0036 OPCODE=0x1d [WAIT PE_ARRAY]
cycle 1811016: PC=0x0037 OPCODE=0x18 [CPT_TAGXY] type=3 tag=(0,0)
cycle 1811017: PC=0x0038 OPCODE=0x09 [P2G] addr=452160 tag=(0,0) size=32
cycle 1811018: PC=0x0039 OPCODE=0x1f [LOOP] REG[6]<=64 ? target=42 : PC+1, after += 1 -> REG=126, nextPC=58
cycle 1811019: PC=0x003a OPCODE=0x1f [LOOP] REG[5]<=128 ? target=37 : PC+1, after += 32 -> REG=2016, nextPC=59
cycle 1811020: PC=0x003b OPCODE=0x1f [LOOP] REG[4]<=144 ? target=37 : PC+1, after += 18 -> REG=1080, nextPC=60
cycle 1811021: PC=0x003c OPCODE=0x1f [LOOP] REG[3]<=64 ? target=33 : PC+1, after += 64 -> REG=3392, nextPC=61
cycle 1811022: PC=0x003d OPCODE=0x1f [LOOP] REG[2]<=8192 ? target=29 : PC+1, after += 96 -> REG=5088, nextPC=29
cycle 1811023: PC=0x001d OPCODE=0x22 [MULI] REG[8] = REG[8] * 256 -> 0
cycle 1811024: PC=0x001e OPCODE=0x24 [ADD] REG[8] = REG[8] + REG[1] -> 0
cycle 1811025: PC=0x001f OPCODE=0x05 [DMA READ] addr=536870912 size=18432
cycle 1811026: PC=0x0020 OPCODE=0x1d [WAIT DMA] still busy, stall
cycle 1834065: PC=0x0020 OPCODE=0x1d [WAIT DMA] done, continue
cycle 1834066: PC=0x0021 OPCODE=0x22 [MULI] REG[9] = REG[3] * 2048 -> 6946816
cycle 1834067: PC=0x0022 OPCODE=0x24 [ADD] REG[9] = REG[9] + REG[2] -> 6951904
cycle 1834068: PC=0x0023 OPCODE=0x04 [DMA READ] addr=275387360 size=8192
cycle 1834069: PC=0x0024 OPCODE=0x1d [WAIT DMA] still busy, stall
cycle 1844308: PC=0x0024 OPCODE=0x1d [WAIT DMA] done, continue
cycle 1844309: PC=0x0025 OPCODE=0x18 [CPT_TAGXY] type=1 tag=(0,0)
cycle 1844310: PC=0x0026 OPCODE=0x22 [MULI] REG[10] = REG[4] * 128 -> 138240
cycle 1844311: PC=0x0027 OPCODE=0x24 [ADD] REG[10] = REG[10] + REG[5] -> 140256
cycle 1844312: PC=0x0028 OPCODE=0x08 [G2P] addr=144352 tag=(0,0) size=576
cycle 1844313: PC=0x0029 OPCODE=0x1d [WAIT GLB] still busy, stall
cycle 1844600: PC=0x0029 OPCODE=0x1d [WAIT GLB] done, continue
cycle 1844601: PC=0x002a OPCODE=0x18 [CPT_TAGXY] type=2 tag=(0,0)
cycle 1844602: PC=0x002b OPCODE=0x22 [MULI] REG[11] = REG[3] * 128 -> 434176
cycle 1844603: PC=0x002c OPCODE=0x22 [MULI] REG[12] = REG[6] * 128 -> 16128
cycle 1844604: PC=0x002d OPCODE=0x24 [ADD] REG[11] = REG[11] + REG[5] -> 436192
cycle 1844605: PC=0x002e OPCODE=0x24 [ADD] REG[11] = REG[11] + REG[12] -> 452320
cycle 1844606: PC=0x002f OPCODE=0x08 [G2P] addr=460512 tag=(0,0) size=32
cycle 1844607: PC=0x0030 OPCODE=0x1d [WAIT GLB] still busy, stall
cycle 1844622: PC=0x0030 OPCODE=0x1d [WAIT GLB] done, continue
cycle 1844623: PC=0x0031 OPCODE=0x18 [CPT_TAGXY] type=0 tag=(0,0)
cycle 1844624: PC=0x0032 OPCODE=0x22 [MULI] REG[13] = REG[6] * 36 -> 4536
cycle 1844625: PC=0x0033 OPCODE=0x08 [G2P] addr=4536 tag=(0,0) size=144
cycle 1844626: PC=0x0034 OPCODE=0x1d [WAIT GLB] still busy, stall
cycle 1844697: PC=0x0034 OPCODE=0x1d [WAIT GLB] done, continue
cycle 1844698: PC=0x0035 OPCODE=0x1c [COMPUTE] valid_e=0
cycle 1844699: PC=0x0036 OPCODE=0x1d [WAIT PE_ARRAY]
cycle 1844700: PC=0x0037 OPCODE=0x18 [CPT_TAGXY] type=3 tag=(0,0)
cycle 1844701: PC=0x0038 OPCODE=0x09 [P2G] addr=460512 tag=(0,0) size=32
cycle 1844702: PC=0x0039 OPCODE=0x1f [LOOP] REG[6]<=64 ? target=42 : PC+1, after += 1 -> REG=127, nextPC=58
cycle 1844703: PC=0x003a OPCODE=0x1f [LOOP] REG[5]<=128 ? target=37 : PC+1, after += 32 -> REG=2048, nextPC=59
cycle 1844704: PC=0x003b OPCODE=0x1f [LOOP] REG[4]<=144 ? target=37 : PC+1, after += 18 -> REG=1098, nextPC=60
cycle 1844705: PC=0x003c OPCODE=0x1f [LOOP] REG[3]<=64 ? target=33 : PC+1, after += 64 -> REG=3456, nextPC=61
cycle 1844706: PC=0x003d OPCODE=0x1f [LOOP] REG[2]<=8192 ? target=29 : PC+1, after += 96 -> REG=5184, nextPC=29
cycle 1844707: PC=0x001d OPCODE=0x22 [MULI] REG[8] = REG[8] * 256 -> 0
cycle 1844708: PC=0x001e OPCODE=0x24 [ADD] REG[8] = REG[8] + REG[1] -> 0
cycle 1844709: PC=0x001f OPCODE=0x05 [DMA READ] addr=536870912 size=18432
cycle 1844710: PC=0x0020 OPCODE=0x1d [WAIT DMA] still busy, stall
cycle 1867749: PC=0x0020 OPCODE=0x1d [WAIT DMA] done, continue
cycle 1867750: PC=0x0021 OPCODE=0x22 [MULI] REG[9] = REG[3] * 2048 -> 7077888
cycle 1867751: PC=0x0022 OPCODE=0x24 [ADD] REG[9] = REG[9] + REG[2] -> 7083072
cycle 1867752: PC=0x0023 OPCODE=0x04 [DMA READ] addr=275518528 size=8192
cycle 1867753: PC=0x0024 OPCODE=0x1d [WAIT DMA] still busy, stall
cycle 1877992: PC=0x0024 OPCODE=0x1d [WAIT DMA] done, continue
cycle 1877993: PC=0x0025 OPCODE=0x18 [CPT_TAGXY] type=1 tag=(0,0)
cycle 1877994: PC=0x0026 OPCODE=0x22 [MULI] REG[10] = REG[4] * 128 -> 140544
cycle 1877995: PC=0x0027 OPCODE=0x24 [ADD] REG[10] = REG[10] + REG[5] -> 142592
cycle 1877996: PC=0x0028 OPCODE=0x08 [G2P] addr=146688 tag=(0,0) size=576
cycle 1877997: PC=0x0029 OPCODE=0x1d [WAIT GLB] still busy, stall
cycle 1878284: PC=0x0029 OPCODE=0x1d [WAIT GLB] done, continue
cycle 1878285: PC=0x002a OPCODE=0x18 [CPT_TAGXY] type=2 tag=(0,0)
cycle 1878286: PC=0x002b OPCODE=0x22 [MULI] REG[11] = REG[3] * 128 -> 442368
cycle 1878287: PC=0x002c OPCODE=0x22 [MULI] REG[12] = REG[6] * 128 -> 16256
cycle 1878288: PC=0x002d OPCODE=0x24 [ADD] REG[11] = REG[11] + REG[5] -> 444416
cycle 1878289: PC=0x002e OPCODE=0x24 [ADD] REG[11] = REG[11] + REG[12] -> 460672
cycle 1878290: PC=0x002f OPCODE=0x08 [G2P] addr=468864 tag=(0,0) size=32
cycle 1878291: PC=0x0030 OPCODE=0x1d [WAIT GLB] still busy, stall
cycle 1878306: PC=0x0030 OPCODE=0x1d [WAIT GLB] done, continue
cycle 1878307: PC=0x0031 OPCODE=0x18 [CPT_TAGXY] type=0 tag=(0,0)
cycle 1878308: PC=0x0032 OPCODE=0x22 [MULI] REG[13] = REG[6] * 36 -> 4572
cycle 1878309: PC=0x0033 OPCODE=0x08 [G2P] addr=4572 tag=(0,0) size=144
cycle 1878310: PC=0x0034 OPCODE=0x1d [WAIT GLB] still busy, stall
cycle 1878381: PC=0x0034 OPCODE=0x1d [WAIT GLB] done, continue
cycle 1878382: PC=0x0035 OPCODE=0x1c [COMPUTE] valid_e=0
cycle 1878383: PC=0x0036 OPCODE=0x1d [WAIT PE_ARRAY]
cycle 1878384: PC=0x0037 OPCODE=0x18 [CPT_TAGXY] type=3 tag=(0,0)
cycle 1878385: PC=0x0038 OPCODE=0x09 [P2G] addr=468864 tag=(0,0) size=32
cycle 1878386: PC=0x0039 OPCODE=0x1f [LOOP] REG[6]<=64 ? target=42 : PC+1, after += 1 -> REG=128, nextPC=58
cycle 1878387: PC=0x003a OPCODE=0x1f [LOOP] REG[5]<=128 ? target=37 : PC+1, after += 32 -> REG=2080, nextPC=59
cycle 1878388: PC=0x003b OPCODE=0x1f [LOOP] REG[4]<=144 ? target=37 : PC+1, after += 18 -> REG=1116, nextPC=60
cycle 1878389: PC=0x003c OPCODE=0x1f [LOOP] REG[3]<=64 ? target=33 : PC+1, after += 64 -> REG=3520, nextPC=61
cycle 1878390: PC=0x003d OPCODE=0x1f [LOOP] REG[2]<=8192 ? target=29 : PC+1, after += 96 -> REG=5280, nextPC=29
cycle 1878391: PC=0x001d OPCODE=0x22 [MULI] REG[8] = REG[8] * 256 -> 0
cycle 1878392: PC=0x001e OPCODE=0x24 [ADD] REG[8] = REG[8] + REG[1] -> 0
cycle 1878393: PC=0x001f OPCODE=0x05 [DMA READ] addr=536870912 size=18432
cycle 1878394: PC=0x0020 OPCODE=0x1d [WAIT DMA] still busy, stall
cycle 1901433: PC=0x0020 OPCODE=0x1d [WAIT DMA] done, continue
cycle 1901434: PC=0x0021 OPCODE=0x22 [MULI] REG[9] = REG[3] * 2048 -> 7208960
cycle 1901435: PC=0x0022 OPCODE=0x24 [ADD] REG[9] = REG[9] + REG[2] -> 7214240
cycle 1901436: PC=0x0023 OPCODE=0x04 [DMA READ] addr=275649696 size=8192
cycle 1901437: PC=0x0024 OPCODE=0x1d [WAIT DMA] still busy, stall
cycle 1911676: PC=0x0024 OPCODE=0x1d [WAIT DMA] done, continue
cycle 1911677: PC=0x0025 OPCODE=0x18 [CPT_TAGXY] type=1 tag=(0,0)
cycle 1911678: PC=0x0026 OPCODE=0x22 [MULI] REG[10] = REG[4] * 128 -> 142848
cycle 1911679: PC=0x0027 OPCODE=0x24 [ADD] REG[10] = REG[10] + REG[5] -> 144928
cycle 1911680: PC=0x0028 OPCODE=0x08 [G2P] addr=149024 tag=(0,0) size=576
cycle 1911681: PC=0x0029 OPCODE=0x1d [WAIT GLB] still busy, stall
cycle 1911968: PC=0x0029 OPCODE=0x1d [WAIT GLB] done, continue
cycle 1911969: PC=0x002a OPCODE=0x18 [CPT_TAGXY] type=2 tag=(0,0)
cycle 1911970: PC=0x002b OPCODE=0x22 [MULI] REG[11] = REG[3] * 128 -> 450560
cycle 1911971: PC=0x002c OPCODE=0x22 [MULI] REG[12] = REG[6] * 128 -> 16384
cycle 1911972: PC=0x002d OPCODE=0x24 [ADD] REG[11] = REG[11] + REG[5] -> 452640
cycle 1911973: PC=0x002e OPCODE=0x24 [ADD] REG[11] = REG[11] + REG[12] -> 469024
cycle 1911974: PC=0x002f OPCODE=0x08 [G2P] addr=477216 tag=(0,0) size=32
cycle 1911975: PC=0x0030 OPCODE=0x1d [WAIT GLB] still busy, stall
cycle 1911990: PC=0x0030 OPCODE=0x1d [WAIT GLB] done, continue
cycle 1911991: PC=0x0031 OPCODE=0x18 [CPT_TAGXY] type=0 tag=(0,0)
cycle 1911992: PC=0x0032 OPCODE=0x22 [MULI] REG[13] = REG[6] * 36 -> 4608
cycle 1911993: PC=0x0033 OPCODE=0x08 [G2P] addr=4608 tag=(0,0) size=144
cycle 1911994: PC=0x0034 OPCODE=0x1d [WAIT GLB] still busy, stall
cycle 1912065: PC=0x0034 OPCODE=0x1d [WAIT GLB] done, continue
cycle 1912066: PC=0x0035 OPCODE=0x1c [COMPUTE] valid_e=0
cycle 1912067: PC=0x0036 OPCODE=0x1d [WAIT PE_ARRAY]
cycle 1912068: PC=0x0037 OPCODE=0x18 [CPT_TAGXY] type=3 tag=(0,0)
cycle 1912069: PC=0x0038 OPCODE=0x09 [P2G] addr=477216 tag=(0,0) size=32
cycle 1912070: PC=0x0039 OPCODE=0x1f [LOOP] REG[6]<=64 ? target=42 : PC+1, after += 1 -> REG=129, nextPC=58
cycle 1912071: PC=0x003a OPCODE=0x1f [LOOP] REG[5]<=128 ? target=37 : PC+1, after += 32 -> REG=2112, nextPC=59
cycle 1912072: PC=0x003b OPCODE=0x1f [LOOP] REG[4]<=144 ? target=37 : PC+1, after += 18 -> REG=1134, nextPC=60
cycle 1912073: PC=0x003c OPCODE=0x1f [LOOP] REG[3]<=64 ? target=33 : PC+1, after += 64 -> REG=3584, nextPC=61
cycle 1912074: PC=0x003d OPCODE=0x1f [LOOP] REG[2]<=8192 ? target=29 : PC+1, after += 96 -> REG=5376, nextPC=29
cycle 1912075: PC=0x001d OPCODE=0x22 [MULI] REG[8] = REG[8] * 256 -> 0
cycle 1912076: PC=0x001e OPCODE=0x24 [ADD] REG[8] = REG[8] + REG[1] -> 0
cycle 1912077: PC=0x001f OPCODE=0x05 [DMA READ] addr=536870912 size=18432
cycle 1912078: PC=0x0020 OPCODE=0x1d [WAIT DMA] still busy, stall
cycle 1935117: PC=0x0020 OPCODE=0x1d [WAIT DMA] done, continue
cycle 1935118: PC=0x0021 OPCODE=0x22 [MULI] REG[9] = REG[3] * 2048 -> 7340032
cycle 1935119: PC=0x0022 OPCODE=0x24 [ADD] REG[9] = REG[9] + REG[2] -> 7345408
cycle 1935120: PC=0x0023 OPCODE=0x04 [DMA READ] addr=275780864 size=8192
cycle 1935121: PC=0x0024 OPCODE=0x1d [WAIT DMA] still busy, stall
cycle 1945360: PC=0x0024 OPCODE=0x1d [WAIT DMA] done, continue
cycle 1945361: PC=0x0025 OPCODE=0x18 [CPT_TAGXY] type=1 tag=(0,0)
cycle 1945362: PC=0x0026 OPCODE=0x22 [MULI] REG[10] = REG[4] * 128 -> 145152
cycle 1945363: PC=0x0027 OPCODE=0x24 [ADD] REG[10] = REG[10] + REG[5] -> 147264
cycle 1945364: PC=0x0028 OPCODE=0x08 [G2P] addr=151360 tag=(0,0) size=576
cycle 1945365: PC=0x0029 OPCODE=0x1d [WAIT GLB] still busy, stall
cycle 1945652: PC=0x0029 OPCODE=0x1d [WAIT GLB] done, continue
cycle 1945653: PC=0x002a OPCODE=0x18 [CPT_TAGXY] type=2 tag=(0,0)
cycle 1945654: PC=0x002b OPCODE=0x22 [MULI] REG[11] = REG[3] * 128 -> 458752
cycle 1945655: PC=0x002c OPCODE=0x22 [MULI] REG[12] = REG[6] * 128 -> 16512
cycle 1945656: PC=0x002d OPCODE=0x24 [ADD] REG[11] = REG[11] + REG[5] -> 460864
cycle 1945657: PC=0x002e OPCODE=0x24 [ADD] REG[11] = REG[11] + REG[12] -> 477376
cycle 1945658: PC=0x002f OPCODE=0x08 [G2P] addr=485568 tag=(0,0) size=32
cycle 1945659: PC=0x0030 OPCODE=0x1d [WAIT GLB] still busy, stall
cycle 1945674: PC=0x0030 OPCODE=0x1d [WAIT GLB] done, continue
cycle 1945675: PC=0x0031 OPCODE=0x18 [CPT_TAGXY] type=0 tag=(0,0)
cycle 1945676: PC=0x0032 OPCODE=0x22 [MULI] REG[13] = REG[6] * 36 -> 4644
cycle 1945677: PC=0x0033 OPCODE=0x08 [G2P] addr=4644 tag=(0,0) size=144
cycle 1945678: PC=0x0034 OPCODE=0x1d [WAIT GLB] still busy, stall
cycle 1945749: PC=0x0034 OPCODE=0x1d [WAIT GLB] done, continue
cycle 1945750: PC=0x0035 OPCODE=0x1c [COMPUTE] valid_e=0
cycle 1945751: PC=0x0036 OPCODE=0x1d [WAIT PE_ARRAY]
cycle 1945752: PC=0x0037 OPCODE=0x18 [CPT_TAGXY] type=3 tag=(0,0)
cycle 1945753: PC=0x0038 OPCODE=0x09 [P2G] addr=485568 tag=(0,0) size=32
cycle 1945754: PC=0x0039 OPCODE=0x1f [LOOP] REG[6]<=64 ? target=42 : PC+1, after += 1 -> REG=130, nextPC=58
cycle 1945755: PC=0x003a OPCODE=0x1f [LOOP] REG[5]<=128 ? target=37 : PC+1, after += 32 -> REG=2144, nextPC=59
cycle 1945756: PC=0x003b OPCODE=0x1f [LOOP] REG[4]<=144 ? target=37 : PC+1, after += 18 -> REG=1152, nextPC=60
cycle 1945757: PC=0x003c OPCODE=0x1f [LOOP] REG[3]<=64 ? target=33 : PC+1, after += 64 -> REG=3648, nextPC=61
cycle 1945758: PC=0x003d OPCODE=0x1f [LOOP] REG[2]<=8192 ? target=29 : PC+1, after += 96 -> REG=5472, nextPC=29
cycle 1945759: PC=0x001d OPCODE=0x22 [MULI] REG[8] = REG[8] * 256 -> 0
cycle 1945760: PC=0x001e OPCODE=0x24 [ADD] REG[8] = REG[8] + REG[1] -> 0
cycle 1945761: PC=0x001f OPCODE=0x05 [DMA READ] addr=536870912 size=18432
cycle 1945762: PC=0x0020 OPCODE=0x1d [WAIT DMA] still busy, stall
cycle 1968801: PC=0x0020 OPCODE=0x1d [WAIT DMA] done, continue
cycle 1968802: PC=0x0021 OPCODE=0x22 [MULI] REG[9] = REG[3] * 2048 -> 7471104
cycle 1968803: PC=0x0022 OPCODE=0x24 [ADD] REG[9] = REG[9] + REG[2] -> 7476576
cycle 1968804: PC=0x0023 OPCODE=0x04 [DMA READ] addr=275912032 size=8192
cycle 1968805: PC=0x0024 OPCODE=0x1d [WAIT DMA] still busy, stall
cycle 1979044: PC=0x0024 OPCODE=0x1d [WAIT DMA] done, continue
cycle 1979045: PC=0x0025 OPCODE=0x18 [CPT_TAGXY] type=1 tag=(0,0)
cycle 1979046: PC=0x0026 OPCODE=0x22 [MULI] REG[10] = REG[4] * 128 -> 147456
cycle 1979047: PC=0x0027 OPCODE=0x24 [ADD] REG[10] = REG[10] + REG[5] -> 149600
cycle 1979048: PC=0x0028 OPCODE=0x08 [G2P] addr=153696 tag=(0,0) size=576
cycle 1979049: PC=0x0029 OPCODE=0x1d [WAIT GLB] still busy, stall
cycle 1979336: PC=0x0029 OPCODE=0x1d [WAIT GLB] done, continue
cycle 1979337: PC=0x002a OPCODE=0x18 [CPT_TAGXY] type=2 tag=(0,0)
cycle 1979338: PC=0x002b OPCODE=0x22 [MULI] REG[11] = REG[3] * 128 -> 466944
cycle 1979339: PC=0x002c OPCODE=0x22 [MULI] REG[12] = REG[6] * 128 -> 16640
cycle 1979340: PC=0x002d OPCODE=0x24 [ADD] REG[11] = REG[11] + REG[5] -> 469088
cycle 1979341: PC=0x002e OPCODE=0x24 [ADD] REG[11] = REG[11] + REG[12] -> 485728
cycle 1979342: PC=0x002f OPCODE=0x08 [G2P] addr=493920 tag=(0,0) size=32
cycle 1979343: PC=0x0030 OPCODE=0x1d [WAIT GLB] still busy, stall
cycle 1979358: PC=0x0030 OPCODE=0x1d [WAIT GLB] done, continue
cycle 1979359: PC=0x0031 OPCODE=0x18 [CPT_TAGXY] type=0 tag=(0,0)
cycle 1979360: PC=0x0032 OPCODE=0x22 [MULI] REG[13] = REG[6] * 36 -> 4680
cycle 1979361: PC=0x0033 OPCODE=0x08 [G2P] addr=4680 tag=(0,0) size=144
cycle 1979362: PC=0x0034 OPCODE=0x1d [WAIT GLB] still busy, stall
cycle 1979433: PC=0x0034 OPCODE=0x1d [WAIT GLB] done, continue
cycle 1979434: PC=0x0035 OPCODE=0x1c [COMPUTE] valid_e=0
cycle 1979435: PC=0x0036 OPCODE=0x1d [WAIT PE_ARRAY]
cycle 1979436: PC=0x0037 OPCODE=0x18 [CPT_TAGXY] type=3 tag=(0,0)
cycle 1979437: PC=0x0038 OPCODE=0x09 [P2G] addr=493920 tag=(0,0) size=32
cycle 1979438: PC=0x0039 OPCODE=0x1f [LOOP] REG[6]<=64 ? target=42 : PC+1, after += 1 -> REG=131, nextPC=58
cycle 1979439: PC=0x003a OPCODE=0x1f [LOOP] REG[5]<=128 ? target=37 : PC+1, after += 32 -> REG=2176, nextPC=59
cycle 1979440: PC=0x003b OPCODE=0x1f [LOOP] REG[4]<=144 ? target=37 : PC+1, after += 18 -> REG=1170, nextPC=60
cycle 1979441: PC=0x003c OPCODE=0x1f [LOOP] REG[3]<=64 ? target=33 : PC+1, after += 64 -> REG=3712, nextPC=61
cycle 1979442: PC=0x003d OPCODE=0x1f [LOOP] REG[2]<=8192 ? target=29 : PC+1, after += 96 -> REG=5568, nextPC=29
cycle 1979443: PC=0x001d OPCODE=0x22 [MULI] REG[8] = REG[8] * 256 -> 0
cycle 1979444: PC=0x001e OPCODE=0x24 [ADD] REG[8] = REG[8] + REG[1] -> 0
cycle 1979445: PC=0x001f OPCODE=0x05 [DMA READ] addr=536870912 size=18432
cycle 1979446: PC=0x0020 OPCODE=0x1d [WAIT DMA] still busy, stall
cycle 2002485: PC=0x0020 OPCODE=0x1d [WAIT DMA] done, continue
cycle 2002486: PC=0x0021 OPCODE=0x22 [MULI] REG[9] = REG[3] * 2048 -> 7602176
cycle 2002487: PC=0x0022 OPCODE=0x24 [ADD] REG[9] = REG[9] + REG[2] -> 7607744
cycle 2002488: PC=0x0023 OPCODE=0x04 [DMA READ] addr=276043200 size=8192
cycle 2002489: PC=0x0024 OPCODE=0x1d [WAIT DMA] still busy, stall
cycle 2012728: PC=0x0024 OPCODE=0x1d [WAIT DMA] done, continue
cycle 2012729: PC=0x0025 OPCODE=0x18 [CPT_TAGXY] type=1 tag=(0,0)
cycle 2012730: PC=0x0026 OPCODE=0x22 [MULI] REG[10] = REG[4] * 128 -> 149760
cycle 2012731: PC=0x0027 OPCODE=0x24 [ADD] REG[10] = REG[10] + REG[5] -> 151936
cycle 2012732: PC=0x0028 OPCODE=0x08 [G2P] addr=156032 tag=(0,0) size=576
cycle 2012733: PC=0x0029 OPCODE=0x1d [WAIT GLB] still busy, stall
cycle 2013020: PC=0x0029 OPCODE=0x1d [WAIT GLB] done, continue
cycle 2013021: PC=0x002a OPCODE=0x18 [CPT_TAGXY] type=2 tag=(0,0)
cycle 2013022: PC=0x002b OPCODE=0x22 [MULI] REG[11] = REG[3] * 128 -> 475136
cycle 2013023: PC=0x002c OPCODE=0x22 [MULI] REG[12] = REG[6] * 128 -> 16768
cycle 2013024: PC=0x002d OPCODE=0x24 [ADD] REG[11] = REG[11] + REG[5] -> 477312
cycle 2013025: PC=0x002e OPCODE=0x24 [ADD] REG[11] = REG[11] + REG[12] -> 494080
cycle 2013026: PC=0x002f OPCODE=0x08 [G2P] addr=502272 tag=(0,0) size=32
cycle 2013027: PC=0x0030 OPCODE=0x1d [WAIT GLB] still busy, stall
cycle 2013042: PC=0x0030 OPCODE=0x1d [WAIT GLB] done, continue
cycle 2013043: PC=0x0031 OPCODE=0x18 [CPT_TAGXY] type=0 tag=(0,0)
cycle 2013044: PC=0x0032 OPCODE=0x22 [MULI] REG[13] = REG[6] * 36 -> 4716
cycle 2013045: PC=0x0033 OPCODE=0x08 [G2P] addr=4716 tag=(0,0) size=144
cycle 2013046: PC=0x0034 OPCODE=0x1d [WAIT GLB] still busy, stall
cycle 2013117: PC=0x0034 OPCODE=0x1d [WAIT GLB] done, continue
cycle 2013118: PC=0x0035 OPCODE=0x1c [COMPUTE] valid_e=0
cycle 2013119: PC=0x0036 OPCODE=0x1d [WAIT PE_ARRAY]
cycle 2013120: PC=0x0037 OPCODE=0x18 [CPT_TAGXY] type=3 tag=(0,0)
cycle 2013121: PC=0x0038 OPCODE=0x09 [P2G] addr=502272 tag=(0,0) size=32
cycle 2013122: PC=0x0039 OPCODE=0x1f [LOOP] REG[6]<=64 ? target=42 : PC+1, after += 1 -> REG=132, nextPC=58
cycle 2013123: PC=0x003a OPCODE=0x1f [LOOP] REG[5]<=128 ? target=37 : PC+1, after += 32 -> REG=2208, nextPC=59
cycle 2013124: PC=0x003b OPCODE=0x1f [LOOP] REG[4]<=144 ? target=37 : PC+1, after += 18 -> REG=1188, nextPC=60
cycle 2013125: PC=0x003c OPCODE=0x1f [LOOP] REG[3]<=64 ? target=33 : PC+1, after += 64 -> REG=3776, nextPC=61
cycle 2013126: PC=0x003d OPCODE=0x1f [LOOP] REG[2]<=8192 ? target=29 : PC+1, after += 96 -> REG=5664, nextPC=29
cycle 2013127: PC=0x001d OPCODE=0x22 [MULI] REG[8] = REG[8] * 256 -> 0
cycle 2013128: PC=0x001e OPCODE=0x24 [ADD] REG[8] = REG[8] + REG[1] -> 0
cycle 2013129: PC=0x001f OPCODE=0x05 [DMA READ] addr=536870912 size=18432
cycle 2013130: PC=0x0020 OPCODE=0x1d [WAIT DMA] still busy, stall
cycle 2036169: PC=0x0020 OPCODE=0x1d [WAIT DMA] done, continue
cycle 2036170: PC=0x0021 OPCODE=0x22 [MULI] REG[9] = REG[3] * 2048 -> 7733248
cycle 2036171: PC=0x0022 OPCODE=0x24 [ADD] REG[9] = REG[9] + REG[2] -> 7738912
cycle 2036172: PC=0x0023 OPCODE=0x04 [DMA READ] addr=276174368 size=8192
cycle 2036173: PC=0x0024 OPCODE=0x1d [WAIT DMA] still busy, stall
cycle 2046412: PC=0x0024 OPCODE=0x1d [WAIT DMA] done, continue
cycle 2046413: PC=0x0025 OPCODE=0x18 [CPT_TAGXY] type=1 tag=(0,0)
cycle 2046414: PC=0x0026 OPCODE=0x22 [MULI] REG[10] = REG[4] * 128 -> 152064
cycle 2046415: PC=0x0027 OPCODE=0x24 [ADD] REG[10] = REG[10] + REG[5] -> 154272
cycle 2046416: PC=0x0028 OPCODE=0x08 [G2P] addr=158368 tag=(0,0) size=576
cycle 2046417: PC=0x0029 OPCODE=0x1d [WAIT GLB] still busy, stall
cycle 2046704: PC=0x0029 OPCODE=0x1d [WAIT GLB] done, continue
cycle 2046705: PC=0x002a OPCODE=0x18 [CPT_TAGXY] type=2 tag=(0,0)
cycle 2046706: PC=0x002b OPCODE=0x22 [MULI] REG[11] = REG[3] * 128 -> 483328
cycle 2046707: PC=0x002c OPCODE=0x22 [MULI] REG[12] = REG[6] * 128 -> 16896
cycle 2046708: PC=0x002d OPCODE=0x24 [ADD] REG[11] = REG[11] + REG[5] -> 485536
cycle 2046709: PC=0x002e OPCODE=0x24 [ADD] REG[11] = REG[11] + REG[12] -> 502432
cycle 2046710: PC=0x002f OPCODE=0x08 [G2P] addr=510624 tag=(0,0) size=32
cycle 2046711: PC=0x0030 OPCODE=0x1d [WAIT GLB] still busy, stall
cycle 2046726: PC=0x0030 OPCODE=0x1d [WAIT GLB] done, continue
cycle 2046727: PC=0x0031 OPCODE=0x18 [CPT_TAGXY] type=0 tag=(0,0)
cycle 2046728: PC=0x0032 OPCODE=0x22 [MULI] REG[13] = REG[6] * 36 -> 4752
cycle 2046729: PC=0x0033 OPCODE=0x08 [G2P] addr=4752 tag=(0,0) size=144
cycle 2046730: PC=0x0034 OPCODE=0x1d [WAIT GLB] still busy, stall
cycle 2046801: PC=0x0034 OPCODE=0x1d [WAIT GLB] done, continue
cycle 2046802: PC=0x0035 OPCODE=0x1c [COMPUTE] valid_e=0
cycle 2046803: PC=0x0036 OPCODE=0x1d [WAIT PE_ARRAY]
cycle 2046804: PC=0x0037 OPCODE=0x18 [CPT_TAGXY] type=3 tag=(0,0)
cycle 2046805: PC=0x0038 OPCODE=0x09 [P2G] addr=510624 tag=(0,0) size=32
cycle 2046806: PC=0x0039 OPCODE=0x1f [LOOP] REG[6]<=64 ? target=42 : PC+1, after += 1 -> REG=133, nextPC=58
cycle 2046807: PC=0x003a OPCODE=0x1f [LOOP] REG[5]<=128 ? target=37 : PC+1, after += 32 -> REG=2240, nextPC=59
cycle 2046808: PC=0x003b OPCODE=0x1f [LOOP] REG[4]<=144 ? target=37 : PC+1, after += 18 -> REG=1206, nextPC=60
cycle 2046809: PC=0x003c OPCODE=0x1f [LOOP] REG[3]<=64 ? target=33 : PC+1, after += 64 -> REG=3840, nextPC=61
cycle 2046810: PC=0x003d OPCODE=0x1f [LOOP] REG[2]<=8192 ? target=29 : PC+1, after += 96 -> REG=5760, nextPC=29
cycle 2046811: PC=0x001d OPCODE=0x22 [MULI] REG[8] = REG[8] * 256 -> 0
cycle 2046812: PC=0x001e OPCODE=0x24 [ADD] REG[8] = REG[8] + REG[1] -> 0
cycle 2046813: PC=0x001f OPCODE=0x05 [DMA READ] addr=536870912 size=18432
cycle 2046814: PC=0x0020 OPCODE=0x1d [WAIT DMA] still busy, stall
cycle 2069853: PC=0x0020 OPCODE=0x1d [WAIT DMA] done, continue
cycle 2069854: PC=0x0021 OPCODE=0x22 [MULI] REG[9] = REG[3] * 2048 -> 7864320
cycle 2069855: PC=0x0022 OPCODE=0x24 [ADD] REG[9] = REG[9] + REG[2] -> 7870080
cycle 2069856: PC=0x0023 OPCODE=0x04 [DMA READ] addr=276305536 size=8192
cycle 2069857: PC=0x0024 OPCODE=0x1d [WAIT DMA] still busy, stall
cycle 2080096: PC=0x0024 OPCODE=0x1d [WAIT DMA] done, continue
cycle 2080097: PC=0x0025 OPCODE=0x18 [CPT_TAGXY] type=1 tag=(0,0)
cycle 2080098: PC=0x0026 OPCODE=0x22 [MULI] REG[10] = REG[4] * 128 -> 154368
cycle 2080099: PC=0x0027 OPCODE=0x24 [ADD] REG[10] = REG[10] + REG[5] -> 156608
cycle 2080100: PC=0x0028 OPCODE=0x08 [G2P] addr=160704 tag=(0,0) size=576
cycle 2080101: PC=0x0029 OPCODE=0x1d [WAIT GLB] still busy, stall
cycle 2080388: PC=0x0029 OPCODE=0x1d [WAIT GLB] done, continue
cycle 2080389: PC=0x002a OPCODE=0x18 [CPT_TAGXY] type=2 tag=(0,0)
cycle 2080390: PC=0x002b OPCODE=0x22 [MULI] REG[11] = REG[3] * 128 -> 491520
cycle 2080391: PC=0x002c OPCODE=0x22 [MULI] REG[12] = REG[6] * 128 -> 17024
cycle 2080392: PC=0x002d OPCODE=0x24 [ADD] REG[11] = REG[11] + REG[5] -> 493760
cycle 2080393: PC=0x002e OPCODE=0x24 [ADD] REG[11] = REG[11] + REG[12] -> 510784
cycle 2080394: PC=0x002f OPCODE=0x08 [G2P] addr=518976 tag=(0,0) size=32
cycle 2080395: PC=0x0030 OPCODE=0x1d [WAIT GLB] still busy, stall
cycle 2080410: PC=0x0030 OPCODE=0x1d [WAIT GLB] done, continue
cycle 2080411: PC=0x0031 OPCODE=0x18 [CPT_TAGXY] type=0 tag=(0,0)
cycle 2080412: PC=0x0032 OPCODE=0x22 [MULI] REG[13] = REG[6] * 36 -> 4788
cycle 2080413: PC=0x0033 OPCODE=0x08 [G2P] addr=4788 tag=(0,0) size=144
cycle 2080414: PC=0x0034 OPCODE=0x1d [WAIT GLB] still busy, stall
cycle 2080485: PC=0x0034 OPCODE=0x1d [WAIT GLB] done, continue
cycle 2080486: PC=0x0035 OPCODE=0x1c [COMPUTE] valid_e=0
cycle 2080487: PC=0x0036 OPCODE=0x1d [WAIT PE_ARRAY]
cycle 2080488: PC=0x0037 OPCODE=0x18 [CPT_TAGXY] type=3 tag=(0,0)
cycle 2080489: PC=0x0038 OPCODE=0x09 [P2G] addr=518976 tag=(0,0) size=32
cycle 2080490: PC=0x0039 OPCODE=0x1f [LOOP] REG[6]<=64 ? target=42 : PC+1, after += 1 -> REG=134, nextPC=58
cycle 2080491: PC=0x003a OPCODE=0x1f [LOOP] REG[5]<=128 ? target=37 : PC+1, after += 32 -> REG=2272, nextPC=59
cycle 2080492: PC=0x003b OPCODE=0x1f [LOOP] REG[4]<=144 ? target=37 : PC+1, after += 18 -> REG=1224, nextPC=60
cycle 2080493: PC=0x003c OPCODE=0x1f [LOOP] REG[3]<=64 ? target=33 : PC+1, after += 64 -> REG=3904, nextPC=61
cycle 2080494: PC=0x003d OPCODE=0x1f [LOOP] REG[2]<=8192 ? target=29 : PC+1, after += 96 -> REG=5856, nextPC=29
cycle 2080495: PC=0x001d OPCODE=0x22 [MULI] REG[8] = REG[8] * 256 -> 0
cycle 2080496: PC=0x001e OPCODE=0x24 [ADD] REG[8] = REG[8] + REG[1] -> 0
cycle 2080497: PC=0x001f OPCODE=0x05 [DMA READ] addr=536870912 size=18432
cycle 2080498: PC=0x0020 OPCODE=0x1d [WAIT DMA] still busy, stall
cycle 2103537: PC=0x0020 OPCODE=0x1d [WAIT DMA] done, continue
cycle 2103538: PC=0x0021 OPCODE=0x22 [MULI] REG[9] = REG[3] * 2048 -> 7995392
cycle 2103539: PC=0x0022 OPCODE=0x24 [ADD] REG[9] = REG[9] + REG[2] -> 8001248
cycle 2103540: PC=0x0023 OPCODE=0x04 [DMA READ] addr=276436704 size=8192
cycle 2103541: PC=0x0024 OPCODE=0x1d [WAIT DMA] still busy, stall
cycle 2113780: PC=0x0024 OPCODE=0x1d [WAIT DMA] done, continue
cycle 2113781: PC=0x0025 OPCODE=0x18 [CPT_TAGXY] type=1 tag=(0,0)
cycle 2113782: PC=0x0026 OPCODE=0x22 [MULI] REG[10] = REG[4] * 128 -> 156672
cycle 2113783: PC=0x0027 OPCODE=0x24 [ADD] REG[10] = REG[10] + REG[5] -> 158944
cycle 2113784: PC=0x0028 OPCODE=0x08 [G2P] addr=163040 tag=(0,0) size=576
cycle 2113785: PC=0x0029 OPCODE=0x1d [WAIT GLB] still busy, stall
cycle 2114072: PC=0x0029 OPCODE=0x1d [WAIT GLB] done, continue
cycle 2114073: PC=0x002a OPCODE=0x18 [CPT_TAGXY] type=2 tag=(0,0)
cycle 2114074: PC=0x002b OPCODE=0x22 [MULI] REG[11] = REG[3] * 128 -> 499712
cycle 2114075: PC=0x002c OPCODE=0x22 [MULI] REG[12] = REG[6] * 128 -> 17152
cycle 2114076: PC=0x002d OPCODE=0x24 [ADD] REG[11] = REG[11] + REG[5] -> 501984
cycle 2114077: PC=0x002e OPCODE=0x24 [ADD] REG[11] = REG[11] + REG[12] -> 519136
cycle 2114078: PC=0x002f OPCODE=0x08 [G2P] addr=527328 tag=(0,0) size=32
cycle 2114079: PC=0x0030 OPCODE=0x1d [WAIT GLB] still busy, stall
cycle 2114094: PC=0x0030 OPCODE=0x1d [WAIT GLB] done, continue
cycle 2114095: PC=0x0031 OPCODE=0x18 [CPT_TAGXY] type=0 tag=(0,0)
cycle 2114096: PC=0x0032 OPCODE=0x22 [MULI] REG[13] = REG[6] * 36 -> 4824
cycle 2114097: PC=0x0033 OPCODE=0x08 [G2P] addr=4824 tag=(0,0) size=144
cycle 2114098: PC=0x0034 OPCODE=0x1d [WAIT GLB] still busy, stall
cycle 2114169: PC=0x0034 OPCODE=0x1d [WAIT GLB] done, continue
cycle 2114170: PC=0x0035 OPCODE=0x1c [COMPUTE] valid_e=0
cycle 2114171: PC=0x0036 OPCODE=0x1d [WAIT PE_ARRAY]
cycle 2114172: PC=0x0037 OPCODE=0x18 [CPT_TAGXY] type=3 tag=(0,0)
cycle 2114173: PC=0x0038 OPCODE=0x09 [P2G] addr=527328 tag=(0,0) size=32
cycle 2114174: PC=0x0039 OPCODE=0x1f [LOOP] REG[6]<=64 ? target=42 : PC+1, after += 1 -> REG=135, nextPC=58
cycle 2114175: PC=0x003a OPCODE=0x1f [LOOP] REG[5]<=128 ? target=37 : PC+1, after += 32 -> REG=2304, nextPC=59
cycle 2114176: PC=0x003b OPCODE=0x1f [LOOP] REG[4]<=144 ? target=37 : PC+1, after += 18 -> REG=1242, nextPC=60
cycle 2114177: PC=0x003c OPCODE=0x1f [LOOP] REG[3]<=64 ? target=33 : PC+1, after += 64 -> REG=3968, nextPC=61
cycle 2114178: PC=0x003d OPCODE=0x1f [LOOP] REG[2]<=8192 ? target=29 : PC+1, after += 96 -> REG=5952, nextPC=29
cycle 2114179: PC=0x001d OPCODE=0x22 [MULI] REG[8] = REG[8] * 256 -> 0
cycle 2114180: PC=0x001e OPCODE=0x24 [ADD] REG[8] = REG[8] + REG[1] -> 0
cycle 2114181: PC=0x001f OPCODE=0x05 [DMA READ] addr=536870912 size=18432
cycle 2114182: PC=0x0020 OPCODE=0x1d [WAIT DMA] still busy, stall
cycle 2137221: PC=0x0020 OPCODE=0x1d [WAIT DMA] done, continue
cycle 2137222: PC=0x0021 OPCODE=0x22 [MULI] REG[9] = REG[3] * 2048 -> 8126464
cycle 2137223: PC=0x0022 OPCODE=0x24 [ADD] REG[9] = REG[9] + REG[2] -> 8132416
cycle 2137224: PC=0x0023 OPCODE=0x04 [DMA READ] addr=276567872 size=8192
cycle 2137225: PC=0x0024 OPCODE=0x1d [WAIT DMA] still busy, stall
cycle 2147464: PC=0x0024 OPCODE=0x1d [WAIT DMA] done, continue
cycle 2147465: PC=0x0025 OPCODE=0x18 [CPT_TAGXY] type=1 tag=(0,0)
cycle 2147466: PC=0x0026 OPCODE=0x22 [MULI] REG[10] = REG[4] * 128 -> 158976
cycle 2147467: PC=0x0027 OPCODE=0x24 [ADD] REG[10] = REG[10] + REG[5] -> 161280
cycle 2147468: PC=0x0028 OPCODE=0x08 [G2P] addr=165376 tag=(0,0) size=576
cycle 2147469: PC=0x0029 OPCODE=0x1d [WAIT GLB] still busy, stall
cycle 2147756: PC=0x0029 OPCODE=0x1d [WAIT GLB] done, continue
cycle 2147757: PC=0x002a OPCODE=0x18 [CPT_TAGXY] type=2 tag=(0,0)
cycle 2147758: PC=0x002b OPCODE=0x22 [MULI] REG[11] = REG[3] * 128 -> 507904
cycle 2147759: PC=0x002c OPCODE=0x22 [MULI] REG[12] = REG[6] * 128 -> 17280
cycle 2147760: PC=0x002d OPCODE=0x24 [ADD] REG[11] = REG[11] + REG[5] -> 510208
cycle 2147761: PC=0x002e OPCODE=0x24 [ADD] REG[11] = REG[11] + REG[12] -> 527488
cycle 2147762: PC=0x002f OPCODE=0x08 [G2P] addr=535680 tag=(0,0) size=32
cycle 2147763: PC=0x0030 OPCODE=0x1d [WAIT GLB] still busy, stall
cycle 2147778: PC=0x0030 OPCODE=0x1d [WAIT GLB] done, continue
cycle 2147779: PC=0x0031 OPCODE=0x18 [CPT_TAGXY] type=0 tag=(0,0)
cycle 2147780: PC=0x0032 OPCODE=0x22 [MULI] REG[13] = REG[6] * 36 -> 4860
cycle 2147781: PC=0x0033 OPCODE=0x08 [G2P] addr=4860 tag=(0,0) size=144
cycle 2147782: PC=0x0034 OPCODE=0x1d [WAIT GLB] still busy, stall
cycle 2147853: PC=0x0034 OPCODE=0x1d [WAIT GLB] done, continue
cycle 2147854: PC=0x0035 OPCODE=0x1c [COMPUTE] valid_e=0
cycle 2147855: PC=0x0036 OPCODE=0x1d [WAIT PE_ARRAY]
cycle 2147856: PC=0x0037 OPCODE=0x18 [CPT_TAGXY] type=3 tag=(0,0)
cycle 2147857: PC=0x0038 OPCODE=0x09 [P2G] addr=535680 tag=(0,0) size=32
cycle 2147858: PC=0x0039 OPCODE=0x1f [LOOP] REG[6]<=64 ? target=42 : PC+1, after += 1 -> REG=136, nextPC=58
cycle 2147859: PC=0x003a OPCODE=0x1f [LOOP] REG[5]<=128 ? target=37 : PC+1, after += 32 -> REG=2336, nextPC=59
cycle 2147860: PC=0x003b OPCODE=0x1f [LOOP] REG[4]<=144 ? target=37 : PC+1, after += 18 -> REG=1260, nextPC=60
cycle 2147861: PC=0x003c OPCODE=0x1f [LOOP] REG[3]<=64 ? target=33 : PC+1, after += 64 -> REG=4032, nextPC=61
cycle 2147862: PC=0x003d OPCODE=0x1f [LOOP] REG[2]<=8192 ? target=29 : PC+1, after += 96 -> REG=6048, nextPC=29
cycle 2147863: PC=0x001d OPCODE=0x22 [MULI] REG[8] = REG[8] * 256 -> 0
cycle 2147864: PC=0x001e OPCODE=0x24 [ADD] REG[8] = REG[8] + REG[1] -> 0
cycle 2147865: PC=0x001f OPCODE=0x05 [DMA READ] addr=536870912 size=18432
cycle 2147866: PC=0x0020 OPCODE=0x1d [WAIT DMA] still busy, stall
cycle 2170905: PC=0x0020 OPCODE=0x1d [WAIT DMA] done, continue
cycle 2170906: PC=0x0021 OPCODE=0x22 [MULI] REG[9] = REG[3] * 2048 -> 8257536
cycle 2170907: PC=0x0022 OPCODE=0x24 [ADD] REG[9] = REG[9] + REG[2] -> 8263584
cycle 2170908: PC=0x0023 OPCODE=0x04 [DMA READ] addr=276699040 size=8192
cycle 2170909: PC=0x0024 OPCODE=0x1d [WAIT DMA] still busy, stall
cycle 2181148: PC=0x0024 OPCODE=0x1d [WAIT DMA] done, continue
cycle 2181149: PC=0x0025 OPCODE=0x18 [CPT_TAGXY] type=1 tag=(0,0)
cycle 2181150: PC=0x0026 OPCODE=0x22 [MULI] REG[10] = REG[4] * 128 -> 161280
cycle 2181151: PC=0x0027 OPCODE=0x24 [ADD] REG[10] = REG[10] + REG[5] -> 163616
cycle 2181152: PC=0x0028 OPCODE=0x08 [G2P] addr=167712 tag=(0,0) size=576
cycle 2181153: PC=0x0029 OPCODE=0x1d [WAIT GLB] still busy, stall
cycle 2181440: PC=0x0029 OPCODE=0x1d [WAIT GLB] done, continue
cycle 2181441: PC=0x002a OPCODE=0x18 [CPT_TAGXY] type=2 tag=(0,0)
cycle 2181442: PC=0x002b OPCODE=0x22 [MULI] REG[11] = REG[3] * 128 -> 516096
cycle 2181443: PC=0x002c OPCODE=0x22 [MULI] REG[12] = REG[6] * 128 -> 17408
cycle 2181444: PC=0x002d OPCODE=0x24 [ADD] REG[11] = REG[11] + REG[5] -> 518432
cycle 2181445: PC=0x002e OPCODE=0x24 [ADD] REG[11] = REG[11] + REG[12] -> 535840
cycle 2181446: PC=0x002f OPCODE=0x08 [G2P] addr=544032 tag=(0,0) size=32
cycle 2181447: PC=0x0030 OPCODE=0x1d [WAIT GLB] still busy, stall
cycle 2181462: PC=0x0030 OPCODE=0x1d [WAIT GLB] done, continue
cycle 2181463: PC=0x0031 OPCODE=0x18 [CPT_TAGXY] type=0 tag=(0,0)
cycle 2181464: PC=0x0032 OPCODE=0x22 [MULI] REG[13] = REG[6] * 36 -> 4896
cycle 2181465: PC=0x0033 OPCODE=0x08 [G2P] addr=4896 tag=(0,0) size=144
cycle 2181466: PC=0x0034 OPCODE=0x1d [WAIT GLB] still busy, stall
cycle 2181537: PC=0x0034 OPCODE=0x1d [WAIT GLB] done, continue
cycle 2181538: PC=0x0035 OPCODE=0x1c [COMPUTE] valid_e=0
cycle 2181539: PC=0x0036 OPCODE=0x1d [WAIT PE_ARRAY]
cycle 2181540: PC=0x0037 OPCODE=0x18 [CPT_TAGXY] type=3 tag=(0,0)
cycle 2181541: PC=0x0038 OPCODE=0x09 [P2G] addr=544032 tag=(0,0) size=32
cycle 2181542: PC=0x0039 OPCODE=0x1f [LOOP] REG[6]<=64 ? target=42 : PC+1, after += 1 -> REG=137, nextPC=58
cycle 2181543: PC=0x003a OPCODE=0x1f [LOOP] REG[5]<=128 ? target=37 : PC+1, after += 32 -> REG=2368, nextPC=59
cycle 2181544: PC=0x003b OPCODE=0x1f [LOOP] REG[4]<=144 ? target=37 : PC+1, after += 18 -> REG=1278, nextPC=60
cycle 2181545: PC=0x003c OPCODE=0x1f [LOOP] REG[3]<=64 ? target=33 : PC+1, after += 64 -> REG=4096, nextPC=61
cycle 2181546: PC=0x003d OPCODE=0x1f [LOOP] REG[2]<=8192 ? target=29 : PC+1, after += 96 -> REG=6144, nextPC=29
cycle 2181547: PC=0x001d OPCODE=0x22 [MULI] REG[8] = REG[8] * 256 -> 0
cycle 2181548: PC=0x001e OPCODE=0x24 [ADD] REG[8] = REG[8] + REG[1] -> 0
cycle 2181549: PC=0x001f OPCODE=0x05 [DMA READ] addr=536870912 size=18432
cycle 2181550: PC=0x0020 OPCODE=0x1d [WAIT DMA] still busy, stall
cycle 2204589: PC=0x0020 OPCODE=0x1d [WAIT DMA] done, continue
cycle 2204590: PC=0x0021 OPCODE=0x22 [MULI] REG[9] = REG[3] * 2048 -> 8388608
cycle 2204591: PC=0x0022 OPCODE=0x24 [ADD] REG[9] = REG[9] + REG[2] -> 8394752
cycle 2204592: PC=0x0023 OPCODE=0x04 [DMA READ] addr=276830208 size=8192
cycle 2204593: PC=0x0024 OPCODE=0x1d [WAIT DMA] still busy, stall
cycle 2214832: PC=0x0024 OPCODE=0x1d [WAIT DMA] done, continue
cycle 2214833: PC=0x0025 OPCODE=0x18 [CPT_TAGXY] type=1 tag=(0,0)
cycle 2214834: PC=0x0026 OPCODE=0x22 [MULI] REG[10] = REG[4] * 128 -> 163584
cycle 2214835: PC=0x0027 OPCODE=0x24 [ADD] REG[10] = REG[10] + REG[5] -> 165952
cycle 2214836: PC=0x0028 OPCODE=0x08 [G2P] addr=170048 tag=(0,0) size=576
cycle 2214837: PC=0x0029 OPCODE=0x1d [WAIT GLB] still busy, stall
cycle 2215124: PC=0x0029 OPCODE=0x1d [WAIT GLB] done, continue
cycle 2215125: PC=0x002a OPCODE=0x18 [CPT_TAGXY] type=2 tag=(0,0)
cycle 2215126: PC=0x002b OPCODE=0x22 [MULI] REG[11] = REG[3] * 128 -> 524288
cycle 2215127: PC=0x002c OPCODE=0x22 [MULI] REG[12] = REG[6] * 128 -> 17536
cycle 2215128: PC=0x002d OPCODE=0x24 [ADD] REG[11] = REG[11] + REG[5] -> 526656
cycle 2215129: PC=0x002e OPCODE=0x24 [ADD] REG[11] = REG[11] + REG[12] -> 544192
cycle 2215130: PC=0x002f OPCODE=0x08 [G2P] addr=552384 tag=(0,0) size=32
cycle 2215131: PC=0x0030 OPCODE=0x1d [WAIT GLB] still busy, stall
cycle 2215146: PC=0x0030 OPCODE=0x1d [WAIT GLB] done, continue
cycle 2215147: PC=0x0031 OPCODE=0x18 [CPT_TAGXY] type=0 tag=(0,0)
cycle 2215148: PC=0x0032 OPCODE=0x22 [MULI] REG[13] = REG[6] * 36 -> 4932
cycle 2215149: PC=0x0033 OPCODE=0x08 [G2P] addr=4932 tag=(0,0) size=144
cycle 2215150: PC=0x0034 OPCODE=0x1d [WAIT GLB] still busy, stall
cycle 2215221: PC=0x0034 OPCODE=0x1d [WAIT GLB] done, continue
cycle 2215222: PC=0x0035 OPCODE=0x1c [COMPUTE] valid_e=0
cycle 2215223: PC=0x0036 OPCODE=0x1d [WAIT PE_ARRAY]
cycle 2215224: PC=0x0037 OPCODE=0x18 [CPT_TAGXY] type=3 tag=(0,0)
cycle 2215225: PC=0x0038 OPCODE=0x09 [P2G] addr=552384 tag=(0,0) size=32
cycle 2215226: PC=0x0039 OPCODE=0x1f [LOOP] REG[6]<=64 ? target=42 : PC+1, after += 1 -> REG=138, nextPC=58
cycle 2215227: PC=0x003a OPCODE=0x1f [LOOP] REG[5]<=128 ? target=37 : PC+1, after += 32 -> REG=2400, nextPC=59
cycle 2215228: PC=0x003b OPCODE=0x1f [LOOP] REG[4]<=144 ? target=37 : PC+1, after += 18 -> REG=1296, nextPC=60
cycle 2215229: PC=0x003c OPCODE=0x1f [LOOP] REG[3]<=64 ? target=33 : PC+1, after += 64 -> REG=4160, nextPC=61
cycle 2215230: PC=0x003d OPCODE=0x1f [LOOP] REG[2]<=8192 ? target=29 : PC+1, after += 96 -> REG=6240, nextPC=29
cycle 2215231: PC=0x001d OPCODE=0x22 [MULI] REG[8] = REG[8] * 256 -> 0
cycle 2215232: PC=0x001e OPCODE=0x24 [ADD] REG[8] = REG[8] + REG[1] -> 0
cycle 2215233: PC=0x001f OPCODE=0x05 [DMA READ] addr=536870912 size=18432
cycle 2215234: PC=0x0020 OPCODE=0x1d [WAIT DMA] still busy, stall
cycle 2238273: PC=0x0020 OPCODE=0x1d [WAIT DMA] done, continue
cycle 2238274: PC=0x0021 OPCODE=0x22 [MULI] REG[9] = REG[3] * 2048 -> 8519680
cycle 2238275: PC=0x0022 OPCODE=0x24 [ADD] REG[9] = REG[9] + REG[2] -> 8525920
cycle 2238276: PC=0x0023 OPCODE=0x04 [DMA READ] addr=276961376 size=8192
cycle 2238277: PC=0x0024 OPCODE=0x1d [WAIT DMA] still busy, stall
cycle 2248516: PC=0x0024 OPCODE=0x1d [WAIT DMA] done, continue
cycle 2248517: PC=0x0025 OPCODE=0x18 [CPT_TAGXY] type=1 tag=(0,0)
cycle 2248518: PC=0x0026 OPCODE=0x22 [MULI] REG[10] = REG[4] * 128 -> 165888
cycle 2248519: PC=0x0027 OPCODE=0x24 [ADD] REG[10] = REG[10] + REG[5] -> 168288
cycle 2248520: PC=0x0028 OPCODE=0x08 [G2P] addr=172384 tag=(0,0) size=576
cycle 2248521: PC=0x0029 OPCODE=0x1d [WAIT GLB] still busy, stall
cycle 2248808: PC=0x0029 OPCODE=0x1d [WAIT GLB] done, continue
cycle 2248809: PC=0x002a OPCODE=0x18 [CPT_TAGXY] type=2 tag=(0,0)
cycle 2248810: PC=0x002b OPCODE=0x22 [MULI] REG[11] = REG[3] * 128 -> 532480
cycle 2248811: PC=0x002c OPCODE=0x22 [MULI] REG[12] = REG[6] * 128 -> 17664
cycle 2248812: PC=0x002d OPCODE=0x24 [ADD] REG[11] = REG[11] + REG[5] -> 534880
cycle 2248813: PC=0x002e OPCODE=0x24 [ADD] REG[11] = REG[11] + REG[12] -> 552544
cycle 2248814: PC=0x002f OPCODE=0x08 [G2P] addr=560736 tag=(0,0) size=32
cycle 2248815: PC=0x0030 OPCODE=0x1d [WAIT GLB] still busy, stall
cycle 2248830: PC=0x0030 OPCODE=0x1d [WAIT GLB] done, continue
cycle 2248831: PC=0x0031 OPCODE=0x18 [CPT_TAGXY] type=0 tag=(0,0)
cycle 2248832: PC=0x0032 OPCODE=0x22 [MULI] REG[13] = REG[6] * 36 -> 4968
cycle 2248833: PC=0x0033 OPCODE=0x08 [G2P] addr=4968 tag=(0,0) size=144
cycle 2248834: PC=0x0034 OPCODE=0x1d [WAIT GLB] still busy, stall
cycle 2248905: PC=0x0034 OPCODE=0x1d [WAIT GLB] done, continue
cycle 2248906: PC=0x0035 OPCODE=0x1c [COMPUTE] valid_e=0
cycle 2248907: PC=0x0036 OPCODE=0x1d [WAIT PE_ARRAY]
cycle 2248908: PC=0x0037 OPCODE=0x18 [CPT_TAGXY] type=3 tag=(0,0)
cycle 2248909: PC=0x0038 OPCODE=0x09 [P2G] addr=560736 tag=(0,0) size=32
cycle 2248910: PC=0x0039 OPCODE=0x1f [LOOP] REG[6]<=64 ? target=42 : PC+1, after += 1 -> REG=139, nextPC=58
cycle 2248911: PC=0x003a OPCODE=0x1f [LOOP] REG[5]<=128 ? target=37 : PC+1, after += 32 -> REG=2432, nextPC=59
cycle 2248912: PC=0x003b OPCODE=0x1f [LOOP] REG[4]<=144 ? target=37 : PC+1, after += 18 -> REG=1314, nextPC=60
cycle 2248913: PC=0x003c OPCODE=0x1f [LOOP] REG[3]<=64 ? target=33 : PC+1, after += 64 -> REG=4224, nextPC=61
cycle 2248914: PC=0x003d OPCODE=0x1f [LOOP] REG[2]<=8192 ? target=29 : PC+1, after += 96 -> REG=6336, nextPC=29
cycle 2248915: PC=0x001d OPCODE=0x22 [MULI] REG[8] = REG[8] * 256 -> 0
cycle 2248916: PC=0x001e OPCODE=0x24 [ADD] REG[8] = REG[8] + REG[1] -> 0
cycle 2248917: PC=0x001f OPCODE=0x05 [DMA READ] addr=536870912 size=18432
cycle 2248918: PC=0x0020 OPCODE=0x1d [WAIT DMA] still busy, stall
cycle 2271957: PC=0x0020 OPCODE=0x1d [WAIT DMA] done, continue
cycle 2271958: PC=0x0021 OPCODE=0x22 [MULI] REG[9] = REG[3] * 2048 -> 8650752
cycle 2271959: PC=0x0022 OPCODE=0x24 [ADD] REG[9] = REG[9] + REG[2] -> 8657088
cycle 2271960: PC=0x0023 OPCODE=0x04 [DMA READ] addr=277092544 size=8192
cycle 2271961: PC=0x0024 OPCODE=0x1d [WAIT DMA] still busy, stall
cycle 2282200: PC=0x0024 OPCODE=0x1d [WAIT DMA] done, continue
cycle 2282201: PC=0x0025 OPCODE=0x18 [CPT_TAGXY] type=1 tag=(0,0)
cycle 2282202: PC=0x0026 OPCODE=0x22 [MULI] REG[10] = REG[4] * 128 -> 168192
cycle 2282203: PC=0x0027 OPCODE=0x24 [ADD] REG[10] = REG[10] + REG[5] -> 170624
cycle 2282204: PC=0x0028 OPCODE=0x08 [G2P] addr=174720 tag=(0,0) size=576
cycle 2282205: PC=0x0029 OPCODE=0x1d [WAIT GLB] still busy, stall
cycle 2282492: PC=0x0029 OPCODE=0x1d [WAIT GLB] done, continue
cycle 2282493: PC=0x002a OPCODE=0x18 [CPT_TAGXY] type=2 tag=(0,0)
cycle 2282494: PC=0x002b OPCODE=0x22 [MULI] REG[11] = REG[3] * 128 -> 540672
cycle 2282495: PC=0x002c OPCODE=0x22 [MULI] REG[12] = REG[6] * 128 -> 17792
cycle 2282496: PC=0x002d OPCODE=0x24 [ADD] REG[11] = REG[11] + REG[5] -> 543104
cycle 2282497: PC=0x002e OPCODE=0x24 [ADD] REG[11] = REG[11] + REG[12] -> 560896
cycle 2282498: PC=0x002f OPCODE=0x08 [G2P] addr=569088 tag=(0,0) size=32
cycle 2282499: PC=0x0030 OPCODE=0x1d [WAIT GLB] still busy, stall
cycle 2282514: PC=0x0030 OPCODE=0x1d [WAIT GLB] done, continue
cycle 2282515: PC=0x0031 OPCODE=0x18 [CPT_TAGXY] type=0 tag=(0,0)
cycle 2282516: PC=0x0032 OPCODE=0x22 [MULI] REG[13] = REG[6] * 36 -> 5004
cycle 2282517: PC=0x0033 OPCODE=0x08 [G2P] addr=5004 tag=(0,0) size=144
cycle 2282518: PC=0x0034 OPCODE=0x1d [WAIT GLB] still busy, stall
cycle 2282589: PC=0x0034 OPCODE=0x1d [WAIT GLB] done, continue
cycle 2282590: PC=0x0035 OPCODE=0x1c [COMPUTE] valid_e=0
cycle 2282591: PC=0x0036 OPCODE=0x1d [WAIT PE_ARRAY]
cycle 2282592: PC=0x0037 OPCODE=0x18 [CPT_TAGXY] type=3 tag=(0,0)
cycle 2282593: PC=0x0038 OPCODE=0x09 [P2G] addr=569088 tag=(0,0) size=32
cycle 2282594: PC=0x0039 OPCODE=0x1f [LOOP] REG[6]<=64 ? target=42 : PC+1, after += 1 -> REG=140, nextPC=58
cycle 2282595: PC=0x003a OPCODE=0x1f [LOOP] REG[5]<=128 ? target=37 : PC+1, after += 32 -> REG=2464, nextPC=59
cycle 2282596: PC=0x003b OPCODE=0x1f [LOOP] REG[4]<=144 ? target=37 : PC+1, after += 18 -> REG=1332, nextPC=60
cycle 2282597: PC=0x003c OPCODE=0x1f [LOOP] REG[3]<=64 ? target=33 : PC+1, after += 64 -> REG=4288, nextPC=61
cycle 2282598: PC=0x003d OPCODE=0x1f [LOOP] REG[2]<=8192 ? target=29 : PC+1, after += 96 -> REG=6432, nextPC=29
cycle 2282599: PC=0x001d OPCODE=0x22 [MULI] REG[8] = REG[8] * 256 -> 0
cycle 2282600: PC=0x001e OPCODE=0x24 [ADD] REG[8] = REG[8] + REG[1] -> 0
cycle 2282601: PC=0x001f OPCODE=0x05 [DMA READ] addr=536870912 size=18432
cycle 2282602: PC=0x0020 OPCODE=0x1d [WAIT DMA] still busy, stall
cycle 2305641: PC=0x0020 OPCODE=0x1d [WAIT DMA] done, continue
cycle 2305642: PC=0x0021 OPCODE=0x22 [MULI] REG[9] = REG[3] * 2048 -> 8781824
cycle 2305643: PC=0x0022 OPCODE=0x24 [ADD] REG[9] = REG[9] + REG[2] -> 8788256
cycle 2305644: PC=0x0023 OPCODE=0x04 [DMA READ] addr=277223712 size=8192
cycle 2305645: PC=0x0024 OPCODE=0x1d [WAIT DMA] still busy, stall
cycle 2315884: PC=0x0024 OPCODE=0x1d [WAIT DMA] done, continue
cycle 2315885: PC=0x0025 OPCODE=0x18 [CPT_TAGXY] type=1 tag=(0,0)
cycle 2315886: PC=0x0026 OPCODE=0x22 [MULI] REG[10] = REG[4] * 128 -> 170496
cycle 2315887: PC=0x0027 OPCODE=0x24 [ADD] REG[10] = REG[10] + REG[5] -> 172960
cycle 2315888: PC=0x0028 OPCODE=0x08 [G2P] addr=177056 tag=(0,0) size=576
cycle 2315889: PC=0x0029 OPCODE=0x1d [WAIT GLB] still busy, stall
cycle 2316176: PC=0x0029 OPCODE=0x1d [WAIT GLB] done, continue
cycle 2316177: PC=0x002a OPCODE=0x18 [CPT_TAGXY] type=2 tag=(0,0)
cycle 2316178: PC=0x002b OPCODE=0x22 [MULI] REG[11] = REG[3] * 128 -> 548864
cycle 2316179: PC=0x002c OPCODE=0x22 [MULI] REG[12] = REG[6] * 128 -> 17920
cycle 2316180: PC=0x002d OPCODE=0x24 [ADD] REG[11] = REG[11] + REG[5] -> 551328
cycle 2316181: PC=0x002e OPCODE=0x24 [ADD] REG[11] = REG[11] + REG[12] -> 569248
cycle 2316182: PC=0x002f OPCODE=0x08 [G2P] addr=577440 tag=(0,0) size=32
cycle 2316183: PC=0x0030 OPCODE=0x1d [WAIT GLB] still busy, stall
cycle 2316198: PC=0x0030 OPCODE=0x1d [WAIT GLB] done, continue
cycle 2316199: PC=0x0031 OPCODE=0x18 [CPT_TAGXY] type=0 tag=(0,0)
cycle 2316200: PC=0x0032 OPCODE=0x22 [MULI] REG[13] = REG[6] * 36 -> 5040
cycle 2316201: PC=0x0033 OPCODE=0x08 [G2P] addr=5040 tag=(0,0) size=144
cycle 2316202: PC=0x0034 OPCODE=0x1d [WAIT GLB] still busy, stall
cycle 2316273: PC=0x0034 OPCODE=0x1d [WAIT GLB] done, continue
cycle 2316274: PC=0x0035 OPCODE=0x1c [COMPUTE] valid_e=0
cycle 2316275: PC=0x0036 OPCODE=0x1d [WAIT PE_ARRAY]
cycle 2316276: PC=0x0037 OPCODE=0x18 [CPT_TAGXY] type=3 tag=(0,0)
cycle 2316277: PC=0x0038 OPCODE=0x09 [P2G] addr=577440 tag=(0,0) size=32
cycle 2316278: PC=0x0039 OPCODE=0x1f [LOOP] REG[6]<=64 ? target=42 : PC+1, after += 1 -> REG=141, nextPC=58
cycle 2316279: PC=0x003a OPCODE=0x1f [LOOP] REG[5]<=128 ? target=37 : PC+1, after += 32 -> REG=2496, nextPC=59
cycle 2316280: PC=0x003b OPCODE=0x1f [LOOP] REG[4]<=144 ? target=37 : PC+1, after += 18 -> REG=1350, nextPC=60
cycle 2316281: PC=0x003c OPCODE=0x1f [LOOP] REG[3]<=64 ? target=33 : PC+1, after += 64 -> REG=4352, nextPC=61
cycle 2316282: PC=0x003d OPCODE=0x1f [LOOP] REG[2]<=8192 ? target=29 : PC+1, after += 96 -> REG=6528, nextPC=29
cycle 2316283: PC=0x001d OPCODE=0x22 [MULI] REG[8] = REG[8] * 256 -> 0
cycle 2316284: PC=0x001e OPCODE=0x24 [ADD] REG[8] = REG[8] + REG[1] -> 0
cycle 2316285: PC=0x001f OPCODE=0x05 [DMA READ] addr=536870912 size=18432
cycle 2316286: PC=0x0020 OPCODE=0x1d [WAIT DMA] still busy, stall
cycle 2339325: PC=0x0020 OPCODE=0x1d [WAIT DMA] done, continue
cycle 2339326: PC=0x0021 OPCODE=0x22 [MULI] REG[9] = REG[3] * 2048 -> 8912896
cycle 2339327: PC=0x0022 OPCODE=0x24 [ADD] REG[9] = REG[9] + REG[2] -> 8919424
cycle 2339328: PC=0x0023 OPCODE=0x04 [DMA READ] addr=277354880 size=8192
cycle 2339329: PC=0x0024 OPCODE=0x1d [WAIT DMA] still busy, stall
cycle 2349568: PC=0x0024 OPCODE=0x1d [WAIT DMA] done, continue
cycle 2349569: PC=0x0025 OPCODE=0x18 [CPT_TAGXY] type=1 tag=(0,0)
cycle 2349570: PC=0x0026 OPCODE=0x22 [MULI] REG[10] = REG[4] * 128 -> 172800
cycle 2349571: PC=0x0027 OPCODE=0x24 [ADD] REG[10] = REG[10] + REG[5] -> 175296
cycle 2349572: PC=0x0028 OPCODE=0x08 [G2P] addr=179392 tag=(0,0) size=576
cycle 2349573: PC=0x0029 OPCODE=0x1d [WAIT GLB] still busy, stall
cycle 2349860: PC=0x0029 OPCODE=0x1d [WAIT GLB] done, continue
cycle 2349861: PC=0x002a OPCODE=0x18 [CPT_TAGXY] type=2 tag=(0,0)
cycle 2349862: PC=0x002b OPCODE=0x22 [MULI] REG[11] = REG[3] * 128 -> 557056
cycle 2349863: PC=0x002c OPCODE=0x22 [MULI] REG[12] = REG[6] * 128 -> 18048
cycle 2349864: PC=0x002d OPCODE=0x24 [ADD] REG[11] = REG[11] + REG[5] -> 559552
cycle 2349865: PC=0x002e OPCODE=0x24 [ADD] REG[11] = REG[11] + REG[12] -> 577600
cycle 2349866: PC=0x002f OPCODE=0x08 [G2P] addr=585792 tag=(0,0) size=32
cycle 2349867: PC=0x0030 OPCODE=0x1d [WAIT GLB] still busy, stall
cycle 2349882: PC=0x0030 OPCODE=0x1d [WAIT GLB] done, continue
cycle 2349883: PC=0x0031 OPCODE=0x18 [CPT_TAGXY] type=0 tag=(0,0)
cycle 2349884: PC=0x0032 OPCODE=0x22 [MULI] REG[13] = REG[6] * 36 -> 5076
cycle 2349885: PC=0x0033 OPCODE=0x08 [G2P] addr=5076 tag=(0,0) size=144
cycle 2349886: PC=0x0034 OPCODE=0x1d [WAIT GLB] still busy, stall
cycle 2349957: PC=0x0034 OPCODE=0x1d [WAIT GLB] done, continue
cycle 2349958: PC=0x0035 OPCODE=0x1c [COMPUTE] valid_e=0
cycle 2349959: PC=0x0036 OPCODE=0x1d [WAIT PE_ARRAY]
cycle 2349960: PC=0x0037 OPCODE=0x18 [CPT_TAGXY] type=3 tag=(0,0)
cycle 2349961: PC=0x0038 OPCODE=0x09 [P2G] addr=585792 tag=(0,0) size=32
cycle 2349962: PC=0x0039 OPCODE=0x1f [LOOP] REG[6]<=64 ? target=42 : PC+1, after += 1 -> REG=142, nextPC=58
cycle 2349963: PC=0x003a OPCODE=0x1f [LOOP] REG[5]<=128 ? target=37 : PC+1, after += 32 -> REG=2528, nextPC=59
cycle 2349964: PC=0x003b OPCODE=0x1f [LOOP] REG[4]<=144 ? target=37 : PC+1, after += 18 -> REG=1368, nextPC=60
cycle 2349965: PC=0x003c OPCODE=0x1f [LOOP] REG[3]<=64 ? target=33 : PC+1, after += 64 -> REG=4416, nextPC=61
cycle 2349966: PC=0x003d OPCODE=0x1f [LOOP] REG[2]<=8192 ? target=29 : PC+1, after += 96 -> REG=6624, nextPC=29
cycle 2349967: PC=0x001d OPCODE=0x22 [MULI] REG[8] = REG[8] * 256 -> 0
cycle 2349968: PC=0x001e OPCODE=0x24 [ADD] REG[8] = REG[8] + REG[1] -> 0
cycle 2349969: PC=0x001f OPCODE=0x05 [DMA READ] addr=536870912 size=18432
cycle 2349970: PC=0x0020 OPCODE=0x1d [WAIT DMA] still busy, stall
cycle 2373009: PC=0x0020 OPCODE=0x1d [WAIT DMA] done, continue
cycle 2373010: PC=0x0021 OPCODE=0x22 [MULI] REG[9] = REG[3] * 2048 -> 9043968
cycle 2373011: PC=0x0022 OPCODE=0x24 [ADD] REG[9] = REG[9] + REG[2] -> 9050592
cycle 2373012: PC=0x0023 OPCODE=0x04 [DMA READ] addr=277486048 size=8192
cycle 2373013: PC=0x0024 OPCODE=0x1d [WAIT DMA] still busy, stall
cycle 2383252: PC=0x0024 OPCODE=0x1d [WAIT DMA] done, continue
cycle 2383253: PC=0x0025 OPCODE=0x18 [CPT_TAGXY] type=1 tag=(0,0)
cycle 2383254: PC=0x0026 OPCODE=0x22 [MULI] REG[10] = REG[4] * 128 -> 175104
cycle 2383255: PC=0x0027 OPCODE=0x24 [ADD] REG[10] = REG[10] + REG[5] -> 177632
cycle 2383256: PC=0x0028 OPCODE=0x08 [G2P] addr=181728 tag=(0,0) size=576
cycle 2383257: PC=0x0029 OPCODE=0x1d [WAIT GLB] still busy, stall
cycle 2383544: PC=0x0029 OPCODE=0x1d [WAIT GLB] done, continue
cycle 2383545: PC=0x002a OPCODE=0x18 [CPT_TAGXY] type=2 tag=(0,0)
cycle 2383546: PC=0x002b OPCODE=0x22 [MULI] REG[11] = REG[3] * 128 -> 565248
cycle 2383547: PC=0x002c OPCODE=0x22 [MULI] REG[12] = REG[6] * 128 -> 18176
cycle 2383548: PC=0x002d OPCODE=0x24 [ADD] REG[11] = REG[11] + REG[5] -> 567776
cycle 2383549: PC=0x002e OPCODE=0x24 [ADD] REG[11] = REG[11] + REG[12] -> 585952
cycle 2383550: PC=0x002f OPCODE=0x08 [G2P] addr=594144 tag=(0,0) size=32
cycle 2383551: PC=0x0030 OPCODE=0x1d [WAIT GLB] still busy, stall
cycle 2383566: PC=0x0030 OPCODE=0x1d [WAIT GLB] done, continue
cycle 2383567: PC=0x0031 OPCODE=0x18 [CPT_TAGXY] type=0 tag=(0,0)
cycle 2383568: PC=0x0032 OPCODE=0x22 [MULI] REG[13] = REG[6] * 36 -> 5112
cycle 2383569: PC=0x0033 OPCODE=0x08 [G2P] addr=5112 tag=(0,0) size=144
cycle 2383570: PC=0x0034 OPCODE=0x1d [WAIT GLB] still busy, stall
cycle 2383641: PC=0x0034 OPCODE=0x1d [WAIT GLB] done, continue
cycle 2383642: PC=0x0035 OPCODE=0x1c [COMPUTE] valid_e=0
cycle 2383643: PC=0x0036 OPCODE=0x1d [WAIT PE_ARRAY]
cycle 2383644: PC=0x0037 OPCODE=0x18 [CPT_TAGXY] type=3 tag=(0,0)
cycle 2383645: PC=0x0038 OPCODE=0x09 [P2G] addr=594144 tag=(0,0) size=32
cycle 2383646: PC=0x0039 OPCODE=0x1f [LOOP] REG[6]<=64 ? target=42 : PC+1, after += 1 -> REG=143, nextPC=58
cycle 2383647: PC=0x003a OPCODE=0x1f [LOOP] REG[5]<=128 ? target=37 : PC+1, after += 32 -> REG=2560, nextPC=59
cycle 2383648: PC=0x003b OPCODE=0x1f [LOOP] REG[4]<=144 ? target=37 : PC+1, after += 18 -> REG=1386, nextPC=60
cycle 2383649: PC=0x003c OPCODE=0x1f [LOOP] REG[3]<=64 ? target=33 : PC+1, after += 64 -> REG=4480, nextPC=61
cycle 2383650: PC=0x003d OPCODE=0x1f [LOOP] REG[2]<=8192 ? target=29 : PC+1, after += 96 -> REG=6720, nextPC=29
cycle 2383651: PC=0x001d OPCODE=0x22 [MULI] REG[8] = REG[8] * 256 -> 0
cycle 2383652: PC=0x001e OPCODE=0x24 [ADD] REG[8] = REG[8] + REG[1] -> 0
cycle 2383653: PC=0x001f OPCODE=0x05 [DMA READ] addr=536870912 size=18432
cycle 2383654: PC=0x0020 OPCODE=0x1d [WAIT DMA] still busy, stall
cycle 2406693: PC=0x0020 OPCODE=0x1d [WAIT DMA] done, continue
cycle 2406694: PC=0x0021 OPCODE=0x22 [MULI] REG[9] = REG[3] * 2048 -> 9175040
cycle 2406695: PC=0x0022 OPCODE=0x24 [ADD] REG[9] = REG[9] + REG[2] -> 9181760
cycle 2406696: PC=0x0023 OPCODE=0x04 [DMA READ] addr=277617216 size=8192
cycle 2406697: PC=0x0024 OPCODE=0x1d [WAIT DMA] still busy, stall
cycle 2416936: PC=0x0024 OPCODE=0x1d [WAIT DMA] done, continue
cycle 2416937: PC=0x0025 OPCODE=0x18 [CPT_TAGXY] type=1 tag=(0,0)
cycle 2416938: PC=0x0026 OPCODE=0x22 [MULI] REG[10] = REG[4] * 128 -> 177408
cycle 2416939: PC=0x0027 OPCODE=0x24 [ADD] REG[10] = REG[10] + REG[5] -> 179968
cycle 2416940: PC=0x0028 OPCODE=0x08 [G2P] addr=184064 tag=(0,0) size=576
cycle 2416941: PC=0x0029 OPCODE=0x1d [WAIT GLB] still busy, stall
cycle 2417228: PC=0x0029 OPCODE=0x1d [WAIT GLB] done, continue
cycle 2417229: PC=0x002a OPCODE=0x18 [CPT_TAGXY] type=2 tag=(0,0)
cycle 2417230: PC=0x002b OPCODE=0x22 [MULI] REG[11] = REG[3] * 128 -> 573440
cycle 2417231: PC=0x002c OPCODE=0x22 [MULI] REG[12] = REG[6] * 128 -> 18304
cycle 2417232: PC=0x002d OPCODE=0x24 [ADD] REG[11] = REG[11] + REG[5] -> 576000
cycle 2417233: PC=0x002e OPCODE=0x24 [ADD] REG[11] = REG[11] + REG[12] -> 594304
cycle 2417234: PC=0x002f OPCODE=0x08 [G2P] addr=602496 tag=(0,0) size=32
cycle 2417235: PC=0x0030 OPCODE=0x1d [WAIT GLB] still busy, stall
cycle 2417250: PC=0x0030 OPCODE=0x1d [WAIT GLB] done, continue
cycle 2417251: PC=0x0031 OPCODE=0x18 [CPT_TAGXY] type=0 tag=(0,0)
cycle 2417252: PC=0x0032 OPCODE=0x22 [MULI] REG[13] = REG[6] * 36 -> 5148
cycle 2417253: PC=0x0033 OPCODE=0x08 [G2P] addr=5148 tag=(0,0) size=144
cycle 2417254: PC=0x0034 OPCODE=0x1d [WAIT GLB] still busy, stall
cycle 2417325: PC=0x0034 OPCODE=0x1d [WAIT GLB] done, continue
cycle 2417326: PC=0x0035 OPCODE=0x1c [COMPUTE] valid_e=0
cycle 2417327: PC=0x0036 OPCODE=0x1d [WAIT PE_ARRAY]
cycle 2417328: PC=0x0037 OPCODE=0x18 [CPT_TAGXY] type=3 tag=(0,0)
cycle 2417329: PC=0x0038 OPCODE=0x09 [P2G] addr=602496 tag=(0,0) size=32
cycle 2417330: PC=0x0039 OPCODE=0x1f [LOOP] REG[6]<=64 ? target=42 : PC+1, after += 1 -> REG=144, nextPC=58
cycle 2417331: PC=0x003a OPCODE=0x1f [LOOP] REG[5]<=128 ? target=37 : PC+1, after += 32 -> REG=2592, nextPC=59
cycle 2417332: PC=0x003b OPCODE=0x1f [LOOP] REG[4]<=144 ? target=37 : PC+1, after += 18 -> REG=1404, nextPC=60
cycle 2417333: PC=0x003c OPCODE=0x1f [LOOP] REG[3]<=64 ? target=33 : PC+1, after += 64 -> REG=4544, nextPC=61
cycle 2417334: PC=0x003d OPCODE=0x1f [LOOP] REG[2]<=8192 ? target=29 : PC+1, after += 96 -> REG=6816, nextPC=29
cycle 2417335: PC=0x001d OPCODE=0x22 [MULI] REG[8] = REG[8] * 256 -> 0
cycle 2417336: PC=0x001e OPCODE=0x24 [ADD] REG[8] = REG[8] + REG[1] -> 0
cycle 2417337: PC=0x001f OPCODE=0x05 [DMA READ] addr=536870912 size=18432
cycle 2417338: PC=0x0020 OPCODE=0x1d [WAIT DMA] still busy, stall
cycle 2440377: PC=0x0020 OPCODE=0x1d [WAIT DMA] done, continue
cycle 2440378: PC=0x0021 OPCODE=0x22 [MULI] REG[9] = REG[3] * 2048 -> 9306112
cycle 2440379: PC=0x0022 OPCODE=0x24 [ADD] REG[9] = REG[9] + REG[2] -> 9312928
cycle 2440380: PC=0x0023 OPCODE=0x04 [DMA READ] addr=277748384 size=8192
cycle 2440381: PC=0x0024 OPCODE=0x1d [WAIT DMA] still busy, stall
cycle 2450620: PC=0x0024 OPCODE=0x1d [WAIT DMA] done, continue
cycle 2450621: PC=0x0025 OPCODE=0x18 [CPT_TAGXY] type=1 tag=(0,0)
cycle 2450622: PC=0x0026 OPCODE=0x22 [MULI] REG[10] = REG[4] * 128 -> 179712
cycle 2450623: PC=0x0027 OPCODE=0x24 [ADD] REG[10] = REG[10] + REG[5] -> 182304
cycle 2450624: PC=0x0028 OPCODE=0x08 [G2P] addr=186400 tag=(0,0) size=576
cycle 2450625: PC=0x0029 OPCODE=0x1d [WAIT GLB] still busy, stall
cycle 2450912: PC=0x0029 OPCODE=0x1d [WAIT GLB] done, continue
cycle 2450913: PC=0x002a OPCODE=0x18 [CPT_TAGXY] type=2 tag=(0,0)
cycle 2450914: PC=0x002b OPCODE=0x22 [MULI] REG[11] = REG[3] * 128 -> 581632
cycle 2450915: PC=0x002c OPCODE=0x22 [MULI] REG[12] = REG[6] * 128 -> 18432
cycle 2450916: PC=0x002d OPCODE=0x24 [ADD] REG[11] = REG[11] + REG[5] -> 584224
cycle 2450917: PC=0x002e OPCODE=0x24 [ADD] REG[11] = REG[11] + REG[12] -> 602656
cycle 2450918: PC=0x002f OPCODE=0x08 [G2P] addr=610848 tag=(0,0) size=32
cycle 2450919: PC=0x0030 OPCODE=0x1d [WAIT GLB] still busy, stall
cycle 2450934: PC=0x0030 OPCODE=0x1d [WAIT GLB] done, continue
cycle 2450935: PC=0x0031 OPCODE=0x18 [CPT_TAGXY] type=0 tag=(0,0)
cycle 2450936: PC=0x0032 OPCODE=0x22 [MULI] REG[13] = REG[6] * 36 -> 5184
cycle 2450937: PC=0x0033 OPCODE=0x08 [G2P] addr=5184 tag=(0,0) size=144
cycle 2450938: PC=0x0034 OPCODE=0x1d [WAIT GLB] still busy, stall
cycle 2451009: PC=0x0034 OPCODE=0x1d [WAIT GLB] done, continue
cycle 2451010: PC=0x0035 OPCODE=0x1c [COMPUTE] valid_e=0
cycle 2451011: PC=0x0036 OPCODE=0x1d [WAIT PE_ARRAY]
cycle 2451012: PC=0x0037 OPCODE=0x18 [CPT_TAGXY] type=3 tag=(0,0)
cycle 2451013: PC=0x0038 OPCODE=0x09 [P2G] addr=610848 tag=(0,0) size=32
cycle 2451014: PC=0x0039 OPCODE=0x1f [LOOP] REG[6]<=64 ? target=42 : PC+1, after += 1 -> REG=145, nextPC=58
cycle 2451015: PC=0x003a OPCODE=0x1f [LOOP] REG[5]<=128 ? target=37 : PC+1, after += 32 -> REG=2624, nextPC=59
cycle 2451016: PC=0x003b OPCODE=0x1f [LOOP] REG[4]<=144 ? target=37 : PC+1, after += 18 -> REG=1422, nextPC=60
cycle 2451017: PC=0x003c OPCODE=0x1f [LOOP] REG[3]<=64 ? target=33 : PC+1, after += 64 -> REG=4608, nextPC=61
cycle 2451018: PC=0x003d OPCODE=0x1f [LOOP] REG[2]<=8192 ? target=29 : PC+1, after += 96 -> REG=6912, nextPC=29
cycle 2451019: PC=0x001d OPCODE=0x22 [MULI] REG[8] = REG[8] * 256 -> 0
cycle 2451020: PC=0x001e OPCODE=0x24 [ADD] REG[8] = REG[8] + REG[1] -> 0
cycle 2451021: PC=0x001f OPCODE=0x05 [DMA READ] addr=536870912 size=18432
cycle 2451022: PC=0x0020 OPCODE=0x1d [WAIT DMA] still busy, stall
cycle 2474061: PC=0x0020 OPCODE=0x1d [WAIT DMA] done, continue
cycle 2474062: PC=0x0021 OPCODE=0x22 [MULI] REG[9] = REG[3] * 2048 -> 9437184
cycle 2474063: PC=0x0022 OPCODE=0x24 [ADD] REG[9] = REG[9] + REG[2] -> 9444096
cycle 2474064: PC=0x0023 OPCODE=0x04 [DMA READ] addr=277879552 size=8192
cycle 2474065: PC=0x0024 OPCODE=0x1d [WAIT DMA] still busy, stall
cycle 2484304: PC=0x0024 OPCODE=0x1d [WAIT DMA] done, continue
cycle 2484305: PC=0x0025 OPCODE=0x18 [CPT_TAGXY] type=1 tag=(0,0)
cycle 2484306: PC=0x0026 OPCODE=0x22 [MULI] REG[10] = REG[4] * 128 -> 182016
cycle 2484307: PC=0x0027 OPCODE=0x24 [ADD] REG[10] = REG[10] + REG[5] -> 184640
cycle 2484308: PC=0x0028 OPCODE=0x08 [G2P] addr=188736 tag=(0,0) size=576
cycle 2484309: PC=0x0029 OPCODE=0x1d [WAIT GLB] still busy, stall
cycle 2484596: PC=0x0029 OPCODE=0x1d [WAIT GLB] done, continue
cycle 2484597: PC=0x002a OPCODE=0x18 [CPT_TAGXY] type=2 tag=(0,0)
cycle 2484598: PC=0x002b OPCODE=0x22 [MULI] REG[11] = REG[3] * 128 -> 589824
cycle 2484599: PC=0x002c OPCODE=0x22 [MULI] REG[12] = REG[6] * 128 -> 18560
cycle 2484600: PC=0x002d OPCODE=0x24 [ADD] REG[11] = REG[11] + REG[5] -> 592448
cycle 2484601: PC=0x002e OPCODE=0x24 [ADD] REG[11] = REG[11] + REG[12] -> 611008
cycle 2484602: PC=0x002f OPCODE=0x08 [G2P] addr=619200 tag=(0,0) size=32
cycle 2484603: PC=0x0030 OPCODE=0x1d [WAIT GLB] still busy, stall
cycle 2484618: PC=0x0030 OPCODE=0x1d [WAIT GLB] done, continue
cycle 2484619: PC=0x0031 OPCODE=0x18 [CPT_TAGXY] type=0 tag=(0,0)
cycle 2484620: PC=0x0032 OPCODE=0x22 [MULI] REG[13] = REG[6] * 36 -> 5220
cycle 2484621: PC=0x0033 OPCODE=0x08 [G2P] addr=5220 tag=(0,0) size=144
cycle 2484622: PC=0x0034 OPCODE=0x1d [WAIT GLB] still busy, stall
cycle 2484693: PC=0x0034 OPCODE=0x1d [WAIT GLB] done, continue
cycle 2484694: PC=0x0035 OPCODE=0x1c [COMPUTE] valid_e=0
cycle 2484695: PC=0x0036 OPCODE=0x1d [WAIT PE_ARRAY]
cycle 2484696: PC=0x0037 OPCODE=0x18 [CPT_TAGXY] type=3 tag=(0,0)
cycle 2484697: PC=0x0038 OPCODE=0x09 [P2G] addr=619200 tag=(0,0) size=32
cycle 2484698: PC=0x0039 OPCODE=0x1f [LOOP] REG[6]<=64 ? target=42 : PC+1, after += 1 -> REG=146, nextPC=58
cycle 2484699: PC=0x003a OPCODE=0x1f [LOOP] REG[5]<=128 ? target=37 : PC+1, after += 32 -> REG=2656, nextPC=59
cycle 2484700: PC=0x003b OPCODE=0x1f [LOOP] REG[4]<=144 ? target=37 : PC+1, after += 18 -> REG=1440, nextPC=60
cycle 2484701: PC=0x003c OPCODE=0x1f [LOOP] REG[3]<=64 ? target=33 : PC+1, after += 64 -> REG=4672, nextPC=61
cycle 2484702: PC=0x003d OPCODE=0x1f [LOOP] REG[2]<=8192 ? target=29 : PC+1, after += 96 -> REG=7008, nextPC=29
cycle 2484703: PC=0x001d OPCODE=0x22 [MULI] REG[8] = REG[8] * 256 -> 0
cycle 2484704: PC=0x001e OPCODE=0x24 [ADD] REG[8] = REG[8] + REG[1] -> 0
cycle 2484705: PC=0x001f OPCODE=0x05 [DMA READ] addr=536870912 size=18432
cycle 2484706: PC=0x0020 OPCODE=0x1d [WAIT DMA] still busy, stall
cycle 2507745: PC=0x0020 OPCODE=0x1d [WAIT DMA] done, continue
cycle 2507746: PC=0x0021 OPCODE=0x22 [MULI] REG[9] = REG[3] * 2048 -> 9568256
cycle 2507747: PC=0x0022 OPCODE=0x24 [ADD] REG[9] = REG[9] + REG[2] -> 9575264
cycle 2507748: PC=0x0023 OPCODE=0x04 [DMA READ] addr=278010720 size=8192
cycle 2507749: PC=0x0024 OPCODE=0x1d [WAIT DMA] still busy, stall
cycle 2517988: PC=0x0024 OPCODE=0x1d [WAIT DMA] done, continue
cycle 2517989: PC=0x0025 OPCODE=0x18 [CPT_TAGXY] type=1 tag=(0,0)
cycle 2517990: PC=0x0026 OPCODE=0x22 [MULI] REG[10] = REG[4] * 128 -> 184320
cycle 2517991: PC=0x0027 OPCODE=0x24 [ADD] REG[10] = REG[10] + REG[5] -> 186976
cycle 2517992: PC=0x0028 OPCODE=0x08 [G2P] addr=191072 tag=(0,0) size=576
cycle 2517993: PC=0x0029 OPCODE=0x1d [WAIT GLB] still busy, stall
cycle 2518280: PC=0x0029 OPCODE=0x1d [WAIT GLB] done, continue
cycle 2518281: PC=0x002a OPCODE=0x18 [CPT_TAGXY] type=2 tag=(0,0)
cycle 2518282: PC=0x002b OPCODE=0x22 [MULI] REG[11] = REG[3] * 128 -> 598016
cycle 2518283: PC=0x002c OPCODE=0x22 [MULI] REG[12] = REG[6] * 128 -> 18688
cycle 2518284: PC=0x002d OPCODE=0x24 [ADD] REG[11] = REG[11] + REG[5] -> 600672
cycle 2518285: PC=0x002e OPCODE=0x24 [ADD] REG[11] = REG[11] + REG[12] -> 619360
cycle 2518286: PC=0x002f OPCODE=0x08 [G2P] addr=627552 tag=(0,0) size=32
cycle 2518287: PC=0x0030 OPCODE=0x1d [WAIT GLB] still busy, stall
cycle 2518302: PC=0x0030 OPCODE=0x1d [WAIT GLB] done, continue
cycle 2518303: PC=0x0031 OPCODE=0x18 [CPT_TAGXY] type=0 tag=(0,0)
cycle 2518304: PC=0x0032 OPCODE=0x22 [MULI] REG[13] = REG[6] * 36 -> 5256
cycle 2518305: PC=0x0033 OPCODE=0x08 [G2P] addr=5256 tag=(0,0) size=144
cycle 2518306: PC=0x0034 OPCODE=0x1d [WAIT GLB] still busy, stall
cycle 2518377: PC=0x0034 OPCODE=0x1d [WAIT GLB] done, continue
cycle 2518378: PC=0x0035 OPCODE=0x1c [COMPUTE] valid_e=0
cycle 2518379: PC=0x0036 OPCODE=0x1d [WAIT PE_ARRAY]
cycle 2518380: PC=0x0037 OPCODE=0x18 [CPT_TAGXY] type=3 tag=(0,0)
cycle 2518381: PC=0x0038 OPCODE=0x09 [P2G] addr=627552 tag=(0,0) size=32
cycle 2518382: PC=0x0039 OPCODE=0x1f [LOOP] REG[6]<=64 ? target=42 : PC+1, after += 1 -> REG=147, nextPC=58
cycle 2518383: PC=0x003a OPCODE=0x1f [LOOP] REG[5]<=128 ? target=37 : PC+1, after += 32 -> REG=2688, nextPC=59
cycle 2518384: PC=0x003b OPCODE=0x1f [LOOP] REG[4]<=144 ? target=37 : PC+1, after += 18 -> REG=1458, nextPC=60
cycle 2518385: PC=0x003c OPCODE=0x1f [LOOP] REG[3]<=64 ? target=33 : PC+1, after += 64 -> REG=4736, nextPC=61
cycle 2518386: PC=0x003d OPCODE=0x1f [LOOP] REG[2]<=8192 ? target=29 : PC+1, after += 96 -> REG=7104, nextPC=29
cycle 2518387: PC=0x001d OPCODE=0x22 [MULI] REG[8] = REG[8] * 256 -> 0
cycle 2518388: PC=0x001e OPCODE=0x24 [ADD] REG[8] = REG[8] + REG[1] -> 0
cycle 2518389: PC=0x001f OPCODE=0x05 [DMA READ] addr=536870912 size=18432
cycle 2518390: PC=0x0020 OPCODE=0x1d [WAIT DMA] still busy, stall
cycle 2541429: PC=0x0020 OPCODE=0x1d [WAIT DMA] done, continue
cycle 2541430: PC=0x0021 OPCODE=0x22 [MULI] REG[9] = REG[3] * 2048 -> 9699328
cycle 2541431: PC=0x0022 OPCODE=0x24 [ADD] REG[9] = REG[9] + REG[2] -> 9706432
cycle 2541432: PC=0x0023 OPCODE=0x04 [DMA READ] addr=278141888 size=8192
cycle 2541433: PC=0x0024 OPCODE=0x1d [WAIT DMA] still busy, stall
cycle 2551672: PC=0x0024 OPCODE=0x1d [WAIT DMA] done, continue
cycle 2551673: PC=0x0025 OPCODE=0x18 [CPT_TAGXY] type=1 tag=(0,0)
cycle 2551674: PC=0x0026 OPCODE=0x22 [MULI] REG[10] = REG[4] * 128 -> 186624
cycle 2551675: PC=0x0027 OPCODE=0x24 [ADD] REG[10] = REG[10] + REG[5] -> 189312
cycle 2551676: PC=0x0028 OPCODE=0x08 [G2P] addr=193408 tag=(0,0) size=576
cycle 2551677: PC=0x0029 OPCODE=0x1d [WAIT GLB] still busy, stall
cycle 2551964: PC=0x0029 OPCODE=0x1d [WAIT GLB] done, continue
cycle 2551965: PC=0x002a OPCODE=0x18 [CPT_TAGXY] type=2 tag=(0,0)
cycle 2551966: PC=0x002b OPCODE=0x22 [MULI] REG[11] = REG[3] * 128 -> 606208
cycle 2551967: PC=0x002c OPCODE=0x22 [MULI] REG[12] = REG[6] * 128 -> 18816
cycle 2551968: PC=0x002d OPCODE=0x24 [ADD] REG[11] = REG[11] + REG[5] -> 608896
cycle 2551969: PC=0x002e OPCODE=0x24 [ADD] REG[11] = REG[11] + REG[12] -> 627712
cycle 2551970: PC=0x002f OPCODE=0x08 [G2P] addr=635904 tag=(0,0) size=32
cycle 2551971: PC=0x0030 OPCODE=0x1d [WAIT GLB] still busy, stall
cycle 2551986: PC=0x0030 OPCODE=0x1d [WAIT GLB] done, continue
cycle 2551987: PC=0x0031 OPCODE=0x18 [CPT_TAGXY] type=0 tag=(0,0)
cycle 2551988: PC=0x0032 OPCODE=0x22 [MULI] REG[13] = REG[6] * 36 -> 5292
cycle 2551989: PC=0x0033 OPCODE=0x08 [G2P] addr=5292 tag=(0,0) size=144
cycle 2551990: PC=0x0034 OPCODE=0x1d [WAIT GLB] still busy, stall
cycle 2552061: PC=0x0034 OPCODE=0x1d [WAIT GLB] done, continue
cycle 2552062: PC=0x0035 OPCODE=0x1c [COMPUTE] valid_e=0
cycle 2552063: PC=0x0036 OPCODE=0x1d [WAIT PE_ARRAY]
cycle 2552064: PC=0x0037 OPCODE=0x18 [CPT_TAGXY] type=3 tag=(0,0)
cycle 2552065: PC=0x0038 OPCODE=0x09 [P2G] addr=635904 tag=(0,0) size=32
cycle 2552066: PC=0x0039 OPCODE=0x1f [LOOP] REG[6]<=64 ? target=42 : PC+1, after += 1 -> REG=148, nextPC=58
cycle 2552067: PC=0x003a OPCODE=0x1f [LOOP] REG[5]<=128 ? target=37 : PC+1, after += 32 -> REG=2720, nextPC=59
cycle 2552068: PC=0x003b OPCODE=0x1f [LOOP] REG[4]<=144 ? target=37 : PC+1, after += 18 -> REG=1476, nextPC=60
cycle 2552069: PC=0x003c OPCODE=0x1f [LOOP] REG[3]<=64 ? target=33 : PC+1, after += 64 -> REG=4800, nextPC=61
cycle 2552070: PC=0x003d OPCODE=0x1f [LOOP] REG[2]<=8192 ? target=29 : PC+1, after += 96 -> REG=7200, nextPC=29
cycle 2552071: PC=0x001d OPCODE=0x22 [MULI] REG[8] = REG[8] * 256 -> 0
cycle 2552072: PC=0x001e OPCODE=0x24 [ADD] REG[8] = REG[8] + REG[1] -> 0
cycle 2552073: PC=0x001f OPCODE=0x05 [DMA READ] addr=536870912 size=18432
cycle 2552074: PC=0x0020 OPCODE=0x1d [WAIT DMA] still busy, stall
cycle 2575113: PC=0x0020 OPCODE=0x1d [WAIT DMA] done, continue
cycle 2575114: PC=0x0021 OPCODE=0x22 [MULI] REG[9] = REG[3] * 2048 -> 9830400
cycle 2575115: PC=0x0022 OPCODE=0x24 [ADD] REG[9] = REG[9] + REG[2] -> 9837600
cycle 2575116: PC=0x0023 OPCODE=0x04 [DMA READ] addr=278273056 size=8192
cycle 2575117: PC=0x0024 OPCODE=0x1d [WAIT DMA] still busy, stall
cycle 2585356: PC=0x0024 OPCODE=0x1d [WAIT DMA] done, continue
cycle 2585357: PC=0x0025 OPCODE=0x18 [CPT_TAGXY] type=1 tag=(0,0)
cycle 2585358: PC=0x0026 OPCODE=0x22 [MULI] REG[10] = REG[4] * 128 -> 188928
cycle 2585359: PC=0x0027 OPCODE=0x24 [ADD] REG[10] = REG[10] + REG[5] -> 191648
cycle 2585360: PC=0x0028 OPCODE=0x08 [G2P] addr=195744 tag=(0,0) size=576
cycle 2585361: PC=0x0029 OPCODE=0x1d [WAIT GLB] still busy, stall
cycle 2585648: PC=0x0029 OPCODE=0x1d [WAIT GLB] done, continue
cycle 2585649: PC=0x002a OPCODE=0x18 [CPT_TAGXY] type=2 tag=(0,0)
cycle 2585650: PC=0x002b OPCODE=0x22 [MULI] REG[11] = REG[3] * 128 -> 614400
cycle 2585651: PC=0x002c OPCODE=0x22 [MULI] REG[12] = REG[6] * 128 -> 18944
cycle 2585652: PC=0x002d OPCODE=0x24 [ADD] REG[11] = REG[11] + REG[5] -> 617120
cycle 2585653: PC=0x002e OPCODE=0x24 [ADD] REG[11] = REG[11] + REG[12] -> 636064
cycle 2585654: PC=0x002f OPCODE=0x08 [G2P] addr=644256 tag=(0,0) size=32
cycle 2585655: PC=0x0030 OPCODE=0x1d [WAIT GLB] still busy, stall
cycle 2585670: PC=0x0030 OPCODE=0x1d [WAIT GLB] done, continue
cycle 2585671: PC=0x0031 OPCODE=0x18 [CPT_TAGXY] type=0 tag=(0,0)
cycle 2585672: PC=0x0032 OPCODE=0x22 [MULI] REG[13] = REG[6] * 36 -> 5328
cycle 2585673: PC=0x0033 OPCODE=0x08 [G2P] addr=5328 tag=(0,0) size=144
cycle 2585674: PC=0x0034 OPCODE=0x1d [WAIT GLB] still busy, stall
cycle 2585745: PC=0x0034 OPCODE=0x1d [WAIT GLB] done, continue
cycle 2585746: PC=0x0035 OPCODE=0x1c [COMPUTE] valid_e=0
cycle 2585747: PC=0x0036 OPCODE=0x1d [WAIT PE_ARRAY]
cycle 2585748: PC=0x0037 OPCODE=0x18 [CPT_TAGXY] type=3 tag=(0,0)
cycle 2585749: PC=0x0038 OPCODE=0x09 [P2G] addr=644256 tag=(0,0) size=32
cycle 2585750: PC=0x0039 OPCODE=0x1f [LOOP] REG[6]<=64 ? target=42 : PC+1, after += 1 -> REG=149, nextPC=58
cycle 2585751: PC=0x003a OPCODE=0x1f [LOOP] REG[5]<=128 ? target=37 : PC+1, after += 32 -> REG=2752, nextPC=59
cycle 2585752: PC=0x003b OPCODE=0x1f [LOOP] REG[4]<=144 ? target=37 : PC+1, after += 18 -> REG=1494, nextPC=60
cycle 2585753: PC=0x003c OPCODE=0x1f [LOOP] REG[3]<=64 ? target=33 : PC+1, after += 64 -> REG=4864, nextPC=61
cycle 2585754: PC=0x003d OPCODE=0x1f [LOOP] REG[2]<=8192 ? target=29 : PC+1, after += 96 -> REG=7296, nextPC=29
cycle 2585755: PC=0x001d OPCODE=0x22 [MULI] REG[8] = REG[8] * 256 -> 0
cycle 2585756: PC=0x001e OPCODE=0x24 [ADD] REG[8] = REG[8] + REG[1] -> 0
cycle 2585757: PC=0x001f OPCODE=0x05 [DMA READ] addr=536870912 size=18432
cycle 2585758: PC=0x0020 OPCODE=0x1d [WAIT DMA] still busy, stall
cycle 2608797: PC=0x0020 OPCODE=0x1d [WAIT DMA] done, continue
cycle 2608798: PC=0x0021 OPCODE=0x22 [MULI] REG[9] = REG[3] * 2048 -> 9961472
cycle 2608799: PC=0x0022 OPCODE=0x24 [ADD] REG[9] = REG[9] + REG[2] -> 9968768
cycle 2608800: PC=0x0023 OPCODE=0x04 [DMA READ] addr=278404224 size=8192
cycle 2608801: PC=0x0024 OPCODE=0x1d [WAIT DMA] still busy, stall
cycle 2619040: PC=0x0024 OPCODE=0x1d [WAIT DMA] done, continue
cycle 2619041: PC=0x0025 OPCODE=0x18 [CPT_TAGXY] type=1 tag=(0,0)
cycle 2619042: PC=0x0026 OPCODE=0x22 [MULI] REG[10] = REG[4] * 128 -> 191232
cycle 2619043: PC=0x0027 OPCODE=0x24 [ADD] REG[10] = REG[10] + REG[5] -> 193984
cycle 2619044: PC=0x0028 OPCODE=0x08 [G2P] addr=198080 tag=(0,0) size=576
cycle 2619045: PC=0x0029 OPCODE=0x1d [WAIT GLB] still busy, stall
cycle 2619332: PC=0x0029 OPCODE=0x1d [WAIT GLB] done, continue
cycle 2619333: PC=0x002a OPCODE=0x18 [CPT_TAGXY] type=2 tag=(0,0)
cycle 2619334: PC=0x002b OPCODE=0x22 [MULI] REG[11] = REG[3] * 128 -> 622592
cycle 2619335: PC=0x002c OPCODE=0x22 [MULI] REG[12] = REG[6] * 128 -> 19072
cycle 2619336: PC=0x002d OPCODE=0x24 [ADD] REG[11] = REG[11] + REG[5] -> 625344
cycle 2619337: PC=0x002e OPCODE=0x24 [ADD] REG[11] = REG[11] + REG[12] -> 644416
cycle 2619338: PC=0x002f OPCODE=0x08 [G2P] addr=652608 tag=(0,0) size=32
cycle 2619339: PC=0x0030 OPCODE=0x1d [WAIT GLB] still busy, stall
cycle 2619354: PC=0x0030 OPCODE=0x1d [WAIT GLB] done, continue
cycle 2619355: PC=0x0031 OPCODE=0x18 [CPT_TAGXY] type=0 tag=(0,0)
cycle 2619356: PC=0x0032 OPCODE=0x22 [MULI] REG[13] = REG[6] * 36 -> 5364
cycle 2619357: PC=0x0033 OPCODE=0x08 [G2P] addr=5364 tag=(0,0) size=144
cycle 2619358: PC=0x0034 OPCODE=0x1d [WAIT GLB] still busy, stall
cycle 2619429: PC=0x0034 OPCODE=0x1d [WAIT GLB] done, continue
cycle 2619430: PC=0x0035 OPCODE=0x1c [COMPUTE] valid_e=0
cycle 2619431: PC=0x0036 OPCODE=0x1d [WAIT PE_ARRAY]
cycle 2619432: PC=0x0037 OPCODE=0x18 [CPT_TAGXY] type=3 tag=(0,0)
cycle 2619433: PC=0x0038 OPCODE=0x09 [P2G] addr=652608 tag=(0,0) size=32
cycle 2619434: PC=0x0039 OPCODE=0x1f [LOOP] REG[6]<=64 ? target=42 : PC+1, after += 1 -> REG=150, nextPC=58
cycle 2619435: PC=0x003a OPCODE=0x1f [LOOP] REG[5]<=128 ? target=37 : PC+1, after += 32 -> REG=2784, nextPC=59
cycle 2619436: PC=0x003b OPCODE=0x1f [LOOP] REG[4]<=144 ? target=37 : PC+1, after += 18 -> REG=1512, nextPC=60
cycle 2619437: PC=0x003c OPCODE=0x1f [LOOP] REG[3]<=64 ? target=33 : PC+1, after += 64 -> REG=4928, nextPC=61
cycle 2619438: PC=0x003d OPCODE=0x1f [LOOP] REG[2]<=8192 ? target=29 : PC+1, after += 96 -> REG=7392, nextPC=29
cycle 2619439: PC=0x001d OPCODE=0x22 [MULI] REG[8] = REG[8] * 256 -> 0
cycle 2619440: PC=0x001e OPCODE=0x24 [ADD] REG[8] = REG[8] + REG[1] -> 0
cycle 2619441: PC=0x001f OPCODE=0x05 [DMA READ] addr=536870912 size=18432
cycle 2619442: PC=0x0020 OPCODE=0x1d [WAIT DMA] still busy, stall
cycle 2642481: PC=0x0020 OPCODE=0x1d [WAIT DMA] done, continue
cycle 2642482: PC=0x0021 OPCODE=0x22 [MULI] REG[9] = REG[3] * 2048 -> 10092544
cycle 2642483: PC=0x0022 OPCODE=0x24 [ADD] REG[9] = REG[9] + REG[2] -> 10099936
cycle 2642484: PC=0x0023 OPCODE=0x04 [DMA READ] addr=278535392 size=8192
cycle 2642485: PC=0x0024 OPCODE=0x1d [WAIT DMA] still busy, stall
cycle 2652724: PC=0x0024 OPCODE=0x1d [WAIT DMA] done, continue
cycle 2652725: PC=0x0025 OPCODE=0x18 [CPT_TAGXY] type=1 tag=(0,0)
cycle 2652726: PC=0x0026 OPCODE=0x22 [MULI] REG[10] = REG[4] * 128 -> 193536
cycle 2652727: PC=0x0027 OPCODE=0x24 [ADD] REG[10] = REG[10] + REG[5] -> 196320
cycle 2652728: PC=0x0028 OPCODE=0x08 [G2P] addr=200416 tag=(0,0) size=576
cycle 2652729: PC=0x0029 OPCODE=0x1d [WAIT GLB] still busy, stall
cycle 2653016: PC=0x0029 OPCODE=0x1d [WAIT GLB] done, continue
cycle 2653017: PC=0x002a OPCODE=0x18 [CPT_TAGXY] type=2 tag=(0,0)
cycle 2653018: PC=0x002b OPCODE=0x22 [MULI] REG[11] = REG[3] * 128 -> 630784
cycle 2653019: PC=0x002c OPCODE=0x22 [MULI] REG[12] = REG[6] * 128 -> 19200
cycle 2653020: PC=0x002d OPCODE=0x24 [ADD] REG[11] = REG[11] + REG[5] -> 633568
cycle 2653021: PC=0x002e OPCODE=0x24 [ADD] REG[11] = REG[11] + REG[12] -> 652768
cycle 2653022: PC=0x002f OPCODE=0x08 [G2P] addr=660960 tag=(0,0) size=32
cycle 2653023: PC=0x0030 OPCODE=0x1d [WAIT GLB] still busy, stall
cycle 2653038: PC=0x0030 OPCODE=0x1d [WAIT GLB] done, continue
cycle 2653039: PC=0x0031 OPCODE=0x18 [CPT_TAGXY] type=0 tag=(0,0)
cycle 2653040: PC=0x0032 OPCODE=0x22 [MULI] REG[13] = REG[6] * 36 -> 5400
cycle 2653041: PC=0x0033 OPCODE=0x08 [G2P] addr=5400 tag=(0,0) size=144
cycle 2653042: PC=0x0034 OPCODE=0x1d [WAIT GLB] still busy, stall
cycle 2653113: PC=0x0034 OPCODE=0x1d [WAIT GLB] done, continue
cycle 2653114: PC=0x0035 OPCODE=0x1c [COMPUTE] valid_e=0
cycle 2653115: PC=0x0036 OPCODE=0x1d [WAIT PE_ARRAY]
cycle 2653116: PC=0x0037 OPCODE=0x18 [CPT_TAGXY] type=3 tag=(0,0)
cycle 2653117: PC=0x0038 OPCODE=0x09 [P2G] addr=660960 tag=(0,0) size=32
cycle 2653118: PC=0x0039 OPCODE=0x1f [LOOP] REG[6]<=64 ? target=42 : PC+1, after += 1 -> REG=151, nextPC=58
cycle 2653119: PC=0x003a OPCODE=0x1f [LOOP] REG[5]<=128 ? target=37 : PC+1, after += 32 -> REG=2816, nextPC=59
cycle 2653120: PC=0x003b OPCODE=0x1f [LOOP] REG[4]<=144 ? target=37 : PC+1, after += 18 -> REG=1530, nextPC=60
cycle 2653121: PC=0x003c OPCODE=0x1f [LOOP] REG[3]<=64 ? target=33 : PC+1, after += 64 -> REG=4992, nextPC=61
cycle 2653122: PC=0x003d OPCODE=0x1f [LOOP] REG[2]<=8192 ? target=29 : PC+1, after += 96 -> REG=7488, nextPC=29
cycle 2653123: PC=0x001d OPCODE=0x22 [MULI] REG[8] = REG[8] * 256 -> 0
cycle 2653124: PC=0x001e OPCODE=0x24 [ADD] REG[8] = REG[8] + REG[1] -> 0
cycle 2653125: PC=0x001f OPCODE=0x05 [DMA READ] addr=536870912 size=18432
cycle 2653126: PC=0x0020 OPCODE=0x1d [WAIT DMA] still busy, stall
cycle 2676165: PC=0x0020 OPCODE=0x1d [WAIT DMA] done, continue
cycle 2676166: PC=0x0021 OPCODE=0x22 [MULI] REG[9] = REG[3] * 2048 -> 10223616
cycle 2676167: PC=0x0022 OPCODE=0x24 [ADD] REG[9] = REG[9] + REG[2] -> 10231104
cycle 2676168: PC=0x0023 OPCODE=0x04 [DMA READ] addr=278666560 size=8192
cycle 2676169: PC=0x0024 OPCODE=0x1d [WAIT DMA] still busy, stall
cycle 2686408: PC=0x0024 OPCODE=0x1d [WAIT DMA] done, continue
cycle 2686409: PC=0x0025 OPCODE=0x18 [CPT_TAGXY] type=1 tag=(0,0)
cycle 2686410: PC=0x0026 OPCODE=0x22 [MULI] REG[10] = REG[4] * 128 -> 195840
cycle 2686411: PC=0x0027 OPCODE=0x24 [ADD] REG[10] = REG[10] + REG[5] -> 198656
cycle 2686412: PC=0x0028 OPCODE=0x08 [G2P] addr=202752 tag=(0,0) size=576
cycle 2686413: PC=0x0029 OPCODE=0x1d [WAIT GLB] still busy, stall
cycle 2686700: PC=0x0029 OPCODE=0x1d [WAIT GLB] done, continue
cycle 2686701: PC=0x002a OPCODE=0x18 [CPT_TAGXY] type=2 tag=(0,0)
cycle 2686702: PC=0x002b OPCODE=0x22 [MULI] REG[11] = REG[3] * 128 -> 638976
cycle 2686703: PC=0x002c OPCODE=0x22 [MULI] REG[12] = REG[6] * 128 -> 19328
cycle 2686704: PC=0x002d OPCODE=0x24 [ADD] REG[11] = REG[11] + REG[5] -> 641792
cycle 2686705: PC=0x002e OPCODE=0x24 [ADD] REG[11] = REG[11] + REG[12] -> 661120
cycle 2686706: PC=0x002f OPCODE=0x08 [G2P] addr=669312 tag=(0,0) size=32
cycle 2686707: PC=0x0030 OPCODE=0x1d [WAIT GLB] still busy, stall
cycle 2686722: PC=0x0030 OPCODE=0x1d [WAIT GLB] done, continue
cycle 2686723: PC=0x0031 OPCODE=0x18 [CPT_TAGXY] type=0 tag=(0,0)
cycle 2686724: PC=0x0032 OPCODE=0x22 [MULI] REG[13] = REG[6] * 36 -> 5436
cycle 2686725: PC=0x0033 OPCODE=0x08 [G2P] addr=5436 tag=(0,0) size=144
cycle 2686726: PC=0x0034 OPCODE=0x1d [WAIT GLB] still busy, stall
cycle 2686797: PC=0x0034 OPCODE=0x1d [WAIT GLB] done, continue
cycle 2686798: PC=0x0035 OPCODE=0x1c [COMPUTE] valid_e=0
cycle 2686799: PC=0x0036 OPCODE=0x1d [WAIT PE_ARRAY]
cycle 2686800: PC=0x0037 OPCODE=0x18 [CPT_TAGXY] type=3 tag=(0,0)
cycle 2686801: PC=0x0038 OPCODE=0x09 [P2G] addr=669312 tag=(0,0) size=32
cycle 2686802: PC=0x0039 OPCODE=0x1f [LOOP] REG[6]<=64 ? target=42 : PC+1, after += 1 -> REG=152, nextPC=58
cycle 2686803: PC=0x003a OPCODE=0x1f [LOOP] REG[5]<=128 ? target=37 : PC+1, after += 32 -> REG=2848, nextPC=59
cycle 2686804: PC=0x003b OPCODE=0x1f [LOOP] REG[4]<=144 ? target=37 : PC+1, after += 18 -> REG=1548, nextPC=60
cycle 2686805: PC=0x003c OPCODE=0x1f [LOOP] REG[3]<=64 ? target=33 : PC+1, after += 64 -> REG=5056, nextPC=61
cycle 2686806: PC=0x003d OPCODE=0x1f [LOOP] REG[2]<=8192 ? target=29 : PC+1, after += 96 -> REG=7584, nextPC=29
cycle 2686807: PC=0x001d OPCODE=0x22 [MULI] REG[8] = REG[8] * 256 -> 0
cycle 2686808: PC=0x001e OPCODE=0x24 [ADD] REG[8] = REG[8] + REG[1] -> 0
cycle 2686809: PC=0x001f OPCODE=0x05 [DMA READ] addr=536870912 size=18432
cycle 2686810: PC=0x0020 OPCODE=0x1d [WAIT DMA] still busy, stall
cycle 2709849: PC=0x0020 OPCODE=0x1d [WAIT DMA] done, continue
cycle 2709850: PC=0x0021 OPCODE=0x22 [MULI] REG[9] = REG[3] * 2048 -> 10354688
cycle 2709851: PC=0x0022 OPCODE=0x24 [ADD] REG[9] = REG[9] + REG[2] -> 10362272
cycle 2709852: PC=0x0023 OPCODE=0x04 [DMA READ] addr=278797728 size=8192
cycle 2709853: PC=0x0024 OPCODE=0x1d [WAIT DMA] still busy, stall
cycle 2720092: PC=0x0024 OPCODE=0x1d [WAIT DMA] done, continue
cycle 2720093: PC=0x0025 OPCODE=0x18 [CPT_TAGXY] type=1 tag=(0,0)
cycle 2720094: PC=0x0026 OPCODE=0x22 [MULI] REG[10] = REG[4] * 128 -> 198144
cycle 2720095: PC=0x0027 OPCODE=0x24 [ADD] REG[10] = REG[10] + REG[5] -> 200992
cycle 2720096: PC=0x0028 OPCODE=0x08 [G2P] addr=205088 tag=(0,0) size=576
cycle 2720097: PC=0x0029 OPCODE=0x1d [WAIT GLB] still busy, stall
cycle 2720384: PC=0x0029 OPCODE=0x1d [WAIT GLB] done, continue
cycle 2720385: PC=0x002a OPCODE=0x18 [CPT_TAGXY] type=2 tag=(0,0)
cycle 2720386: PC=0x002b OPCODE=0x22 [MULI] REG[11] = REG[3] * 128 -> 647168
cycle 2720387: PC=0x002c OPCODE=0x22 [MULI] REG[12] = REG[6] * 128 -> 19456
cycle 2720388: PC=0x002d OPCODE=0x24 [ADD] REG[11] = REG[11] + REG[5] -> 650016
cycle 2720389: PC=0x002e OPCODE=0x24 [ADD] REG[11] = REG[11] + REG[12] -> 669472
cycle 2720390: PC=0x002f OPCODE=0x08 [G2P] addr=677664 tag=(0,0) size=32
cycle 2720391: PC=0x0030 OPCODE=0x1d [WAIT GLB] still busy, stall
cycle 2720406: PC=0x0030 OPCODE=0x1d [WAIT GLB] done, continue
cycle 2720407: PC=0x0031 OPCODE=0x18 [CPT_TAGXY] type=0 tag=(0,0)
cycle 2720408: PC=0x0032 OPCODE=0x22 [MULI] REG[13] = REG[6] * 36 -> 5472
cycle 2720409: PC=0x0033 OPCODE=0x08 [G2P] addr=5472 tag=(0,0) size=144
cycle 2720410: PC=0x0034 OPCODE=0x1d [WAIT GLB] still busy, stall
cycle 2720481: PC=0x0034 OPCODE=0x1d [WAIT GLB] done, continue
cycle 2720482: PC=0x0035 OPCODE=0x1c [COMPUTE] valid_e=0
cycle 2720483: PC=0x0036 OPCODE=0x1d [WAIT PE_ARRAY]
cycle 2720484: PC=0x0037 OPCODE=0x18 [CPT_TAGXY] type=3 tag=(0,0)
cycle 2720485: PC=0x0038 OPCODE=0x09 [P2G] addr=677664 tag=(0,0) size=32
cycle 2720486: PC=0x0039 OPCODE=0x1f [LOOP] REG[6]<=64 ? target=42 : PC+1, after += 1 -> REG=153, nextPC=58
cycle 2720487: PC=0x003a OPCODE=0x1f [LOOP] REG[5]<=128 ? target=37 : PC+1, after += 32 -> REG=2880, nextPC=59
cycle 2720488: PC=0x003b OPCODE=0x1f [LOOP] REG[4]<=144 ? target=37 : PC+1, after += 18 -> REG=1566, nextPC=60
cycle 2720489: PC=0x003c OPCODE=0x1f [LOOP] REG[3]<=64 ? target=33 : PC+1, after += 64 -> REG=5120, nextPC=61
cycle 2720490: PC=0x003d OPCODE=0x1f [LOOP] REG[2]<=8192 ? target=29 : PC+1, after += 96 -> REG=7680, nextPC=29
cycle 2720491: PC=0x001d OPCODE=0x22 [MULI] REG[8] = REG[8] * 256 -> 0
cycle 2720492: PC=0x001e OPCODE=0x24 [ADD] REG[8] = REG[8] + REG[1] -> 0
cycle 2720493: PC=0x001f OPCODE=0x05 [DMA READ] addr=536870912 size=18432
cycle 2720494: PC=0x0020 OPCODE=0x1d [WAIT DMA] still busy, stall
cycle 2743533: PC=0x0020 OPCODE=0x1d [WAIT DMA] done, continue
cycle 2743534: PC=0x0021 OPCODE=0x22 [MULI] REG[9] = REG[3] * 2048 -> 10485760
cycle 2743535: PC=0x0022 OPCODE=0x24 [ADD] REG[9] = REG[9] + REG[2] -> 10493440
cycle 2743536: PC=0x0023 OPCODE=0x04 [DMA READ] addr=278928896 size=8192
cycle 2743537: PC=0x0024 OPCODE=0x1d [WAIT DMA] still busy, stall
cycle 2753776: PC=0x0024 OPCODE=0x1d [WAIT DMA] done, continue
cycle 2753777: PC=0x0025 OPCODE=0x18 [CPT_TAGXY] type=1 tag=(0,0)
cycle 2753778: PC=0x0026 OPCODE=0x22 [MULI] REG[10] = REG[4] * 128 -> 200448
cycle 2753779: PC=0x0027 OPCODE=0x24 [ADD] REG[10] = REG[10] + REG[5] -> 203328
cycle 2753780: PC=0x0028 OPCODE=0x08 [G2P] addr=207424 tag=(0,0) size=576
cycle 2753781: PC=0x0029 OPCODE=0x1d [WAIT GLB] still busy, stall
cycle 2754068: PC=0x0029 OPCODE=0x1d [WAIT GLB] done, continue
cycle 2754069: PC=0x002a OPCODE=0x18 [CPT_TAGXY] type=2 tag=(0,0)
cycle 2754070: PC=0x002b OPCODE=0x22 [MULI] REG[11] = REG[3] * 128 -> 655360
cycle 2754071: PC=0x002c OPCODE=0x22 [MULI] REG[12] = REG[6] * 128 -> 19584
cycle 2754072: PC=0x002d OPCODE=0x24 [ADD] REG[11] = REG[11] + REG[5] -> 658240
cycle 2754073: PC=0x002e OPCODE=0x24 [ADD] REG[11] = REG[11] + REG[12] -> 677824
cycle 2754074: PC=0x002f OPCODE=0x08 [G2P] addr=686016 tag=(0,0) size=32
cycle 2754075: PC=0x0030 OPCODE=0x1d [WAIT GLB] still busy, stall
cycle 2754090: PC=0x0030 OPCODE=0x1d [WAIT GLB] done, continue
cycle 2754091: PC=0x0031 OPCODE=0x18 [CPT_TAGXY] type=0 tag=(0,0)
cycle 2754092: PC=0x0032 OPCODE=0x22 [MULI] REG[13] = REG[6] * 36 -> 5508
cycle 2754093: PC=0x0033 OPCODE=0x08 [G2P] addr=5508 tag=(0,0) size=144
cycle 2754094: PC=0x0034 OPCODE=0x1d [WAIT GLB] still busy, stall
cycle 2754165: PC=0x0034 OPCODE=0x1d [WAIT GLB] done, continue
cycle 2754166: PC=0x0035 OPCODE=0x1c [COMPUTE] valid_e=0
cycle 2754167: PC=0x0036 OPCODE=0x1d [WAIT PE_ARRAY]
cycle 2754168: PC=0x0037 OPCODE=0x18 [CPT_TAGXY] type=3 tag=(0,0)
cycle 2754169: PC=0x0038 OPCODE=0x09 [P2G] addr=686016 tag=(0,0) size=32
cycle 2754170: PC=0x0039 OPCODE=0x1f [LOOP] REG[6]<=64 ? target=42 : PC+1, after += 1 -> REG=154, nextPC=58
cycle 2754171: PC=0x003a OPCODE=0x1f [LOOP] REG[5]<=128 ? target=37 : PC+1, after += 32 -> REG=2912, nextPC=59
cycle 2754172: PC=0x003b OPCODE=0x1f [LOOP] REG[4]<=144 ? target=37 : PC+1, after += 18 -> REG=1584, nextPC=60
cycle 2754173: PC=0x003c OPCODE=0x1f [LOOP] REG[3]<=64 ? target=33 : PC+1, after += 64 -> REG=5184, nextPC=61
cycle 2754174: PC=0x003d OPCODE=0x1f [LOOP] REG[2]<=8192 ? target=29 : PC+1, after += 96 -> REG=7776, nextPC=29
cycle 2754175: PC=0x001d OPCODE=0x22 [MULI] REG[8] = REG[8] * 256 -> 0
cycle 2754176: PC=0x001e OPCODE=0x24 [ADD] REG[8] = REG[8] + REG[1] -> 0
cycle 2754177: PC=0x001f OPCODE=0x05 [DMA READ] addr=536870912 size=18432
cycle 2754178: PC=0x0020 OPCODE=0x1d [WAIT DMA] still busy, stall
cycle 2777217: PC=0x0020 OPCODE=0x1d [WAIT DMA] done, continue
cycle 2777218: PC=0x0021 OPCODE=0x22 [MULI] REG[9] = REG[3] * 2048 -> 10616832
cycle 2777219: PC=0x0022 OPCODE=0x24 [ADD] REG[9] = REG[9] + REG[2] -> 10624608
cycle 2777220: PC=0x0023 OPCODE=0x04 [DMA READ] addr=279060064 size=8192
cycle 2777221: PC=0x0024 OPCODE=0x1d [WAIT DMA] still busy, stall
cycle 2787460: PC=0x0024 OPCODE=0x1d [WAIT DMA] done, continue
cycle 2787461: PC=0x0025 OPCODE=0x18 [CPT_TAGXY] type=1 tag=(0,0)
cycle 2787462: PC=0x0026 OPCODE=0x22 [MULI] REG[10] = REG[4] * 128 -> 202752
cycle 2787463: PC=0x0027 OPCODE=0x24 [ADD] REG[10] = REG[10] + REG[5] -> 205664
cycle 2787464: PC=0x0028 OPCODE=0x08 [G2P] addr=209760 tag=(0,0) size=576
cycle 2787465: PC=0x0029 OPCODE=0x1d [WAIT GLB] still busy, stall
cycle 2787752: PC=0x0029 OPCODE=0x1d [WAIT GLB] done, continue
cycle 2787753: PC=0x002a OPCODE=0x18 [CPT_TAGXY] type=2 tag=(0,0)
cycle 2787754: PC=0x002b OPCODE=0x22 [MULI] REG[11] = REG[3] * 128 -> 663552
cycle 2787755: PC=0x002c OPCODE=0x22 [MULI] REG[12] = REG[6] * 128 -> 19712
cycle 2787756: PC=0x002d OPCODE=0x24 [ADD] REG[11] = REG[11] + REG[5] -> 666464
cycle 2787757: PC=0x002e OPCODE=0x24 [ADD] REG[11] = REG[11] + REG[12] -> 686176
cycle 2787758: PC=0x002f OPCODE=0x08 [G2P] addr=694368 tag=(0,0) size=32
cycle 2787759: PC=0x0030 OPCODE=0x1d [WAIT GLB] still busy, stall
cycle 2787774: PC=0x0030 OPCODE=0x1d [WAIT GLB] done, continue
cycle 2787775: PC=0x0031 OPCODE=0x18 [CPT_TAGXY] type=0 tag=(0,0)
cycle 2787776: PC=0x0032 OPCODE=0x22 [MULI] REG[13] = REG[6] * 36 -> 5544
cycle 2787777: PC=0x0033 OPCODE=0x08 [G2P] addr=5544 tag=(0,0) size=144
cycle 2787778: PC=0x0034 OPCODE=0x1d [WAIT GLB] still busy, stall
cycle 2787849: PC=0x0034 OPCODE=0x1d [WAIT GLB] done, continue
cycle 2787850: PC=0x0035 OPCODE=0x1c [COMPUTE] valid_e=0
cycle 2787851: PC=0x0036 OPCODE=0x1d [WAIT PE_ARRAY]
cycle 2787852: PC=0x0037 OPCODE=0x18 [CPT_TAGXY] type=3 tag=(0,0)
cycle 2787853: PC=0x0038 OPCODE=0x09 [P2G] addr=694368 tag=(0,0) size=32
cycle 2787854: PC=0x0039 OPCODE=0x1f [LOOP] REG[6]<=64 ? target=42 : PC+1, after += 1 -> REG=155, nextPC=58
cycle 2787855: PC=0x003a OPCODE=0x1f [LOOP] REG[5]<=128 ? target=37 : PC+1, after += 32 -> REG=2944, nextPC=59
cycle 2787856: PC=0x003b OPCODE=0x1f [LOOP] REG[4]<=144 ? target=37 : PC+1, after += 18 -> REG=1602, nextPC=60
cycle 2787857: PC=0x003c OPCODE=0x1f [LOOP] REG[3]<=64 ? target=33 : PC+1, after += 64 -> REG=5248, nextPC=61
cycle 2787858: PC=0x003d OPCODE=0x1f [LOOP] REG[2]<=8192 ? target=29 : PC+1, after += 96 -> REG=7872, nextPC=29
cycle 2787859: PC=0x001d OPCODE=0x22 [MULI] REG[8] = REG[8] * 256 -> 0
cycle 2787860: PC=0x001e OPCODE=0x24 [ADD] REG[8] = REG[8] + REG[1] -> 0
cycle 2787861: PC=0x001f OPCODE=0x05 [DMA READ] addr=536870912 size=18432
cycle 2787862: PC=0x0020 OPCODE=0x1d [WAIT DMA] still busy, stall
cycle 2810901: PC=0x0020 OPCODE=0x1d [WAIT DMA] done, continue
cycle 2810902: PC=0x0021 OPCODE=0x22 [MULI] REG[9] = REG[3] * 2048 -> 10747904
cycle 2810903: PC=0x0022 OPCODE=0x24 [ADD] REG[9] = REG[9] + REG[2] -> 10755776
cycle 2810904: PC=0x0023 OPCODE=0x04 [DMA READ] addr=279191232 size=8192
cycle 2810905: PC=0x0024 OPCODE=0x1d [WAIT DMA] still busy, stall
cycle 2821144: PC=0x0024 OPCODE=0x1d [WAIT DMA] done, continue
cycle 2821145: PC=0x0025 OPCODE=0x18 [CPT_TAGXY] type=1 tag=(0,0)
cycle 2821146: PC=0x0026 OPCODE=0x22 [MULI] REG[10] = REG[4] * 128 -> 205056
cycle 2821147: PC=0x0027 OPCODE=0x24 [ADD] REG[10] = REG[10] + REG[5] -> 208000
cycle 2821148: PC=0x0028 OPCODE=0x08 [G2P] addr=212096 tag=(0,0) size=576
cycle 2821149: PC=0x0029 OPCODE=0x1d [WAIT GLB] still busy, stall
cycle 2821436: PC=0x0029 OPCODE=0x1d [WAIT GLB] done, continue
cycle 2821437: PC=0x002a OPCODE=0x18 [CPT_TAGXY] type=2 tag=(0,0)
cycle 2821438: PC=0x002b OPCODE=0x22 [MULI] REG[11] = REG[3] * 128 -> 671744
cycle 2821439: PC=0x002c OPCODE=0x22 [MULI] REG[12] = REG[6] * 128 -> 19840
cycle 2821440: PC=0x002d OPCODE=0x24 [ADD] REG[11] = REG[11] + REG[5] -> 674688
cycle 2821441: PC=0x002e OPCODE=0x24 [ADD] REG[11] = REG[11] + REG[12] -> 694528
cycle 2821442: PC=0x002f OPCODE=0x08 [G2P] addr=702720 tag=(0,0) size=32
cycle 2821443: PC=0x0030 OPCODE=0x1d [WAIT GLB] still busy, stall
cycle 2821458: PC=0x0030 OPCODE=0x1d [WAIT GLB] done, continue
cycle 2821459: PC=0x0031 OPCODE=0x18 [CPT_TAGXY] type=0 tag=(0,0)
cycle 2821460: PC=0x0032 OPCODE=0x22 [MULI] REG[13] = REG[6] * 36 -> 5580
cycle 2821461: PC=0x0033 OPCODE=0x08 [G2P] addr=5580 tag=(0,0) size=144
cycle 2821462: PC=0x0034 OPCODE=0x1d [WAIT GLB] still busy, stall
cycle 2821533: PC=0x0034 OPCODE=0x1d [WAIT GLB] done, continue
cycle 2821534: PC=0x0035 OPCODE=0x1c [COMPUTE] valid_e=0
cycle 2821535: PC=0x0036 OPCODE=0x1d [WAIT PE_ARRAY]
cycle 2821536: PC=0x0037 OPCODE=0x18 [CPT_TAGXY] type=3 tag=(0,0)
cycle 2821537: PC=0x0038 OPCODE=0x09 [P2G] addr=702720 tag=(0,0) size=32
cycle 2821538: PC=0x0039 OPCODE=0x1f [LOOP] REG[6]<=64 ? target=42 : PC+1, after += 1 -> REG=156, nextPC=58
cycle 2821539: PC=0x003a OPCODE=0x1f [LOOP] REG[5]<=128 ? target=37 : PC+1, after += 32 -> REG=2976, nextPC=59
cycle 2821540: PC=0x003b OPCODE=0x1f [LOOP] REG[4]<=144 ? target=37 : PC+1, after += 18 -> REG=1620, nextPC=60
cycle 2821541: PC=0x003c OPCODE=0x1f [LOOP] REG[3]<=64 ? target=33 : PC+1, after += 64 -> REG=5312, nextPC=61
cycle 2821542: PC=0x003d OPCODE=0x1f [LOOP] REG[2]<=8192 ? target=29 : PC+1, after += 96 -> REG=7968, nextPC=29
cycle 2821543: PC=0x001d OPCODE=0x22 [MULI] REG[8] = REG[8] * 256 -> 0
cycle 2821544: PC=0x001e OPCODE=0x24 [ADD] REG[8] = REG[8] + REG[1] -> 0
cycle 2821545: PC=0x001f OPCODE=0x05 [DMA READ] addr=536870912 size=18432
cycle 2821546: PC=0x0020 OPCODE=0x1d [WAIT DMA] still busy, stall
cycle 2844585: PC=0x0020 OPCODE=0x1d [WAIT DMA] done, continue
cycle 2844586: PC=0x0021 OPCODE=0x22 [MULI] REG[9] = REG[3] * 2048 -> 10878976
cycle 2844587: PC=0x0022 OPCODE=0x24 [ADD] REG[9] = REG[9] + REG[2] -> 10886944
cycle 2844588: PC=0x0023 OPCODE=0x04 [DMA READ] addr=279322400 size=8192
cycle 2844589: PC=0x0024 OPCODE=0x1d [WAIT DMA] still busy, stall
cycle 2854828: PC=0x0024 OPCODE=0x1d [WAIT DMA] done, continue
cycle 2854829: PC=0x0025 OPCODE=0x18 [CPT_TAGXY] type=1 tag=(0,0)
cycle 2854830: PC=0x0026 OPCODE=0x22 [MULI] REG[10] = REG[4] * 128 -> 207360
cycle 2854831: PC=0x0027 OPCODE=0x24 [ADD] REG[10] = REG[10] + REG[5] -> 210336
cycle 2854832: PC=0x0028 OPCODE=0x08 [G2P] addr=214432 tag=(0,0) size=576
cycle 2854833: PC=0x0029 OPCODE=0x1d [WAIT GLB] still busy, stall
cycle 2855120: PC=0x0029 OPCODE=0x1d [WAIT GLB] done, continue
cycle 2855121: PC=0x002a OPCODE=0x18 [CPT_TAGXY] type=2 tag=(0,0)
cycle 2855122: PC=0x002b OPCODE=0x22 [MULI] REG[11] = REG[3] * 128 -> 679936
cycle 2855123: PC=0x002c OPCODE=0x22 [MULI] REG[12] = REG[6] * 128 -> 19968
cycle 2855124: PC=0x002d OPCODE=0x24 [ADD] REG[11] = REG[11] + REG[5] -> 682912
cycle 2855125: PC=0x002e OPCODE=0x24 [ADD] REG[11] = REG[11] + REG[12] -> 702880
cycle 2855126: PC=0x002f OPCODE=0x08 [G2P] addr=711072 tag=(0,0) size=32
cycle 2855127: PC=0x0030 OPCODE=0x1d [WAIT GLB] still busy, stall
cycle 2855142: PC=0x0030 OPCODE=0x1d [WAIT GLB] done, continue
cycle 2855143: PC=0x0031 OPCODE=0x18 [CPT_TAGXY] type=0 tag=(0,0)
cycle 2855144: PC=0x0032 OPCODE=0x22 [MULI] REG[13] = REG[6] * 36 -> 5616
cycle 2855145: PC=0x0033 OPCODE=0x08 [G2P] addr=5616 tag=(0,0) size=144
cycle 2855146: PC=0x0034 OPCODE=0x1d [WAIT GLB] still busy, stall
cycle 2855217: PC=0x0034 OPCODE=0x1d [WAIT GLB] done, continue
cycle 2855218: PC=0x0035 OPCODE=0x1c [COMPUTE] valid_e=0
cycle 2855219: PC=0x0036 OPCODE=0x1d [WAIT PE_ARRAY]
cycle 2855220: PC=0x0037 OPCODE=0x18 [CPT_TAGXY] type=3 tag=(0,0)
cycle 2855221: PC=0x0038 OPCODE=0x09 [P2G] addr=711072 tag=(0,0) size=32
cycle 2855222: PC=0x0039 OPCODE=0x1f [LOOP] REG[6]<=64 ? target=42 : PC+1, after += 1 -> REG=157, nextPC=58
cycle 2855223: PC=0x003a OPCODE=0x1f [LOOP] REG[5]<=128 ? target=37 : PC+1, after += 32 -> REG=3008, nextPC=59
cycle 2855224: PC=0x003b OPCODE=0x1f [LOOP] REG[4]<=144 ? target=37 : PC+1, after += 18 -> REG=1638, nextPC=60
cycle 2855225: PC=0x003c OPCODE=0x1f [LOOP] REG[3]<=64 ? target=33 : PC+1, after += 64 -> REG=5376, nextPC=61
cycle 2855226: PC=0x003d OPCODE=0x1f [LOOP] REG[2]<=8192 ? target=29 : PC+1, after += 96 -> REG=8064, nextPC=29
cycle 2855227: PC=0x001d OPCODE=0x22 [MULI] REG[8] = REG[8] * 256 -> 0
cycle 2855228: PC=0x001e OPCODE=0x24 [ADD] REG[8] = REG[8] + REG[1] -> 0
cycle 2855229: PC=0x001f OPCODE=0x05 [DMA READ] addr=536870912 size=18432
cycle 2855230: PC=0x0020 OPCODE=0x1d [WAIT DMA] still busy, stall
cycle 2878269: PC=0x0020 OPCODE=0x1d [WAIT DMA] done, continue
cycle 2878270: PC=0x0021 OPCODE=0x22 [MULI] REG[9] = REG[3] * 2048 -> 11010048
cycle 2878271: PC=0x0022 OPCODE=0x24 [ADD] REG[9] = REG[9] + REG[2] -> 11018112
cycle 2878272: PC=0x0023 OPCODE=0x04 [DMA READ] addr=279453568 size=8192
cycle 2878273: PC=0x0024 OPCODE=0x1d [WAIT DMA] still busy, stall
cycle 2888512: PC=0x0024 OPCODE=0x1d [WAIT DMA] done, continue
cycle 2888513: PC=0x0025 OPCODE=0x18 [CPT_TAGXY] type=1 tag=(0,0)
cycle 2888514: PC=0x0026 OPCODE=0x22 [MULI] REG[10] = REG[4] * 128 -> 209664
cycle 2888515: PC=0x0027 OPCODE=0x24 [ADD] REG[10] = REG[10] + REG[5] -> 212672
cycle 2888516: PC=0x0028 OPCODE=0x08 [G2P] addr=216768 tag=(0,0) size=576
cycle 2888517: PC=0x0029 OPCODE=0x1d [WAIT GLB] still busy, stall
cycle 2888804: PC=0x0029 OPCODE=0x1d [WAIT GLB] done, continue
cycle 2888805: PC=0x002a OPCODE=0x18 [CPT_TAGXY] type=2 tag=(0,0)
cycle 2888806: PC=0x002b OPCODE=0x22 [MULI] REG[11] = REG[3] * 128 -> 688128
cycle 2888807: PC=0x002c OPCODE=0x22 [MULI] REG[12] = REG[6] * 128 -> 20096
cycle 2888808: PC=0x002d OPCODE=0x24 [ADD] REG[11] = REG[11] + REG[5] -> 691136
cycle 2888809: PC=0x002e OPCODE=0x24 [ADD] REG[11] = REG[11] + REG[12] -> 711232
cycle 2888810: PC=0x002f OPCODE=0x08 [G2P] addr=719424 tag=(0,0) size=32
cycle 2888811: PC=0x0030 OPCODE=0x1d [WAIT GLB] still busy, stall
cycle 2888826: PC=0x0030 OPCODE=0x1d [WAIT GLB] done, continue
cycle 2888827: PC=0x0031 OPCODE=0x18 [CPT_TAGXY] type=0 tag=(0,0)
cycle 2888828: PC=0x0032 OPCODE=0x22 [MULI] REG[13] = REG[6] * 36 -> 5652
cycle 2888829: PC=0x0033 OPCODE=0x08 [G2P] addr=5652 tag=(0,0) size=144
cycle 2888830: PC=0x0034 OPCODE=0x1d [WAIT GLB] still busy, stall
cycle 2888901: PC=0x0034 OPCODE=0x1d [WAIT GLB] done, continue
cycle 2888902: PC=0x0035 OPCODE=0x1c [COMPUTE] valid_e=0
cycle 2888903: PC=0x0036 OPCODE=0x1d [WAIT PE_ARRAY]
cycle 2888904: PC=0x0037 OPCODE=0x18 [CPT_TAGXY] type=3 tag=(0,0)
cycle 2888905: PC=0x0038 OPCODE=0x09 [P2G] addr=719424 tag=(0,0) size=32
cycle 2888906: PC=0x0039 OPCODE=0x1f [LOOP] REG[6]<=64 ? target=42 : PC+1, after += 1 -> REG=158, nextPC=58
cycle 2888907: PC=0x003a OPCODE=0x1f [LOOP] REG[5]<=128 ? target=37 : PC+1, after += 32 -> REG=3040, nextPC=59
cycle 2888908: PC=0x003b OPCODE=0x1f [LOOP] REG[4]<=144 ? target=37 : PC+1, after += 18 -> REG=1656, nextPC=60
cycle 2888909: PC=0x003c OPCODE=0x1f [LOOP] REG[3]<=64 ? target=33 : PC+1, after += 64 -> REG=5440, nextPC=61
cycle 2888910: PC=0x003d OPCODE=0x1f [LOOP] REG[2]<=8192 ? target=29 : PC+1, after += 96 -> REG=8160, nextPC=29
cycle 2888911: PC=0x001d OPCODE=0x22 [MULI] REG[8] = REG[8] * 256 -> 0
cycle 2888912: PC=0x001e OPCODE=0x24 [ADD] REG[8] = REG[8] + REG[1] -> 0
cycle 2888913: PC=0x001f OPCODE=0x05 [DMA READ] addr=536870912 size=18432
cycle 2888914: PC=0x0020 OPCODE=0x1d [WAIT DMA] still busy, stall
cycle 2911953: PC=0x0020 OPCODE=0x1d [WAIT DMA] done, continue
cycle 2911954: PC=0x0021 OPCODE=0x22 [MULI] REG[9] = REG[3] * 2048 -> 11141120
cycle 2911955: PC=0x0022 OPCODE=0x24 [ADD] REG[9] = REG[9] + REG[2] -> 11149280
cycle 2911956: PC=0x0023 OPCODE=0x04 [DMA READ] addr=279584736 size=8192
cycle 2911957: PC=0x0024 OPCODE=0x1d [WAIT DMA] still busy, stall
cycle 2922196: PC=0x0024 OPCODE=0x1d [WAIT DMA] done, continue
cycle 2922197: PC=0x0025 OPCODE=0x18 [CPT_TAGXY] type=1 tag=(0,0)
cycle 2922198: PC=0x0026 OPCODE=0x22 [MULI] REG[10] = REG[4] * 128 -> 211968
cycle 2922199: PC=0x0027 OPCODE=0x24 [ADD] REG[10] = REG[10] + REG[5] -> 215008
cycle 2922200: PC=0x0028 OPCODE=0x08 [G2P] addr=219104 tag=(0,0) size=576
cycle 2922201: PC=0x0029 OPCODE=0x1d [WAIT GLB] still busy, stall
cycle 2922488: PC=0x0029 OPCODE=0x1d [WAIT GLB] done, continue
cycle 2922489: PC=0x002a OPCODE=0x18 [CPT_TAGXY] type=2 tag=(0,0)
cycle 2922490: PC=0x002b OPCODE=0x22 [MULI] REG[11] = REG[3] * 128 -> 696320
cycle 2922491: PC=0x002c OPCODE=0x22 [MULI] REG[12] = REG[6] * 128 -> 20224
cycle 2922492: PC=0x002d OPCODE=0x24 [ADD] REG[11] = REG[11] + REG[5] -> 699360
cycle 2922493: PC=0x002e OPCODE=0x24 [ADD] REG[11] = REG[11] + REG[12] -> 719584
cycle 2922494: PC=0x002f OPCODE=0x08 [G2P] addr=727776 tag=(0,0) size=32
cycle 2922495: PC=0x0030 OPCODE=0x1d [WAIT GLB] still busy, stall
cycle 2922510: PC=0x0030 OPCODE=0x1d [WAIT GLB] done, continue
cycle 2922511: PC=0x0031 OPCODE=0x18 [CPT_TAGXY] type=0 tag=(0,0)
cycle 2922512: PC=0x0032 OPCODE=0x22 [MULI] REG[13] = REG[6] * 36 -> 5688
cycle 2922513: PC=0x0033 OPCODE=0x08 [G2P] addr=5688 tag=(0,0) size=144
cycle 2922514: PC=0x0034 OPCODE=0x1d [WAIT GLB] still busy, stall
cycle 2922585: PC=0x0034 OPCODE=0x1d [WAIT GLB] done, continue
cycle 2922586: PC=0x0035 OPCODE=0x1c [COMPUTE] valid_e=0
cycle 2922587: PC=0x0036 OPCODE=0x1d [WAIT PE_ARRAY]
cycle 2922588: PC=0x0037 OPCODE=0x18 [CPT_TAGXY] type=3 tag=(0,0)
cycle 2922589: PC=0x0038 OPCODE=0x09 [P2G] addr=727776 tag=(0,0) size=32
cycle 2922590: PC=0x0039 OPCODE=0x1f [LOOP] REG[6]<=64 ? target=42 : PC+1, after += 1 -> REG=159, nextPC=58
cycle 2922591: PC=0x003a OPCODE=0x1f [LOOP] REG[5]<=128 ? target=37 : PC+1, after += 32 -> REG=3072, nextPC=59
cycle 2922592: PC=0x003b OPCODE=0x1f [LOOP] REG[4]<=144 ? target=37 : PC+1, after += 18 -> REG=1674, nextPC=60
cycle 2922593: PC=0x003c OPCODE=0x1f [LOOP] REG[3]<=64 ? target=33 : PC+1, after += 64 -> REG=5504, nextPC=61
cycle 2922594: PC=0x003d OPCODE=0x1f [LOOP] REG[2]<=8192 ? target=29 : PC+1, after += 96 -> REG=8256, nextPC=62
cycle 2922595: PC=0x003e OPCODE=0x18 [CPT_TAGXY] type=3 tag=(0,0)
cycle 2922596: PC=0x003f OPCODE=0x07 [DMA WRITE] addr=805306368 size=12288
cycle 2922597: PC=0x0040 OPCODE=0x1d [WAIT DMA] still busy, stall
cycle 2937956: PC=0x0040 OPCODE=0x1d [WAIT DMA] done, continue
cycle 2937957: PC=0x0041 OPCODE=0x1f [LOOP] REG[1]<=256 ? target=27 : PC+1, after += 48 -> REG=48, nextPC=27
cycle 2937958: PC=0x001b OPCODE=0x06 [DMA READ] addr=805306416 size=12288
cycle 2937959: PC=0x001c OPCODE=0x1d [WAIT DMA] still busy, stall
cycle 2953318: PC=0x001c OPCODE=0x1d [WAIT DMA] done, continue
cycle 2953319: PC=0x001d OPCODE=0x22 [MULI] REG[8] = REG[8] * 256 -> 0
cycle 2953320: PC=0x001e OPCODE=0x24 [ADD] REG[8] = REG[8] + REG[1] -> 48
cycle 2953321: PC=0x001f OPCODE=0x05 [DMA READ] addr=536870960 size=18432
cycle 2953322: PC=0x0020 OPCODE=0x1d [WAIT DMA] still busy, stall
cycle 2976361: PC=0x0020 OPCODE=0x1d [WAIT DMA] done, continue
cycle 2976362: PC=0x0021 OPCODE=0x22 [MULI] REG[9] = REG[3] * 2048 -> 11272192
cycle 2976363: PC=0x0022 OPCODE=0x24 [ADD] REG[9] = REG[9] + REG[2] -> 11280448
cycle 2976364: PC=0x0023 OPCODE=0x04 [DMA READ] addr=279715904 size=8192
cycle 2976365: PC=0x0024 OPCODE=0x1d [WAIT DMA] still busy, stall
cycle 2986604: PC=0x0024 OPCODE=0x1d [WAIT DMA] done, continue
cycle 2986605: PC=0x0025 OPCODE=0x18 [CPT_TAGXY] type=1 tag=(0,0)
cycle 2986606: PC=0x0026 OPCODE=0x22 [MULI] REG[10] = REG[4] * 128 -> 214272
cycle 2986607: PC=0x0027 OPCODE=0x24 [ADD] REG[10] = REG[10] + REG[5] -> 217344
cycle 2986608: PC=0x0028 OPCODE=0x08 [G2P] addr=221440 tag=(0,0) size=576
cycle 2986609: PC=0x0029 OPCODE=0x1d [WAIT GLB] still busy, stall
cycle 2986896: PC=0x0029 OPCODE=0x1d [WAIT GLB] done, continue
cycle 2986897: PC=0x002a OPCODE=0x18 [CPT_TAGXY] type=2 tag=(0,0)
cycle 2986898: PC=0x002b OPCODE=0x22 [MULI] REG[11] = REG[3] * 128 -> 704512
cycle 2986899: PC=0x002c OPCODE=0x22 [MULI] REG[12] = REG[6] * 128 -> 20352
cycle 2986900: PC=0x002d OPCODE=0x24 [ADD] REG[11] = REG[11] + REG[5] -> 707584
cycle 2986901: PC=0x002e OPCODE=0x24 [ADD] REG[11] = REG[11] + REG[12] -> 727936
cycle 2986902: PC=0x002f OPCODE=0x08 [G2P] addr=736128 tag=(0,0) size=32
cycle 2986903: PC=0x0030 OPCODE=0x1d [WAIT GLB] still busy, stall
cycle 2986918: PC=0x0030 OPCODE=0x1d [WAIT GLB] done, continue
cycle 2986919: PC=0x0031 OPCODE=0x18 [CPT_TAGXY] type=0 tag=(0,0)
cycle 2986920: PC=0x0032 OPCODE=0x22 [MULI] REG[13] = REG[6] * 36 -> 5724
cycle 2986921: PC=0x0033 OPCODE=0x08 [G2P] addr=5724 tag=(0,0) size=144
cycle 2986922: PC=0x0034 OPCODE=0x1d [WAIT GLB] still busy, stall
cycle 2986993: PC=0x0034 OPCODE=0x1d [WAIT GLB] done, continue
cycle 2986994: PC=0x0035 OPCODE=0x1c [COMPUTE] valid_e=0
cycle 2986995: PC=0x0036 OPCODE=0x1d [WAIT PE_ARRAY]
cycle 2986996: PC=0x0037 OPCODE=0x18 [CPT_TAGXY] type=3 tag=(0,0)
cycle 2986997: PC=0x0038 OPCODE=0x09 [P2G] addr=736128 tag=(0,0) size=32
cycle 2986998: PC=0x0039 OPCODE=0x1f [LOOP] REG[6]<=64 ? target=42 : PC+1, after += 1 -> REG=160, nextPC=58
cycle 2986999: PC=0x003a OPCODE=0x1f [LOOP] REG[5]<=128 ? target=37 : PC+1, after += 32 -> REG=3104, nextPC=59
cycle 2987000: PC=0x003b OPCODE=0x1f [LOOP] REG[4]<=144 ? target=37 : PC+1, after += 18 -> REG=1692, nextPC=60
cycle 2987001: PC=0x003c OPCODE=0x1f [LOOP] REG[3]<=64 ? target=33 : PC+1, after += 64 -> REG=5568, nextPC=61
cycle 2987002: PC=0x003d OPCODE=0x1f [LOOP] REG[2]<=8192 ? target=29 : PC+1, after += 96 -> REG=8352, nextPC=62
cycle 2987003: PC=0x003e OPCODE=0x18 [CPT_TAGXY] type=3 tag=(0,0)
cycle 2987004: PC=0x003f OPCODE=0x07 [DMA WRITE] addr=805306416 size=12288
cycle 2987005: PC=0x0040 OPCODE=0x1d [WAIT DMA] still busy, stall
cycle 3002364: PC=0x0040 OPCODE=0x1d [WAIT DMA] done, continue
cycle 3002365: PC=0x0041 OPCODE=0x1f [LOOP] REG[1]<=256 ? target=27 : PC+1, after += 48 -> REG=96, nextPC=27
cycle 3002366: PC=0x001b OPCODE=0x06 [DMA READ] addr=805306464 size=12288
cycle 3002367: PC=0x001c OPCODE=0x1d [WAIT DMA] still busy, stall
cycle 3017726: PC=0x001c OPCODE=0x1d [WAIT DMA] done, continue
cycle 3017727: PC=0x001d OPCODE=0x22 [MULI] REG[8] = REG[8] * 256 -> 12288
cycle 3017728: PC=0x001e OPCODE=0x24 [ADD] REG[8] = REG[8] + REG[1] -> 12384
cycle 3017729: PC=0x001f OPCODE=0x05 [DMA READ] addr=536883296 size=18432
cycle 3017730: PC=0x0020 OPCODE=0x1d [WAIT DMA] still busy, stall
cycle 3040769: PC=0x0020 OPCODE=0x1d [WAIT DMA] done, continue
cycle 3040770: PC=0x0021 OPCODE=0x22 [MULI] REG[9] = REG[3] * 2048 -> 11403264
cycle 3040771: PC=0x0022 OPCODE=0x24 [ADD] REG[9] = REG[9] + REG[2] -> 11411616
cycle 3040772: PC=0x0023 OPCODE=0x04 [DMA READ] addr=279847072 size=8192
cycle 3040773: PC=0x0024 OPCODE=0x1d [WAIT DMA] still busy, stall
cycle 3051012: PC=0x0024 OPCODE=0x1d [WAIT DMA] done, continue
cycle 3051013: PC=0x0025 OPCODE=0x18 [CPT_TAGXY] type=1 tag=(0,0)
cycle 3051014: PC=0x0026 OPCODE=0x22 [MULI] REG[10] = REG[4] * 128 -> 216576
cycle 3051015: PC=0x0027 OPCODE=0x24 [ADD] REG[10] = REG[10] + REG[5] -> 219680
cycle 3051016: PC=0x0028 OPCODE=0x08 [G2P] addr=223776 tag=(0,0) size=576
cycle 3051017: PC=0x0029 OPCODE=0x1d [WAIT GLB] still busy, stall
cycle 3051304: PC=0x0029 OPCODE=0x1d [WAIT GLB] done, continue
cycle 3051305: PC=0x002a OPCODE=0x18 [CPT_TAGXY] type=2 tag=(0,0)
cycle 3051306: PC=0x002b OPCODE=0x22 [MULI] REG[11] = REG[3] * 128 -> 712704
cycle 3051307: PC=0x002c OPCODE=0x22 [MULI] REG[12] = REG[6] * 128 -> 20480
cycle 3051308: PC=0x002d OPCODE=0x24 [ADD] REG[11] = REG[11] + REG[5] -> 715808
cycle 3051309: PC=0x002e OPCODE=0x24 [ADD] REG[11] = REG[11] + REG[12] -> 736288
cycle 3051310: PC=0x002f OPCODE=0x08 [G2P] addr=744480 tag=(0,0) size=32
cycle 3051311: PC=0x0030 OPCODE=0x1d [WAIT GLB] still busy, stall
cycle 3051326: PC=0x0030 OPCODE=0x1d [WAIT GLB] done, continue
cycle 3051327: PC=0x0031 OPCODE=0x18 [CPT_TAGXY] type=0 tag=(0,0)
cycle 3051328: PC=0x0032 OPCODE=0x22 [MULI] REG[13] = REG[6] * 36 -> 5760
cycle 3051329: PC=0x0033 OPCODE=0x08 [G2P] addr=5760 tag=(0,0) size=144
cycle 3051330: PC=0x0034 OPCODE=0x1d [WAIT GLB] still busy, stall
cycle 3051401: PC=0x0034 OPCODE=0x1d [WAIT GLB] done, continue
cycle 3051402: PC=0x0035 OPCODE=0x1c [COMPUTE] valid_e=0
cycle 3051403: PC=0x0036 OPCODE=0x1d [WAIT PE_ARRAY]
cycle 3051404: PC=0x0037 OPCODE=0x18 [CPT_TAGXY] type=3 tag=(0,0)
cycle 3051405: PC=0x0038 OPCODE=0x09 [P2G] addr=744480 tag=(0,0) size=32
cycle 3051406: PC=0x0039 OPCODE=0x1f [LOOP] REG[6]<=64 ? target=42 : PC+1, after += 1 -> REG=161, nextPC=58
cycle 3051407: PC=0x003a OPCODE=0x1f [LOOP] REG[5]<=128 ? target=37 : PC+1, after += 32 -> REG=3136, nextPC=59
cycle 3051408: PC=0x003b OPCODE=0x1f [LOOP] REG[4]<=144 ? target=37 : PC+1, after += 18 -> REG=1710, nextPC=60
cycle 3051409: PC=0x003c OPCODE=0x1f [LOOP] REG[3]<=64 ? target=33 : PC+1, after += 64 -> REG=5632, nextPC=61
cycle 3051410: PC=0x003d OPCODE=0x1f [LOOP] REG[2]<=8192 ? target=29 : PC+1, after += 96 -> REG=8448, nextPC=62
cycle 3051411: PC=0x003e OPCODE=0x18 [CPT_TAGXY] type=3 tag=(0,0)
cycle 3051412: PC=0x003f OPCODE=0x07 [DMA WRITE] addr=805306464 size=12288
cycle 3051413: PC=0x0040 OPCODE=0x1d [WAIT DMA] still busy, stall
cycle 3066772: PC=0x0040 OPCODE=0x1d [WAIT DMA] done, continue
cycle 3066773: PC=0x0041 OPCODE=0x1f [LOOP] REG[1]<=256 ? target=27 : PC+1, after += 48 -> REG=144, nextPC=27
cycle 3066774: PC=0x001b OPCODE=0x06 [DMA READ] addr=805306512 size=12288
cycle 3066775: PC=0x001c OPCODE=0x1d [WAIT DMA] still busy, stall
cycle 3082134: PC=0x001c OPCODE=0x1d [WAIT DMA] done, continue
cycle 3082135: PC=0x001d OPCODE=0x22 [MULI] REG[8] = REG[8] * 256 -> 3170304
cycle 3082136: PC=0x001e OPCODE=0x24 [ADD] REG[8] = REG[8] + REG[1] -> 3170448
cycle 3082137: PC=0x001f OPCODE=0x05 [DMA READ] addr=540041360 size=18432
cycle 3082138: PC=0x0020 OPCODE=0x1d [WAIT DMA] still busy, stall
cycle 3105177: PC=0x0020 OPCODE=0x1d [WAIT DMA] done, continue
cycle 3105178: PC=0x0021 OPCODE=0x22 [MULI] REG[9] = REG[3] * 2048 -> 11534336
cycle 3105179: PC=0x0022 OPCODE=0x24 [ADD] REG[9] = REG[9] + REG[2] -> 11542784
cycle 3105180: PC=0x0023 OPCODE=0x04 [DMA READ] addr=279978240 size=8192
cycle 3105181: PC=0x0024 OPCODE=0x1d [WAIT DMA] still busy, stall
cycle 3115420: PC=0x0024 OPCODE=0x1d [WAIT DMA] done, continue
cycle 3115421: PC=0x0025 OPCODE=0x18 [CPT_TAGXY] type=1 tag=(0,0)
cycle 3115422: PC=0x0026 OPCODE=0x22 [MULI] REG[10] = REG[4] * 128 -> 218880
cycle 3115423: PC=0x0027 OPCODE=0x24 [ADD] REG[10] = REG[10] + REG[5] -> 222016
cycle 3115424: PC=0x0028 OPCODE=0x08 [G2P] addr=226112 tag=(0,0) size=576
cycle 3115425: PC=0x0029 OPCODE=0x1d [WAIT GLB] still busy, stall
cycle 3115712: PC=0x0029 OPCODE=0x1d [WAIT GLB] done, continue
cycle 3115713: PC=0x002a OPCODE=0x18 [CPT_TAGXY] type=2 tag=(0,0)
cycle 3115714: PC=0x002b OPCODE=0x22 [MULI] REG[11] = REG[3] * 128 -> 720896
cycle 3115715: PC=0x002c OPCODE=0x22 [MULI] REG[12] = REG[6] * 128 -> 20608
cycle 3115716: PC=0x002d OPCODE=0x24 [ADD] REG[11] = REG[11] + REG[5] -> 724032
cycle 3115717: PC=0x002e OPCODE=0x24 [ADD] REG[11] = REG[11] + REG[12] -> 744640
cycle 3115718: PC=0x002f OPCODE=0x08 [G2P] addr=752832 tag=(0,0) size=32
cycle 3115719: PC=0x0030 OPCODE=0x1d [WAIT GLB] still busy, stall
cycle 3115734: PC=0x0030 OPCODE=0x1d [WAIT GLB] done, continue
cycle 3115735: PC=0x0031 OPCODE=0x18 [CPT_TAGXY] type=0 tag=(0,0)
cycle 3115736: PC=0x0032 OPCODE=0x22 [MULI] REG[13] = REG[6] * 36 -> 5796
cycle 3115737: PC=0x0033 OPCODE=0x08 [G2P] addr=5796 tag=(0,0) size=144
cycle 3115738: PC=0x0034 OPCODE=0x1d [WAIT GLB] still busy, stall
cycle 3115809: PC=0x0034 OPCODE=0x1d [WAIT GLB] done, continue
cycle 3115810: PC=0x0035 OPCODE=0x1c [COMPUTE] valid_e=0
cycle 3115811: PC=0x0036 OPCODE=0x1d [WAIT PE_ARRAY]
cycle 3115812: PC=0x0037 OPCODE=0x18 [CPT_TAGXY] type=3 tag=(0,0)
cycle 3115813: PC=0x0038 OPCODE=0x09 [P2G] addr=752832 tag=(0,0) size=32
cycle 3115814: PC=0x0039 OPCODE=0x1f [LOOP] REG[6]<=64 ? target=42 : PC+1, after += 1 -> REG=162, nextPC=58
cycle 3115815: PC=0x003a OPCODE=0x1f [LOOP] REG[5]<=128 ? target=37 : PC+1, after += 32 -> REG=3168, nextPC=59
cycle 3115816: PC=0x003b OPCODE=0x1f [LOOP] REG[4]<=144 ? target=37 : PC+1, after += 18 -> REG=1728, nextPC=60
cycle 3115817: PC=0x003c OPCODE=0x1f [LOOP] REG[3]<=64 ? target=33 : PC+1, after += 64 -> REG=5696, nextPC=61
cycle 3115818: PC=0x003d OPCODE=0x1f [LOOP] REG[2]<=8192 ? target=29 : PC+1, after += 96 -> REG=8544, nextPC=62
cycle 3115819: PC=0x003e OPCODE=0x18 [CPT_TAGXY] type=3 tag=(0,0)
cycle 3115820: PC=0x003f OPCODE=0x07 [DMA WRITE] addr=805306512 size=12288
cycle 3115821: PC=0x0040 OPCODE=0x1d [WAIT DMA] still busy, stall
cycle 3131180: PC=0x0040 OPCODE=0x1d [WAIT DMA] done, continue
cycle 3131181: PC=0x0041 OPCODE=0x1f [LOOP] REG[1]<=256 ? target=27 : PC+1, after += 48 -> REG=192, nextPC=27
cycle 3131182: PC=0x001b OPCODE=0x06 [DMA READ] addr=805306560 size=12288
cycle 3131183: PC=0x001c OPCODE=0x1d [WAIT DMA] still busy, stall
cycle 3146542: PC=0x001c OPCODE=0x1d [WAIT DMA] done, continue
cycle 3146543: PC=0x001d OPCODE=0x22 [MULI] REG[8] = REG[8] * 256 -> 811634688
cycle 3146544: PC=0x001e OPCODE=0x24 [ADD] REG[8] = REG[8] + REG[1] -> 811634880
cycle 3146545: PC=0x001f OPCODE=0x05 [DMA READ] addr=1348505792 size=18432
cycle 3146546: PC=0x0020 OPCODE=0x1d [WAIT DMA] still busy, stall
cycle 3169585: PC=0x0020 OPCODE=0x1d [WAIT DMA] done, continue
cycle 3169586: PC=0x0021 OPCODE=0x22 [MULI] REG[9] = REG[3] * 2048 -> 11665408
cycle 3169587: PC=0x0022 OPCODE=0x24 [ADD] REG[9] = REG[9] + REG[2] -> 11673952
cycle 3169588: PC=0x0023 OPCODE=0x04 [DMA READ] addr=280109408 size=8192
cycle 3169589: PC=0x0024 OPCODE=0x1d [WAIT DMA] still busy, stall
cycle 3179828: PC=0x0024 OPCODE=0x1d [WAIT DMA] done, continue
cycle 3179829: PC=0x0025 OPCODE=0x18 [CPT_TAGXY] type=1 tag=(0,0)
cycle 3179830: PC=0x0026 OPCODE=0x22 [MULI] REG[10] = REG[4] * 128 -> 221184
cycle 3179831: PC=0x0027 OPCODE=0x24 [ADD] REG[10] = REG[10] + REG[5] -> 224352
cycle 3179832: PC=0x0028 OPCODE=0x08 [G2P] addr=228448 tag=(0,0) size=576
cycle 3179833: PC=0x0029 OPCODE=0x1d [WAIT GLB] still busy, stall
cycle 3180120: PC=0x0029 OPCODE=0x1d [WAIT GLB] done, continue
cycle 3180121: PC=0x002a OPCODE=0x18 [CPT_TAGXY] type=2 tag=(0,0)
cycle 3180122: PC=0x002b OPCODE=0x22 [MULI] REG[11] = REG[3] * 128 -> 729088
cycle 3180123: PC=0x002c OPCODE=0x22 [MULI] REG[12] = REG[6] * 128 -> 20736
cycle 3180124: PC=0x002d OPCODE=0x24 [ADD] REG[11] = REG[11] + REG[5] -> 732256
cycle 3180125: PC=0x002e OPCODE=0x24 [ADD] REG[11] = REG[11] + REG[12] -> 752992
cycle 3180126: PC=0x002f OPCODE=0x08 [G2P] addr=761184 tag=(0,0) size=32
cycle 3180127: PC=0x0030 OPCODE=0x1d [WAIT GLB] still busy, stall
cycle 3180142: PC=0x0030 OPCODE=0x1d [WAIT GLB] done, continue
cycle 3180143: PC=0x0031 OPCODE=0x18 [CPT_TAGXY] type=0 tag=(0,0)
cycle 3180144: PC=0x0032 OPCODE=0x22 [MULI] REG[13] = REG[6] * 36 -> 5832
cycle 3180145: PC=0x0033 OPCODE=0x08 [G2P] addr=5832 tag=(0,0) size=144
cycle 3180146: PC=0x0034 OPCODE=0x1d [WAIT GLB] still busy, stall
cycle 3180217: PC=0x0034 OPCODE=0x1d [WAIT GLB] done, continue
cycle 3180218: PC=0x0035 OPCODE=0x1c [COMPUTE] valid_e=0
cycle 3180219: PC=0x0036 OPCODE=0x1d [WAIT PE_ARRAY]
cycle 3180220: PC=0x0037 OPCODE=0x18 [CPT_TAGXY] type=3 tag=(0,0)
cycle 3180221: PC=0x0038 OPCODE=0x09 [P2G] addr=761184 tag=(0,0) size=32
cycle 3180222: PC=0x0039 OPCODE=0x1f [LOOP] REG[6]<=64 ? target=42 : PC+1, after += 1 -> REG=163, nextPC=58
cycle 3180223: PC=0x003a OPCODE=0x1f [LOOP] REG[5]<=128 ? target=37 : PC+1, after += 32 -> REG=3200, nextPC=59
cycle 3180224: PC=0x003b OPCODE=0x1f [LOOP] REG[4]<=144 ? target=37 : PC+1, after += 18 -> REG=1746, nextPC=60
cycle 3180225: PC=0x003c OPCODE=0x1f [LOOP] REG[3]<=64 ? target=33 : PC+1, after += 64 -> REG=5760, nextPC=61
cycle 3180226: PC=0x003d OPCODE=0x1f [LOOP] REG[2]<=8192 ? target=29 : PC+1, after += 96 -> REG=8640, nextPC=62
cycle 3180227: PC=0x003e OPCODE=0x18 [CPT_TAGXY] type=3 tag=(0,0)
cycle 3180228: PC=0x003f OPCODE=0x07 [DMA WRITE] addr=805306560 size=12288
cycle 3180229: PC=0x0040 OPCODE=0x1d [WAIT DMA] still busy, stall
cycle 3195588: PC=0x0040 OPCODE=0x1d [WAIT DMA] done, continue
cycle 3195589: PC=0x0041 OPCODE=0x1f [LOOP] REG[1]<=256 ? target=27 : PC+1, after += 48 -> REG=240, nextPC=27
cycle 3195590: PC=0x001b OPCODE=0x06 [DMA READ] addr=805306608 size=12288
cycle 3195591: PC=0x001c OPCODE=0x1d [WAIT DMA] still busy, stall
cycle 3210950: PC=0x001c OPCODE=0x1d [WAIT DMA] done, continue
cycle 3210951: PC=0x001d OPCODE=0x22 [MULI] REG[8] = REG[8] * 256 -> 1620099072
cycle 3210952: PC=0x001e OPCODE=0x24 [ADD] REG[8] = REG[8] + REG[1] -> 1620099312
cycle 3210953: PC=0x001f OPCODE=0x05 [DMA READ] addr=2156970224 size=18432
cycle 3210954: PC=0x0020 OPCODE=0x1d [WAIT DMA] still busy, stall
cycle 3233993: PC=0x0020 OPCODE=0x1d [WAIT DMA] done, continue
cycle 3233994: PC=0x0021 OPCODE=0x22 [MULI] REG[9] = REG[3] * 2048 -> 11796480
cycle 3233995: PC=0x0022 OPCODE=0x24 [ADD] REG[9] = REG[9] + REG[2] -> 11805120
cycle 3233996: PC=0x0023 OPCODE=0x04 [DMA READ] addr=280240576 size=8192
cycle 3233997: PC=0x0024 OPCODE=0x1d [WAIT DMA] still busy, stall
cycle 3244236: PC=0x0024 OPCODE=0x1d [WAIT DMA] done, continue
cycle 3244237: PC=0x0025 OPCODE=0x18 [CPT_TAGXY] type=1 tag=(0,0)
cycle 3244238: PC=0x0026 OPCODE=0x22 [MULI] REG[10] = REG[4] * 128 -> 223488
cycle 3244239: PC=0x0027 OPCODE=0x24 [ADD] REG[10] = REG[10] + REG[5] -> 226688
cycle 3244240: PC=0x0028 OPCODE=0x08 [G2P] addr=230784 tag=(0,0) size=576
cycle 3244241: PC=0x0029 OPCODE=0x1d [WAIT GLB] still busy, stall
cycle 3244528: PC=0x0029 OPCODE=0x1d [WAIT GLB] done, continue
cycle 3244529: PC=0x002a OPCODE=0x18 [CPT_TAGXY] type=2 tag=(0,0)
cycle 3244530: PC=0x002b OPCODE=0x22 [MULI] REG[11] = REG[3] * 128 -> 737280
cycle 3244531: PC=0x002c OPCODE=0x22 [MULI] REG[12] = REG[6] * 128 -> 20864
cycle 3244532: PC=0x002d OPCODE=0x24 [ADD] REG[11] = REG[11] + REG[5] -> 740480
cycle 3244533: PC=0x002e OPCODE=0x24 [ADD] REG[11] = REG[11] + REG[12] -> 761344
cycle 3244534: PC=0x002f OPCODE=0x08 [G2P] addr=769536 tag=(0,0) size=32
cycle 3244535: PC=0x0030 OPCODE=0x1d [WAIT GLB] still busy, stall
cycle 3244550: PC=0x0030 OPCODE=0x1d [WAIT GLB] done, continue
cycle 3244551: PC=0x0031 OPCODE=0x18 [CPT_TAGXY] type=0 tag=(0,0)
cycle 3244552: PC=0x0032 OPCODE=0x22 [MULI] REG[13] = REG[6] * 36 -> 5868
cycle 3244553: PC=0x0033 OPCODE=0x08 [G2P] addr=5868 tag=(0,0) size=144
cycle 3244554: PC=0x0034 OPCODE=0x1d [WAIT GLB] still busy, stall
cycle 3244625: PC=0x0034 OPCODE=0x1d [WAIT GLB] done, continue
cycle 3244626: PC=0x0035 OPCODE=0x1c [COMPUTE] valid_e=0
cycle 3244627: PC=0x0036 OPCODE=0x1d [WAIT PE_ARRAY]
cycle 3244628: PC=0x0037 OPCODE=0x18 [CPT_TAGXY] type=3 tag=(0,0)
cycle 3244629: PC=0x0038 OPCODE=0x09 [P2G] addr=769536 tag=(0,0) size=32
cycle 3244630: PC=0x0039 OPCODE=0x1f [LOOP] REG[6]<=64 ? target=42 : PC+1, after += 1 -> REG=164, nextPC=58
cycle 3244631: PC=0x003a OPCODE=0x1f [LOOP] REG[5]<=128 ? target=37 : PC+1, after += 32 -> REG=3232, nextPC=59
cycle 3244632: PC=0x003b OPCODE=0x1f [LOOP] REG[4]<=144 ? target=37 : PC+1, after += 18 -> REG=1764, nextPC=60
cycle 3244633: PC=0x003c OPCODE=0x1f [LOOP] REG[3]<=64 ? target=33 : PC+1, after += 64 -> REG=5824, nextPC=61
cycle 3244634: PC=0x003d OPCODE=0x1f [LOOP] REG[2]<=8192 ? target=29 : PC+1, after += 96 -> REG=8736, nextPC=62
cycle 3244635: PC=0x003e OPCODE=0x18 [CPT_TAGXY] type=3 tag=(0,0)
cycle 3244636: PC=0x003f OPCODE=0x07 [DMA WRITE] addr=805306608 size=12288
cycle 3244637: PC=0x0040 OPCODE=0x1d [WAIT DMA] still busy, stall
cycle 3259996: PC=0x0040 OPCODE=0x1d [WAIT DMA] done, continue
cycle 3259997: PC=0x0041 OPCODE=0x1f [LOOP] REG[1]<=256 ? target=27 : PC+1, after += 48 -> REG=288, nextPC=66
cycle 3259998: PC out of range
