--------------------------------------------------
[TB] Compare DRAM OFMAP vs GOLDEN
[TB] ofmap_base = 0x00001b00, bytes = 8192
--------------------------------------------------
Result | Index | Address    | DUT  | Golden
-------|-------|------------|------|-------
[OK ]  |     0 | 0x00001b00 | 0x9a | 0x9a
[OK ]  |     1 | 0x00001b01 | 0xc7 | 0xc7
[OK ]  |     2 | 0x00001b02 | 0x00 | 0x00
[OK ]  |     3 | 0x00001b03 | 0x00 | 0x00
[OK ]  |     4 | 0x00001b04 | 0xcb | 0xcb
[OK ]  |     5 | 0x00001b05 | 0xcf | 0xcf
[OK ]  |     6 | 0x00001b06 | 0x00 | 0x00
[OK ]  |     7 | 0x00001b07 | 0x00 | 0x00
[OK ]  |     8 | 0x00001b08 | 0x78 | 0x78
[OK ]  |     9 | 0x00001b09 | 0x82 | 0x82
[OK ]  |    10 | 0x00001b0a | 0xff | 0xff
[OK ]  |    11 | 0x00001b0b | 0xff | 0xff
[OK ]  |    12 | 0x00001b0c | 0xc1 | 0xc1
[OK ]  |    13 | 0x00001b0d | 0x8a | 0x8a
[OK ]  |    14 | 0x00001b0e | 0xff | 0xff
[OK ]  |    15 | 0x00001b0f | 0xff | 0xff
[OK ]  |    16 | 0x00001b10 | 0x85 | 0x85
[OK ]  |    17 | 0x00001b11 | 0xe4 | 0xe4
[OK ]  |    18 | 0x00001b12 | 0xff | 0xff
[OK ]  |    19 | 0x00001b13 | 0xff | 0xff
[OK ]  |    20 | 0x00001b14 | 0x47 | 0x47
[OK ]  |    21 | 0x00001b15 | 0x96 | 0x96
[OK ]  |    22 | 0x00001b16 | 0xff | 0xff
[OK ]  |    23 | 0x00001b17 | 0xff | 0xff
[OK ]  |    24 | 0x00001b18 | 0x7b | 0x7b
[OK ]  |    25 | 0x00001b19 | 0x94 | 0x94
[OK ]  |    26 | 0x00001b1a | 0x00 | 0x00
[OK ]  |    27 | 0x00001b1b | 0x00 | 0x00
[OK ]  |    28 | 0x00001b1c | 0xc8 | 0xc8
[OK ]  |    29 | 0x00001b1d | 0x62 | 0x62
[OK ]  |    30 | 0x00001b1e | 0x01 | 0x01
[OK ]  |    31 | 0x00001b1f | 0x00 | 0x00
[OK ]  |    32 | 0x00001b20 | 0x62 | 0x62
[OK ]  |    33 | 0x00001b21 | 0x6f | 0x6f
[OK ]  |    34 | 0x00001b22 | 0x00 | 0x00
[OK ]  |    35 | 0x00001b23 | 0x00 | 0x00
[OK ]  |    36 | 0x00001b24 | 0x37 | 0x37
[OK ]  |    37 | 0x00001b25 | 0x82 | 0x82
[OK ]  |    38 | 0x00001b26 | 0xff | 0xff
[OK ]  |    39 | 0x00001b27 | 0xff | 0xff
[OK ]  |    40 | 0x00001b28 | 0x40 | 0x40
[OK ]  |    41 | 0x00001b29 | 0xc0 | 0xc0
[OK ]  |    42 | 0x00001b2a | 0x00 | 0x00
[OK ]  |    43 | 0x00001b2b | 0x00 | 0x00
[OK ]  |    44 | 0x00001b2c | 0x60 | 0x60
[OK ]  |    45 | 0x00001b2d | 0x53 | 0x53
[OK ]  |    46 | 0x00001b2e | 0xff | 0xff
[OK ]  |    47 | 0x00001b2f | 0xff | 0xff
[OK ]  |    48 | 0x00001b30 | 0x46 | 0x46
[OK ]  |    49 | 0x00001b31 | 0x48 | 0x48
[OK ]  |    50 | 0x00001b32 | 0x00 | 0x00
[OK ]  |    51 | 0x00001b33 | 0x00 | 0x00
[OK ]  |    52 | 0x00001b34 | 0x0e | 0x0e
[OK ]  |    53 | 0x00001b35 | 0x5f | 0x5f
[OK ]  |    54 | 0x00001b36 | 0x00 | 0x00
[OK ]  |    55 | 0x00001b37 | 0x00 | 0x00
[OK ]  |    56 | 0x00001b38 | 0xbe | 0xbe
[OK ]  |    57 | 0x00001b39 | 0x47 | 0x47
[OK ]  |    58 | 0x00001b3a | 0xff | 0xff
[OK ]  |    59 | 0x00001b3b | 0xff | 0xff
[OK ]  |    60 | 0x00001b3c | 0xbd | 0xbd
[OK ]  |    61 | 0x00001b3d | 0xf7 | 0xf7
[OK ]  |    62 | 0x00001b3e | 0x00 | 0x00
[OK ]  |    63 | 0x00001b3f | 0x00 | 0x00
[OK ]  |    64 | 0x00001b40 | 0xc8 | 0xc8
[OK ]  |    65 | 0x00001b41 | 0xcf | 0xcf
[OK ]  |    66 | 0x00001b42 | 0x00 | 0x00
[OK ]  |    67 | 0x00001b43 | 0x00 | 0x00
[OK ]  |    68 | 0x00001b44 | 0x60 | 0x60
[OK ]  |    69 | 0x00001b45 | 0x41 | 0x41
[OK ]  |    70 | 0x00001b46 | 0x00 | 0x00
[OK ]  |    71 | 0x00001b47 | 0x00 | 0x00
[OK ]  |    72 | 0x00001b48 | 0xbc | 0xbc
[OK ]  |    73 | 0x00001b49 | 0xca | 0xca
[OK ]  |    74 | 0x00001b4a | 0xff | 0xff
[OK ]  |    75 | 0x00001b4b | 0xff | 0xff
[OK ]  |    76 | 0x00001b4c | 0xc4 | 0xc4
[OK ]  |    77 | 0x00001b4d | 0x90 | 0x90
[OK ]  |    78 | 0x00001b4e | 0xfe | 0xfe
[OK ]  |    79 | 0x00001b4f | 0xff | 0xff
[OK ]  |    80 | 0x00001b50 | 0xd1 | 0xd1
[OK ]  |    81 | 0x00001b51 | 0x0d | 0x0d
[OK ]  |    82 | 0x00001b52 | 0xff | 0xff
[OK ]  |    83 | 0x00001b53 | 0xff | 0xff
[OK ]  |    84 | 0x00001b54 | 0x1e | 0x1e
[OK ]  |    85 | 0x00001b55 | 0x7d | 0x7d
[OK ]  |    86 | 0x00001b56 | 0xfe | 0xfe
[OK ]  |    87 | 0x00001b57 | 0xff | 0xff
[OK ]  |    88 | 0x00001b58 | 0x23 | 0x23
[OK ]  |    89 | 0x00001b59 | 0xe6 | 0xe6
[OK ]  |    90 | 0x00001b5a | 0x00 | 0x00
[OK ]  |    91 | 0x00001b5b | 0x00 | 0x00
[OK ]  |    92 | 0x00001b5c | 0x42 | 0x42
[OK ]  |    93 | 0x00001b5d | 0x84 | 0x84
[OK ]  |    94 | 0x00001b5e | 0xfe | 0xfe
[OK ]  |    95 | 0x00001b5f | 0xff | 0xff
[OK ]  |    96 | 0x00001b60 | 0xf3 | 0xf3
[OK ]  |    97 | 0x00001b61 | 0xbd | 0xbd
[OK ]  |    98 | 0x00001b62 | 0x00 | 0x00
[OK ]  |    99 | 0x00001b63 | 0x00 | 0x00
[OK ]  |   100 | 0x00001b64 | 0x76 | 0x76
[OK ]  |   101 | 0x00001b65 | 0x80 | 0x80
[OK ]  |   102 | 0x00001b66 | 0x00 | 0x00
[OK ]  |   103 | 0x00001b67 | 0x00 | 0x00
[OK ]  |   104 | 0x00001b68 | 0x00 | 0x00
[OK ]  |   105 | 0x00001b69 | 0x84 | 0x84
[OK ]  |   106 | 0x00001b6a | 0xfe | 0xfe
[OK ]  |   107 | 0x00001b6b | 0xff | 0xff
[OK ]  |   108 | 0x00001b6c | 0x1d | 0x1d
[OK ]  |   109 | 0x00001b6d | 0x02 | 0x02
[OK ]  |   110 | 0x00001b6e | 0xff | 0xff
[OK ]  |   111 | 0x00001b6f | 0xff | 0xff
[OK ]  |   112 | 0x00001b70 | 0xc8 | 0xc8
[OK ]  |   113 | 0x00001b71 | 0x20 | 0x20
[OK ]  |   114 | 0x00001b72 | 0x00 | 0x00
[OK ]  |   115 | 0x00001b73 | 0x00 | 0x00
[OK ]  |   116 | 0x00001b74 | 0x5d | 0x5d
[OK ]  |   117 | 0x00001b75 | 0xc9 | 0xc9
[OK ]  |   118 | 0x00001b76 | 0xff | 0xff
[OK ]  |   119 | 0x00001b77 | 0xff | 0xff
[OK ]  |   120 | 0x00001b78 | 0xfe | 0xfe
[OK ]  |   121 | 0x00001b79 | 0x9f | 0x9f
[OK ]  |   122 | 0x00001b7a | 0xfe | 0xfe
[OK ]  |   123 | 0x00001b7b | 0xff | 0xff
[OK ]  |   124 | 0x00001b7c | 0x5f | 0x5f
[OK ]  |   125 | 0x00001b7d | 0xe9 | 0xe9
[OK ]  |   126 | 0x00001b7e | 0x00 | 0x00
[OK ]  |   127 | 0x00001b7f | 0x00 | 0x00
[OK ]  |   128 | 0x00001b80 | 0xf0 | 0xf0
[OK ]  |   129 | 0x00001b81 | 0x99 | 0x99
[OK ]  |   130 | 0x00001b82 | 0x01 | 0x01
[OK ]  |   131 | 0x00001b83 | 0x00 | 0x00
[OK ]  |   132 | 0x00001b84 | 0x8c | 0x8c
[OK ]  |   133 | 0x00001b85 | 0xc5 | 0xc5
[OK ]  |   134 | 0x00001b86 | 0xfe | 0xfe
[OK ]  |   135 | 0x00001b87 | 0xff | 0xff
[OK ]  |   136 | 0x00001b88 | 0xec | 0xec
[OK ]  |   137 | 0x00001b89 | 0xfd | 0xfd
[OK ]  |   138 | 0x00001b8a | 0xff | 0xff
[OK ]  |   139 | 0x00001b8b | 0xff | 0xff
[OK ]  |   140 | 0x00001b8c | 0x83 | 0x83
[OK ]  |   141 | 0x00001b8d | 0x01 | 0x01
[OK ]  |   142 | 0x00001b8e | 0x01 | 0x01
[OK ]  |   143 | 0x00001b8f | 0x00 | 0x00
[OK ]  |   144 | 0x00001b90 | 0xa9 | 0xa9
[OK ]  |   145 | 0x00001b91 | 0xc1 | 0xc1
[OK ]  |   146 | 0x00001b92 | 0xff | 0xff
[OK ]  |   147 | 0x00001b93 | 0xff | 0xff
[OK ]  |   148 | 0x00001b94 | 0xe4 | 0xe4
[OK ]  |   149 | 0x00001b95 | 0x8c | 0x8c
[OK ]  |   150 | 0x00001b96 | 0x00 | 0x00
[OK ]  |   151 | 0x00001b97 | 0x00 | 0x00
[OK ]  |   152 | 0x00001b98 | 0x7d | 0x7d
[OK ]  |   153 | 0x00001b99 | 0xab | 0xab
[OK ]  |   154 | 0x00001b9a | 0xff | 0xff
[OK ]  |   155 | 0x00001b9b | 0xff | 0xff
[OK ]  |   156 | 0x00001b9c | 0x62 | 0x62
[OK ]  |   157 | 0x00001b9d | 0x6d | 0x6d
[OK ]  |   158 | 0x00001b9e | 0xff | 0xff
[OK ]  |   159 | 0x00001b9f | 0xff | 0xff
[OK ]  |   160 | 0x00001ba0 | 0x65 | 0x65
[OK ]  |   161 | 0x00001ba1 | 0xa1 | 0xa1
[OK ]  |   162 | 0x00001ba2 | 0xff | 0xff
[OK ]  |   163 | 0x00001ba3 | 0xff | 0xff
[OK ]  |   164 | 0x00001ba4 | 0xa5 | 0xa5
[OK ]  |   165 | 0x00001ba5 | 0x8e | 0x8e
[OK ]  |   166 | 0x00001ba6 | 0xff | 0xff
[OK ]  |   167 | 0x00001ba7 | 0xff | 0xff
[OK ]  |   168 | 0x00001ba8 | 0xbb | 0xbb
[OK ]  |   169 | 0x00001ba9 | 0xf1 | 0xf1
[OK ]  |   170 | 0x00001baa | 0x00 | 0x00
[OK ]  |   171 | 0x00001bab | 0x00 | 0x00
[OK ]  |   172 | 0x00001bac | 0x4a | 0x4a
[OK ]  |   173 | 0x00001bad | 0x99 | 0x99
[OK ]  |   174 | 0x00001bae | 0xff | 0xff
[OK ]  |   175 | 0x00001baf | 0xff | 0xff
[OK ]  |   176 | 0x00001bb0 | 0x73 | 0x73
[OK ]  |   177 | 0x00001bb1 | 0x80 | 0x80
[OK ]  |   178 | 0x00001bb2 | 0x00 | 0x00
[OK ]  |   179 | 0x00001bb3 | 0x00 | 0x00
[OK ]  |   180 | 0x00001bb4 | 0x67 | 0x67
[OK ]  |   181 | 0x00001bb5 | 0x52 | 0x52
[OK ]  |   182 | 0x00001bb6 | 0x00 | 0x00
[OK ]  |   183 | 0x00001bb7 | 0x00 | 0x00
[OK ]  |   184 | 0x00001bb8 | 0x55 | 0x55
[OK ]  |   185 | 0x00001bb9 | 0x42 | 0x42
[OK ]  |   186 | 0x00001bba | 0xff | 0xff
[OK ]  |   187 | 0x00001bbb | 0xff | 0xff
[OK ]  |   188 | 0x00001bbc | 0x03 | 0x03
[OK ]  |   189 | 0x00001bbd | 0xca | 0xca
[OK ]  |   190 | 0x00001bbe | 0x00 | 0x00
[OK ]  |   191 | 0x00001bbf | 0x00 | 0x00
[OK ]  |   192 | 0x00001bc0 | 0xcd | 0xcd
[OK ]  |   193 | 0x00001bc1 | 0xd5 | 0xd5
[OK ]  |   194 | 0x00001bc2 | 0xff | 0xff
[OK ]  |   195 | 0x00001bc3 | 0xff | 0xff
[OK ]  |   196 | 0x00001bc4 | 0x9d | 0x9d
[OK ]  |   197 | 0x00001bc5 | 0x58 | 0x58
[OK ]  |   198 | 0x00001bc6 | 0x00 | 0x00
[OK ]  |   199 | 0x00001bc7 | 0x00 | 0x00
[OK ]  |   200 | 0x00001bc8 | 0x59 | 0x59
[OK ]  |   201 | 0x00001bc9 | 0x13 | 0x13
[OK ]  |   202 | 0x00001bca | 0x00 | 0x00
[OK ]  |   203 | 0x00001bcb | 0x00 | 0x00
[OK ]  |   204 | 0x00001bcc | 0x93 | 0x93
[OK ]  |   205 | 0x00001bcd | 0x4d | 0x4d
[OK ]  |   206 | 0x00001bce | 0xff | 0xff
[OK ]  |   207 | 0x00001bcf | 0xff | 0xff
[OK ]  |   208 | 0x00001bd0 | 0x7f | 0x7f
[OK ]  |   209 | 0x00001bd1 | 0xe9 | 0xe9
[OK ]  |   210 | 0x00001bd2 | 0xff | 0xff
[OK ]  |   211 | 0x00001bd3 | 0xff | 0xff
[OK ]  |   212 | 0x00001bd4 | 0x5b | 0x5b
[OK ]  |   213 | 0x00001bd5 | 0x0e | 0x0e
[OK ]  |   214 | 0x00001bd6 | 0x01 | 0x01
[OK ]  |   215 | 0x00001bd7 | 0x00 | 0x00
[OK ]  |   216 | 0x00001bd8 | 0x6f | 0x6f
[OK ]  |   217 | 0x00001bd9 | 0x0f | 0x0f
[OK ]  |   218 | 0x00001bda | 0xff | 0xff
[OK ]  |   219 | 0x00001bdb | 0xff | 0xff
[OK ]  |   220 | 0x00001bdc | 0x90 | 0x90
[OK ]  |   221 | 0x00001bdd | 0x0b | 0x0b
[OK ]  |   222 | 0x00001bde | 0x00 | 0x00
[OK ]  |   223 | 0x00001bdf | 0x00 | 0x00
[OK ]  |   224 | 0x00001be0 | 0x63 | 0x63
[OK ]  |   225 | 0x00001be1 | 0x08 | 0x08
[OK ]  |   226 | 0x00001be2 | 0x00 | 0x00
[OK ]  |   227 | 0x00001be3 | 0x00 | 0x00
[OK ]  |   228 | 0x00001be4 | 0x6a | 0x6a
[OK ]  |   229 | 0x00001be5 | 0x74 | 0x74
[OK ]  |   230 | 0x00001be6 | 0x00 | 0x00
[OK ]  |   231 | 0x00001be7 | 0x00 | 0x00
[OK ]  |   232 | 0x00001be8 | 0x91 | 0x91
[OK ]  |   233 | 0x00001be9 | 0x74 | 0x74
[OK ]  |   234 | 0x00001bea | 0x00 | 0x00
[OK ]  |   235 | 0x00001beb | 0x00 | 0x00
[OK ]  |   236 | 0x00001bec | 0x97 | 0x97
[OK ]  |   237 | 0x00001bed | 0x26 | 0x26
[OK ]  |   238 | 0x00001bee | 0x00 | 0x00
[OK ]  |   239 | 0x00001bef | 0x00 | 0x00
[OK ]  |   240 | 0x00001bf0 | 0xeb | 0xeb
[OK ]  |   241 | 0x00001bf1 | 0x8a | 0x8a
[OK ]  |   242 | 0x00001bf2 | 0x00 | 0x00
[OK ]  |   243 | 0x00001bf3 | 0x00 | 0x00
[OK ]  |   244 | 0x00001bf4 | 0x44 | 0x44
[OK ]  |   245 | 0x00001bf5 | 0xe3 | 0xe3
[OK ]  |   246 | 0x00001bf6 | 0xfe | 0xfe
[OK ]  |   247 | 0x00001bf7 | 0xff | 0xff
[OK ]  |   248 | 0x00001bf8 | 0x7a | 0x7a
[OK ]  |   249 | 0x00001bf9 | 0xa7 | 0xa7
[OK ]  |   250 | 0x00001bfa | 0xff | 0xff
[OK ]  |   251 | 0x00001bfb | 0xff | 0xff
[OK ]  |   252 | 0x00001bfc | 0xfd | 0xfd
[OK ]  |   253 | 0x00001bfd | 0xfe | 0xfe
[OK ]  |   254 | 0x00001bfe | 0xff | 0xff
[OK ]  |   255 | 0x00001bff | 0xff | 0xff
[OK ]  |   256 | 0x00001c00 | 0x4c | 0x4c
[OK ]  |   257 | 0x00001c01 | 0x83 | 0x83
[OK ]  |   258 | 0x00001c02 | 0x00 | 0x00
[OK ]  |   259 | 0x00001c03 | 0x00 | 0x00
[OK ]  |   260 | 0x00001c04 | 0xac | 0xac
[OK ]  |   261 | 0x00001c05 | 0xf5 | 0xf5
[OK ]  |   262 | 0x00001c06 | 0xff | 0xff
[OK ]  |   263 | 0x00001c07 | 0xff | 0xff
[OK ]  |   264 | 0x00001c08 | 0x7d | 0x7d
[OK ]  |   265 | 0x00001c09 | 0x20 | 0x20
[OK ]  |   266 | 0x00001c0a | 0x00 | 0x00
[OK ]  |   267 | 0x00001c0b | 0x00 | 0x00
[OK ]  |   268 | 0x00001c0c | 0x40 | 0x40
[OK ]  |   269 | 0x00001c0d | 0x93 | 0x93
[OK ]  |   270 | 0x00001c0e | 0xff | 0xff
[OK ]  |   271 | 0x00001c0f | 0xff | 0xff
[OK ]  |   272 | 0x00001c10 | 0xaf | 0xaf
[OK ]  |   273 | 0x00001c11 | 0x14 | 0x14
[OK ]  |   274 | 0x00001c12 | 0x00 | 0x00
[OK ]  |   275 | 0x00001c13 | 0x00 | 0x00
[OK ]  |   276 | 0x00001c14 | 0x31 | 0x31
[OK ]  |   277 | 0x00001c15 | 0xfc | 0xfc
[OK ]  |   278 | 0x00001c16 | 0xfe | 0xfe
[OK ]  |   279 | 0x00001c17 | 0xff | 0xff
[OK ]  |   280 | 0x00001c18 | 0x3a | 0x3a
[OK ]  |   281 | 0x00001c19 | 0xa8 | 0xa8
[OK ]  |   282 | 0x00001c1a | 0xff | 0xff
[OK ]  |   283 | 0x00001c1b | 0xff | 0xff
[OK ]  |   284 | 0x00001c1c | 0xa1 | 0xa1
[OK ]  |   285 | 0x00001c1d | 0x82 | 0x82
[OK ]  |   286 | 0x00001c1e | 0x00 | 0x00
[OK ]  |   287 | 0x00001c1f | 0x00 | 0x00
[OK ]  |   288 | 0x00001c20 | 0xae | 0xae
[OK ]  |   289 | 0x00001c21 | 0x39 | 0x39
[OK ]  |   290 | 0x00001c22 | 0xff | 0xff
[OK ]  |   291 | 0x00001c23 | 0xff | 0xff
[OK ]  |   292 | 0x00001c24 | 0x35 | 0x35
[OK ]  |   293 | 0x00001c25 | 0x24 | 0x24
[OK ]  |   294 | 0x00001c26 | 0xff | 0xff
[OK ]  |   295 | 0x00001c27 | 0xff | 0xff
[OK ]  |   296 | 0x00001c28 | 0x45 | 0x45
[OK ]  |   297 | 0x00001c29 | 0x88 | 0x88
[OK ]  |   298 | 0x00001c2a | 0x00 | 0x00
[OK ]  |   299 | 0x00001c2b | 0x00 | 0x00
[OK ]  |   300 | 0x00001c2c | 0xe7 | 0xe7
[OK ]  |   301 | 0x00001c2d | 0xa4 | 0xa4
[OK ]  |   302 | 0x00001c2e | 0xff | 0xff
[OK ]  |   303 | 0x00001c2f | 0xff | 0xff
[OK ]  |   304 | 0x00001c30 | 0xfe | 0xfe
[OK ]  |   305 | 0x00001c31 | 0xa3 | 0xa3
[OK ]  |   306 | 0x00001c32 | 0x00 | 0x00
[OK ]  |   307 | 0x00001c33 | 0x00 | 0x00
[OK ]  |   308 | 0x00001c34 | 0xea | 0xea
[OK ]  |   309 | 0x00001c35 | 0x0d | 0x0d
[OK ]  |   310 | 0x00001c36 | 0x01 | 0x01
[OK ]  |   311 | 0x00001c37 | 0x00 | 0x00
[OK ]  |   312 | 0x00001c38 | 0xc8 | 0xc8
[OK ]  |   313 | 0x00001c39 | 0x19 | 0x19
[OK ]  |   314 | 0x00001c3a | 0xff | 0xff
[OK ]  |   315 | 0x00001c3b | 0xff | 0xff
[OK ]  |   316 | 0x00001c3c | 0x69 | 0x69
[OK ]  |   317 | 0x00001c3d | 0x7f | 0x7f
[OK ]  |   318 | 0x00001c3e | 0x00 | 0x00
[OK ]  |   319 | 0x00001c3f | 0x00 | 0x00
[OK ]  |   320 | 0x00001c40 | 0x0f | 0x0f
[OK ]  |   321 | 0x00001c41 | 0x51 | 0x51
[OK ]  |   322 | 0x00001c42 | 0xff | 0xff
[OK ]  |   323 | 0x00001c43 | 0xff | 0xff
[OK ]  |   324 | 0x00001c44 | 0x53 | 0x53
[OK ]  |   325 | 0x00001c45 | 0x0d | 0x0d
[OK ]  |   326 | 0x00001c46 | 0xff | 0xff
[OK ]  |   327 | 0x00001c47 | 0xff | 0xff
[OK ]  |   328 | 0x00001c48 | 0xcb | 0xcb
[OK ]  |   329 | 0x00001c49 | 0xbf | 0xbf
[OK ]  |   330 | 0x00001c4a | 0x00 | 0x00
[OK ]  |   331 | 0x00001c4b | 0x00 | 0x00
[OK ]  |   332 | 0x00001c4c | 0x7a | 0x7a
[OK ]  |   333 | 0x00001c4d | 0xea | 0xea
[OK ]  |   334 | 0x00001c4e | 0x00 | 0x00
[OK ]  |   335 | 0x00001c4f | 0x00 | 0x00
[OK ]  |   336 | 0x00001c50 | 0x37 | 0x37
[OK ]  |   337 | 0x00001c51 | 0x12 | 0x12
[OK ]  |   338 | 0x00001c52 | 0xff | 0xff
[OK ]  |   339 | 0x00001c53 | 0xff | 0xff
[OK ]  |   340 | 0x00001c54 | 0xa8 | 0xa8
[OK ]  |   341 | 0x00001c55 | 0x10 | 0x10
[OK ]  |   342 | 0x00001c56 | 0x00 | 0x00
[OK ]  |   343 | 0x00001c57 | 0x00 | 0x00
[OK ]  |   344 | 0x00001c58 | 0x26 | 0x26
[OK ]  |   345 | 0x00001c59 | 0x97 | 0x97
[OK ]  |   346 | 0x00001c5a | 0x00 | 0x00
[OK ]  |   347 | 0x00001c5b | 0x00 | 0x00
[OK ]  |   348 | 0x00001c5c | 0xd5 | 0xd5
[OK ]  |   349 | 0x00001c5d | 0x36 | 0x36
[OK ]  |   350 | 0x00001c5e | 0x00 | 0x00
[OK ]  |   351 | 0x00001c5f | 0x00 | 0x00
[OK ]  |   352 | 0x00001c60 | 0xed | 0xed
[OK ]  |   353 | 0x00001c61 | 0x3a | 0x3a
[OK ]  |   354 | 0x00001c62 | 0x00 | 0x00
[OK ]  |   355 | 0x00001c63 | 0x00 | 0x00
[OK ]  |   356 | 0x00001c64 | 0x4e | 0x4e
[OK ]  |   357 | 0x00001c65 | 0xbc | 0xbc
[OK ]  |   358 | 0x00001c66 | 0xff | 0xff
[OK ]  |   359 | 0x00001c67 | 0xff | 0xff
[OK ]  |   360 | 0x00001c68 | 0x70 | 0x70
[OK ]  |   361 | 0x00001c69 | 0xfc | 0xfc
[OK ]  |   362 | 0x00001c6a | 0xff | 0xff
[OK ]  |   363 | 0x00001c6b | 0xff | 0xff
[OK ]  |   364 | 0x00001c6c | 0x68 | 0x68
[OK ]  |   365 | 0x00001c6d | 0xf9 | 0xf9
[OK ]  |   366 | 0x00001c6e | 0xfe | 0xfe
[OK ]  |   367 | 0x00001c6f | 0xff | 0xff
[OK ]  |   368 | 0x00001c70 | 0x8b | 0x8b
[OK ]  |   369 | 0x00001c71 | 0x42 | 0x42
[OK ]  |   370 | 0x00001c72 | 0x00 | 0x00
[OK ]  |   371 | 0x00001c73 | 0x00 | 0x00
[OK ]  |   372 | 0x00001c74 | 0xbb | 0xbb
[OK ]  |   373 | 0x00001c75 | 0x99 | 0x99
[OK ]  |   374 | 0x00001c76 | 0xff | 0xff
[OK ]  |   375 | 0x00001c77 | 0xff | 0xff
[OK ]  |   376 | 0x00001c78 | 0xd6 | 0xd6
[OK ]  |   377 | 0x00001c79 | 0x1c | 0x1c
[OK ]  |   378 | 0x00001c7a | 0xff | 0xff
[OK ]  |   379 | 0x00001c7b | 0xff | 0xff
[OK ]  |   380 | 0x00001c7c | 0xe4 | 0xe4
[OK ]  |   381 | 0x00001c7d | 0x3f | 0x3f
[OK ]  |   382 | 0x00001c7e | 0x00 | 0x00
[OK ]  |   383 | 0x00001c7f | 0x00 | 0x00
[OK ]  |   384 | 0x00001c80 | 0x32 | 0x32
[OK ]  |   385 | 0x00001c81 | 0x70 | 0x70
[OK ]  |   386 | 0x00001c82 | 0x00 | 0x00
[OK ]  |   387 | 0x00001c83 | 0x00 | 0x00
[OK ]  |   388 | 0x00001c84 | 0x2d | 0x2d
[OK ]  |   389 | 0x00001c85 | 0xe0 | 0xe0
[OK ]  |   390 | 0x00001c86 | 0xff | 0xff
[OK ]  |   391 | 0x00001c87 | 0xff | 0xff
[OK ]  |   392 | 0x00001c88 | 0x8a | 0x8a
[OK ]  |   393 | 0x00001c89 | 0xf8 | 0xf8
[OK ]  |   394 | 0x00001c8a | 0xff | 0xff
[OK ]  |   395 | 0x00001c8b | 0xff | 0xff
[OK ]  |   396 | 0x00001c8c | 0x62 | 0x62
[OK ]  |   397 | 0x00001c8d | 0x1d | 0x1d
[OK ]  |   398 | 0x00001c8e | 0x00 | 0x00
[OK ]  |   399 | 0x00001c8f | 0x00 | 0x00
[OK ]  |   400 | 0x00001c90 | 0x50 | 0x50
[OK ]  |   401 | 0x00001c91 | 0xab | 0xab
[OK ]  |   402 | 0x00001c92 | 0x00 | 0x00
[OK ]  |   403 | 0x00001c93 | 0x00 | 0x00
[OK ]  |   404 | 0x00001c94 | 0x52 | 0x52
[OK ]  |   405 | 0x00001c95 | 0x81 | 0x81
[OK ]  |   406 | 0x00001c96 | 0x00 | 0x00
[OK ]  |   407 | 0x00001c97 | 0x00 | 0x00
[OK ]  |   408 | 0x00001c98 | 0x42 | 0x42
[OK ]  |   409 | 0x00001c99 | 0xc7 | 0xc7
[OK ]  |   410 | 0x00001c9a | 0xff | 0xff
[OK ]  |   411 | 0x00001c9b | 0xff | 0xff
[OK ]  |   412 | 0x00001c9c | 0x53 | 0x53
[OK ]  |   413 | 0x00001c9d | 0xd3 | 0xd3
[OK ]  |   414 | 0x00001c9e | 0xff | 0xff
[OK ]  |   415 | 0x00001c9f | 0xff | 0xff
[OK ]  |   416 | 0x00001ca0 | 0xd7 | 0xd7
[OK ]  |   417 | 0x00001ca1 | 0x58 | 0x58
[OK ]  |   418 | 0x00001ca2 | 0x00 | 0x00
[OK ]  |   419 | 0x00001ca3 | 0x00 | 0x00
[OK ]  |   420 | 0x00001ca4 | 0xc5 | 0xc5
[OK ]  |   421 | 0x00001ca5 | 0x64 | 0x64
[OK ]  |   422 | 0x00001ca6 | 0xff | 0xff
[OK ]  |   423 | 0x00001ca7 | 0xff | 0xff
[OK ]  |   424 | 0x00001ca8 | 0x5e | 0x5e
[OK ]  |   425 | 0x00001ca9 | 0xa5 | 0xa5
[OK ]  |   426 | 0x00001caa | 0x00 | 0x00
[OK ]  |   427 | 0x00001cab | 0x00 | 0x00
[OK ]  |   428 | 0x00001cac | 0xb5 | 0xb5
[OK ]  |   429 | 0x00001cad | 0x23 | 0x23
[OK ]  |   430 | 0x00001cae | 0x01 | 0x01
[OK ]  |   431 | 0x00001caf | 0x00 | 0x00
[OK ]  |   432 | 0x00001cb0 | 0xc2 | 0xc2
[OK ]  |   433 | 0x00001cb1 | 0xa2 | 0xa2
[OK ]  |   434 | 0x00001cb2 | 0xff | 0xff
[OK ]  |   435 | 0x00001cb3 | 0xff | 0xff
[OK ]  |   436 | 0x00001cb4 | 0xd1 | 0xd1
[OK ]  |   437 | 0x00001cb5 | 0xcd | 0xcd
[OK ]  |   438 | 0x00001cb6 | 0x00 | 0x00
[OK ]  |   439 | 0x00001cb7 | 0x00 | 0x00
[OK ]  |   440 | 0x00001cb8 | 0xe9 | 0xe9
[OK ]  |   441 | 0x00001cb9 | 0x95 | 0x95
[OK ]  |   442 | 0x00001cba | 0x00 | 0x00
[OK ]  |   443 | 0x00001cbb | 0x00 | 0x00
[OK ]  |   444 | 0x00001cbc | 0x80 | 0x80
[OK ]  |   445 | 0x00001cbd | 0xf4 | 0xf4
[OK ]  |   446 | 0x00001cbe | 0xff | 0xff
[OK ]  |   447 | 0x00001cbf | 0xff | 0xff
[OK ]  |   448 | 0x00001cc0 | 0x4a | 0x4a
[OK ]  |   449 | 0x00001cc1 | 0xfa | 0xfa
[OK ]  |   450 | 0x00001cc2 | 0xff | 0xff
[OK ]  |   451 | 0x00001cc3 | 0xff | 0xff
[OK ]  |   452 | 0x00001cc4 | 0xb8 | 0xb8
[OK ]  |   453 | 0x00001cc5 | 0xbe | 0xbe
[OK ]  |   454 | 0x00001cc6 | 0x00 | 0x00
[OK ]  |   455 | 0x00001cc7 | 0x00 | 0x00
[OK ]  |   456 | 0x00001cc8 | 0x07 | 0x07
[OK ]  |   457 | 0x00001cc9 | 0xae | 0xae
[OK ]  |   458 | 0x00001cca | 0x00 | 0x00
[OK ]  |   459 | 0x00001ccb | 0x00 | 0x00
[OK ]  |   460 | 0x00001ccc | 0xad | 0xad
[OK ]  |   461 | 0x00001ccd | 0x9b | 0x9b
[OK ]  |   462 | 0x00001cce | 0xff | 0xff
[OK ]  |   463 | 0x00001ccf | 0xff | 0xff
[OK ]  |   464 | 0x00001cd0 | 0x85 | 0x85
[OK ]  |   465 | 0x00001cd1 | 0x69 | 0x69
[OK ]  |   466 | 0x00001cd2 | 0x00 | 0x00
[OK ]  |   467 | 0x00001cd3 | 0x00 | 0x00
[OK ]  |   468 | 0x00001cd4 | 0x31 | 0x31
[OK ]  |   469 | 0x00001cd5 | 0x66 | 0x66
[OK ]  |   470 | 0x00001cd6 | 0x00 | 0x00
[OK ]  |   471 | 0x00001cd7 | 0x00 | 0x00
[OK ]  |   472 | 0x00001cd8 | 0xa8 | 0xa8
[OK ]  |   473 | 0x00001cd9 | 0x68 | 0x68
[OK ]  |   474 | 0x00001cda | 0xff | 0xff
[OK ]  |   475 | 0x00001cdb | 0xff | 0xff
[OK ]  |   476 | 0x00001cdc | 0xda | 0xda
[OK ]  |   477 | 0x00001cdd | 0xb8 | 0xb8
[OK ]  |   478 | 0x00001cde | 0xfe | 0xfe
[OK ]  |   479 | 0x00001cdf | 0xff | 0xff
[OK ]  |   480 | 0x00001ce0 | 0xa4 | 0xa4
[OK ]  |   481 | 0x00001ce1 | 0x69 | 0x69
[OK ]  |   482 | 0x00001ce2 | 0xff | 0xff
[OK ]  |   483 | 0x00001ce3 | 0xff | 0xff
[OK ]  |   484 | 0x00001ce4 | 0x85 | 0x85
[OK ]  |   485 | 0x00001ce5 | 0x78 | 0x78
[OK ]  |   486 | 0x00001ce6 | 0xff | 0xff
[OK ]  |   487 | 0x00001ce7 | 0xff | 0xff
[OK ]  |   488 | 0x00001ce8 | 0x09 | 0x09
[OK ]  |   489 | 0x00001ce9 | 0x0a | 0x0a
[OK ]  |   490 | 0x00001cea | 0x00 | 0x00
[OK ]  |   491 | 0x00001ceb | 0x00 | 0x00
[OK ]  |   492 | 0x00001cec | 0xc4 | 0xc4
[OK ]  |   493 | 0x00001ced | 0x93 | 0x93
[OK ]  |   494 | 0x00001cee | 0x00 | 0x00
[OK ]  |   495 | 0x00001cef | 0x00 | 0x00
[OK ]  |   496 | 0x00001cf0 | 0x73 | 0x73
[OK ]  |   497 | 0x00001cf1 | 0xdd | 0xdd
[OK ]  |   498 | 0x00001cf2 | 0xff | 0xff
[OK ]  |   499 | 0x00001cf3 | 0xff | 0xff
[OK ]  |   500 | 0x00001cf4 | 0xc8 | 0xc8
[OK ]  |   501 | 0x00001cf5 | 0xd8 | 0xd8
[OK ]  |   502 | 0x00001cf6 | 0xff | 0xff
[OK ]  |   503 | 0x00001cf7 | 0xff | 0xff
[OK ]  |   504 | 0x00001cf8 | 0xf4 | 0xf4
[OK ]  |   505 | 0x00001cf9 | 0x29 | 0x29
[OK ]  |   506 | 0x00001cfa | 0xfe | 0xfe
[OK ]  |   507 | 0x00001cfb | 0xff | 0xff
[OK ]  |   508 | 0x00001cfc | 0x01 | 0x01
[OK ]  |   509 | 0x00001cfd | 0x4d | 0x4d
[OK ]  |   510 | 0x00001cfe | 0x00 | 0x00
[OK ]  |   511 | 0x00001cff | 0x00 | 0x00
[OK ]  |   512 | 0x00001d00 | 0x35 | 0x35
[OK ]  |   513 | 0x00001d01 | 0x19 | 0x19
[OK ]  |   514 | 0x00001d02 | 0xff | 0xff
[OK ]  |   515 | 0x00001d03 | 0xff | 0xff
[OK ]  |   516 | 0x00001d04 | 0x71 | 0x71
[OK ]  |   517 | 0x00001d05 | 0xb6 | 0xb6
[OK ]  |   518 | 0x00001d06 | 0xff | 0xff
[OK ]  |   519 | 0x00001d07 | 0xff | 0xff
[OK ]  |   520 | 0x00001d08 | 0xa7 | 0xa7
[OK ]  |   521 | 0x00001d09 | 0x65 | 0x65
[OK ]  |   522 | 0x00001d0a | 0x00 | 0x00
[OK ]  |   523 | 0x00001d0b | 0x00 | 0x00
[OK ]  |   524 | 0x00001d0c | 0xfc | 0xfc
[OK ]  |   525 | 0x00001d0d | 0x8f | 0x8f
[OK ]  |   526 | 0x00001d0e | 0xff | 0xff
[OK ]  |   527 | 0x00001d0f | 0xff | 0xff
[OK ]  |   528 | 0x00001d10 | 0xae | 0xae
[OK ]  |   529 | 0x00001d11 | 0x3e | 0x3e
[OK ]  |   530 | 0x00001d12 | 0xff | 0xff
[OK ]  |   531 | 0x00001d13 | 0xff | 0xff
[OK ]  |   532 | 0x00001d14 | 0x85 | 0x85
[OK ]  |   533 | 0x00001d15 | 0x4e | 0x4e
[OK ]  |   534 | 0x00001d16 | 0x02 | 0x02
[OK ]  |   535 | 0x00001d17 | 0x00 | 0x00
[OK ]  |   536 | 0x00001d18 | 0xfe | 0xfe
[OK ]  |   537 | 0x00001d19 | 0xe7 | 0xe7
[OK ]  |   538 | 0x00001d1a | 0xff | 0xff
[OK ]  |   539 | 0x00001d1b | 0xff | 0xff
[OK ]  |   540 | 0x00001d1c | 0xcd | 0xcd
[OK ]  |   541 | 0x00001d1d | 0x78 | 0x78
[OK ]  |   542 | 0x00001d1e | 0xff | 0xff
[OK ]  |   543 | 0x00001d1f | 0xff | 0xff
[OK ]  |   544 | 0x00001d20 | 0x16 | 0x16
[OK ]  |   545 | 0x00001d21 | 0x5f | 0x5f
[OK ]  |   546 | 0x00001d22 | 0x00 | 0x00
[OK ]  |   547 | 0x00001d23 | 0x00 | 0x00
[OK ]  |   548 | 0x00001d24 | 0x48 | 0x48
[OK ]  |   549 | 0x00001d25 | 0x6f | 0x6f
[OK ]  |   550 | 0x00001d26 | 0x00 | 0x00
[OK ]  |   551 | 0x00001d27 | 0x00 | 0x00
[OK ]  |   552 | 0x00001d28 | 0x86 | 0x86
[OK ]  |   553 | 0x00001d29 | 0x5a | 0x5a
[OK ]  |   554 | 0x00001d2a | 0x00 | 0x00
[OK ]  |   555 | 0x00001d2b | 0x00 | 0x00
[OK ]  |   556 | 0x00001d2c | 0x72 | 0x72
[OK ]  |   557 | 0x00001d2d | 0x86 | 0x86
[OK ]  |   558 | 0x00001d2e | 0x01 | 0x01
[OK ]  |   559 | 0x00001d2f | 0x00 | 0x00
[OK ]  |   560 | 0x00001d30 | 0x84 | 0x84
[OK ]  |   561 | 0x00001d31 | 0x48 | 0x48
[OK ]  |   562 | 0x00001d32 | 0x00 | 0x00
[OK ]  |   563 | 0x00001d33 | 0x00 | 0x00
[OK ]  |   564 | 0x00001d34 | 0xfc | 0xfc
[OK ]  |   565 | 0x00001d35 | 0xbb | 0xbb
[OK ]  |   566 | 0x00001d36 | 0x00 | 0x00
[OK ]  |   567 | 0x00001d37 | 0x00 | 0x00
[OK ]  |   568 | 0x00001d38 | 0x24 | 0x24
[OK ]  |   569 | 0x00001d39 | 0x06 | 0x06
[OK ]  |   570 | 0x00001d3a | 0x01 | 0x01
[OK ]  |   571 | 0x00001d3b | 0x00 | 0x00
[OK ]  |   572 | 0x00001d3c | 0x75 | 0x75
[OK ]  |   573 | 0x00001d3d | 0xde | 0xde
[OK ]  |   574 | 0x00001d3e | 0x00 | 0x00
[OK ]  |   575 | 0x00001d3f | 0x00 | 0x00
[OK ]  |   576 | 0x00001d40 | 0xfa | 0xfa
[OK ]  |   577 | 0x00001d41 | 0x12 | 0x12
[OK ]  |   578 | 0x00001d42 | 0x01 | 0x01
[OK ]  |   579 | 0x00001d43 | 0x00 | 0x00
[OK ]  |   580 | 0x00001d44 | 0xf6 | 0xf6
[OK ]  |   581 | 0x00001d45 | 0xee | 0xee
[OK ]  |   582 | 0x00001d46 | 0xff | 0xff
[OK ]  |   583 | 0x00001d47 | 0xff | 0xff
[OK ]  |   584 | 0x00001d48 | 0x4e | 0x4e
[OK ]  |   585 | 0x00001d49 | 0xb1 | 0xb1
[OK ]  |   586 | 0x00001d4a | 0xff | 0xff
[OK ]  |   587 | 0x00001d4b | 0xff | 0xff
[OK ]  |   588 | 0x00001d4c | 0xc3 | 0xc3
[OK ]  |   589 | 0x00001d4d | 0x10 | 0x10
[OK ]  |   590 | 0x00001d4e | 0x00 | 0x00
[OK ]  |   591 | 0x00001d4f | 0x00 | 0x00
[OK ]  |   592 | 0x00001d50 | 0xde | 0xde
[OK ]  |   593 | 0x00001d51 | 0x08 | 0x08
[OK ]  |   594 | 0x00001d52 | 0x00 | 0x00
[OK ]  |   595 | 0x00001d53 | 0x00 | 0x00
[OK ]  |   596 | 0x00001d54 | 0xb6 | 0xb6
[OK ]  |   597 | 0x00001d55 | 0xb2 | 0xb2
[OK ]  |   598 | 0x00001d56 | 0xfe | 0xfe
[OK ]  |   599 | 0x00001d57 | 0xff | 0xff
[OK ]  |   600 | 0x00001d58 | 0x7e | 0x7e
[OK ]  |   601 | 0x00001d59 | 0x87 | 0x87
[OK ]  |   602 | 0x00001d5a | 0x00 | 0x00
[OK ]  |   603 | 0x00001d5b | 0x00 | 0x00
[OK ]  |   604 | 0x00001d5c | 0x6b | 0x6b
[OK ]  |   605 | 0x00001d5d | 0x9c | 0x9c
[OK ]  |   606 | 0x00001d5e | 0xff | 0xff
[OK ]  |   607 | 0x00001d5f | 0xff | 0xff
[OK ]  |   608 | 0x00001d60 | 0x3d | 0x3d
[OK ]  |   609 | 0x00001d61 | 0xd1 | 0xd1
[OK ]  |   610 | 0x00001d62 | 0xff | 0xff
[OK ]  |   611 | 0x00001d63 | 0xff | 0xff
[OK ]  |   612 | 0x00001d64 | 0x90 | 0x90
[OK ]  |   613 | 0x00001d65 | 0x04 | 0x04
[OK ]  |   614 | 0x00001d66 | 0x00 | 0x00
[OK ]  |   615 | 0x00001d67 | 0x00 | 0x00
[OK ]  |   616 | 0x00001d68 | 0xa6 | 0xa6
[OK ]  |   617 | 0x00001d69 | 0x09 | 0x09
[OK ]  |   618 | 0x00001d6a | 0xfe | 0xfe
[OK ]  |   619 | 0x00001d6b | 0xff | 0xff
[OK ]  |   620 | 0x00001d6c | 0x9e | 0x9e
[OK ]  |   621 | 0x00001d6d | 0xd0 | 0xd0
[OK ]  |   622 | 0x00001d6e | 0xff | 0xff
[OK ]  |   623 | 0x00001d6f | 0xff | 0xff
[OK ]  |   624 | 0x00001d70 | 0x4d | 0x4d
[OK ]  |   625 | 0x00001d71 | 0x90 | 0x90
[OK ]  |   626 | 0x00001d72 | 0x01 | 0x01
[OK ]  |   627 | 0x00001d73 | 0x00 | 0x00
[OK ]  |   628 | 0x00001d74 | 0x43 | 0x43
[OK ]  |   629 | 0x00001d75 | 0x38 | 0x38
[OK ]  |   630 | 0x00001d76 | 0xfe | 0xfe
[OK ]  |   631 | 0x00001d77 | 0xff | 0xff
[OK ]  |   632 | 0x00001d78 | 0x8a | 0x8a
[OK ]  |   633 | 0x00001d79 | 0x96 | 0x96
[OK ]  |   634 | 0x00001d7a | 0xff | 0xff
[OK ]  |   635 | 0x00001d7b | 0xff | 0xff
[OK ]  |   636 | 0x00001d7c | 0xc9 | 0xc9
[OK ]  |   637 | 0x00001d7d | 0xcb | 0xcb
[OK ]  |   638 | 0x00001d7e | 0x00 | 0x00
[OK ]  |   639 | 0x00001d7f | 0x00 | 0x00
[OK ]  |   640 | 0x00001d80 | 0xf1 | 0xf1
[OK ]  |   641 | 0x00001d81 | 0x62 | 0x62
[OK ]  |   642 | 0x00001d82 | 0x01 | 0x01
[OK ]  |   643 | 0x00001d83 | 0x00 | 0x00
[OK ]  |   644 | 0x00001d84 | 0x30 | 0x30
[OK ]  |   645 | 0x00001d85 | 0xff | 0xff
[OK ]  |   646 | 0x00001d86 | 0xff | 0xff
[OK ]  |   647 | 0x00001d87 | 0xff | 0xff
[OK ]  |   648 | 0x00001d88 | 0x2e | 0x2e
[OK ]  |   649 | 0x00001d89 | 0xac | 0xac
[OK ]  |   650 | 0x00001d8a | 0xfe | 0xfe
[OK ]  |   651 | 0x00001d8b | 0xff | 0xff
[OK ]  |   652 | 0x00001d8c | 0xa5 | 0xa5
[OK ]  |   653 | 0x00001d8d | 0x3e | 0x3e
[OK ]  |   654 | 0x00001d8e | 0x00 | 0x00
[OK ]  |   655 | 0x00001d8f | 0x00 | 0x00
[OK ]  |   656 | 0x00001d90 | 0xa9 | 0xa9
[OK ]  |   657 | 0x00001d91 | 0xfe | 0xfe
[OK ]  |   658 | 0x00001d92 | 0xff | 0xff
[OK ]  |   659 | 0x00001d93 | 0xff | 0xff
[OK ]  |   660 | 0x00001d94 | 0xe5 | 0xe5
[OK ]  |   661 | 0x00001d95 | 0xdb | 0xdb
[OK ]  |   662 | 0x00001d96 | 0xfe | 0xfe
[OK ]  |   663 | 0x00001d97 | 0xff | 0xff
[OK ]  |   664 | 0x00001d98 | 0x5f | 0x5f
[OK ]  |   665 | 0x00001d99 | 0x9a | 0x9a
[OK ]  |   666 | 0x00001d9a | 0xff | 0xff
[OK ]  |   667 | 0x00001d9b | 0xff | 0xff
[OK ]  |   668 | 0x00001d9c | 0xb3 | 0xb3
[OK ]  |   669 | 0x00001d9d | 0xd8 | 0xd8
[OK ]  |   670 | 0x00001d9e | 0x00 | 0x00
[OK ]  |   671 | 0x00001d9f | 0x00 | 0x00
[OK ]  |   672 | 0x00001da0 | 0xc9 | 0xc9
[OK ]  |   673 | 0x00001da1 | 0x9e | 0x9e
[OK ]  |   674 | 0x00001da2 | 0xff | 0xff
[OK ]  |   675 | 0x00001da3 | 0xff | 0xff
[OK ]  |   676 | 0x00001da4 | 0x52 | 0x52
[OK ]  |   677 | 0x00001da5 | 0x78 | 0x78
[OK ]  |   678 | 0x00001da6 | 0x00 | 0x00
[OK ]  |   679 | 0x00001da7 | 0x00 | 0x00
[OK ]  |   680 | 0x00001da8 | 0xbc | 0xbc
[OK ]  |   681 | 0x00001da9 | 0x95 | 0x95
[OK ]  |   682 | 0x00001daa | 0xff | 0xff
[OK ]  |   683 | 0x00001dab | 0xff | 0xff
[OK ]  |   684 | 0x00001dac | 0xfb | 0xfb
[OK ]  |   685 | 0x00001dad | 0xd5 | 0xd5
[OK ]  |   686 | 0x00001dae | 0xff | 0xff
[OK ]  |   687 | 0x00001daf | 0xff | 0xff
[OK ]  |   688 | 0x00001db0 | 0x8c | 0x8c
[OK ]  |   689 | 0x00001db1 | 0x51 | 0x51
[OK ]  |   690 | 0x00001db2 | 0x00 | 0x00
[OK ]  |   691 | 0x00001db3 | 0x00 | 0x00
[OK ]  |   692 | 0x00001db4 | 0x7b | 0x7b
[OK ]  |   693 | 0x00001db5 | 0x87 | 0x87
[OK ]  |   694 | 0x00001db6 | 0xfe | 0xfe
[OK ]  |   695 | 0x00001db7 | 0xff | 0xff
[OK ]  |   696 | 0x00001db8 | 0x30 | 0x30
[OK ]  |   697 | 0x00001db9 | 0x94 | 0x94
[OK ]  |   698 | 0x00001dba | 0xff | 0xff
[OK ]  |   699 | 0x00001dbb | 0xff | 0xff
[OK ]  |   700 | 0x00001dbc | 0xe0 | 0xe0
[OK ]  |   701 | 0x00001dbd | 0x1d | 0x1d
[OK ]  |   702 | 0x00001dbe | 0x00 | 0x00
[OK ]  |   703 | 0x00001dbf | 0x00 | 0x00
[OK ]  |   704 | 0x00001dc0 | 0x14 | 0x14
[OK ]  |   705 | 0x00001dc1 | 0xc1 | 0xc1
[OK ]  |   706 | 0x00001dc2 | 0x00 | 0x00
[OK ]  |   707 | 0x00001dc3 | 0x00 | 0x00
[OK ]  |   708 | 0x00001dc4 | 0x4a | 0x4a
[OK ]  |   709 | 0x00001dc5 | 0x3b | 0x3b
[OK ]  |   710 | 0x00001dc6 | 0xff | 0xff
[OK ]  |   711 | 0x00001dc7 | 0xff | 0xff
[OK ]  |   712 | 0x00001dc8 | 0x81 | 0x81
[OK ]  |   713 | 0x00001dc9 | 0x17 | 0x17
[OK ]  |   714 | 0x00001dca | 0x00 | 0x00
[OK ]  |   715 | 0x00001dcb | 0x00 | 0x00
[OK ]  |   716 | 0x00001dcc | 0xb4 | 0xb4
[OK ]  |   717 | 0x00001dcd | 0xd0 | 0xd0
[OK ]  |   718 | 0x00001dce | 0xfe | 0xfe
[OK ]  |   719 | 0x00001dcf | 0xff | 0xff
[OK ]  |   720 | 0x00001dd0 | 0xd2 | 0xd2
[OK ]  |   721 | 0x00001dd1 | 0x93 | 0x93
[OK ]  |   722 | 0x00001dd2 | 0xfe | 0xfe
[OK ]  |   723 | 0x00001dd3 | 0xff | 0xff
[OK ]  |   724 | 0x00001dd4 | 0xa9 | 0xa9
[OK ]  |   725 | 0x00001dd5 | 0xba | 0xba
[OK ]  |   726 | 0x00001dd6 | 0xff | 0xff
[OK ]  |   727 | 0x00001dd7 | 0xff | 0xff
[OK ]  |   728 | 0x00001dd8 | 0xef | 0xef
[OK ]  |   729 | 0x00001dd9 | 0xa4 | 0xa4
[OK ]  |   730 | 0x00001dda | 0x00 | 0x00
[OK ]  |   731 | 0x00001ddb | 0x00 | 0x00
[OK ]  |   732 | 0x00001ddc | 0x6c | 0x6c
[OK ]  |   733 | 0x00001ddd | 0x31 | 0x31
[OK ]  |   734 | 0x00001dde | 0x00 | 0x00
[OK ]  |   735 | 0x00001ddf | 0x00 | 0x00
[OK ]  |   736 | 0x00001de0 | 0x1b | 0x1b
[OK ]  |   737 | 0x00001de1 | 0x22 | 0x22
[OK ]  |   738 | 0x00001de2 | 0x00 | 0x00
[OK ]  |   739 | 0x00001de3 | 0x00 | 0x00
[OK ]  |   740 | 0x00001de4 | 0x9e | 0x9e
[OK ]  |   741 | 0x00001de5 | 0x04 | 0x04
[OK ]  |   742 | 0x00001de6 | 0x00 | 0x00
[OK ]  |   743 | 0x00001de7 | 0x00 | 0x00
[OK ]  |   744 | 0x00001de8 | 0x84 | 0x84
[OK ]  |   745 | 0x00001de9 | 0x5a | 0x5a
[OK ]  |   746 | 0x00001dea | 0x01 | 0x01
[OK ]  |   747 | 0x00001deb | 0x00 | 0x00
[OK ]  |   748 | 0x00001dec | 0xeb | 0xeb
[OK ]  |   749 | 0x00001ded | 0x6b | 0x6b
[OK ]  |   750 | 0x00001dee | 0xff | 0xff
[OK ]  |   751 | 0x00001def | 0xff | 0xff
[OK ]  |   752 | 0x00001df0 | 0xce | 0xce
[OK ]  |   753 | 0x00001df1 | 0xd2 | 0xd2
[OK ]  |   754 | 0x00001df2 | 0xfe | 0xfe
[OK ]  |   755 | 0x00001df3 | 0xff | 0xff
[OK ]  |   756 | 0x00001df4 | 0x20 | 0x20
[OK ]  |   757 | 0x00001df5 | 0x2e | 0x2e
[OK ]  |   758 | 0x00001df6 | 0x00 | 0x00
[OK ]  |   759 | 0x00001df7 | 0x00 | 0x00
[OK ]  |   760 | 0x00001df8 | 0xe1 | 0xe1
[OK ]  |   761 | 0x00001df9 | 0xd8 | 0xd8
[OK ]  |   762 | 0x00001dfa | 0xfe | 0xfe
[OK ]  |   763 | 0x00001dfb | 0xff | 0xff
[OK ]  |   764 | 0x00001dfc | 0xae | 0xae
[OK ]  |   765 | 0x00001dfd | 0x97 | 0x97
[OK ]  |   766 | 0x00001dfe | 0xff | 0xff
[OK ]  |   767 | 0x00001dff | 0xff | 0xff
[OK ]  |   768 | 0x00001e00 | 0x8b | 0x8b
[OK ]  |   769 | 0x00001e01 | 0x5e | 0x5e
[OK ]  |   770 | 0x00001e02 | 0xff | 0xff
[OK ]  |   771 | 0x00001e03 | 0xff | 0xff
[OK ]  |   772 | 0x00001e04 | 0x1d | 0x1d
[OK ]  |   773 | 0x00001e05 | 0x47 | 0x47
[OK ]  |   774 | 0x00001e06 | 0xff | 0xff
[OK ]  |   775 | 0x00001e07 | 0xff | 0xff
[OK ]  |   776 | 0x00001e08 | 0x1c | 0x1c
[OK ]  |   777 | 0x00001e09 | 0x1f | 0x1f
[OK ]  |   778 | 0x00001e0a | 0xff | 0xff
[OK ]  |   779 | 0x00001e0b | 0xff | 0xff
[OK ]  |   780 | 0x00001e0c | 0x68 | 0x68
[OK ]  |   781 | 0x00001e0d | 0x4b | 0x4b
[OK ]  |   782 | 0x00001e0e | 0x00 | 0x00
[OK ]  |   783 | 0x00001e0f | 0x00 | 0x00
[OK ]  |   784 | 0x00001e10 | 0xc1 | 0xc1
[OK ]  |   785 | 0x00001e11 | 0xef | 0xef
[OK ]  |   786 | 0x00001e12 | 0xff | 0xff
[OK ]  |   787 | 0x00001e13 | 0xff | 0xff
[OK ]  |   788 | 0x00001e14 | 0x0d | 0x0d
[OK ]  |   789 | 0x00001e15 | 0x61 | 0x61
[OK ]  |   790 | 0x00001e16 | 0x00 | 0x00
[OK ]  |   791 | 0x00001e17 | 0x00 | 0x00
[OK ]  |   792 | 0x00001e18 | 0xc5 | 0xc5
[OK ]  |   793 | 0x00001e19 | 0x57 | 0x57
[OK ]  |   794 | 0x00001e1a | 0xff | 0xff
[OK ]  |   795 | 0x00001e1b | 0xff | 0xff
[OK ]  |   796 | 0x00001e1c | 0xb7 | 0xb7
[OK ]  |   797 | 0x00001e1d | 0x88 | 0x88
[OK ]  |   798 | 0x00001e1e | 0xff | 0xff
[OK ]  |   799 | 0x00001e1f | 0xff | 0xff
[OK ]  |   800 | 0x00001e20 | 0x7d | 0x7d
[OK ]  |   801 | 0x00001e21 | 0x95 | 0x95
[OK ]  |   802 | 0x00001e22 | 0xff | 0xff
[OK ]  |   803 | 0x00001e23 | 0xff | 0xff
[OK ]  |   804 | 0x00001e24 | 0xed | 0xed
[OK ]  |   805 | 0x00001e25 | 0xc3 | 0xc3
[OK ]  |   806 | 0x00001e26 | 0xff | 0xff
[OK ]  |   807 | 0x00001e27 | 0xff | 0xff
[OK ]  |   808 | 0x00001e28 | 0x50 | 0x50
[OK ]  |   809 | 0x00001e29 | 0x1f | 0x1f
[OK ]  |   810 | 0x00001e2a | 0xff | 0xff
[OK ]  |   811 | 0x00001e2b | 0xff | 0xff
[OK ]  |   812 | 0x00001e2c | 0xde | 0xde
[OK ]  |   813 | 0x00001e2d | 0xe8 | 0xe8
[OK ]  |   814 | 0x00001e2e | 0x00 | 0x00
[OK ]  |   815 | 0x00001e2f | 0x00 | 0x00
[OK ]  |   816 | 0x00001e30 | 0x4c | 0x4c
[OK ]  |   817 | 0x00001e31 | 0xc9 | 0xc9
[OK ]  |   818 | 0x00001e32 | 0x00 | 0x00
[OK ]  |   819 | 0x00001e33 | 0x00 | 0x00
[OK ]  |   820 | 0x00001e34 | 0x35 | 0x35
[OK ]  |   821 | 0x00001e35 | 0x32 | 0x32
[OK ]  |   822 | 0x00001e36 | 0x00 | 0x00
[OK ]  |   823 | 0x00001e37 | 0x00 | 0x00
[OK ]  |   824 | 0x00001e38 | 0xec | 0xec
[OK ]  |   825 | 0x00001e39 | 0x6e | 0x6e
[OK ]  |   826 | 0x00001e3a | 0xff | 0xff
[OK ]  |   827 | 0x00001e3b | 0xff | 0xff
[OK ]  |   828 | 0x00001e3c | 0xdc | 0xdc
[OK ]  |   829 | 0x00001e3d | 0x9d | 0x9d
[OK ]  |   830 | 0x00001e3e | 0xff | 0xff
[OK ]  |   831 | 0x00001e3f | 0xff | 0xff
[OK ]  |   832 | 0x00001e40 | 0xbf | 0xbf
[OK ]  |   833 | 0x00001e41 | 0x7d | 0x7d
[OK ]  |   834 | 0x00001e42 | 0xff | 0xff
[OK ]  |   835 | 0x00001e43 | 0xff | 0xff
[OK ]  |   836 | 0x00001e44 | 0xde | 0xde
[OK ]  |   837 | 0x00001e45 | 0x15 | 0x15
[OK ]  |   838 | 0x00001e46 | 0x00 | 0x00
[OK ]  |   839 | 0x00001e47 | 0x00 | 0x00
[OK ]  |   840 | 0x00001e48 | 0x6d | 0x6d
[OK ]  |   841 | 0x00001e49 | 0x80 | 0x80
[OK ]  |   842 | 0x00001e4a | 0x00 | 0x00
[OK ]  |   843 | 0x00001e4b | 0x00 | 0x00
[OK ]  |   844 | 0x00001e4c | 0xd3 | 0xd3
[OK ]  |   845 | 0x00001e4d | 0xc5 | 0xc5
[OK ]  |   846 | 0x00001e4e | 0xff | 0xff
[OK ]  |   847 | 0x00001e4f | 0xff | 0xff
[OK ]  |   848 | 0x00001e50 | 0x82 | 0x82
[OK ]  |   849 | 0x00001e51 | 0x9a | 0x9a
[OK ]  |   850 | 0x00001e52 | 0xff | 0xff
[OK ]  |   851 | 0x00001e53 | 0xff | 0xff
[OK ]  |   852 | 0x00001e54 | 0xfa | 0xfa
[OK ]  |   853 | 0x00001e55 | 0x00 | 0x00
[OK ]  |   854 | 0x00001e56 | 0x00 | 0x00
[OK ]  |   855 | 0x00001e57 | 0x00 | 0x00
[OK ]  |   856 | 0x00001e58 | 0xe2 | 0xe2
[OK ]  |   857 | 0x00001e59 | 0x9a | 0x9a
[OK ]  |   858 | 0x00001e5a | 0xff | 0xff
[OK ]  |   859 | 0x00001e5b | 0xff | 0xff
[OK ]  |   860 | 0x00001e5c | 0x04 | 0x04
[OK ]  |   861 | 0x00001e5d | 0x3f | 0x3f
[OK ]  |   862 | 0x00001e5e | 0x01 | 0x01
[OK ]  |   863 | 0x00001e5f | 0x00 | 0x00
[OK ]  |   864 | 0x00001e60 | 0x64 | 0x64
[OK ]  |   865 | 0x00001e61 | 0xb6 | 0xb6
[OK ]  |   866 | 0x00001e62 | 0xff | 0xff
[OK ]  |   867 | 0x00001e63 | 0xff | 0xff
[OK ]  |   868 | 0x00001e64 | 0xa0 | 0xa0
[OK ]  |   869 | 0x00001e65 | 0x5e | 0x5e
[OK ]  |   870 | 0x00001e66 | 0x00 | 0x00
[OK ]  |   871 | 0x00001e67 | 0x00 | 0x00
[OK ]  |   872 | 0x00001e68 | 0xbc | 0xbc
[OK ]  |   873 | 0x00001e69 | 0x94 | 0x94
[OK ]  |   874 | 0x00001e6a | 0x00 | 0x00
[OK ]  |   875 | 0x00001e6b | 0x00 | 0x00
[OK ]  |   876 | 0x00001e6c | 0xd1 | 0xd1
[OK ]  |   877 | 0x00001e6d | 0x27 | 0x27
[OK ]  |   878 | 0x00001e6e | 0xff | 0xff
[OK ]  |   879 | 0x00001e6f | 0xff | 0xff
[OK ]  |   880 | 0x00001e70 | 0xe1 | 0xe1
[OK ]  |   881 | 0x00001e71 | 0x3f | 0x3f
[OK ]  |   882 | 0x00001e72 | 0x00 | 0x00
[OK ]  |   883 | 0x00001e73 | 0x00 | 0x00
[OK ]  |   884 | 0x00001e74 | 0x6b | 0x6b
[OK ]  |   885 | 0x00001e75 | 0xba | 0xba
[OK ]  |   886 | 0x00001e76 | 0x00 | 0x00
[OK ]  |   887 | 0x00001e77 | 0x00 | 0x00
[OK ]  |   888 | 0x00001e78 | 0x09 | 0x09
[OK ]  |   889 | 0x00001e79 | 0x68 | 0x68
[OK ]  |   890 | 0x00001e7a | 0x01 | 0x01
[OK ]  |   891 | 0x00001e7b | 0x00 | 0x00
[OK ]  |   892 | 0x00001e7c | 0x69 | 0x69
[OK ]  |   893 | 0x00001e7d | 0x18 | 0x18
[OK ]  |   894 | 0x00001e7e | 0x00 | 0x00
[OK ]  |   895 | 0x00001e7f | 0x00 | 0x00
[OK ]  |   896 | 0x00001e80 | 0x45 | 0x45
[OK ]  |   897 | 0x00001e81 | 0x49 | 0x49
[OK ]  |   898 | 0x00001e82 | 0xff | 0xff
[OK ]  |   899 | 0x00001e83 | 0xff | 0xff
[OK ]  |   900 | 0x00001e84 | 0x50 | 0x50
[OK ]  |   901 | 0x00001e85 | 0x73 | 0x73
[OK ]  |   902 | 0x00001e86 | 0xff | 0xff
[OK ]  |   903 | 0x00001e87 | 0xff | 0xff
[OK ]  |   904 | 0x00001e88 | 0xa0 | 0xa0
[OK ]  |   905 | 0x00001e89 | 0x4c | 0x4c
[OK ]  |   906 | 0x00001e8a | 0x00 | 0x00
[OK ]  |   907 | 0x00001e8b | 0x00 | 0x00
[OK ]  |   908 | 0x00001e8c | 0x45 | 0x45
[OK ]  |   909 | 0x00001e8d | 0x3f | 0x3f
[OK ]  |   910 | 0x00001e8e | 0xff | 0xff
[OK ]  |   911 | 0x00001e8f | 0xff | 0xff
[OK ]  |   912 | 0x00001e90 | 0x79 | 0x79
[OK ]  |   913 | 0x00001e91 | 0x90 | 0x90
[OK ]  |   914 | 0x00001e92 | 0x00 | 0x00
[OK ]  |   915 | 0x00001e93 | 0x00 | 0x00
[OK ]  |   916 | 0x00001e94 | 0xfd | 0xfd
[OK ]  |   917 | 0x00001e95 | 0xb7 | 0xb7
[OK ]  |   918 | 0x00001e96 | 0x00 | 0x00
[OK ]  |   919 | 0x00001e97 | 0x00 | 0x00
[OK ]  |   920 | 0x00001e98 | 0x44 | 0x44
[OK ]  |   921 | 0x00001e99 | 0x65 | 0x65
[OK ]  |   922 | 0x00001e9a | 0xff | 0xff
[OK ]  |   923 | 0x00001e9b | 0xff | 0xff
[OK ]  |   924 | 0x00001e9c | 0xc5 | 0xc5
[OK ]  |   925 | 0x00001e9d | 0xd4 | 0xd4
[OK ]  |   926 | 0x00001e9e | 0x00 | 0x00
[OK ]  |   927 | 0x00001e9f | 0x00 | 0x00
[OK ]  |   928 | 0x00001ea0 | 0x8e | 0x8e
[OK ]  |   929 | 0x00001ea1 | 0x83 | 0x83
[OK ]  |   930 | 0x00001ea2 | 0xff | 0xff
[OK ]  |   931 | 0x00001ea3 | 0xff | 0xff
[OK ]  |   932 | 0x00001ea4 | 0xa0 | 0xa0
[OK ]  |   933 | 0x00001ea5 | 0xd3 | 0xd3
[OK ]  |   934 | 0x00001ea6 | 0xff | 0xff
[OK ]  |   935 | 0x00001ea7 | 0xff | 0xff
[OK ]  |   936 | 0x00001ea8 | 0xfe | 0xfe
[OK ]  |   937 | 0x00001ea9 | 0xfe | 0xfe
[OK ]  |   938 | 0x00001eaa | 0xff | 0xff
[OK ]  |   939 | 0x00001eab | 0xff | 0xff
[OK ]  |   940 | 0x00001eac | 0x46 | 0x46
[OK ]  |   941 | 0x00001ead | 0xf7 | 0xf7
[OK ]  |   942 | 0x00001eae | 0xff | 0xff
[OK ]  |   943 | 0x00001eaf | 0xff | 0xff
[OK ]  |   944 | 0x00001eb0 | 0xd2 | 0xd2
[OK ]  |   945 | 0x00001eb1 | 0x57 | 0x57
[OK ]  |   946 | 0x00001eb2 | 0x01 | 0x01
[OK ]  |   947 | 0x00001eb3 | 0x00 | 0x00
[OK ]  |   948 | 0x00001eb4 | 0x39 | 0x39
[OK ]  |   949 | 0x00001eb5 | 0xfa | 0xfa
[OK ]  |   950 | 0x00001eb6 | 0xff | 0xff
[OK ]  |   951 | 0x00001eb7 | 0xff | 0xff
[OK ]  |   952 | 0x00001eb8 | 0x08 | 0x08
[OK ]  |   953 | 0x00001eb9 | 0xf6 | 0xf6
[OK ]  |   954 | 0x00001eba | 0xfe | 0xfe
[OK ]  |   955 | 0x00001ebb | 0xff | 0xff
[OK ]  |   956 | 0x00001ebc | 0x25 | 0x25
[OK ]  |   957 | 0x00001ebd | 0x93 | 0x93
[OK ]  |   958 | 0x00001ebe | 0xfe | 0xfe
[OK ]  |   959 | 0x00001ebf | 0xff | 0xff
[OK ]  |   960 | 0x00001ec0 | 0xdd | 0xdd
[OK ]  |   961 | 0x00001ec1 | 0x91 | 0x91
[OK ]  |   962 | 0x00001ec2 | 0xff | 0xff
[OK ]  |   963 | 0x00001ec3 | 0xff | 0xff
[OK ]  |   964 | 0x00001ec4 | 0x12 | 0x12
[OK ]  |   965 | 0x00001ec5 | 0x78 | 0x78
[OK ]  |   966 | 0x00001ec6 | 0xff | 0xff
[OK ]  |   967 | 0x00001ec7 | 0xff | 0xff
[OK ]  |   968 | 0x00001ec8 | 0x72 | 0x72
[OK ]  |   969 | 0x00001ec9 | 0xa6 | 0xa6
[OK ]  |   970 | 0x00001eca | 0x00 | 0x00
[OK ]  |   971 | 0x00001ecb | 0x00 | 0x00
[OK ]  |   972 | 0x00001ecc | 0x61 | 0x61
[OK ]  |   973 | 0x00001ecd | 0x9c | 0x9c
[OK ]  |   974 | 0x00001ece | 0xff | 0xff
[OK ]  |   975 | 0x00001ecf | 0xff | 0xff
[OK ]  |   976 | 0x00001ed0 | 0xa2 | 0xa2
[OK ]  |   977 | 0x00001ed1 | 0xa2 | 0xa2
[OK ]  |   978 | 0x00001ed2 | 0xfe | 0xfe
[OK ]  |   979 | 0x00001ed3 | 0xff | 0xff
[OK ]  |   980 | 0x00001ed4 | 0x7c | 0x7c
[OK ]  |   981 | 0x00001ed5 | 0xc0 | 0xc0
[OK ]  |   982 | 0x00001ed6 | 0xff | 0xff
[OK ]  |   983 | 0x00001ed7 | 0xff | 0xff
[OK ]  |   984 | 0x00001ed8 | 0x7b | 0x7b
[OK ]  |   985 | 0x00001ed9 | 0x57 | 0x57
[OK ]  |   986 | 0x00001eda | 0x00 | 0x00
[OK ]  |   987 | 0x00001edb | 0x00 | 0x00
[OK ]  |   988 | 0x00001edc | 0xbb | 0xbb
[OK ]  |   989 | 0x00001edd | 0x46 | 0x46
[OK ]  |   990 | 0x00001ede | 0xff | 0xff
[OK ]  |   991 | 0x00001edf | 0xff | 0xff
[OK ]  |   992 | 0x00001ee0 | 0xff | 0xff
[OK ]  |   993 | 0x00001ee1 | 0xd9 | 0xd9
[OK ]  |   994 | 0x00001ee2 | 0xff | 0xff
[OK ]  |   995 | 0x00001ee3 | 0xff | 0xff
[OK ]  |   996 | 0x00001ee4 | 0x0a | 0x0a
[OK ]  |   997 | 0x00001ee5 | 0x08 | 0x08
[OK ]  |   998 | 0x00001ee6 | 0x00 | 0x00
[OK ]  |   999 | 0x00001ee7 | 0x00 | 0x00
[OK ]  |  1000 | 0x00001ee8 | 0x6c | 0x6c
[OK ]  |  1001 | 0x00001ee9 | 0xe7 | 0xe7
[OK ]  |  1002 | 0x00001eea | 0x00 | 0x00
[OK ]  |  1003 | 0x00001eeb | 0x00 | 0x00
[OK ]  |  1004 | 0x00001eec | 0x5a | 0x5a
[OK ]  |  1005 | 0x00001eed | 0xf8 | 0xf8
[OK ]  |  1006 | 0x00001eee | 0xff | 0xff
[OK ]  |  1007 | 0x00001eef | 0xff | 0xff
[OK ]  |  1008 | 0x00001ef0 | 0x22 | 0x22
[OK ]  |  1009 | 0x00001ef1 | 0x55 | 0x55
[OK ]  |  1010 | 0x00001ef2 | 0xff | 0xff
[OK ]  |  1011 | 0x00001ef3 | 0xff | 0xff
[OK ]  |  1012 | 0x00001ef4 | 0x34 | 0x34
[OK ]  |  1013 | 0x00001ef5 | 0x0f | 0x0f
[OK ]  |  1014 | 0x00001ef6 | 0x00 | 0x00
[OK ]  |  1015 | 0x00001ef7 | 0x00 | 0x00
[OK ]  |  1016 | 0x00001ef8 | 0x51 | 0x51
[OK ]  |  1017 | 0x00001ef9 | 0x3d | 0x3d
[OK ]  |  1018 | 0x00001efa | 0x00 | 0x00
[OK ]  |  1019 | 0x00001efb | 0x00 | 0x00
[OK ]  |  1020 | 0x00001efc | 0x47 | 0x47
[OK ]  |  1021 | 0x00001efd | 0x33 | 0x33
[OK ]  |  1022 | 0x00001efe | 0x00 | 0x00
[OK ]  |  1023 | 0x00001eff | 0x00 | 0x00
[OK ]  |  1024 | 0x00001f00 | 0xf2 | 0xf2
[OK ]  |  1025 | 0x00001f01 | 0x35 | 0x35
[OK ]  |  1026 | 0x00001f02 | 0x00 | 0x00
[OK ]  |  1027 | 0x00001f03 | 0x00 | 0x00
[OK ]  |  1028 | 0x00001f04 | 0x93 | 0x93
[OK ]  |  1029 | 0x00001f05 | 0x6f | 0x6f
[OK ]  |  1030 | 0x00001f06 | 0xff | 0xff
[OK ]  |  1031 | 0x00001f07 | 0xff | 0xff
[OK ]  |  1032 | 0x00001f08 | 0x29 | 0x29
[OK ]  |  1033 | 0x00001f09 | 0xb8 | 0xb8
[OK ]  |  1034 | 0x00001f0a | 0xfe | 0xfe
[OK ]  |  1035 | 0x00001f0b | 0xff | 0xff
[OK ]  |  1036 | 0x00001f0c | 0x07 | 0x07
[OK ]  |  1037 | 0x00001f0d | 0xa7 | 0xa7
[OK ]  |  1038 | 0x00001f0e | 0xff | 0xff
[OK ]  |  1039 | 0x00001f0f | 0xff | 0xff
[OK ]  |  1040 | 0x00001f10 | 0xcc | 0xcc
[OK ]  |  1041 | 0x00001f11 | 0xc7 | 0xc7
[OK ]  |  1042 | 0x00001f12 | 0xff | 0xff
[OK ]  |  1043 | 0x00001f13 | 0xff | 0xff
[OK ]  |  1044 | 0x00001f14 | 0x31 | 0x31
[OK ]  |  1045 | 0x00001f15 | 0xaa | 0xaa
[OK ]  |  1046 | 0x00001f16 | 0xff | 0xff
[OK ]  |  1047 | 0x00001f17 | 0xff | 0xff
[OK ]  |  1048 | 0x00001f18 | 0x73 | 0x73
[OK ]  |  1049 | 0x00001f19 | 0x9b | 0x9b
[OK ]  |  1050 | 0x00001f1a | 0x00 | 0x00
[OK ]  |  1051 | 0x00001f1b | 0x00 | 0x00
[OK ]  |  1052 | 0x00001f1c | 0x53 | 0x53
[OK ]  |  1053 | 0x00001f1d | 0x9f | 0x9f
[OK ]  |  1054 | 0x00001f1e | 0x00 | 0x00
[OK ]  |  1055 | 0x00001f1f | 0x00 | 0x00
[OK ]  |  1056 | 0x00001f20 | 0xe2 | 0xe2
[OK ]  |  1057 | 0x00001f21 | 0x3b | 0x3b
[OK ]  |  1058 | 0x00001f22 | 0xff | 0xff
[OK ]  |  1059 | 0x00001f23 | 0xff | 0xff
[OK ]  |  1060 | 0x00001f24 | 0x4c | 0x4c
[OK ]  |  1061 | 0x00001f25 | 0x9e | 0x9e
[OK ]  |  1062 | 0x00001f26 | 0x00 | 0x00
[OK ]  |  1063 | 0x00001f27 | 0x00 | 0x00
[OK ]  |  1064 | 0x00001f28 | 0x82 | 0x82
[OK ]  |  1065 | 0x00001f29 | 0x38 | 0x38
[OK ]  |  1066 | 0x00001f2a | 0xff | 0xff
[OK ]  |  1067 | 0x00001f2b | 0xff | 0xff
[OK ]  |  1068 | 0x00001f2c | 0x13 | 0x13
[OK ]  |  1069 | 0x00001f2d | 0x52 | 0x52
[OK ]  |  1070 | 0x00001f2e | 0x00 | 0x00
[OK ]  |  1071 | 0x00001f2f | 0x00 | 0x00
[OK ]  |  1072 | 0x00001f30 | 0x22 | 0x22
[OK ]  |  1073 | 0x00001f31 | 0xfe | 0xfe
[OK ]  |  1074 | 0x00001f32 | 0xff | 0xff
[OK ]  |  1075 | 0x00001f33 | 0xff | 0xff
[OK ]  |  1076 | 0x00001f34 | 0xbc | 0xbc
[OK ]  |  1077 | 0x00001f35 | 0xc9 | 0xc9
[OK ]  |  1078 | 0x00001f36 | 0xff | 0xff
[OK ]  |  1079 | 0x00001f37 | 0xff | 0xff
[OK ]  |  1080 | 0x00001f38 | 0x98 | 0x98
[OK ]  |  1081 | 0x00001f39 | 0xe8 | 0xe8
[OK ]  |  1082 | 0x00001f3a | 0xff | 0xff
[OK ]  |  1083 | 0x00001f3b | 0xff | 0xff
[OK ]  |  1084 | 0x00001f3c | 0x09 | 0x09
[OK ]  |  1085 | 0x00001f3d | 0x71 | 0x71
[OK ]  |  1086 | 0x00001f3e | 0xff | 0xff
[OK ]  |  1087 | 0x00001f3f | 0xff | 0xff
[OK ]  |  1088 | 0x00001f40 | 0x2a | 0x2a
[OK ]  |  1089 | 0x00001f41 | 0x1b | 0x1b
[OK ]  |  1090 | 0x00001f42 | 0x00 | 0x00
[OK ]  |  1091 | 0x00001f43 | 0x00 | 0x00
[OK ]  |  1092 | 0x00001f44 | 0xeb | 0xeb
[OK ]  |  1093 | 0x00001f45 | 0x4d | 0x4d
[OK ]  |  1094 | 0x00001f46 | 0x00 | 0x00
[OK ]  |  1095 | 0x00001f47 | 0x00 | 0x00
[OK ]  |  1096 | 0x00001f48 | 0x6a | 0x6a
[OK ]  |  1097 | 0x00001f49 | 0x82 | 0x82
[OK ]  |  1098 | 0x00001f4a | 0x00 | 0x00
[OK ]  |  1099 | 0x00001f4b | 0x00 | 0x00
[OK ]  |  1100 | 0x00001f4c | 0x96 | 0x96
[OK ]  |  1101 | 0x00001f4d | 0x77 | 0x77
[OK ]  |  1102 | 0x00001f4e | 0xfe | 0xfe
[OK ]  |  1103 | 0x00001f4f | 0xff | 0xff
[OK ]  |  1104 | 0x00001f50 | 0xe5 | 0xe5
[OK ]  |  1105 | 0x00001f51 | 0x95 | 0x95
[OK ]  |  1106 | 0x00001f52 | 0xff | 0xff
[OK ]  |  1107 | 0x00001f53 | 0xff | 0xff
[OK ]  |  1108 | 0x00001f54 | 0x6f | 0x6f
[OK ]  |  1109 | 0x00001f55 | 0x77 | 0x77
[OK ]  |  1110 | 0x00001f56 | 0xff | 0xff
[OK ]  |  1111 | 0x00001f57 | 0xff | 0xff
[OK ]  |  1112 | 0x00001f58 | 0xfe | 0xfe
[OK ]  |  1113 | 0x00001f59 | 0xca | 0xca
[OK ]  |  1114 | 0x00001f5a | 0xff | 0xff
[OK ]  |  1115 | 0x00001f5b | 0xff | 0xff
[OK ]  |  1116 | 0x00001f5c | 0x28 | 0x28
[OK ]  |  1117 | 0x00001f5d | 0x56 | 0x56
[OK ]  |  1118 | 0x00001f5e | 0xff | 0xff
[OK ]  |  1119 | 0x00001f5f | 0xff | 0xff
[OK ]  |  1120 | 0x00001f60 | 0x24 | 0x24
[OK ]  |  1121 | 0x00001f61 | 0xf8 | 0xf8
[OK ]  |  1122 | 0x00001f62 | 0xff | 0xff
[OK ]  |  1123 | 0x00001f63 | 0xff | 0xff
[OK ]  |  1124 | 0x00001f64 | 0xa0 | 0xa0
[OK ]  |  1125 | 0x00001f65 | 0xe7 | 0xe7
[OK ]  |  1126 | 0x00001f66 | 0xff | 0xff
[OK ]  |  1127 | 0x00001f67 | 0xff | 0xff
[OK ]  |  1128 | 0x00001f68 | 0xc7 | 0xc7
[OK ]  |  1129 | 0x00001f69 | 0x7c | 0x7c
[OK ]  |  1130 | 0x00001f6a | 0xff | 0xff
[OK ]  |  1131 | 0x00001f6b | 0xff | 0xff
[OK ]  |  1132 | 0x00001f6c | 0xae | 0xae
[OK ]  |  1133 | 0x00001f6d | 0x8d | 0x8d
[OK ]  |  1134 | 0x00001f6e | 0xfe | 0xfe
[OK ]  |  1135 | 0x00001f6f | 0xff | 0xff
[OK ]  |  1136 | 0x00001f70 | 0xe4 | 0xe4
[OK ]  |  1137 | 0x00001f71 | 0xef | 0xef
[OK ]  |  1138 | 0x00001f72 | 0x00 | 0x00
[OK ]  |  1139 | 0x00001f73 | 0x00 | 0x00
[OK ]  |  1140 | 0x00001f74 | 0x9c | 0x9c
[OK ]  |  1141 | 0x00001f75 | 0x32 | 0x32
[OK ]  |  1142 | 0x00001f76 | 0x00 | 0x00
[OK ]  |  1143 | 0x00001f77 | 0x00 | 0x00
[OK ]  |  1144 | 0x00001f78 | 0x4f | 0x4f
[OK ]  |  1145 | 0x00001f79 | 0x07 | 0x07
[OK ]  |  1146 | 0x00001f7a | 0xff | 0xff
[OK ]  |  1147 | 0x00001f7b | 0xff | 0xff
[OK ]  |  1148 | 0x00001f7c | 0xba | 0xba
[OK ]  |  1149 | 0x00001f7d | 0xda | 0xda
[OK ]  |  1150 | 0x00001f7e | 0xfe | 0xfe
[OK ]  |  1151 | 0x00001f7f | 0xff | 0xff
[OK ]  |  1152 | 0x00001f80 | 0x43 | 0x43
[OK ]  |  1153 | 0x00001f81 | 0xc3 | 0xc3
[OK ]  |  1154 | 0x00001f82 | 0xfe | 0xfe
[OK ]  |  1155 | 0x00001f83 | 0xff | 0xff
[OK ]  |  1156 | 0x00001f84 | 0x2a | 0x2a
[OK ]  |  1157 | 0x00001f85 | 0xfa | 0xfa
[OK ]  |  1158 | 0x00001f86 | 0xff | 0xff
[OK ]  |  1159 | 0x00001f87 | 0xff | 0xff
[OK ]  |  1160 | 0x00001f88 | 0xd8 | 0xd8
[OK ]  |  1161 | 0x00001f89 | 0x61 | 0x61
[OK ]  |  1162 | 0x00001f8a | 0x00 | 0x00
[OK ]  |  1163 | 0x00001f8b | 0x00 | 0x00
[OK ]  |  1164 | 0x00001f8c | 0xc2 | 0xc2
[OK ]  |  1165 | 0x00001f8d | 0x47 | 0x47
[OK ]  |  1166 | 0x00001f8e | 0x00 | 0x00
[OK ]  |  1167 | 0x00001f8f | 0x00 | 0x00
[OK ]  |  1168 | 0x00001f90 | 0x7a | 0x7a
[OK ]  |  1169 | 0x00001f91 | 0xff | 0xff
[OK ]  |  1170 | 0x00001f92 | 0xff | 0xff
[OK ]  |  1171 | 0x00001f93 | 0xff | 0xff
[OK ]  |  1172 | 0x00001f94 | 0x92 | 0x92
[OK ]  |  1173 | 0x00001f95 | 0xf1 | 0xf1
[OK ]  |  1174 | 0x00001f96 | 0x00 | 0x00
[OK ]  |  1175 | 0x00001f97 | 0x00 | 0x00
[OK ]  |  1176 | 0x00001f98 | 0x85 | 0x85
[OK ]  |  1177 | 0x00001f99 | 0xdd | 0xdd
[OK ]  |  1178 | 0x00001f9a | 0xff | 0xff
[OK ]  |  1179 | 0x00001f9b | 0xff | 0xff
[OK ]  |  1180 | 0x00001f9c | 0x05 | 0x05
[OK ]  |  1181 | 0x00001f9d | 0xae | 0xae
[OK ]  |  1182 | 0x00001f9e | 0xff | 0xff
[OK ]  |  1183 | 0x00001f9f | 0xff | 0xff
[OK ]  |  1184 | 0x00001fa0 | 0xad | 0xad
[OK ]  |  1185 | 0x00001fa1 | 0xea | 0xea
[OK ]  |  1186 | 0x00001fa2 | 0x00 | 0x00
[OK ]  |  1187 | 0x00001fa3 | 0x00 | 0x00
[OK ]  |  1188 | 0x00001fa4 | 0xc0 | 0xc0
[OK ]  |  1189 | 0x00001fa5 | 0x35 | 0x35
[OK ]  |  1190 | 0x00001fa6 | 0x00 | 0x00
[OK ]  |  1191 | 0x00001fa7 | 0x00 | 0x00
[OK ]  |  1192 | 0x00001fa8 | 0xd0 | 0xd0
[OK ]  |  1193 | 0x00001fa9 | 0x84 | 0x84
[OK ]  |  1194 | 0x00001faa | 0xff | 0xff
[OK ]  |  1195 | 0x00001fab | 0xff | 0xff
[OK ]  |  1196 | 0x00001fac | 0x78 | 0x78
[OK ]  |  1197 | 0x00001fad | 0x65 | 0x65
[OK ]  |  1198 | 0x00001fae | 0xff | 0xff
[OK ]  |  1199 | 0x00001faf | 0xff | 0xff
[OK ]  |  1200 | 0x00001fb0 | 0x46 | 0x46
[OK ]  |  1201 | 0x00001fb1 | 0x63 | 0x63
[OK ]  |  1202 | 0x00001fb2 | 0x00 | 0x00
[OK ]  |  1203 | 0x00001fb3 | 0x00 | 0x00
[OK ]  |  1204 | 0x00001fb4 | 0x8d | 0x8d
[OK ]  |  1205 | 0x00001fb5 | 0x2f | 0x2f
[OK ]  |  1206 | 0x00001fb6 | 0x00 | 0x00
[OK ]  |  1207 | 0x00001fb7 | 0x00 | 0x00
[OK ]  |  1208 | 0x00001fb8 | 0x55 | 0x55
[OK ]  |  1209 | 0x00001fb9 | 0x15 | 0x15
[OK ]  |  1210 | 0x00001fba | 0x00 | 0x00
[OK ]  |  1211 | 0x00001fbb | 0x00 | 0x00
[OK ]  |  1212 | 0x00001fbc | 0x6b | 0x6b
[OK ]  |  1213 | 0x00001fbd | 0xee | 0xee
[OK ]  |  1214 | 0x00001fbe | 0xff | 0xff
[OK ]  |  1215 | 0x00001fbf | 0xff | 0xff
[OK ]  |  1216 | 0x00001fc0 | 0xcc | 0xcc
[OK ]  |  1217 | 0x00001fc1 | 0xe7 | 0xe7
[OK ]  |  1218 | 0x00001fc2 | 0x00 | 0x00
[OK ]  |  1219 | 0x00001fc3 | 0x00 | 0x00
[OK ]  |  1220 | 0x00001fc4 | 0x7f | 0x7f
[OK ]  |  1221 | 0x00001fc5 | 0x24 | 0x24
[OK ]  |  1222 | 0x00001fc6 | 0x01 | 0x01
[OK ]  |  1223 | 0x00001fc7 | 0x00 | 0x00
[OK ]  |  1224 | 0x00001fc8 | 0xe7 | 0xe7
[OK ]  |  1225 | 0x00001fc9 | 0xf8 | 0xf8
[OK ]  |  1226 | 0x00001fca | 0xfe | 0xfe
[OK ]  |  1227 | 0x00001fcb | 0xff | 0xff
[OK ]  |  1228 | 0x00001fcc | 0x3b | 0x3b
[OK ]  |  1229 | 0x00001fcd | 0xa2 | 0xa2
[OK ]  |  1230 | 0x00001fce | 0xfe | 0xfe
[OK ]  |  1231 | 0x00001fcf | 0xff | 0xff
[OK ]  |  1232 | 0x00001fd0 | 0xcb | 0xcb
[OK ]  |  1233 | 0x00001fd1 | 0xc6 | 0xc6
[OK ]  |  1234 | 0x00001fd2 | 0x00 | 0x00
[OK ]  |  1235 | 0x00001fd3 | 0x00 | 0x00
[OK ]  |  1236 | 0x00001fd4 | 0xdd | 0xdd
[OK ]  |  1237 | 0x00001fd5 | 0x43 | 0x43
[OK ]  |  1238 | 0x00001fd6 | 0xff | 0xff
[OK ]  |  1239 | 0x00001fd7 | 0xff | 0xff
[OK ]  |  1240 | 0x00001fd8 | 0x9c | 0x9c
[OK ]  |  1241 | 0x00001fd9 | 0x80 | 0x80
[OK ]  |  1242 | 0x00001fda | 0x00 | 0x00
[OK ]  |  1243 | 0x00001fdb | 0x00 | 0x00
[OK ]  |  1244 | 0x00001fdc | 0xfa | 0xfa
[OK ]  |  1245 | 0x00001fdd | 0x46 | 0x46
[OK ]  |  1246 | 0x00001fde | 0x00 | 0x00
[OK ]  |  1247 | 0x00001fdf | 0x00 | 0x00
[OK ]  |  1248 | 0x00001fe0 | 0x84 | 0x84
[OK ]  |  1249 | 0x00001fe1 | 0xe7 | 0xe7
[OK ]  |  1250 | 0x00001fe2 | 0xff | 0xff
[OK ]  |  1251 | 0x00001fe3 | 0xff | 0xff
[OK ]  |  1252 | 0x00001fe4 | 0x05 | 0x05
[OK ]  |  1253 | 0x00001fe5 | 0x5d | 0x5d
[OK ]  |  1254 | 0x00001fe6 | 0x00 | 0x00
[OK ]  |  1255 | 0x00001fe7 | 0x00 | 0x00
[OK ]  |  1256 | 0x00001fe8 | 0x0f | 0x0f
[OK ]  |  1257 | 0x00001fe9 | 0x82 | 0x82
[OK ]  |  1258 | 0x00001fea | 0xff | 0xff
[OK ]  |  1259 | 0x00001feb | 0xff | 0xff
[OK ]  |  1260 | 0x00001fec | 0xc3 | 0xc3
[OK ]  |  1261 | 0x00001fed | 0xa1 | 0xa1
[OK ]  |  1262 | 0x00001fee | 0xff | 0xff
[OK ]  |  1263 | 0x00001fef | 0xff | 0xff
[OK ]  |  1264 | 0x00001ff0 | 0x4b | 0x4b
[OK ]  |  1265 | 0x00001ff1 | 0x63 | 0x63
[OK ]  |  1266 | 0x00001ff2 | 0x00 | 0x00
[OK ]  |  1267 | 0x00001ff3 | 0x00 | 0x00
[OK ]  |  1268 | 0x00001ff4 | 0xab | 0xab
[OK ]  |  1269 | 0x00001ff5 | 0x08 | 0x08
[OK ]  |  1270 | 0x00001ff6 | 0x00 | 0x00
[OK ]  |  1271 | 0x00001ff7 | 0x00 | 0x00
[OK ]  |  1272 | 0x00001ff8 | 0x8b | 0x8b
[OK ]  |  1273 | 0x00001ff9 | 0x47 | 0x47
[OK ]  |  1274 | 0x00001ffa | 0x00 | 0x00
[OK ]  |  1275 | 0x00001ffb | 0x00 | 0x00
[OK ]  |  1276 | 0x00001ffc | 0x40 | 0x40
[OK ]  |  1277 | 0x00001ffd | 0xd7 | 0xd7
[OK ]  |  1278 | 0x00001ffe | 0xfe | 0xfe
[OK ]  |  1279 | 0x00001fff | 0xff | 0xff
[OK ]  |  1280 | 0x00002000 | 0x2c | 0x2c
[OK ]  |  1281 | 0x00002001 | 0x75 | 0x75
[OK ]  |  1282 | 0x00002002 | 0xff | 0xff
[OK ]  |  1283 | 0x00002003 | 0xff | 0xff
[OK ]  |  1284 | 0x00002004 | 0xb5 | 0xb5
[OK ]  |  1285 | 0x00002005 | 0x45 | 0x45
[OK ]  |  1286 | 0x00002006 | 0xff | 0xff
[OK ]  |  1287 | 0x00002007 | 0xff | 0xff
[OK ]  |  1288 | 0x00002008 | 0x6b | 0x6b
[OK ]  |  1289 | 0x00002009 | 0xa3 | 0xa3
[OK ]  |  1290 | 0x0000200a | 0xff | 0xff
[OK ]  |  1291 | 0x0000200b | 0xff | 0xff
[OK ]  |  1292 | 0x0000200c | 0x76 | 0x76
[OK ]  |  1293 | 0x0000200d | 0xf8 | 0xf8
[OK ]  |  1294 | 0x0000200e | 0xfe | 0xfe
[OK ]  |  1295 | 0x0000200f | 0xff | 0xff
[OK ]  |  1296 | 0x00002010 | 0x5f | 0x5f
[OK ]  |  1297 | 0x00002011 | 0x34 | 0x34
[OK ]  |  1298 | 0x00002012 | 0x01 | 0x01
[OK ]  |  1299 | 0x00002013 | 0x00 | 0x00
[OK ]  |  1300 | 0x00002014 | 0xb9 | 0xb9
[OK ]  |  1301 | 0x00002015 | 0x1a | 0x1a
[OK ]  |  1302 | 0x00002016 | 0x00 | 0x00
[OK ]  |  1303 | 0x00002017 | 0x00 | 0x00
[OK ]  |  1304 | 0x00002018 | 0x11 | 0x11
[OK ]  |  1305 | 0x00002019 | 0x04 | 0x04
[OK ]  |  1306 | 0x0000201a | 0x00 | 0x00
[OK ]  |  1307 | 0x0000201b | 0x00 | 0x00
[OK ]  |  1308 | 0x0000201c | 0xae | 0xae
[OK ]  |  1309 | 0x0000201d | 0xcd | 0xcd
[OK ]  |  1310 | 0x0000201e | 0xff | 0xff
[OK ]  |  1311 | 0x0000201f | 0xff | 0xff
[OK ]  |  1312 | 0x00002020 | 0xbd | 0xbd
[OK ]  |  1313 | 0x00002021 | 0xda | 0xda
[OK ]  |  1314 | 0x00002022 | 0xff | 0xff
[OK ]  |  1315 | 0x00002023 | 0xff | 0xff
[OK ]  |  1316 | 0x00002024 | 0x91 | 0x91
[OK ]  |  1317 | 0x00002025 | 0x0c | 0x0c
[OK ]  |  1318 | 0x00002026 | 0xff | 0xff
[OK ]  |  1319 | 0x00002027 | 0xff | 0xff
[OK ]  |  1320 | 0x00002028 | 0xbb | 0xbb
[OK ]  |  1321 | 0x00002029 | 0x80 | 0x80
[OK ]  |  1322 | 0x0000202a | 0xff | 0xff
[OK ]  |  1323 | 0x0000202b | 0xff | 0xff
[OK ]  |  1324 | 0x0000202c | 0x34 | 0x34
[OK ]  |  1325 | 0x0000202d | 0x8c | 0x8c
[OK ]  |  1326 | 0x0000202e | 0xff | 0xff
[OK ]  |  1327 | 0x0000202f | 0xff | 0xff
[OK ]  |  1328 | 0x00002030 | 0xc3 | 0xc3
[OK ]  |  1329 | 0x00002031 | 0x47 | 0x47
[OK ]  |  1330 | 0x00002032 | 0x01 | 0x01
[OK ]  |  1331 | 0x00002033 | 0x00 | 0x00
[OK ]  |  1332 | 0x00002034 | 0xd7 | 0xd7
[OK ]  |  1333 | 0x00002035 | 0x45 | 0x45
[OK ]  |  1334 | 0x00002036 | 0x00 | 0x00
[OK ]  |  1335 | 0x00002037 | 0x00 | 0x00
[OK ]  |  1336 | 0x00002038 | 0x8a | 0x8a
[OK ]  |  1337 | 0x00002039 | 0x20 | 0x20
[OK ]  |  1338 | 0x0000203a | 0xff | 0xff
[OK ]  |  1339 | 0x0000203b | 0xff | 0xff
[OK ]  |  1340 | 0x0000203c | 0xfd | 0xfd
[OK ]  |  1341 | 0x0000203d | 0xa2 | 0xa2
[OK ]  |  1342 | 0x0000203e | 0xff | 0xff
[OK ]  |  1343 | 0x0000203f | 0xff | 0xff
[OK ]  |  1344 | 0x00002040 | 0x2d | 0x2d
[OK ]  |  1345 | 0x00002041 | 0x8a | 0x8a
[OK ]  |  1346 | 0x00002042 | 0xff | 0xff
[OK ]  |  1347 | 0x00002043 | 0xff | 0xff
[OK ]  |  1348 | 0x00002044 | 0x1d | 0x1d
[OK ]  |  1349 | 0x00002045 | 0xbb | 0xbb
[OK ]  |  1350 | 0x00002046 | 0x00 | 0x00
[OK ]  |  1351 | 0x00002047 | 0x00 | 0x00
[OK ]  |  1352 | 0x00002048 | 0x66 | 0x66
[OK ]  |  1353 | 0x00002049 | 0xc9 | 0xc9
[OK ]  |  1354 | 0x0000204a | 0xff | 0xff
[OK ]  |  1355 | 0x0000204b | 0xff | 0xff
[OK ]  |  1356 | 0x0000204c | 0x5e | 0x5e
[OK ]  |  1357 | 0x0000204d | 0x9d | 0x9d
[OK ]  |  1358 | 0x0000204e | 0xff | 0xff
[OK ]  |  1359 | 0x0000204f | 0xff | 0xff
[OK ]  |  1360 | 0x00002050 | 0x80 | 0x80
[OK ]  |  1361 | 0x00002051 | 0xc8 | 0xc8
[OK ]  |  1362 | 0x00002052 | 0xff | 0xff
[OK ]  |  1363 | 0x00002053 | 0xff | 0xff
[OK ]  |  1364 | 0x00002054 | 0x59 | 0x59
[OK ]  |  1365 | 0x00002055 | 0x9d | 0x9d
[OK ]  |  1366 | 0x00002056 | 0x00 | 0x00
[OK ]  |  1367 | 0x00002057 | 0x00 | 0x00
[OK ]  |  1368 | 0x00002058 | 0x09 | 0x09
[OK ]  |  1369 | 0x00002059 | 0x37 | 0x37
[OK ]  |  1370 | 0x0000205a | 0xff | 0xff
[OK ]  |  1371 | 0x0000205b | 0xff | 0xff
[OK ]  |  1372 | 0x0000205c | 0xe2 | 0xe2
[OK ]  |  1373 | 0x0000205d | 0xf2 | 0xf2
[OK ]  |  1374 | 0x0000205e | 0xff | 0xff
[OK ]  |  1375 | 0x0000205f | 0xff | 0xff
[OK ]  |  1376 | 0x00002060 | 0xc4 | 0xc4
[OK ]  |  1377 | 0x00002061 | 0x2d | 0x2d
[OK ]  |  1378 | 0x00002062 | 0xff | 0xff
[OK ]  |  1379 | 0x00002063 | 0xff | 0xff
[OK ]  |  1380 | 0x00002064 | 0x67 | 0x67
[OK ]  |  1381 | 0x00002065 | 0xd4 | 0xd4
[OK ]  |  1382 | 0x00002066 | 0xff | 0xff
[OK ]  |  1383 | 0x00002067 | 0xff | 0xff
[OK ]  |  1384 | 0x00002068 | 0x12 | 0x12
[OK ]  |  1385 | 0x00002069 | 0x46 | 0x46
[OK ]  |  1386 | 0x0000206a | 0x01 | 0x01
[OK ]  |  1387 | 0x0000206b | 0x00 | 0x00
[OK ]  |  1388 | 0x0000206c | 0x64 | 0x64
[OK ]  |  1389 | 0x0000206d | 0x44 | 0x44
[OK ]  |  1390 | 0x0000206e | 0xff | 0xff
[OK ]  |  1391 | 0x0000206f | 0xff | 0xff
[OK ]  |  1392 | 0x00002070 | 0x67 | 0x67
[OK ]  |  1393 | 0x00002071 | 0x3e | 0x3e
[OK ]  |  1394 | 0x00002072 | 0x00 | 0x00
[OK ]  |  1395 | 0x00002073 | 0x00 | 0x00
[OK ]  |  1396 | 0x00002074 | 0xcc | 0xcc
[OK ]  |  1397 | 0x00002075 | 0xfa | 0xfa
[OK ]  |  1398 | 0x00002076 | 0xff | 0xff
[OK ]  |  1399 | 0x00002077 | 0xff | 0xff
[OK ]  |  1400 | 0x00002078 | 0x3c | 0x3c
[OK ]  |  1401 | 0x00002079 | 0x84 | 0x84
[OK ]  |  1402 | 0x0000207a | 0x00 | 0x00
[OK ]  |  1403 | 0x0000207b | 0x00 | 0x00
[OK ]  |  1404 | 0x0000207c | 0x58 | 0x58
[OK ]  |  1405 | 0x0000207d | 0x13 | 0x13
[OK ]  |  1406 | 0x0000207e | 0x01 | 0x01
[OK ]  |  1407 | 0x0000207f | 0x00 | 0x00
[OK ]  |  1408 | 0x00002080 | 0x14 | 0x14
[OK ]  |  1409 | 0x00002081 | 0xa7 | 0xa7
[OK ]  |  1410 | 0x00002082 | 0x00 | 0x00
[OK ]  |  1411 | 0x00002083 | 0x00 | 0x00
[OK ]  |  1412 | 0x00002084 | 0x5d | 0x5d
[OK ]  |  1413 | 0x00002085 | 0xe4 | 0xe4
[OK ]  |  1414 | 0x00002086 | 0x00 | 0x00
[OK ]  |  1415 | 0x00002087 | 0x00 | 0x00
[OK ]  |  1416 | 0x00002088 | 0xe6 | 0xe6
[OK ]  |  1417 | 0x00002089 | 0x07 | 0x07
[OK ]  |  1418 | 0x0000208a | 0x00 | 0x00
[OK ]  |  1419 | 0x0000208b | 0x00 | 0x00
[OK ]  |  1420 | 0x0000208c | 0x66 | 0x66
[OK ]  |  1421 | 0x0000208d | 0xfc | 0xfc
[OK ]  |  1422 | 0x0000208e | 0xff | 0xff
[OK ]  |  1423 | 0x0000208f | 0xff | 0xff
[OK ]  |  1424 | 0x00002090 | 0x60 | 0x60
[OK ]  |  1425 | 0x00002091 | 0x6c | 0x6c
[OK ]  |  1426 | 0x00002092 | 0xff | 0xff
[OK ]  |  1427 | 0x00002093 | 0xff | 0xff
[OK ]  |  1428 | 0x00002094 | 0xb3 | 0xb3
[OK ]  |  1429 | 0x00002095 | 0x60 | 0x60
[OK ]  |  1430 | 0x00002096 | 0xff | 0xff
[OK ]  |  1431 | 0x00002097 | 0xff | 0xff
[OK ]  |  1432 | 0x00002098 | 0x3c | 0x3c
[OK ]  |  1433 | 0x00002099 | 0x1f | 0x1f
[OK ]  |  1434 | 0x0000209a | 0x00 | 0x00
[OK ]  |  1435 | 0x0000209b | 0x00 | 0x00
[OK ]  |  1436 | 0x0000209c | 0xe1 | 0xe1
[OK ]  |  1437 | 0x0000209d | 0xa9 | 0xa9
[OK ]  |  1438 | 0x0000209e | 0x00 | 0x00
[OK ]  |  1439 | 0x0000209f | 0x00 | 0x00
[OK ]  |  1440 | 0x000020a0 | 0xf1 | 0xf1
[OK ]  |  1441 | 0x000020a1 | 0xd4 | 0xd4
[OK ]  |  1442 | 0x000020a2 | 0xff | 0xff
[OK ]  |  1443 | 0x000020a3 | 0xff | 0xff
[OK ]  |  1444 | 0x000020a4 | 0xf6 | 0xf6
[OK ]  |  1445 | 0x000020a5 | 0x57 | 0x57
[OK ]  |  1446 | 0x000020a6 | 0x01 | 0x01
[OK ]  |  1447 | 0x000020a7 | 0x00 | 0x00
[OK ]  |  1448 | 0x000020a8 | 0x1c | 0x1c
[OK ]  |  1449 | 0x000020a9 | 0x24 | 0x24
[OK ]  |  1450 | 0x000020aa | 0x00 | 0x00
[OK ]  |  1451 | 0x000020ab | 0x00 | 0x00
[OK ]  |  1452 | 0x000020ac | 0x40 | 0x40
[OK ]  |  1453 | 0x000020ad | 0x1e | 0x1e
[OK ]  |  1454 | 0x000020ae | 0x00 | 0x00
[OK ]  |  1455 | 0x000020af | 0x00 | 0x00
[OK ]  |  1456 | 0x000020b0 | 0xa7 | 0xa7
[OK ]  |  1457 | 0x000020b1 | 0x0f | 0x0f
[OK ]  |  1458 | 0x000020b2 | 0x00 | 0x00
[OK ]  |  1459 | 0x000020b3 | 0x00 | 0x00
[OK ]  |  1460 | 0x000020b4 | 0x08 | 0x08
[OK ]  |  1461 | 0x000020b5 | 0x7c | 0x7c
[OK ]  |  1462 | 0x000020b6 | 0x00 | 0x00
[OK ]  |  1463 | 0x000020b7 | 0x00 | 0x00
[OK ]  |  1464 | 0x000020b8 | 0x7d | 0x7d
[OK ]  |  1465 | 0x000020b9 | 0x50 | 0x50
[OK ]  |  1466 | 0x000020ba | 0x00 | 0x00
[OK ]  |  1467 | 0x000020bb | 0x00 | 0x00
[OK ]  |  1468 | 0x000020bc | 0x58 | 0x58
[OK ]  |  1469 | 0x000020bd | 0x6e | 0x6e
[OK ]  |  1470 | 0x000020be | 0xff | 0xff
[OK ]  |  1471 | 0x000020bf | 0xff | 0xff
[OK ]  |  1472 | 0x000020c0 | 0x96 | 0x96
[OK ]  |  1473 | 0x000020c1 | 0x51 | 0x51
[OK ]  |  1474 | 0x000020c2 | 0xfe | 0xfe
[OK ]  |  1475 | 0x000020c3 | 0xff | 0xff
[OK ]  |  1476 | 0x000020c4 | 0x1a | 0x1a
[OK ]  |  1477 | 0x000020c5 | 0x0c | 0x0c
[OK ]  |  1478 | 0x000020c6 | 0x00 | 0x00
[OK ]  |  1479 | 0x000020c7 | 0x00 | 0x00
[OK ]  |  1480 | 0x000020c8 | 0xc1 | 0xc1
[OK ]  |  1481 | 0x000020c9 | 0x42 | 0x42
[OK ]  |  1482 | 0x000020ca | 0x00 | 0x00
[OK ]  |  1483 | 0x000020cb | 0x00 | 0x00
[OK ]  |  1484 | 0x000020cc | 0x86 | 0x86
[OK ]  |  1485 | 0x000020cd | 0x2f | 0x2f
[OK ]  |  1486 | 0x000020ce | 0x00 | 0x00
[OK ]  |  1487 | 0x000020cf | 0x00 | 0x00
[OK ]  |  1488 | 0x000020d0 | 0x69 | 0x69
[OK ]  |  1489 | 0x000020d1 | 0xa9 | 0xa9
[OK ]  |  1490 | 0x000020d2 | 0xff | 0xff
[OK ]  |  1491 | 0x000020d3 | 0xff | 0xff
[OK ]  |  1492 | 0x000020d4 | 0x16 | 0x16
[OK ]  |  1493 | 0x000020d5 | 0x9d | 0x9d
[OK ]  |  1494 | 0x000020d6 | 0xff | 0xff
[OK ]  |  1495 | 0x000020d7 | 0xff | 0xff
[OK ]  |  1496 | 0x000020d8 | 0xe3 | 0xe3
[OK ]  |  1497 | 0x000020d9 | 0x4e | 0x4e
[OK ]  |  1498 | 0x000020da | 0xff | 0xff
[OK ]  |  1499 | 0x000020db | 0xff | 0xff
[OK ]  |  1500 | 0x000020dc | 0xf7 | 0xf7
[OK ]  |  1501 | 0x000020dd | 0x16 | 0x16
[OK ]  |  1502 | 0x000020de | 0xff | 0xff
[OK ]  |  1503 | 0x000020df | 0xff | 0xff
[OK ]  |  1504 | 0x000020e0 | 0xd9 | 0xd9
[OK ]  |  1505 | 0x000020e1 | 0x5a | 0x5a
[OK ]  |  1506 | 0x000020e2 | 0x01 | 0x01
[OK ]  |  1507 | 0x000020e3 | 0x00 | 0x00
[OK ]  |  1508 | 0x000020e4 | 0x04 | 0x04
[OK ]  |  1509 | 0x000020e5 | 0xb7 | 0xb7
[OK ]  |  1510 | 0x000020e6 | 0x00 | 0x00
[OK ]  |  1511 | 0x000020e7 | 0x00 | 0x00
[OK ]  |  1512 | 0x000020e8 | 0xec | 0xec
[OK ]  |  1513 | 0x000020e9 | 0xa6 | 0xa6
[OK ]  |  1514 | 0x000020ea | 0xff | 0xff
[OK ]  |  1515 | 0x000020eb | 0xff | 0xff
[OK ]  |  1516 | 0x000020ec | 0x83 | 0x83
[OK ]  |  1517 | 0x000020ed | 0xfd | 0xfd
[OK ]  |  1518 | 0x000020ee | 0x00 | 0x00
[OK ]  |  1519 | 0x000020ef | 0x00 | 0x00
[OK ]  |  1520 | 0x000020f0 | 0xef | 0xef
[OK ]  |  1521 | 0x000020f1 | 0x7c | 0x7c
[OK ]  |  1522 | 0x000020f2 | 0x00 | 0x00
[OK ]  |  1523 | 0x000020f3 | 0x00 | 0x00
[OK ]  |  1524 | 0x000020f4 | 0x81 | 0x81
[OK ]  |  1525 | 0x000020f5 | 0xdf | 0xdf
[OK ]  |  1526 | 0x000020f6 | 0xff | 0xff
[OK ]  |  1527 | 0x000020f7 | 0xff | 0xff
[OK ]  |  1528 | 0x000020f8 | 0x58 | 0x58
[OK ]  |  1529 | 0x000020f9 | 0x0e | 0x0e
[OK ]  |  1530 | 0x000020fa | 0x00 | 0x00
[OK ]  |  1531 | 0x000020fb | 0x00 | 0x00
[OK ]  |  1532 | 0x000020fc | 0x80 | 0x80
[OK ]  |  1533 | 0x000020fd | 0xda | 0xda
[OK ]  |  1534 | 0x000020fe | 0xff | 0xff
[OK ]  |  1535 | 0x000020ff | 0xff | 0xff
[OK ]  |  1536 | 0x00002100 | 0xfb | 0xfb
[OK ]  |  1537 | 0x00002101 | 0x0f | 0x0f
[OK ]  |  1538 | 0x00002102 | 0x00 | 0x00
[OK ]  |  1539 | 0x00002103 | 0x00 | 0x00
[OK ]  |  1540 | 0x00002104 | 0xf5 | 0xf5
[OK ]  |  1541 | 0x00002105 | 0x04 | 0x04
[OK ]  |  1542 | 0x00002106 | 0x00 | 0x00
[OK ]  |  1543 | 0x00002107 | 0x00 | 0x00
[OK ]  |  1544 | 0x00002108 | 0xdc | 0xdc
[OK ]  |  1545 | 0x00002109 | 0x4e | 0x4e
[OK ]  |  1546 | 0x0000210a | 0x00 | 0x00
[OK ]  |  1547 | 0x0000210b | 0x00 | 0x00
[OK ]  |  1548 | 0x0000210c | 0x9e | 0x9e
[OK ]  |  1549 | 0x0000210d | 0x46 | 0x46
[OK ]  |  1550 | 0x0000210e | 0xff | 0xff
[OK ]  |  1551 | 0x0000210f | 0xff | 0xff
[OK ]  |  1552 | 0x00002110 | 0x75 | 0x75
[OK ]  |  1553 | 0x00002111 | 0x3c | 0x3c
[OK ]  |  1554 | 0x00002112 | 0xff | 0xff
[OK ]  |  1555 | 0x00002113 | 0xff | 0xff
[OK ]  |  1556 | 0x00002114 | 0x7d | 0x7d
[OK ]  |  1557 | 0x00002115 | 0x67 | 0x67
[OK ]  |  1558 | 0x00002116 | 0x00 | 0x00
[OK ]  |  1559 | 0x00002117 | 0x00 | 0x00
[OK ]  |  1560 | 0x00002118 | 0x1e | 0x1e
[OK ]  |  1561 | 0x00002119 | 0x84 | 0x84
[OK ]  |  1562 | 0x0000211a | 0xff | 0xff
[OK ]  |  1563 | 0x0000211b | 0xff | 0xff
[OK ]  |  1564 | 0x0000211c | 0xb5 | 0xb5
[OK ]  |  1565 | 0x0000211d | 0x25 | 0x25
[OK ]  |  1566 | 0x0000211e | 0xff | 0xff
[OK ]  |  1567 | 0x0000211f | 0xff | 0xff
[OK ]  |  1568 | 0x00002120 | 0x3d | 0x3d
[OK ]  |  1569 | 0x00002121 | 0x94 | 0x94
[OK ]  |  1570 | 0x00002122 | 0xff | 0xff
[OK ]  |  1571 | 0x00002123 | 0xff | 0xff
[OK ]  |  1572 | 0x00002124 | 0xbe | 0xbe
[OK ]  |  1573 | 0x00002125 | 0x46 | 0x46
[OK ]  |  1574 | 0x00002126 | 0x00 | 0x00
[OK ]  |  1575 | 0x00002127 | 0x00 | 0x00
[OK ]  |  1576 | 0x00002128 | 0x9e | 0x9e
[OK ]  |  1577 | 0x00002129 | 0xe5 | 0xe5
[OK ]  |  1578 | 0x0000212a | 0xfe | 0xfe
[OK ]  |  1579 | 0x0000212b | 0xff | 0xff
[OK ]  |  1580 | 0x0000212c | 0xaf | 0xaf
[OK ]  |  1581 | 0x0000212d | 0x0f | 0x0f
[OK ]  |  1582 | 0x0000212e | 0x01 | 0x01
[OK ]  |  1583 | 0x0000212f | 0x00 | 0x00
[OK ]  |  1584 | 0x00002130 | 0x39 | 0x39
[OK ]  |  1585 | 0x00002131 | 0x72 | 0x72
[OK ]  |  1586 | 0x00002132 | 0xff | 0xff
[OK ]  |  1587 | 0x00002133 | 0xff | 0xff
[OK ]  |  1588 | 0x00002134 | 0x48 | 0x48
[OK ]  |  1589 | 0x00002135 | 0xcf | 0xcf
[OK ]  |  1590 | 0x00002136 | 0x00 | 0x00
[OK ]  |  1591 | 0x00002137 | 0x00 | 0x00
[OK ]  |  1592 | 0x00002138 | 0xb1 | 0xb1
[OK ]  |  1593 | 0x00002139 | 0x51 | 0x51
[OK ]  |  1594 | 0x0000213a | 0x00 | 0x00
[OK ]  |  1595 | 0x0000213b | 0x00 | 0x00
[OK ]  |  1596 | 0x0000213c | 0x84 | 0x84
[OK ]  |  1597 | 0x0000213d | 0x5d | 0x5d
[OK ]  |  1598 | 0x0000213e | 0x01 | 0x01
[OK ]  |  1599 | 0x0000213f | 0x00 | 0x00
[OK ]  |  1600 | 0x00002140 | 0x2d | 0x2d
[OK ]  |  1601 | 0x00002141 | 0xfa | 0xfa
[OK ]  |  1602 | 0x00002142 | 0xfe | 0xfe
[OK ]  |  1603 | 0x00002143 | 0xff | 0xff
[OK ]  |  1604 | 0x00002144 | 0x9a | 0x9a
[OK ]  |  1605 | 0x00002145 | 0xbc | 0xbc
[OK ]  |  1606 | 0x00002146 | 0x00 | 0x00
[OK ]  |  1607 | 0x00002147 | 0x00 | 0x00
[OK ]  |  1608 | 0x00002148 | 0x61 | 0x61
[OK ]  |  1609 | 0x00002149 | 0xbd | 0xbd
[OK ]  |  1610 | 0x0000214a | 0x00 | 0x00
[OK ]  |  1611 | 0x0000214b | 0x00 | 0x00
[OK ]  |  1612 | 0x0000214c | 0xfc | 0xfc
[OK ]  |  1613 | 0x0000214d | 0xd9 | 0xd9
[OK ]  |  1614 | 0x0000214e | 0x01 | 0x01
[OK ]  |  1615 | 0x0000214f | 0x00 | 0x00
[OK ]  |  1616 | 0x00002150 | 0x6d | 0x6d
[OK ]  |  1617 | 0x00002151 | 0x0a | 0x0a
[OK ]  |  1618 | 0x00002152 | 0x01 | 0x01
[OK ]  |  1619 | 0x00002153 | 0x00 | 0x00
[OK ]  |  1620 | 0x00002154 | 0x3e | 0x3e
[OK ]  |  1621 | 0x00002155 | 0x90 | 0x90
[OK ]  |  1622 | 0x00002156 | 0x00 | 0x00
[OK ]  |  1623 | 0x00002157 | 0x00 | 0x00
[OK ]  |  1624 | 0x00002158 | 0x1f | 0x1f
[OK ]  |  1625 | 0x00002159 | 0xb9 | 0xb9
[OK ]  |  1626 | 0x0000215a | 0x00 | 0x00
[OK ]  |  1627 | 0x0000215b | 0x00 | 0x00
[OK ]  |  1628 | 0x0000215c | 0xc6 | 0xc6
[OK ]  |  1629 | 0x0000215d | 0x91 | 0x91
[OK ]  |  1630 | 0x0000215e | 0x00 | 0x00
[OK ]  |  1631 | 0x0000215f | 0x00 | 0x00
[OK ]  |  1632 | 0x00002160 | 0x7e | 0x7e
[OK ]  |  1633 | 0x00002161 | 0x7d | 0x7d
[OK ]  |  1634 | 0x00002162 | 0x00 | 0x00
[OK ]  |  1635 | 0x00002163 | 0x00 | 0x00
[OK ]  |  1636 | 0x00002164 | 0xd3 | 0xd3
[OK ]  |  1637 | 0x00002165 | 0x15 | 0x15
[OK ]  |  1638 | 0x00002166 | 0x00 | 0x00
[OK ]  |  1639 | 0x00002167 | 0x00 | 0x00
[OK ]  |  1640 | 0x00002168 | 0x63 | 0x63
[OK ]  |  1641 | 0x00002169 | 0x7f | 0x7f
[OK ]  |  1642 | 0x0000216a | 0xff | 0xff
[OK ]  |  1643 | 0x0000216b | 0xff | 0xff
[OK ]  |  1644 | 0x0000216c | 0xcd | 0xcd
[OK ]  |  1645 | 0x0000216d | 0x75 | 0x75
[OK ]  |  1646 | 0x0000216e | 0x00 | 0x00
[OK ]  |  1647 | 0x0000216f | 0x00 | 0x00
[OK ]  |  1648 | 0x00002170 | 0x9a | 0x9a
[OK ]  |  1649 | 0x00002171 | 0xf7 | 0xf7
[OK ]  |  1650 | 0x00002172 | 0x00 | 0x00
[OK ]  |  1651 | 0x00002173 | 0x00 | 0x00
[OK ]  |  1652 | 0x00002174 | 0xb2 | 0xb2
[OK ]  |  1653 | 0x00002175 | 0x82 | 0x82
[OK ]  |  1654 | 0x00002176 | 0xff | 0xff
[OK ]  |  1655 | 0x00002177 | 0xff | 0xff
[OK ]  |  1656 | 0x00002178 | 0xef | 0xef
[OK ]  |  1657 | 0x00002179 | 0xb5 | 0xb5
[OK ]  |  1658 | 0x0000217a | 0xff | 0xff
[OK ]  |  1659 | 0x0000217b | 0xff | 0xff
[OK ]  |  1660 | 0x0000217c | 0xdc | 0xdc
[OK ]  |  1661 | 0x0000217d | 0x7f | 0x7f
[OK ]  |  1662 | 0x0000217e | 0xff | 0xff
[OK ]  |  1663 | 0x0000217f | 0xff | 0xff
[OK ]  |  1664 | 0x00002180 | 0xe1 | 0xe1
[OK ]  |  1665 | 0x00002181 | 0x50 | 0x50
[OK ]  |  1666 | 0x00002182 | 0x00 | 0x00
[OK ]  |  1667 | 0x00002183 | 0x00 | 0x00
[OK ]  |  1668 | 0x00002184 | 0x07 | 0x07
[OK ]  |  1669 | 0x00002185 | 0x10 | 0x10
[OK ]  |  1670 | 0x00002186 | 0x00 | 0x00
[OK ]  |  1671 | 0x00002187 | 0x00 | 0x00
[OK ]  |  1672 | 0x00002188 | 0xea | 0xea
[OK ]  |  1673 | 0x00002189 | 0xba | 0xba
[OK ]  |  1674 | 0x0000218a | 0xff | 0xff
[OK ]  |  1675 | 0x0000218b | 0xff | 0xff
[OK ]  |  1676 | 0x0000218c | 0xf5 | 0xf5
[OK ]  |  1677 | 0x0000218d | 0xc7 | 0xc7
[OK ]  |  1678 | 0x0000218e | 0xfe | 0xfe
[OK ]  |  1679 | 0x0000218f | 0xff | 0xff
[OK ]  |  1680 | 0x00002190 | 0x86 | 0x86
[OK ]  |  1681 | 0x00002191 | 0x85 | 0x85
[OK ]  |  1682 | 0x00002192 | 0xff | 0xff
[OK ]  |  1683 | 0x00002193 | 0xff | 0xff
[OK ]  |  1684 | 0x00002194 | 0x91 | 0x91
[OK ]  |  1685 | 0x00002195 | 0x4d | 0x4d
[OK ]  |  1686 | 0x00002196 | 0xff | 0xff
[OK ]  |  1687 | 0x00002197 | 0xff | 0xff
[OK ]  |  1688 | 0x00002198 | 0xa4 | 0xa4
[OK ]  |  1689 | 0x00002199 | 0x01 | 0x01
[OK ]  |  1690 | 0x0000219a | 0x00 | 0x00
[OK ]  |  1691 | 0x0000219b | 0x00 | 0x00
[OK ]  |  1692 | 0x0000219c | 0xd6 | 0xd6
[OK ]  |  1693 | 0x0000219d | 0x0b | 0x0b
[OK ]  |  1694 | 0x0000219e | 0xff | 0xff
[OK ]  |  1695 | 0x0000219f | 0xff | 0xff
[OK ]  |  1696 | 0x000021a0 | 0x98 | 0x98
[OK ]  |  1697 | 0x000021a1 | 0x9b | 0x9b
[OK ]  |  1698 | 0x000021a2 | 0xff | 0xff
[OK ]  |  1699 | 0x000021a3 | 0xff | 0xff
[OK ]  |  1700 | 0x000021a4 | 0xd3 | 0xd3
[OK ]  |  1701 | 0x000021a5 | 0x74 | 0x74
[OK ]  |  1702 | 0x000021a6 | 0x00 | 0x00
[OK ]  |  1703 | 0x000021a7 | 0x00 | 0x00
[OK ]  |  1704 | 0x000021a8 | 0x92 | 0x92
[OK ]  |  1705 | 0x000021a9 | 0x2f | 0x2f
[OK ]  |  1706 | 0x000021aa | 0xff | 0xff
[OK ]  |  1707 | 0x000021ab | 0xff | 0xff
[OK ]  |  1708 | 0x000021ac | 0x5d | 0x5d
[OK ]  |  1709 | 0x000021ad | 0x56 | 0x56
[OK ]  |  1710 | 0x000021ae | 0x00 | 0x00
[OK ]  |  1711 | 0x000021af | 0x00 | 0x00
[OK ]  |  1712 | 0x000021b0 | 0x10 | 0x10
[OK ]  |  1713 | 0x000021b1 | 0x2e | 0x2e
[OK ]  |  1714 | 0x000021b2 | 0x00 | 0x00
[OK ]  |  1715 | 0x000021b3 | 0x00 | 0x00
[OK ]  |  1716 | 0x000021b4 | 0xaf | 0xaf
[OK ]  |  1717 | 0x000021b5 | 0xbf | 0xbf
[OK ]  |  1718 | 0x000021b6 | 0xfe | 0xfe
[OK ]  |  1719 | 0x000021b7 | 0xff | 0xff
[OK ]  |  1720 | 0x000021b8 | 0xc3 | 0xc3
[OK ]  |  1721 | 0x000021b9 | 0x4d | 0x4d
[OK ]  |  1722 | 0x000021ba | 0x00 | 0x00
[OK ]  |  1723 | 0x000021bb | 0x00 | 0x00
[OK ]  |  1724 | 0x000021bc | 0xd6 | 0xd6
[OK ]  |  1725 | 0x000021bd | 0x38 | 0x38
[OK ]  |  1726 | 0x000021be | 0xff | 0xff
[OK ]  |  1727 | 0x000021bf | 0xff | 0xff
[OK ]  |  1728 | 0x000021c0 | 0x89 | 0x89
[OK ]  |  1729 | 0x000021c1 | 0x91 | 0x91
[OK ]  |  1730 | 0x000021c2 | 0x00 | 0x00
[OK ]  |  1731 | 0x000021c3 | 0x00 | 0x00
[OK ]  |  1732 | 0x000021c4 | 0x32 | 0x32
[OK ]  |  1733 | 0x000021c5 | 0x48 | 0x48
[OK ]  |  1734 | 0x000021c6 | 0x00 | 0x00
[OK ]  |  1735 | 0x000021c7 | 0x00 | 0x00
[OK ]  |  1736 | 0x000021c8 | 0x5e | 0x5e
[OK ]  |  1737 | 0x000021c9 | 0x84 | 0x84
[OK ]  |  1738 | 0x000021ca | 0x00 | 0x00
[OK ]  |  1739 | 0x000021cb | 0x00 | 0x00
[OK ]  |  1740 | 0x000021cc | 0x80 | 0x80
[OK ]  |  1741 | 0x000021cd | 0x92 | 0x92
[OK ]  |  1742 | 0x000021ce | 0xff | 0xff
[OK ]  |  1743 | 0x000021cf | 0xff | 0xff
[OK ]  |  1744 | 0x000021d0 | 0x8d | 0x8d
[OK ]  |  1745 | 0x000021d1 | 0xbb | 0xbb
[OK ]  |  1746 | 0x000021d2 | 0xff | 0xff
[OK ]  |  1747 | 0x000021d3 | 0xff | 0xff
[OK ]  |  1748 | 0x000021d4 | 0x93 | 0x93
[OK ]  |  1749 | 0x000021d5 | 0x1b | 0x1b
[OK ]  |  1750 | 0x000021d6 | 0x00 | 0x00
[OK ]  |  1751 | 0x000021d7 | 0x00 | 0x00
[OK ]  |  1752 | 0x000021d8 | 0x41 | 0x41
[OK ]  |  1753 | 0x000021d9 | 0x8f | 0x8f
[OK ]  |  1754 | 0x000021da | 0x00 | 0x00
[OK ]  |  1755 | 0x000021db | 0x00 | 0x00
[OK ]  |  1756 | 0x000021dc | 0x9a | 0x9a
[OK ]  |  1757 | 0x000021dd | 0x69 | 0x69
[OK ]  |  1758 | 0x000021de | 0x00 | 0x00
[OK ]  |  1759 | 0x000021df | 0x00 | 0x00
[OK ]  |  1760 | 0x000021e0 | 0x39 | 0x39
[OK ]  |  1761 | 0x000021e1 | 0x5c | 0x5c
[OK ]  |  1762 | 0x000021e2 | 0xff | 0xff
[OK ]  |  1763 | 0x000021e3 | 0xff | 0xff
[OK ]  |  1764 | 0x000021e4 | 0xef | 0xef
[OK ]  |  1765 | 0x000021e5 | 0xaa | 0xaa
[OK ]  |  1766 | 0x000021e6 | 0xff | 0xff
[OK ]  |  1767 | 0x000021e7 | 0xff | 0xff
[OK ]  |  1768 | 0x000021e8 | 0xd2 | 0xd2
[OK ]  |  1769 | 0x000021e9 | 0x70 | 0x70
[OK ]  |  1770 | 0x000021ea | 0x00 | 0x00
[OK ]  |  1771 | 0x000021eb | 0x00 | 0x00
[OK ]  |  1772 | 0x000021ec | 0xed | 0xed
[OK ]  |  1773 | 0x000021ed | 0xf0 | 0xf0
[OK ]  |  1774 | 0x000021ee | 0x00 | 0x00
[OK ]  |  1775 | 0x000021ef | 0x00 | 0x00
[OK ]  |  1776 | 0x000021f0 | 0xcb | 0xcb
[OK ]  |  1777 | 0x000021f1 | 0x2e | 0x2e
[OK ]  |  1778 | 0x000021f2 | 0xff | 0xff
[OK ]  |  1779 | 0x000021f3 | 0xff | 0xff
[OK ]  |  1780 | 0x000021f4 | 0x32 | 0x32
[OK ]  |  1781 | 0x000021f5 | 0x9b | 0x9b
[OK ]  |  1782 | 0x000021f6 | 0x00 | 0x00
[OK ]  |  1783 | 0x000021f7 | 0x00 | 0x00
[OK ]  |  1784 | 0x000021f8 | 0x1c | 0x1c
[OK ]  |  1785 | 0x000021f9 | 0xff | 0xff
[OK ]  |  1786 | 0x000021fa | 0x00 | 0x00
[OK ]  |  1787 | 0x000021fb | 0x00 | 0x00
[OK ]  |  1788 | 0x000021fc | 0x89 | 0x89
[OK ]  |  1789 | 0x000021fd | 0x24 | 0x24
[OK ]  |  1790 | 0x000021fe | 0x00 | 0x00
[OK ]  |  1791 | 0x000021ff | 0x00 | 0x00
[OK ]  |  1792 | 0x00002200 | 0x78 | 0x78
[OK ]  |  1793 | 0x00002201 | 0xd5 | 0xd5
[OK ]  |  1794 | 0x00002202 | 0xff | 0xff
[OK ]  |  1795 | 0x00002203 | 0xff | 0xff
[OK ]  |  1796 | 0x00002204 | 0x43 | 0x43
[OK ]  |  1797 | 0x00002205 | 0x71 | 0x71
[OK ]  |  1798 | 0x00002206 | 0x00 | 0x00
[OK ]  |  1799 | 0x00002207 | 0x00 | 0x00
[OK ]  |  1800 | 0x00002208 | 0x3c | 0x3c
[OK ]  |  1801 | 0x00002209 | 0xb1 | 0xb1
[OK ]  |  1802 | 0x0000220a | 0x00 | 0x00
[OK ]  |  1803 | 0x0000220b | 0x00 | 0x00
[OK ]  |  1804 | 0x0000220c | 0xaf | 0xaf
[OK ]  |  1805 | 0x0000220d | 0x6b | 0x6b
[OK ]  |  1806 | 0x0000220e | 0x00 | 0x00
[OK ]  |  1807 | 0x0000220f | 0x00 | 0x00
[OK ]  |  1808 | 0x00002210 | 0x8e | 0x8e
[OK ]  |  1809 | 0x00002211 | 0xf9 | 0xf9
[OK ]  |  1810 | 0x00002212 | 0x00 | 0x00
[OK ]  |  1811 | 0x00002213 | 0x00 | 0x00
[OK ]  |  1812 | 0x00002214 | 0x6a | 0x6a
[OK ]  |  1813 | 0x00002215 | 0xc0 | 0xc0
[OK ]  |  1814 | 0x00002216 | 0x01 | 0x01
[OK ]  |  1815 | 0x00002217 | 0x00 | 0x00
[OK ]  |  1816 | 0x00002218 | 0xd3 | 0xd3
[OK ]  |  1817 | 0x00002219 | 0x6b | 0x6b
[OK ]  |  1818 | 0x0000221a | 0xfe | 0xfe
[OK ]  |  1819 | 0x0000221b | 0xff | 0xff
[OK ]  |  1820 | 0x0000221c | 0x31 | 0x31
[OK ]  |  1821 | 0x0000221d | 0x2e | 0x2e
[OK ]  |  1822 | 0x0000221e | 0xff | 0xff
[OK ]  |  1823 | 0x0000221f | 0xff | 0xff
[OK ]  |  1824 | 0x00002220 | 0x97 | 0x97
[OK ]  |  1825 | 0x00002221 | 0xc4 | 0xc4
[OK ]  |  1826 | 0x00002222 | 0xfe | 0xfe
[OK ]  |  1827 | 0x00002223 | 0xff | 0xff
[OK ]  |  1828 | 0x00002224 | 0x12 | 0x12
[OK ]  |  1829 | 0x00002225 | 0xd1 | 0xd1
[OK ]  |  1830 | 0x00002226 | 0xff | 0xff
[OK ]  |  1831 | 0x00002227 | 0xff | 0xff
[OK ]  |  1832 | 0x00002228 | 0xfb | 0xfb
[OK ]  |  1833 | 0x00002229 | 0x22 | 0x22
[OK ]  |  1834 | 0x0000222a | 0x00 | 0x00
[OK ]  |  1835 | 0x0000222b | 0x00 | 0x00
[OK ]  |  1836 | 0x0000222c | 0x4a | 0x4a
[OK ]  |  1837 | 0x0000222d | 0x11 | 0x11
[OK ]  |  1838 | 0x0000222e | 0x00 | 0x00
[OK ]  |  1839 | 0x0000222f | 0x00 | 0x00
[OK ]  |  1840 | 0x00002230 | 0x68 | 0x68
[OK ]  |  1841 | 0x00002231 | 0x79 | 0x79
[OK ]  |  1842 | 0x00002232 | 0xff | 0xff
[OK ]  |  1843 | 0x00002233 | 0xff | 0xff
[OK ]  |  1844 | 0x00002234 | 0x61 | 0x61
[OK ]  |  1845 | 0x00002235 | 0x81 | 0x81
[OK ]  |  1846 | 0x00002236 | 0xff | 0xff
[OK ]  |  1847 | 0x00002237 | 0xff | 0xff
[OK ]  |  1848 | 0x00002238 | 0x81 | 0x81
[OK ]  |  1849 | 0x00002239 | 0xff | 0xff
[OK ]  |  1850 | 0x0000223a | 0x00 | 0x00
[OK ]  |  1851 | 0x0000223b | 0x00 | 0x00
[OK ]  |  1852 | 0x0000223c | 0xd5 | 0xd5
[OK ]  |  1853 | 0x0000223d | 0xdd | 0xdd
[OK ]  |  1854 | 0x0000223e | 0xfe | 0xfe
[OK ]  |  1855 | 0x0000223f | 0xff | 0xff
[OK ]  |  1856 | 0x00002240 | 0x08 | 0x08
[OK ]  |  1857 | 0x00002241 | 0x14 | 0x14
[OK ]  |  1858 | 0x00002242 | 0x00 | 0x00
[OK ]  |  1859 | 0x00002243 | 0x00 | 0x00
[OK ]  |  1860 | 0x00002244 | 0xa5 | 0xa5
[OK ]  |  1861 | 0x00002245 | 0xc4 | 0xc4
[OK ]  |  1862 | 0x00002246 | 0xff | 0xff
[OK ]  |  1863 | 0x00002247 | 0xff | 0xff
[OK ]  |  1864 | 0x00002248 | 0xba | 0xba
[OK ]  |  1865 | 0x00002249 | 0x79 | 0x79
[OK ]  |  1866 | 0x0000224a | 0x00 | 0x00
[OK ]  |  1867 | 0x0000224b | 0x00 | 0x00
[OK ]  |  1868 | 0x0000224c | 0xa4 | 0xa4
[OK ]  |  1869 | 0x0000224d | 0x5d | 0x5d
[OK ]  |  1870 | 0x0000224e | 0xff | 0xff
[OK ]  |  1871 | 0x0000224f | 0xff | 0xff
[OK ]  |  1872 | 0x00002250 | 0xf2 | 0xf2
[OK ]  |  1873 | 0x00002251 | 0x5e | 0x5e
[OK ]  |  1874 | 0x00002252 | 0x00 | 0x00
[OK ]  |  1875 | 0x00002253 | 0x00 | 0x00
[OK ]  |  1876 | 0x00002254 | 0x95 | 0x95
[OK ]  |  1877 | 0x00002255 | 0xe2 | 0xe2
[OK ]  |  1878 | 0x00002256 | 0xff | 0xff
[OK ]  |  1879 | 0x00002257 | 0xff | 0xff
[OK ]  |  1880 | 0x00002258 | 0x36 | 0x36
[OK ]  |  1881 | 0x00002259 | 0x47 | 0x47
[OK ]  |  1882 | 0x0000225a | 0xff | 0xff
[OK ]  |  1883 | 0x0000225b | 0xff | 0xff
[OK ]  |  1884 | 0x0000225c | 0x4e | 0x4e
[OK ]  |  1885 | 0x0000225d | 0x9d | 0x9d
[OK ]  |  1886 | 0x0000225e | 0x01 | 0x01
[OK ]  |  1887 | 0x0000225f | 0x00 | 0x00
[OK ]  |  1888 | 0x00002260 | 0xcf | 0xcf
[OK ]  |  1889 | 0x00002261 | 0x37 | 0x37
[OK ]  |  1890 | 0x00002262 | 0xff | 0xff
[OK ]  |  1891 | 0x00002263 | 0xff | 0xff
[OK ]  |  1892 | 0x00002264 | 0x5a | 0x5a
[OK ]  |  1893 | 0x00002265 | 0x16 | 0x16
[OK ]  |  1894 | 0x00002266 | 0x00 | 0x00
[OK ]  |  1895 | 0x00002267 | 0x00 | 0x00
[OK ]  |  1896 | 0x00002268 | 0xf5 | 0xf5
[OK ]  |  1897 | 0x00002269 | 0xdb | 0xdb
[OK ]  |  1898 | 0x0000226a | 0xff | 0xff
[OK ]  |  1899 | 0x0000226b | 0xff | 0xff
[OK ]  |  1900 | 0x0000226c | 0xa2 | 0xa2
[OK ]  |  1901 | 0x0000226d | 0xa3 | 0xa3
[OK ]  |  1902 | 0x0000226e | 0x00 | 0x00
[OK ]  |  1903 | 0x0000226f | 0x00 | 0x00
[OK ]  |  1904 | 0x00002270 | 0xaf | 0xaf
[OK ]  |  1905 | 0x00002271 | 0x61 | 0x61
[OK ]  |  1906 | 0x00002272 | 0x00 | 0x00
[OK ]  |  1907 | 0x00002273 | 0x00 | 0x00
[OK ]  |  1908 | 0x00002274 | 0xe5 | 0xe5
[OK ]  |  1909 | 0x00002275 | 0x29 | 0x29
[OK ]  |  1910 | 0x00002276 | 0xff | 0xff
[OK ]  |  1911 | 0x00002277 | 0xff | 0xff
[OK ]  |  1912 | 0x00002278 | 0xc7 | 0xc7
[OK ]  |  1913 | 0x00002279 | 0xe5 | 0xe5
[OK ]  |  1914 | 0x0000227a | 0xff | 0xff
[OK ]  |  1915 | 0x0000227b | 0xff | 0xff
[OK ]  |  1916 | 0x0000227c | 0x8e | 0x8e
[OK ]  |  1917 | 0x0000227d | 0xfd | 0xfd
[OK ]  |  1918 | 0x0000227e | 0x00 | 0x00
[OK ]  |  1919 | 0x0000227f | 0x00 | 0x00
[OK ]  |  1920 | 0x00002280 | 0x40 | 0x40
[OK ]  |  1921 | 0x00002281 | 0xea | 0xea
[OK ]  |  1922 | 0x00002282 | 0xfd | 0xfd
[OK ]  |  1923 | 0x00002283 | 0xff | 0xff
[OK ]  |  1924 | 0x00002284 | 0x4f | 0x4f
[OK ]  |  1925 | 0x00002285 | 0xe0 | 0xe0
[OK ]  |  1926 | 0x00002286 | 0x00 | 0x00
[OK ]  |  1927 | 0x00002287 | 0x00 | 0x00
[OK ]  |  1928 | 0x00002288 | 0xc0 | 0xc0
[OK ]  |  1929 | 0x00002289 | 0xfb | 0xfb
[OK ]  |  1930 | 0x0000228a | 0x00 | 0x00
[OK ]  |  1931 | 0x0000228b | 0x00 | 0x00
[OK ]  |  1932 | 0x0000228c | 0xc1 | 0xc1
[OK ]  |  1933 | 0x0000228d | 0x64 | 0x64
[OK ]  |  1934 | 0x0000228e | 0x00 | 0x00
[OK ]  |  1935 | 0x0000228f | 0x00 | 0x00
[OK ]  |  1936 | 0x00002290 | 0xe7 | 0xe7
[OK ]  |  1937 | 0x00002291 | 0x58 | 0x58
[OK ]  |  1938 | 0x00002292 | 0x00 | 0x00
[OK ]  |  1939 | 0x00002293 | 0x00 | 0x00
[OK ]  |  1940 | 0x00002294 | 0x4e | 0x4e
[OK ]  |  1941 | 0x00002295 | 0xd5 | 0xd5
[OK ]  |  1942 | 0x00002296 | 0x00 | 0x00
[OK ]  |  1943 | 0x00002297 | 0x00 | 0x00
[OK ]  |  1944 | 0x00002298 | 0xd9 | 0xd9
[OK ]  |  1945 | 0x00002299 | 0xbd | 0xbd
[OK ]  |  1946 | 0x0000229a | 0xff | 0xff
[OK ]  |  1947 | 0x0000229b | 0xff | 0xff
[OK ]  |  1948 | 0x0000229c | 0xcd | 0xcd
[OK ]  |  1949 | 0x0000229d | 0x3b | 0x3b
[OK ]  |  1950 | 0x0000229e | 0x01 | 0x01
[OK ]  |  1951 | 0x0000229f | 0x00 | 0x00
[OK ]  |  1952 | 0x000022a0 | 0x93 | 0x93
[OK ]  |  1953 | 0x000022a1 | 0x31 | 0x31
[OK ]  |  1954 | 0x000022a2 | 0x01 | 0x01
[OK ]  |  1955 | 0x000022a3 | 0x00 | 0x00
[OK ]  |  1956 | 0x000022a4 | 0x77 | 0x77
[OK ]  |  1957 | 0x000022a5 | 0x57 | 0x57
[OK ]  |  1958 | 0x000022a6 | 0xff | 0xff
[OK ]  |  1959 | 0x000022a7 | 0xff | 0xff
[OK ]  |  1960 | 0x000022a8 | 0x12 | 0x12
[OK ]  |  1961 | 0x000022a9 | 0x41 | 0x41
[OK ]  |  1962 | 0x000022aa | 0x00 | 0x00
[OK ]  |  1963 | 0x000022ab | 0x00 | 0x00
[OK ]  |  1964 | 0x000022ac | 0x16 | 0x16
[OK ]  |  1965 | 0x000022ad | 0x67 | 0x67
[OK ]  |  1966 | 0x000022ae | 0x00 | 0x00
[OK ]  |  1967 | 0x000022af | 0x00 | 0x00
[OK ]  |  1968 | 0x000022b0 | 0x90 | 0x90
[OK ]  |  1969 | 0x000022b1 | 0x77 | 0x77
[OK ]  |  1970 | 0x000022b2 | 0x00 | 0x00
[OK ]  |  1971 | 0x000022b3 | 0x00 | 0x00
[OK ]  |  1972 | 0x000022b4 | 0xe0 | 0xe0
[OK ]  |  1973 | 0x000022b5 | 0xbc | 0xbc
[OK ]  |  1974 | 0x000022b6 | 0xff | 0xff
[OK ]  |  1975 | 0x000022b7 | 0xff | 0xff
[OK ]  |  1976 | 0x000022b8 | 0x0f | 0x0f
[OK ]  |  1977 | 0x000022b9 | 0x5d | 0x5d
[OK ]  |  1978 | 0x000022ba | 0x00 | 0x00
[OK ]  |  1979 | 0x000022bb | 0x00 | 0x00
[OK ]  |  1980 | 0x000022bc | 0xa9 | 0xa9
[OK ]  |  1981 | 0x000022bd | 0xb4 | 0xb4
[OK ]  |  1982 | 0x000022be | 0xff | 0xff
[OK ]  |  1983 | 0x000022bf | 0xff | 0xff
[OK ]  |  1984 | 0x000022c0 | 0x63 | 0x63
[OK ]  |  1985 | 0x000022c1 | 0x50 | 0x50
[OK ]  |  1986 | 0x000022c2 | 0xff | 0xff
[OK ]  |  1987 | 0x000022c3 | 0xff | 0xff
[OK ]  |  1988 | 0x000022c4 | 0x42 | 0x42
[OK ]  |  1989 | 0x000022c5 | 0xb5 | 0xb5
[OK ]  |  1990 | 0x000022c6 | 0xff | 0xff
[OK ]  |  1991 | 0x000022c7 | 0xff | 0xff
[OK ]  |  1992 | 0x000022c8 | 0xdd | 0xdd
[OK ]  |  1993 | 0x000022c9 | 0x19 | 0x19
[OK ]  |  1994 | 0x000022ca | 0xfe | 0xfe
[OK ]  |  1995 | 0x000022cb | 0xff | 0xff
[OK ]  |  1996 | 0x000022cc | 0xa2 | 0xa2
[OK ]  |  1997 | 0x000022cd | 0x9b | 0x9b
[OK ]  |  1998 | 0x000022ce | 0xff | 0xff
[OK ]  |  1999 | 0x000022cf | 0xff | 0xff
[OK ]  |  2000 | 0x000022d0 | 0xde | 0xde
[OK ]  |  2001 | 0x000022d1 | 0x9e | 0x9e
[OK ]  |  2002 | 0x000022d2 | 0xff | 0xff
[OK ]  |  2003 | 0x000022d3 | 0xff | 0xff
[OK ]  |  2004 | 0x000022d4 | 0x82 | 0x82
[OK ]  |  2005 | 0x000022d5 | 0x1b | 0x1b
[OK ]  |  2006 | 0x000022d6 | 0x00 | 0x00
[OK ]  |  2007 | 0x000022d7 | 0x00 | 0x00
[OK ]  |  2008 | 0x000022d8 | 0xd8 | 0xd8
[OK ]  |  2009 | 0x000022d9 | 0x4f | 0x4f
[OK ]  |  2010 | 0x000022da | 0xff | 0xff
[OK ]  |  2011 | 0x000022db | 0xff | 0xff
[OK ]  |  2012 | 0x000022dc | 0x53 | 0x53
[OK ]  |  2013 | 0x000022dd | 0xa8 | 0xa8
[OK ]  |  2014 | 0x000022de | 0xfe | 0xfe
[OK ]  |  2015 | 0x000022df | 0xff | 0xff
[OK ]  |  2016 | 0x000022e0 | 0x33 | 0x33
[OK ]  |  2017 | 0x000022e1 | 0x35 | 0x35
[OK ]  |  2018 | 0x000022e2 | 0xff | 0xff
[OK ]  |  2019 | 0x000022e3 | 0xff | 0xff
[OK ]  |  2020 | 0x000022e4 | 0xa9 | 0xa9
[OK ]  |  2021 | 0x000022e5 | 0x62 | 0x62
[OK ]  |  2022 | 0x000022e6 | 0x00 | 0x00
[OK ]  |  2023 | 0x000022e7 | 0x00 | 0x00
[OK ]  |  2024 | 0x000022e8 | 0xae | 0xae
[OK ]  |  2025 | 0x000022e9 | 0xf5 | 0xf5
[OK ]  |  2026 | 0x000022ea | 0xfe | 0xfe
[OK ]  |  2027 | 0x000022eb | 0xff | 0xff
[OK ]  |  2028 | 0x000022ec | 0xdb | 0xdb
[OK ]  |  2029 | 0x000022ed | 0x8a | 0x8a
[OK ]  |  2030 | 0x000022ee | 0x00 | 0x00
[OK ]  |  2031 | 0x000022ef | 0x00 | 0x00
[OK ]  |  2032 | 0x000022f0 | 0x55 | 0x55
[OK ]  |  2033 | 0x000022f1 | 0xe8 | 0xe8
[OK ]  |  2034 | 0x000022f2 | 0xff | 0xff
[OK ]  |  2035 | 0x000022f3 | 0xff | 0xff
[OK ]  |  2036 | 0x000022f4 | 0x49 | 0x49
[OK ]  |  2037 | 0x000022f5 | 0x51 | 0x51
[OK ]  |  2038 | 0x000022f6 | 0x00 | 0x00
[OK ]  |  2039 | 0x000022f7 | 0x00 | 0x00
[OK ]  |  2040 | 0x000022f8 | 0xa9 | 0xa9
[OK ]  |  2041 | 0x000022f9 | 0x08 | 0x08
[OK ]  |  2042 | 0x000022fa | 0x00 | 0x00
[OK ]  |  2043 | 0x000022fb | 0x00 | 0x00
[OK ]  |  2044 | 0x000022fc | 0x84 | 0x84
[OK ]  |  2045 | 0x000022fd | 0xcc | 0xcc
[OK ]  |  2046 | 0x000022fe | 0x00 | 0x00
[OK ]  |  2047 | 0x000022ff | 0x00 | 0x00
[OK ]  |  2048 | 0x00002300 | 0x69 | 0x69
[OK ]  |  2049 | 0x00002301 | 0x64 | 0x64
[OK ]  |  2050 | 0x00002302 | 0x00 | 0x00
[OK ]  |  2051 | 0x00002303 | 0x00 | 0x00
[OK ]  |  2052 | 0x00002304 | 0x41 | 0x41
[OK ]  |  2053 | 0x00002305 | 0x7f | 0x7f
[OK ]  |  2054 | 0x00002306 | 0xfe | 0xfe
[OK ]  |  2055 | 0x00002307 | 0xff | 0xff
[OK ]  |  2056 | 0x00002308 | 0xd1 | 0xd1
[OK ]  |  2057 | 0x00002309 | 0x12 | 0x12
[OK ]  |  2058 | 0x0000230a | 0x00 | 0x00
[OK ]  |  2059 | 0x0000230b | 0x00 | 0x00
[OK ]  |  2060 | 0x0000230c | 0x67 | 0x67
[OK ]  |  2061 | 0x0000230d | 0xc0 | 0xc0
[OK ]  |  2062 | 0x0000230e | 0x00 | 0x00
[OK ]  |  2063 | 0x0000230f | 0x00 | 0x00
[OK ]  |  2064 | 0x00002310 | 0x90 | 0x90
[OK ]  |  2065 | 0x00002311 | 0xbf | 0xbf
[OK ]  |  2066 | 0x00002312 | 0xfe | 0xfe
[OK ]  |  2067 | 0x00002313 | 0xff | 0xff
[OK ]  |  2068 | 0x00002314 | 0xc3 | 0xc3
[OK ]  |  2069 | 0x00002315 | 0xcd | 0xcd
[OK ]  |  2070 | 0x00002316 | 0xff | 0xff
[OK ]  |  2071 | 0x00002317 | 0xff | 0xff
[OK ]  |  2072 | 0x00002318 | 0x6a | 0x6a
[OK ]  |  2073 | 0x00002319 | 0xa5 | 0xa5
[OK ]  |  2074 | 0x0000231a | 0x00 | 0x00
[OK ]  |  2075 | 0x0000231b | 0x00 | 0x00
[OK ]  |  2076 | 0x0000231c | 0xff | 0xff
[OK ]  |  2077 | 0x0000231d | 0x9b | 0x9b
[OK ]  |  2078 | 0x0000231e | 0xff | 0xff
[OK ]  |  2079 | 0x0000231f | 0xff | 0xff
[OK ]  |  2080 | 0x00002320 | 0xe6 | 0xe6
[OK ]  |  2081 | 0x00002321 | 0xd5 | 0xd5
[OK ]  |  2082 | 0x00002322 | 0xff | 0xff
[OK ]  |  2083 | 0x00002323 | 0xff | 0xff
[OK ]  |  2084 | 0x00002324 | 0x55 | 0x55
[OK ]  |  2085 | 0x00002325 | 0xac | 0xac
[OK ]  |  2086 | 0x00002326 | 0xfe | 0xfe
[OK ]  |  2087 | 0x00002327 | 0xff | 0xff
[OK ]  |  2088 | 0x00002328 | 0xc5 | 0xc5
[OK ]  |  2089 | 0x00002329 | 0xb4 | 0xb4
[OK ]  |  2090 | 0x0000232a | 0x00 | 0x00
[OK ]  |  2091 | 0x0000232b | 0x00 | 0x00
[OK ]  |  2092 | 0x0000232c | 0x4a | 0x4a
[OK ]  |  2093 | 0x0000232d | 0x4e | 0x4e
[OK ]  |  2094 | 0x0000232e | 0x01 | 0x01
[OK ]  |  2095 | 0x0000232f | 0x00 | 0x00
[OK ]  |  2096 | 0x00002330 | 0x96 | 0x96
[OK ]  |  2097 | 0x00002331 | 0x9c | 0x9c
[OK ]  |  2098 | 0x00002332 | 0xff | 0xff
[OK ]  |  2099 | 0x00002333 | 0xff | 0xff
[OK ]  |  2100 | 0x00002334 | 0xf1 | 0xf1
[OK ]  |  2101 | 0x00002335 | 0x32 | 0x32
[OK ]  |  2102 | 0x00002336 | 0x00 | 0x00
[OK ]  |  2103 | 0x00002337 | 0x00 | 0x00
[OK ]  |  2104 | 0x00002338 | 0x1f | 0x1f
[OK ]  |  2105 | 0x00002339 | 0x16 | 0x16
[OK ]  |  2106 | 0x0000233a | 0x00 | 0x00
[OK ]  |  2107 | 0x0000233b | 0x00 | 0x00
[OK ]  |  2108 | 0x0000233c | 0x5f | 0x5f
[OK ]  |  2109 | 0x0000233d | 0x7b | 0x7b
[OK ]  |  2110 | 0x0000233e | 0x00 | 0x00
[OK ]  |  2111 | 0x0000233f | 0x00 | 0x00
[OK ]  |  2112 | 0x00002340 | 0x5f | 0x5f
[OK ]  |  2113 | 0x00002341 | 0x4d | 0x4d
[OK ]  |  2114 | 0x00002342 | 0x00 | 0x00
[OK ]  |  2115 | 0x00002343 | 0x00 | 0x00
[OK ]  |  2116 | 0x00002344 | 0xda | 0xda
[OK ]  |  2117 | 0x00002345 | 0xef | 0xef
[OK ]  |  2118 | 0x00002346 | 0x00 | 0x00
[OK ]  |  2119 | 0x00002347 | 0x00 | 0x00
[OK ]  |  2120 | 0x00002348 | 0x2b | 0x2b
[OK ]  |  2121 | 0x00002349 | 0x3a | 0x3a
[OK ]  |  2122 | 0x0000234a | 0xff | 0xff
[OK ]  |  2123 | 0x0000234b | 0xff | 0xff
[OK ]  |  2124 | 0x0000234c | 0xd5 | 0xd5
[OK ]  |  2125 | 0x0000234d | 0x92 | 0x92
[OK ]  |  2126 | 0x0000234e | 0xff | 0xff
[OK ]  |  2127 | 0x0000234f | 0xff | 0xff
[OK ]  |  2128 | 0x00002350 | 0x1c | 0x1c
[OK ]  |  2129 | 0x00002351 | 0x2f | 0x2f
[OK ]  |  2130 | 0x00002352 | 0xff | 0xff
[OK ]  |  2131 | 0x00002353 | 0xff | 0xff
[OK ]  |  2132 | 0x00002354 | 0x68 | 0x68
[OK ]  |  2133 | 0x00002355 | 0x24 | 0x24
[OK ]  |  2134 | 0x00002356 | 0xff | 0xff
[OK ]  |  2135 | 0x00002357 | 0xff | 0xff
[OK ]  |  2136 | 0x00002358 | 0xc1 | 0xc1
[OK ]  |  2137 | 0x00002359 | 0x65 | 0x65
[OK ]  |  2138 | 0x0000235a | 0x00 | 0x00
[OK ]  |  2139 | 0x0000235b | 0x00 | 0x00
[OK ]  |  2140 | 0x0000235c | 0x43 | 0x43
[OK ]  |  2141 | 0x0000235d | 0xe7 | 0xe7
[OK ]  |  2142 | 0x0000235e | 0xfe | 0xfe
[OK ]  |  2143 | 0x0000235f | 0xff | 0xff
[OK ]  |  2144 | 0x00002360 | 0xfb | 0xfb
[OK ]  |  2145 | 0x00002361 | 0x32 | 0x32
[OK ]  |  2146 | 0x00002362 | 0x00 | 0x00
[OK ]  |  2147 | 0x00002363 | 0x00 | 0x00
[OK ]  |  2148 | 0x00002364 | 0x44 | 0x44
[OK ]  |  2149 | 0x00002365 | 0x3f | 0x3f
[OK ]  |  2150 | 0x00002366 | 0x00 | 0x00
[OK ]  |  2151 | 0x00002367 | 0x00 | 0x00
[OK ]  |  2152 | 0x00002368 | 0x68 | 0x68
[OK ]  |  2153 | 0x00002369 | 0x40 | 0x40
[OK ]  |  2154 | 0x0000236a | 0x00 | 0x00
[OK ]  |  2155 | 0x0000236b | 0x00 | 0x00
[OK ]  |  2156 | 0x0000236c | 0x40 | 0x40
[OK ]  |  2157 | 0x0000236d | 0xd5 | 0xd5
[OK ]  |  2158 | 0x0000236e | 0xff | 0xff
[OK ]  |  2159 | 0x0000236f | 0xff | 0xff
[OK ]  |  2160 | 0x00002370 | 0x3d | 0x3d
[OK ]  |  2161 | 0x00002371 | 0x57 | 0x57
[OK ]  |  2162 | 0x00002372 | 0x01 | 0x01
[OK ]  |  2163 | 0x00002373 | 0x00 | 0x00
[OK ]  |  2164 | 0x00002374 | 0xf2 | 0xf2
[OK ]  |  2165 | 0x00002375 | 0xe2 | 0xe2
[OK ]  |  2166 | 0x00002376 | 0xff | 0xff
[OK ]  |  2167 | 0x00002377 | 0xff | 0xff
[OK ]  |  2168 | 0x00002378 | 0x43 | 0x43
[OK ]  |  2169 | 0x00002379 | 0xff | 0xff
[OK ]  |  2170 | 0x0000237a | 0xfd | 0xfd
[OK ]  |  2171 | 0x0000237b | 0xff | 0xff
[OK ]  |  2172 | 0x0000237c | 0x0b | 0x0b
[OK ]  |  2173 | 0x0000237d | 0xf1 | 0xf1
[OK ]  |  2174 | 0x0000237e | 0xfe | 0xfe
[OK ]  |  2175 | 0x0000237f | 0xff | 0xff
[OK ]  |  2176 | 0x00002380 | 0x41 | 0x41
[OK ]  |  2177 | 0x00002381 | 0x31 | 0x31
[OK ]  |  2178 | 0x00002382 | 0x00 | 0x00
[OK ]  |  2179 | 0x00002383 | 0x00 | 0x00
[OK ]  |  2180 | 0x00002384 | 0xaa | 0xaa
[OK ]  |  2181 | 0x00002385 | 0x1a | 0x1a
[OK ]  |  2182 | 0x00002386 | 0x00 | 0x00
[OK ]  |  2183 | 0x00002387 | 0x00 | 0x00
[OK ]  |  2184 | 0x00002388 | 0x36 | 0x36
[OK ]  |  2185 | 0x00002389 | 0x21 | 0x21
[OK ]  |  2186 | 0x0000238a | 0x00 | 0x00
[OK ]  |  2187 | 0x0000238b | 0x00 | 0x00
[OK ]  |  2188 | 0x0000238c | 0x46 | 0x46
[OK ]  |  2189 | 0x0000238d | 0x56 | 0x56
[OK ]  |  2190 | 0x0000238e | 0x01 | 0x01
[OK ]  |  2191 | 0x0000238f | 0x00 | 0x00
[OK ]  |  2192 | 0x00002390 | 0x56 | 0x56
[OK ]  |  2193 | 0x00002391 | 0x4f | 0x4f
[OK ]  |  2194 | 0x00002392 | 0x00 | 0x00
[OK ]  |  2195 | 0x00002393 | 0x00 | 0x00
[OK ]  |  2196 | 0x00002394 | 0xe1 | 0xe1
[OK ]  |  2197 | 0x00002395 | 0xc2 | 0xc2
[OK ]  |  2198 | 0x00002396 | 0xff | 0xff
[OK ]  |  2199 | 0x00002397 | 0xff | 0xff
[OK ]  |  2200 | 0x00002398 | 0x0a | 0x0a
[OK ]  |  2201 | 0x00002399 | 0x17 | 0x17
[OK ]  |  2202 | 0x0000239a | 0x00 | 0x00
[OK ]  |  2203 | 0x0000239b | 0x00 | 0x00
[OK ]  |  2204 | 0x0000239c | 0xf3 | 0xf3
[OK ]  |  2205 | 0x0000239d | 0xf7 | 0xf7
[OK ]  |  2206 | 0x0000239e | 0x00 | 0x00
[OK ]  |  2207 | 0x0000239f | 0x00 | 0x00
[OK ]  |  2208 | 0x000023a0 | 0x8e | 0x8e
[OK ]  |  2209 | 0x000023a1 | 0x3a | 0x3a
[OK ]  |  2210 | 0x000023a2 | 0x01 | 0x01
[OK ]  |  2211 | 0x000023a3 | 0x00 | 0x00
[OK ]  |  2212 | 0x000023a4 | 0xdb | 0xdb
[OK ]  |  2213 | 0x000023a5 | 0x22 | 0x22
[OK ]  |  2214 | 0x000023a6 | 0xff | 0xff
[OK ]  |  2215 | 0x000023a7 | 0xff | 0xff
[OK ]  |  2216 | 0x000023a8 | 0xcd | 0xcd
[OK ]  |  2217 | 0x000023a9 | 0x4f | 0x4f
[OK ]  |  2218 | 0x000023aa | 0xff | 0xff
[OK ]  |  2219 | 0x000023ab | 0xff | 0xff
[OK ]  |  2220 | 0x000023ac | 0xc6 | 0xc6
[OK ]  |  2221 | 0x000023ad | 0xc4 | 0xc4
[OK ]  |  2222 | 0x000023ae | 0xff | 0xff
[OK ]  |  2223 | 0x000023af | 0xff | 0xff
[OK ]  |  2224 | 0x000023b0 | 0x44 | 0x44
[OK ]  |  2225 | 0x000023b1 | 0x03 | 0x03
[OK ]  |  2226 | 0x000023b2 | 0x01 | 0x01
[OK ]  |  2227 | 0x000023b3 | 0x00 | 0x00
[OK ]  |  2228 | 0x000023b4 | 0x71 | 0x71
[OK ]  |  2229 | 0x000023b5 | 0x2d | 0x2d
[OK ]  |  2230 | 0x000023b6 | 0x00 | 0x00
[OK ]  |  2231 | 0x000023b7 | 0x00 | 0x00
[OK ]  |  2232 | 0x000023b8 | 0x07 | 0x07
[OK ]  |  2233 | 0x000023b9 | 0xaa | 0xaa
[OK ]  |  2234 | 0x000023ba | 0x00 | 0x00
[OK ]  |  2235 | 0x000023bb | 0x00 | 0x00
[OK ]  |  2236 | 0x000023bc | 0xb5 | 0xb5
[OK ]  |  2237 | 0x000023bd | 0xdd | 0xdd
[OK ]  |  2238 | 0x000023be | 0xff | 0xff
[OK ]  |  2239 | 0x000023bf | 0xff | 0xff
[OK ]  |  2240 | 0x000023c0 | 0x40 | 0x40
[OK ]  |  2241 | 0x000023c1 | 0x90 | 0x90
[OK ]  |  2242 | 0x000023c2 | 0xff | 0xff
[OK ]  |  2243 | 0x000023c3 | 0xff | 0xff
[OK ]  |  2244 | 0x000023c4 | 0x2f | 0x2f
[OK ]  |  2245 | 0x000023c5 | 0xcc | 0xcc
[OK ]  |  2246 | 0x000023c6 | 0xff | 0xff
[OK ]  |  2247 | 0x000023c7 | 0xff | 0xff
[OK ]  |  2248 | 0x000023c8 | 0x53 | 0x53
[OK ]  |  2249 | 0x000023c9 | 0x18 | 0x18
[OK ]  |  2250 | 0x000023ca | 0xfe | 0xfe
[OK ]  |  2251 | 0x000023cb | 0xff | 0xff
[OK ]  |  2252 | 0x000023cc | 0x2c | 0x2c
[OK ]  |  2253 | 0x000023cd | 0x4b | 0x4b
[OK ]  |  2254 | 0x000023ce | 0xff | 0xff
[OK ]  |  2255 | 0x000023cf | 0xff | 0xff
[OK ]  |  2256 | 0x000023d0 | 0x78 | 0x78
[OK ]  |  2257 | 0x000023d1 | 0xdc | 0xdc
[OK ]  |  2258 | 0x000023d2 | 0xfe | 0xfe
[OK ]  |  2259 | 0x000023d3 | 0xff | 0xff
[OK ]  |  2260 | 0x000023d4 | 0x01 | 0x01
[OK ]  |  2261 | 0x000023d5 | 0x4b | 0x4b
[OK ]  |  2262 | 0x000023d6 | 0x00 | 0x00
[OK ]  |  2263 | 0x000023d7 | 0x00 | 0x00
[OK ]  |  2264 | 0x000023d8 | 0xe7 | 0xe7
[OK ]  |  2265 | 0x000023d9 | 0x16 | 0x16
[OK ]  |  2266 | 0x000023da | 0xff | 0xff
[OK ]  |  2267 | 0x000023db | 0xff | 0xff
[OK ]  |  2268 | 0x000023dc | 0x8f | 0x8f
[OK ]  |  2269 | 0x000023dd | 0x60 | 0x60
[OK ]  |  2270 | 0x000023de | 0xff | 0xff
[OK ]  |  2271 | 0x000023df | 0xff | 0xff
[OK ]  |  2272 | 0x000023e0 | 0x86 | 0x86
[OK ]  |  2273 | 0x000023e1 | 0x8f | 0x8f
[OK ]  |  2274 | 0x000023e2 | 0xff | 0xff
[OK ]  |  2275 | 0x000023e3 | 0xff | 0xff
[OK ]  |  2276 | 0x000023e4 | 0x8b | 0x8b
[OK ]  |  2277 | 0x000023e5 | 0xa7 | 0xa7
[OK ]  |  2278 | 0x000023e6 | 0xff | 0xff
[OK ]  |  2279 | 0x000023e7 | 0xff | 0xff
[OK ]  |  2280 | 0x000023e8 | 0xc0 | 0xc0
[OK ]  |  2281 | 0x000023e9 | 0x27 | 0x27
[OK ]  |  2282 | 0x000023ea | 0x00 | 0x00
[OK ]  |  2283 | 0x000023eb | 0x00 | 0x00
[OK ]  |  2284 | 0x000023ec | 0xa5 | 0xa5
[OK ]  |  2285 | 0x000023ed | 0x7b | 0x7b
[OK ]  |  2286 | 0x000023ee | 0xff | 0xff
[OK ]  |  2287 | 0x000023ef | 0xff | 0xff
[OK ]  |  2288 | 0x000023f0 | 0x6d | 0x6d
[OK ]  |  2289 | 0x000023f1 | 0x05 | 0x05
[OK ]  |  2290 | 0x000023f2 | 0x00 | 0x00
[OK ]  |  2291 | 0x000023f3 | 0x00 | 0x00
[OK ]  |  2292 | 0x000023f4 | 0x17 | 0x17
[OK ]  |  2293 | 0x000023f5 | 0x64 | 0x64
[OK ]  |  2294 | 0x000023f6 | 0x00 | 0x00
[OK ]  |  2295 | 0x000023f7 | 0x00 | 0x00
[OK ]  |  2296 | 0x000023f8 | 0x75 | 0x75
[OK ]  |  2297 | 0x000023f9 | 0x3d | 0x3d
[OK ]  |  2298 | 0x000023fa | 0x00 | 0x00
[OK ]  |  2299 | 0x000023fb | 0x00 | 0x00
[OK ]  |  2300 | 0x000023fc | 0x56 | 0x56
[OK ]  |  2301 | 0x000023fd | 0x87 | 0x87
[OK ]  |  2302 | 0x000023fe | 0x00 | 0x00
[OK ]  |  2303 | 0x000023ff | 0x00 | 0x00
[OK ]  |  2304 | 0x00002400 | 0x3b | 0x3b
[OK ]  |  2305 | 0x00002401 | 0x2d | 0x2d
[OK ]  |  2306 | 0x00002402 | 0x01 | 0x01
[OK ]  |  2307 | 0x00002403 | 0x00 | 0x00
[OK ]  |  2308 | 0x00002404 | 0x57 | 0x57
[OK ]  |  2309 | 0x00002405 | 0x11 | 0x11
[OK ]  |  2310 | 0x00002406 | 0xff | 0xff
[OK ]  |  2311 | 0x00002407 | 0xff | 0xff
[OK ]  |  2312 | 0x00002408 | 0xaa | 0xaa
[OK ]  |  2313 | 0x00002409 | 0xb7 | 0xb7
[OK ]  |  2314 | 0x0000240a | 0x00 | 0x00
[OK ]  |  2315 | 0x0000240b | 0x00 | 0x00
[OK ]  |  2316 | 0x0000240c | 0xde | 0xde
[OK ]  |  2317 | 0x0000240d | 0x07 | 0x07
[OK ]  |  2318 | 0x0000240e | 0x00 | 0x00
[OK ]  |  2319 | 0x0000240f | 0x00 | 0x00
[OK ]  |  2320 | 0x00002410 | 0xd7 | 0xd7
[OK ]  |  2321 | 0x00002411 | 0x7d | 0x7d
[OK ]  |  2322 | 0x00002412 | 0x00 | 0x00
[OK ]  |  2323 | 0x00002413 | 0x00 | 0x00
[OK ]  |  2324 | 0x00002414 | 0xd2 | 0xd2
[OK ]  |  2325 | 0x00002415 | 0x56 | 0x56
[OK ]  |  2326 | 0x00002416 | 0x00 | 0x00
[OK ]  |  2327 | 0x00002417 | 0x00 | 0x00
[OK ]  |  2328 | 0x00002418 | 0x34 | 0x34
[OK ]  |  2329 | 0x00002419 | 0xdf | 0xdf
[OK ]  |  2330 | 0x0000241a | 0x00 | 0x00
[OK ]  |  2331 | 0x0000241b | 0x00 | 0x00
[OK ]  |  2332 | 0x0000241c | 0xd9 | 0xd9
[OK ]  |  2333 | 0x0000241d | 0xa4 | 0xa4
[OK ]  |  2334 | 0x0000241e | 0xff | 0xff
[OK ]  |  2335 | 0x0000241f | 0xff | 0xff
[OK ]  |  2336 | 0x00002420 | 0x9a | 0x9a
[OK ]  |  2337 | 0x00002421 | 0xd4 | 0xd4
[OK ]  |  2338 | 0x00002422 | 0xfe | 0xfe
[OK ]  |  2339 | 0x00002423 | 0xff | 0xff
[OK ]  |  2340 | 0x00002424 | 0xa8 | 0xa8
[OK ]  |  2341 | 0x00002425 | 0xb8 | 0xb8
[OK ]  |  2342 | 0x00002426 | 0xff | 0xff
[OK ]  |  2343 | 0x00002427 | 0xff | 0xff
[OK ]  |  2344 | 0x00002428 | 0x49 | 0x49
[OK ]  |  2345 | 0x00002429 | 0x44 | 0x44
[OK ]  |  2346 | 0x0000242a | 0x00 | 0x00
[OK ]  |  2347 | 0x0000242b | 0x00 | 0x00
[OK ]  |  2348 | 0x0000242c | 0x6f | 0x6f
[OK ]  |  2349 | 0x0000242d | 0xc5 | 0xc5
[OK ]  |  2350 | 0x0000242e | 0xff | 0xff
[OK ]  |  2351 | 0x0000242f | 0xff | 0xff
[OK ]  |  2352 | 0x00002430 | 0x2c | 0x2c
[OK ]  |  2353 | 0x00002431 | 0x97 | 0x97
[OK ]  |  2354 | 0x00002432 | 0xff | 0xff
[OK ]  |  2355 | 0x00002433 | 0xff | 0xff
[OK ]  |  2356 | 0x00002434 | 0x19 | 0x19
[OK ]  |  2357 | 0x00002435 | 0x27 | 0x27
[OK ]  |  2358 | 0x00002436 | 0x00 | 0x00
[OK ]  |  2359 | 0x00002437 | 0x00 | 0x00
[OK ]  |  2360 | 0x00002438 | 0xb5 | 0xb5
[OK ]  |  2361 | 0x00002439 | 0x7f | 0x7f
[OK ]  |  2362 | 0x0000243a | 0x00 | 0x00
[OK ]  |  2363 | 0x0000243b | 0x00 | 0x00
[OK ]  |  2364 | 0x0000243c | 0x5e | 0x5e
[OK ]  |  2365 | 0x0000243d | 0xb6 | 0xb6
[OK ]  |  2366 | 0x0000243e | 0x00 | 0x00
[OK ]  |  2367 | 0x0000243f | 0x00 | 0x00
[OK ]  |  2368 | 0x00002440 | 0x47 | 0x47
[OK ]  |  2369 | 0x00002441 | 0x1b | 0x1b
[OK ]  |  2370 | 0x00002442 | 0x00 | 0x00
[OK ]  |  2371 | 0x00002443 | 0x00 | 0x00
[OK ]  |  2372 | 0x00002444 | 0x79 | 0x79
[OK ]  |  2373 | 0x00002445 | 0x18 | 0x18
[OK ]  |  2374 | 0x00002446 | 0x00 | 0x00
[OK ]  |  2375 | 0x00002447 | 0x00 | 0x00
[OK ]  |  2376 | 0x00002448 | 0xa1 | 0xa1
[OK ]  |  2377 | 0x00002449 | 0xd1 | 0xd1
[OK ]  |  2378 | 0x0000244a | 0x00 | 0x00
[OK ]  |  2379 | 0x0000244b | 0x00 | 0x00
[OK ]  |  2380 | 0x0000244c | 0xb2 | 0xb2
[OK ]  |  2381 | 0x0000244d | 0x9c | 0x9c
[OK ]  |  2382 | 0x0000244e | 0x00 | 0x00
[OK ]  |  2383 | 0x0000244f | 0x00 | 0x00
[OK ]  |  2384 | 0x00002450 | 0x7a | 0x7a
[OK ]  |  2385 | 0x00002451 | 0xd1 | 0xd1
[OK ]  |  2386 | 0x00002452 | 0x00 | 0x00
[OK ]  |  2387 | 0x00002453 | 0x00 | 0x00
[OK ]  |  2388 | 0x00002454 | 0xa0 | 0xa0
[OK ]  |  2389 | 0x00002455 | 0x71 | 0x71
[OK ]  |  2390 | 0x00002456 | 0x01 | 0x01
[OK ]  |  2391 | 0x00002457 | 0x00 | 0x00
[OK ]  |  2392 | 0x00002458 | 0x96 | 0x96
[OK ]  |  2393 | 0x00002459 | 0xd9 | 0xd9
[OK ]  |  2394 | 0x0000245a | 0xff | 0xff
[OK ]  |  2395 | 0x0000245b | 0xff | 0xff
[OK ]  |  2396 | 0x0000245c | 0xa8 | 0xa8
[OK ]  |  2397 | 0x0000245d | 0x89 | 0x89
[OK ]  |  2398 | 0x0000245e | 0x00 | 0x00
[OK ]  |  2399 | 0x0000245f | 0x00 | 0x00
[OK ]  |  2400 | 0x00002460 | 0xc3 | 0xc3
[OK ]  |  2401 | 0x00002461 | 0xc8 | 0xc8
[OK ]  |  2402 | 0x00002462 | 0xff | 0xff
[OK ]  |  2403 | 0x00002463 | 0xff | 0xff
[OK ]  |  2404 | 0x00002464 | 0x4a | 0x4a
[OK ]  |  2405 | 0x00002465 | 0xde | 0xde
[OK ]  |  2406 | 0x00002466 | 0x00 | 0x00
[OK ]  |  2407 | 0x00002467 | 0x00 | 0x00
[OK ]  |  2408 | 0x00002468 | 0x39 | 0x39
[OK ]  |  2409 | 0x00002469 | 0xfe | 0xfe
[OK ]  |  2410 | 0x0000246a | 0xfe | 0xfe
[OK ]  |  2411 | 0x0000246b | 0xff | 0xff
[OK ]  |  2412 | 0x0000246c | 0x2d | 0x2d
[OK ]  |  2413 | 0x0000246d | 0x7b | 0x7b
[OK ]  |  2414 | 0x0000246e | 0x00 | 0x00
[OK ]  |  2415 | 0x0000246f | 0x00 | 0x00
[OK ]  |  2416 | 0x00002470 | 0xea | 0xea
[OK ]  |  2417 | 0x00002471 | 0xd8 | 0xd8
[OK ]  |  2418 | 0x00002472 | 0x00 | 0x00
[OK ]  |  2419 | 0x00002473 | 0x00 | 0x00
[OK ]  |  2420 | 0x00002474 | 0x42 | 0x42
[OK ]  |  2421 | 0x00002475 | 0xe8 | 0xe8
[OK ]  |  2422 | 0x00002476 | 0xfe | 0xfe
[OK ]  |  2423 | 0x00002477 | 0xff | 0xff
[OK ]  |  2424 | 0x00002478 | 0x03 | 0x03
[OK ]  |  2425 | 0x00002479 | 0x10 | 0x10
[OK ]  |  2426 | 0x0000247a | 0x00 | 0x00
[OK ]  |  2427 | 0x0000247b | 0x00 | 0x00
[OK ]  |  2428 | 0x0000247c | 0xcd | 0xcd
[OK ]  |  2429 | 0x0000247d | 0xc1 | 0xc1
[OK ]  |  2430 | 0x0000247e | 0x00 | 0x00
[OK ]  |  2431 | 0x0000247f | 0x00 | 0x00
[OK ]  |  2432 | 0x00002480 | 0x7d | 0x7d
[OK ]  |  2433 | 0x00002481 | 0x04 | 0x04
[OK ]  |  2434 | 0x00002482 | 0xff | 0xff
[OK ]  |  2435 | 0x00002483 | 0xff | 0xff
[OK ]  |  2436 | 0x00002484 | 0x99 | 0x99
[OK ]  |  2437 | 0x00002485 | 0xe2 | 0xe2
[OK ]  |  2438 | 0x00002486 | 0xff | 0xff
[OK ]  |  2439 | 0x00002487 | 0xff | 0xff
[OK ]  |  2440 | 0x00002488 | 0xb4 | 0xb4
[OK ]  |  2441 | 0x00002489 | 0xfe | 0xfe
[OK ]  |  2442 | 0x0000248a | 0xff | 0xff
[OK ]  |  2443 | 0x0000248b | 0xff | 0xff
[OK ]  |  2444 | 0x0000248c | 0x98 | 0x98
[OK ]  |  2445 | 0x0000248d | 0xf5 | 0xf5
[OK ]  |  2446 | 0x0000248e | 0x00 | 0x00
[OK ]  |  2447 | 0x0000248f | 0x00 | 0x00
[OK ]  |  2448 | 0x00002490 | 0xfe | 0xfe
[OK ]  |  2449 | 0x00002491 | 0xde | 0xde
[OK ]  |  2450 | 0x00002492 | 0xff | 0xff
[OK ]  |  2451 | 0x00002493 | 0xff | 0xff
[OK ]  |  2452 | 0x00002494 | 0x01 | 0x01
[OK ]  |  2453 | 0x00002495 | 0xf3 | 0xf3
[OK ]  |  2454 | 0x00002496 | 0xff | 0xff
[OK ]  |  2455 | 0x00002497 | 0xff | 0xff
[OK ]  |  2456 | 0x00002498 | 0x37 | 0x37
[OK ]  |  2457 | 0x00002499 | 0x16 | 0x16
[OK ]  |  2458 | 0x0000249a | 0xff | 0xff
[OK ]  |  2459 | 0x0000249b | 0xff | 0xff
[OK ]  |  2460 | 0x0000249c | 0x3b | 0x3b
[OK ]  |  2461 | 0x0000249d | 0xb2 | 0xb2
[OK ]  |  2462 | 0x0000249e | 0xff | 0xff
[OK ]  |  2463 | 0x0000249f | 0xff | 0xff
[OK ]  |  2464 | 0x000024a0 | 0x28 | 0x28
[OK ]  |  2465 | 0x000024a1 | 0x0e | 0x0e
[OK ]  |  2466 | 0x000024a2 | 0x01 | 0x01
[OK ]  |  2467 | 0x000024a3 | 0x00 | 0x00
[OK ]  |  2468 | 0x000024a4 | 0xd6 | 0xd6
[OK ]  |  2469 | 0x000024a5 | 0x6c | 0x6c
[OK ]  |  2470 | 0x000024a6 | 0xff | 0xff
[OK ]  |  2471 | 0x000024a7 | 0xff | 0xff
[OK ]  |  2472 | 0x000024a8 | 0xef | 0xef
[OK ]  |  2473 | 0x000024a9 | 0xf8 | 0xf8
[OK ]  |  2474 | 0x000024aa | 0xff | 0xff
[OK ]  |  2475 | 0x000024ab | 0xff | 0xff
[OK ]  |  2476 | 0x000024ac | 0x76 | 0x76
[OK ]  |  2477 | 0x000024ad | 0xcb | 0xcb
[OK ]  |  2478 | 0x000024ae | 0xff | 0xff
[OK ]  |  2479 | 0x000024af | 0xff | 0xff
[OK ]  |  2480 | 0x000024b0 | 0xf5 | 0xf5
[OK ]  |  2481 | 0x000024b1 | 0x91 | 0x91
[OK ]  |  2482 | 0x000024b2 | 0x00 | 0x00
[OK ]  |  2483 | 0x000024b3 | 0x00 | 0x00
[OK ]  |  2484 | 0x000024b4 | 0x65 | 0x65
[OK ]  |  2485 | 0x000024b5 | 0x55 | 0x55
[OK ]  |  2486 | 0x000024b6 | 0xff | 0xff
[OK ]  |  2487 | 0x000024b7 | 0xff | 0xff
[OK ]  |  2488 | 0x000024b8 | 0x1e | 0x1e
[OK ]  |  2489 | 0x000024b9 | 0xab | 0xab
[OK ]  |  2490 | 0x000024ba | 0xff | 0xff
[OK ]  |  2491 | 0x000024bb | 0xff | 0xff
[OK ]  |  2492 | 0x000024bc | 0xda | 0xda
[OK ]  |  2493 | 0x000024bd | 0x9a | 0x9a
[OK ]  |  2494 | 0x000024be | 0x00 | 0x00
[OK ]  |  2495 | 0x000024bf | 0x00 | 0x00
[OK ]  |  2496 | 0x000024c0 | 0x2e | 0x2e
[OK ]  |  2497 | 0x000024c1 | 0xa7 | 0xa7
[OK ]  |  2498 | 0x000024c2 | 0x00 | 0x00
[OK ]  |  2499 | 0x000024c3 | 0x00 | 0x00
[OK ]  |  2500 | 0x000024c4 | 0x1e | 0x1e
[OK ]  |  2501 | 0x000024c5 | 0x91 | 0x91
[OK ]  |  2502 | 0x000024c6 | 0xff | 0xff
[OK ]  |  2503 | 0x000024c7 | 0xff | 0xff
[OK ]  |  2504 | 0x000024c8 | 0xcd | 0xcd
[OK ]  |  2505 | 0x000024c9 | 0xce | 0xce
[OK ]  |  2506 | 0x000024ca | 0xff | 0xff
[OK ]  |  2507 | 0x000024cb | 0xff | 0xff
[OK ]  |  2508 | 0x000024cc | 0x18 | 0x18
[OK ]  |  2509 | 0x000024cd | 0xaa | 0xaa
[OK ]  |  2510 | 0x000024ce | 0xff | 0xff
[OK ]  |  2511 | 0x000024cf | 0xff | 0xff
[OK ]  |  2512 | 0x000024d0 | 0xa2 | 0xa2
[OK ]  |  2513 | 0x000024d1 | 0x6f | 0x6f
[OK ]  |  2514 | 0x000024d2 | 0xff | 0xff
[OK ]  |  2515 | 0x000024d3 | 0xff | 0xff
[OK ]  |  2516 | 0x000024d4 | 0x71 | 0x71
[OK ]  |  2517 | 0x000024d5 | 0x8a | 0x8a
[OK ]  |  2518 | 0x000024d6 | 0xfe | 0xfe
[OK ]  |  2519 | 0x000024d7 | 0xff | 0xff
[OK ]  |  2520 | 0x000024d8 | 0x08 | 0x08
[OK ]  |  2521 | 0x000024d9 | 0x5b | 0x5b
[OK ]  |  2522 | 0x000024da | 0xff | 0xff
[OK ]  |  2523 | 0x000024db | 0xff | 0xff
[OK ]  |  2524 | 0x000024dc | 0x5c | 0x5c
[OK ]  |  2525 | 0x000024dd | 0x67 | 0x67
[OK ]  |  2526 | 0x000024de | 0xff | 0xff
[OK ]  |  2527 | 0x000024df | 0xff | 0xff
[OK ]  |  2528 | 0x000024e0 | 0xbd | 0xbd
[OK ]  |  2529 | 0x000024e1 | 0xbc | 0xbc
[OK ]  |  2530 | 0x000024e2 | 0xff | 0xff
[OK ]  |  2531 | 0x000024e3 | 0xff | 0xff
[OK ]  |  2532 | 0x000024e4 | 0x13 | 0x13
[OK ]  |  2533 | 0x000024e5 | 0x83 | 0x83
[OK ]  |  2534 | 0x000024e6 | 0xff | 0xff
[OK ]  |  2535 | 0x000024e7 | 0xff | 0xff
[OK ]  |  2536 | 0x000024e8 | 0x6b | 0x6b
[OK ]  |  2537 | 0x000024e9 | 0x74 | 0x74
[OK ]  |  2538 | 0x000024ea | 0xff | 0xff
[OK ]  |  2539 | 0x000024eb | 0xff | 0xff
[OK ]  |  2540 | 0x000024ec | 0x90 | 0x90
[OK ]  |  2541 | 0x000024ed | 0x94 | 0x94
[OK ]  |  2542 | 0x000024ee | 0xff | 0xff
[OK ]  |  2543 | 0x000024ef | 0xff | 0xff
[OK ]  |  2544 | 0x000024f0 | 0x07 | 0x07
[OK ]  |  2545 | 0x000024f1 | 0x50 | 0x50
[OK ]  |  2546 | 0x000024f2 | 0xfe | 0xfe
[OK ]  |  2547 | 0x000024f3 | 0xff | 0xff
[OK ]  |  2548 | 0x000024f4 | 0x70 | 0x70
[OK ]  |  2549 | 0x000024f5 | 0x22 | 0x22
[OK ]  |  2550 | 0x000024f6 | 0x00 | 0x00
[OK ]  |  2551 | 0x000024f7 | 0x00 | 0x00
[OK ]  |  2552 | 0x000024f8 | 0x32 | 0x32
[OK ]  |  2553 | 0x000024f9 | 0x01 | 0x01
[OK ]  |  2554 | 0x000024fa | 0x00 | 0x00
[OK ]  |  2555 | 0x000024fb | 0x00 | 0x00
[OK ]  |  2556 | 0x000024fc | 0xb7 | 0xb7
[OK ]  |  2557 | 0x000024fd | 0x87 | 0x87
[OK ]  |  2558 | 0x000024fe | 0x00 | 0x00
[OK ]  |  2559 | 0x000024ff | 0x00 | 0x00
[OK ]  |  2560 | 0x00002500 | 0xc4 | 0xc4
[OK ]  |  2561 | 0x00002501 | 0x57 | 0x57
[OK ]  |  2562 | 0x00002502 | 0xff | 0xff
[OK ]  |  2563 | 0x00002503 | 0xff | 0xff
[OK ]  |  2564 | 0x00002504 | 0x18 | 0x18
[OK ]  |  2565 | 0x00002505 | 0xcc | 0xcc
[OK ]  |  2566 | 0x00002506 | 0xfe | 0xfe
[OK ]  |  2567 | 0x00002507 | 0xff | 0xff
[OK ]  |  2568 | 0x00002508 | 0xfc | 0xfc
[OK ]  |  2569 | 0x00002509 | 0x06 | 0x06
[OK ]  |  2570 | 0x0000250a | 0x00 | 0x00
[OK ]  |  2571 | 0x0000250b | 0x00 | 0x00
[OK ]  |  2572 | 0x0000250c | 0x89 | 0x89
[OK ]  |  2573 | 0x0000250d | 0x46 | 0x46
[OK ]  |  2574 | 0x0000250e | 0x01 | 0x01
[OK ]  |  2575 | 0x0000250f | 0x00 | 0x00
[OK ]  |  2576 | 0x00002510 | 0x36 | 0x36
[OK ]  |  2577 | 0x00002511 | 0x96 | 0x96
[OK ]  |  2578 | 0x00002512 | 0x00 | 0x00
[OK ]  |  2579 | 0x00002513 | 0x00 | 0x00
[OK ]  |  2580 | 0x00002514 | 0xd1 | 0xd1
[OK ]  |  2581 | 0x00002515 | 0xe8 | 0xe8
[OK ]  |  2582 | 0x00002516 | 0xff | 0xff
[OK ]  |  2583 | 0x00002517 | 0xff | 0xff
[OK ]  |  2584 | 0x00002518 | 0x3e | 0x3e
[OK ]  |  2585 | 0x00002519 | 0x36 | 0x36
[OK ]  |  2586 | 0x0000251a | 0xff | 0xff
[OK ]  |  2587 | 0x0000251b | 0xff | 0xff
[OK ]  |  2588 | 0x0000251c | 0x25 | 0x25
[OK ]  |  2589 | 0x0000251d | 0xaa | 0xaa
[OK ]  |  2590 | 0x0000251e | 0xff | 0xff
[OK ]  |  2591 | 0x0000251f | 0xff | 0xff
[OK ]  |  2592 | 0x00002520 | 0xb9 | 0xb9
[OK ]  |  2593 | 0x00002521 | 0x8b | 0x8b
[OK ]  |  2594 | 0x00002522 | 0x00 | 0x00
[OK ]  |  2595 | 0x00002523 | 0x00 | 0x00
[OK ]  |  2596 | 0x00002524 | 0xfd | 0xfd
[OK ]  |  2597 | 0x00002525 | 0x17 | 0x17
[OK ]  |  2598 | 0x00002526 | 0xff | 0xff
[OK ]  |  2599 | 0x00002527 | 0xff | 0xff
[OK ]  |  2600 | 0x00002528 | 0xba | 0xba
[OK ]  |  2601 | 0x00002529 | 0x8c | 0x8c
[OK ]  |  2602 | 0x0000252a | 0x00 | 0x00
[OK ]  |  2603 | 0x0000252b | 0x00 | 0x00
[OK ]  |  2604 | 0x0000252c | 0xb8 | 0xb8
[OK ]  |  2605 | 0x0000252d | 0xbb | 0xbb
[OK ]  |  2606 | 0x0000252e | 0xff | 0xff
[OK ]  |  2607 | 0x0000252f | 0xff | 0xff
[OK ]  |  2608 | 0x00002530 | 0x56 | 0x56
[OK ]  |  2609 | 0x00002531 | 0xca | 0xca
[OK ]  |  2610 | 0x00002532 | 0xff | 0xff
[OK ]  |  2611 | 0x00002533 | 0xff | 0xff
[OK ]  |  2612 | 0x00002534 | 0x97 | 0x97
[OK ]  |  2613 | 0x00002535 | 0xe0 | 0xe0
[OK ]  |  2614 | 0x00002536 | 0xfe | 0xfe
[OK ]  |  2615 | 0x00002537 | 0xff | 0xff
[OK ]  |  2616 | 0x00002538 | 0x5f | 0x5f
[OK ]  |  2617 | 0x00002539 | 0xe0 | 0xe0
[OK ]  |  2618 | 0x0000253a | 0xfe | 0xfe
[OK ]  |  2619 | 0x0000253b | 0xff | 0xff
[OK ]  |  2620 | 0x0000253c | 0x80 | 0x80
[OK ]  |  2621 | 0x0000253d | 0x22 | 0x22
[OK ]  |  2622 | 0x0000253e | 0x01 | 0x01
[OK ]  |  2623 | 0x0000253f | 0x00 | 0x00
[OK ]  |  2624 | 0x00002540 | 0x25 | 0x25
[OK ]  |  2625 | 0x00002541 | 0x6b | 0x6b
[OK ]  |  2626 | 0x00002542 | 0x00 | 0x00
[OK ]  |  2627 | 0x00002543 | 0x00 | 0x00
[OK ]  |  2628 | 0x00002544 | 0x98 | 0x98
[OK ]  |  2629 | 0x00002545 | 0xf5 | 0xf5
[OK ]  |  2630 | 0x00002546 | 0xff | 0xff
[OK ]  |  2631 | 0x00002547 | 0xff | 0xff
[OK ]  |  2632 | 0x00002548 | 0x21 | 0x21
[OK ]  |  2633 | 0x00002549 | 0x26 | 0x26
[OK ]  |  2634 | 0x0000254a | 0xff | 0xff
[OK ]  |  2635 | 0x0000254b | 0xff | 0xff
[OK ]  |  2636 | 0x0000254c | 0xbf | 0xbf
[OK ]  |  2637 | 0x0000254d | 0x46 | 0x46
[OK ]  |  2638 | 0x0000254e | 0xff | 0xff
[OK ]  |  2639 | 0x0000254f | 0xff | 0xff
[OK ]  |  2640 | 0x00002550 | 0x02 | 0x02
[OK ]  |  2641 | 0x00002551 | 0x9d | 0x9d
[OK ]  |  2642 | 0x00002552 | 0xff | 0xff
[OK ]  |  2643 | 0x00002553 | 0xff | 0xff
[OK ]  |  2644 | 0x00002554 | 0x67 | 0x67
[OK ]  |  2645 | 0x00002555 | 0x7d | 0x7d
[OK ]  |  2646 | 0x00002556 | 0x00 | 0x00
[OK ]  |  2647 | 0x00002557 | 0x00 | 0x00
[OK ]  |  2648 | 0x00002558 | 0x0d | 0x0d
[OK ]  |  2649 | 0x00002559 | 0xc2 | 0xc2
[OK ]  |  2650 | 0x0000255a | 0xff | 0xff
[OK ]  |  2651 | 0x0000255b | 0xff | 0xff
[OK ]  |  2652 | 0x0000255c | 0x49 | 0x49
[OK ]  |  2653 | 0x0000255d | 0xf9 | 0xf9
[OK ]  |  2654 | 0x0000255e | 0xfe | 0xfe
[OK ]  |  2655 | 0x0000255f | 0xff | 0xff
[OK ]  |  2656 | 0x00002560 | 0x9a | 0x9a
[OK ]  |  2657 | 0x00002561 | 0x84 | 0x84
[OK ]  |  2658 | 0x00002562 | 0x00 | 0x00
[OK ]  |  2659 | 0x00002563 | 0x00 | 0x00
[OK ]  |  2660 | 0x00002564 | 0xeb | 0xeb
[OK ]  |  2661 | 0x00002565 | 0xb8 | 0xb8
[OK ]  |  2662 | 0x00002566 | 0x01 | 0x01
[OK ]  |  2663 | 0x00002567 | 0x00 | 0x00
[OK ]  |  2664 | 0x00002568 | 0x61 | 0x61
[OK ]  |  2665 | 0x00002569 | 0x5b | 0x5b
[OK ]  |  2666 | 0x0000256a | 0x00 | 0x00
[OK ]  |  2667 | 0x0000256b | 0x00 | 0x00
[OK ]  |  2668 | 0x0000256c | 0xb7 | 0xb7
[OK ]  |  2669 | 0x0000256d | 0x40 | 0x40
[OK ]  |  2670 | 0x0000256e | 0x00 | 0x00
[OK ]  |  2671 | 0x0000256f | 0x00 | 0x00
[OK ]  |  2672 | 0x00002570 | 0x0b | 0x0b
[OK ]  |  2673 | 0x00002571 | 0x00 | 0x00
[OK ]  |  2674 | 0x00002572 | 0xff | 0xff
[OK ]  |  2675 | 0x00002573 | 0xff | 0xff
[OK ]  |  2676 | 0x00002574 | 0x85 | 0x85
[OK ]  |  2677 | 0x00002575 | 0x1f | 0x1f
[OK ]  |  2678 | 0x00002576 | 0x00 | 0x00
[OK ]  |  2679 | 0x00002577 | 0x00 | 0x00
[OK ]  |  2680 | 0x00002578 | 0x2c | 0x2c
[OK ]  |  2681 | 0x00002579 | 0x27 | 0x27
[OK ]  |  2682 | 0x0000257a | 0xff | 0xff
[OK ]  |  2683 | 0x0000257b | 0xff | 0xff
[OK ]  |  2684 | 0x0000257c | 0x0f | 0x0f
[OK ]  |  2685 | 0x0000257d | 0xec | 0xec
[OK ]  |  2686 | 0x0000257e | 0xff | 0xff
[OK ]  |  2687 | 0x0000257f | 0xff | 0xff
[OK ]  |  2688 | 0x00002580 | 0xb2 | 0xb2
[OK ]  |  2689 | 0x00002581 | 0xc0 | 0xc0
[OK ]  |  2690 | 0x00002582 | 0x00 | 0x00
[OK ]  |  2691 | 0x00002583 | 0x00 | 0x00
[OK ]  |  2692 | 0x00002584 | 0x98 | 0x98
[OK ]  |  2693 | 0x00002585 | 0x7c | 0x7c
[OK ]  |  2694 | 0x00002586 | 0xff | 0xff
[OK ]  |  2695 | 0x00002587 | 0xff | 0xff
[OK ]  |  2696 | 0x00002588 | 0xf6 | 0xf6
[OK ]  |  2697 | 0x00002589 | 0x5f | 0x5f
[OK ]  |  2698 | 0x0000258a | 0xff | 0xff
[OK ]  |  2699 | 0x0000258b | 0xff | 0xff
[OK ]  |  2700 | 0x0000258c | 0x86 | 0x86
[OK ]  |  2701 | 0x0000258d | 0xf9 | 0xf9
[OK ]  |  2702 | 0x0000258e | 0x00 | 0x00
[OK ]  |  2703 | 0x0000258f | 0x00 | 0x00
[OK ]  |  2704 | 0x00002590 | 0xbb | 0xbb
[OK ]  |  2705 | 0x00002591 | 0x60 | 0x60
[OK ]  |  2706 | 0x00002592 | 0xff | 0xff
[OK ]  |  2707 | 0x00002593 | 0xff | 0xff
[OK ]  |  2708 | 0x00002594 | 0xc6 | 0xc6
[OK ]  |  2709 | 0x00002595 | 0x0d | 0x0d
[OK ]  |  2710 | 0x00002596 | 0x01 | 0x01
[OK ]  |  2711 | 0x00002597 | 0x00 | 0x00
[OK ]  |  2712 | 0x00002598 | 0x8e | 0x8e
[OK ]  |  2713 | 0x00002599 | 0xb6 | 0xb6
[OK ]  |  2714 | 0x0000259a | 0x00 | 0x00
[OK ]  |  2715 | 0x0000259b | 0x00 | 0x00
[OK ]  |  2716 | 0x0000259c | 0x19 | 0x19
[OK ]  |  2717 | 0x0000259d | 0x70 | 0x70
[OK ]  |  2718 | 0x0000259e | 0xff | 0xff
[OK ]  |  2719 | 0x0000259f | 0xff | 0xff
[OK ]  |  2720 | 0x000025a0 | 0x5d | 0x5d
[OK ]  |  2721 | 0x000025a1 | 0x30 | 0x30
[OK ]  |  2722 | 0x000025a2 | 0x00 | 0x00
[OK ]  |  2723 | 0x000025a3 | 0x00 | 0x00
[OK ]  |  2724 | 0x000025a4 | 0x88 | 0x88
[OK ]  |  2725 | 0x000025a5 | 0x7a | 0x7a
[OK ]  |  2726 | 0x000025a6 | 0x00 | 0x00
[OK ]  |  2727 | 0x000025a7 | 0x00 | 0x00
[OK ]  |  2728 | 0x000025a8 | 0x0c | 0x0c
[OK ]  |  2729 | 0x000025a9 | 0xcc | 0xcc
[OK ]  |  2730 | 0x000025aa | 0x00 | 0x00
[OK ]  |  2731 | 0x000025ab | 0x00 | 0x00
[OK ]  |  2732 | 0x000025ac | 0xa8 | 0xa8
[OK ]  |  2733 | 0x000025ad | 0x05 | 0x05
[OK ]  |  2734 | 0x000025ae | 0x00 | 0x00
[OK ]  |  2735 | 0x000025af | 0x00 | 0x00
[OK ]  |  2736 | 0x000025b0 | 0xfe | 0xfe
[OK ]  |  2737 | 0x000025b1 | 0x46 | 0x46
[OK ]  |  2738 | 0x000025b2 | 0xff | 0xff
[OK ]  |  2739 | 0x000025b3 | 0xff | 0xff
[OK ]  |  2740 | 0x000025b4 | 0x11 | 0x11
[OK ]  |  2741 | 0x000025b5 | 0x48 | 0x48
[OK ]  |  2742 | 0x000025b6 | 0x00 | 0x00
[OK ]  |  2743 | 0x000025b7 | 0x00 | 0x00
[OK ]  |  2744 | 0x000025b8 | 0xa3 | 0xa3
[OK ]  |  2745 | 0x000025b9 | 0x07 | 0x07
[OK ]  |  2746 | 0x000025ba | 0x00 | 0x00
[OK ]  |  2747 | 0x000025bb | 0x00 | 0x00
[OK ]  |  2748 | 0x000025bc | 0x6d | 0x6d
[OK ]  |  2749 | 0x000025bd | 0x6b | 0x6b
[OK ]  |  2750 | 0x000025be | 0x00 | 0x00
[OK ]  |  2751 | 0x000025bf | 0x00 | 0x00
[OK ]  |  2752 | 0x000025c0 | 0x7d | 0x7d
[OK ]  |  2753 | 0x000025c1 | 0x71 | 0x71
[OK ]  |  2754 | 0x000025c2 | 0x00 | 0x00
[OK ]  |  2755 | 0x000025c3 | 0x00 | 0x00
[OK ]  |  2756 | 0x000025c4 | 0x03 | 0x03
[OK ]  |  2757 | 0x000025c5 | 0xef | 0xef
[OK ]  |  2758 | 0x000025c6 | 0xff | 0xff
[OK ]  |  2759 | 0x000025c7 | 0xff | 0xff
[OK ]  |  2760 | 0x000025c8 | 0xee | 0xee
[OK ]  |  2761 | 0x000025c9 | 0xa9 | 0xa9
[OK ]  |  2762 | 0x000025ca | 0x00 | 0x00
[OK ]  |  2763 | 0x000025cb | 0x00 | 0x00
[OK ]  |  2764 | 0x000025cc | 0x92 | 0x92
[OK ]  |  2765 | 0x000025cd | 0xba | 0xba
[OK ]  |  2766 | 0x000025ce | 0x00 | 0x00
[OK ]  |  2767 | 0x000025cf | 0x00 | 0x00
[OK ]  |  2768 | 0x000025d0 | 0x66 | 0x66
[OK ]  |  2769 | 0x000025d1 | 0xd1 | 0xd1
[OK ]  |  2770 | 0x000025d2 | 0x00 | 0x00
[OK ]  |  2771 | 0x000025d3 | 0x00 | 0x00
[OK ]  |  2772 | 0x000025d4 | 0xd3 | 0xd3
[OK ]  |  2773 | 0x000025d5 | 0x5e | 0x5e
[OK ]  |  2774 | 0x000025d6 | 0x00 | 0x00
[OK ]  |  2775 | 0x000025d7 | 0x00 | 0x00
[OK ]  |  2776 | 0x000025d8 | 0xf2 | 0xf2
[OK ]  |  2777 | 0x000025d9 | 0xca | 0xca
[OK ]  |  2778 | 0x000025da | 0xff | 0xff
[OK ]  |  2779 | 0x000025db | 0xff | 0xff
[OK ]  |  2780 | 0x000025dc | 0x8b | 0x8b
[OK ]  |  2781 | 0x000025dd | 0x6c | 0x6c
[OK ]  |  2782 | 0x000025de | 0x00 | 0x00
[OK ]  |  2783 | 0x000025df | 0x00 | 0x00
[OK ]  |  2784 | 0x000025e0 | 0xc4 | 0xc4
[OK ]  |  2785 | 0x000025e1 | 0x2e | 0x2e
[OK ]  |  2786 | 0x000025e2 | 0xff | 0xff
[OK ]  |  2787 | 0x000025e3 | 0xff | 0xff
[OK ]  |  2788 | 0x000025e4 | 0xbe | 0xbe
[OK ]  |  2789 | 0x000025e5 | 0x0a | 0x0a
[OK ]  |  2790 | 0x000025e6 | 0x00 | 0x00
[OK ]  |  2791 | 0x000025e7 | 0x00 | 0x00
[OK ]  |  2792 | 0x000025e8 | 0x8a | 0x8a
[OK ]  |  2793 | 0x000025e9 | 0x7a | 0x7a
[OK ]  |  2794 | 0x000025ea | 0xff | 0xff
[OK ]  |  2795 | 0x000025eb | 0xff | 0xff
[OK ]  |  2796 | 0x000025ec | 0x07 | 0x07
[OK ]  |  2797 | 0x000025ed | 0xef | 0xef
[OK ]  |  2798 | 0x000025ee | 0xfe | 0xfe
[OK ]  |  2799 | 0x000025ef | 0xff | 0xff
[OK ]  |  2800 | 0x000025f0 | 0x82 | 0x82
[OK ]  |  2801 | 0x000025f1 | 0xb3 | 0xb3
[OK ]  |  2802 | 0x000025f2 | 0x01 | 0x01
[OK ]  |  2803 | 0x000025f3 | 0x00 | 0x00
[OK ]  |  2804 | 0x000025f4 | 0x4a | 0x4a
[OK ]  |  2805 | 0x000025f5 | 0x83 | 0x83
[OK ]  |  2806 | 0x000025f6 | 0xff | 0xff
[OK ]  |  2807 | 0x000025f7 | 0xff | 0xff
[OK ]  |  2808 | 0x000025f8 | 0x26 | 0x26
[OK ]  |  2809 | 0x000025f9 | 0xae | 0xae
[OK ]  |  2810 | 0x000025fa | 0xff | 0xff
[OK ]  |  2811 | 0x000025fb | 0xff | 0xff
[OK ]  |  2812 | 0x000025fc | 0x3b | 0x3b
[OK ]  |  2813 | 0x000025fd | 0xed | 0xed
[OK ]  |  2814 | 0x000025fe | 0xff | 0xff
[OK ]  |  2815 | 0x000025ff | 0xff | 0xff
[OK ]  |  2816 | 0x00002600 | 0x40 | 0x40
[OK ]  |  2817 | 0x00002601 | 0xbe | 0xbe
[OK ]  |  2818 | 0x00002602 | 0xff | 0xff
[OK ]  |  2819 | 0x00002603 | 0xff | 0xff
[OK ]  |  2820 | 0x00002604 | 0xd6 | 0xd6
[OK ]  |  2821 | 0x00002605 | 0xb4 | 0xb4
[OK ]  |  2822 | 0x00002606 | 0xfe | 0xfe
[OK ]  |  2823 | 0x00002607 | 0xff | 0xff
[OK ]  |  2824 | 0x00002608 | 0xf2 | 0xf2
[OK ]  |  2825 | 0x00002609 | 0xf9 | 0xf9
[OK ]  |  2826 | 0x0000260a | 0x00 | 0x00
[OK ]  |  2827 | 0x0000260b | 0x00 | 0x00
[OK ]  |  2828 | 0x0000260c | 0xdd | 0xdd
[OK ]  |  2829 | 0x0000260d | 0x7a | 0x7a
[OK ]  |  2830 | 0x0000260e | 0x00 | 0x00
[OK ]  |  2831 | 0x0000260f | 0x00 | 0x00
[OK ]  |  2832 | 0x00002610 | 0x1c | 0x1c
[OK ]  |  2833 | 0x00002611 | 0x7f | 0x7f
[OK ]  |  2834 | 0x00002612 | 0xff | 0xff
[OK ]  |  2835 | 0x00002613 | 0xff | 0xff
[OK ]  |  2836 | 0x00002614 | 0x3b | 0x3b
[OK ]  |  2837 | 0x00002615 | 0xe9 | 0xe9
[OK ]  |  2838 | 0x00002616 | 0xff | 0xff
[OK ]  |  2839 | 0x00002617 | 0xff | 0xff
[OK ]  |  2840 | 0x00002618 | 0x6d | 0x6d
[OK ]  |  2841 | 0x00002619 | 0xee | 0xee
[OK ]  |  2842 | 0x0000261a | 0xff | 0xff
[OK ]  |  2843 | 0x0000261b | 0xff | 0xff
[OK ]  |  2844 | 0x0000261c | 0xe4 | 0xe4
[OK ]  |  2845 | 0x0000261d | 0x6f | 0x6f
[OK ]  |  2846 | 0x0000261e | 0x01 | 0x01
[OK ]  |  2847 | 0x0000261f | 0x00 | 0x00
[OK ]  |  2848 | 0x00002620 | 0xea | 0xea
[OK ]  |  2849 | 0x00002621 | 0x0c | 0x0c
[OK ]  |  2850 | 0x00002622 | 0x02 | 0x02
[OK ]  |  2851 | 0x00002623 | 0x00 | 0x00
[OK ]  |  2852 | 0x00002624 | 0xb7 | 0xb7
[OK ]  |  2853 | 0x00002625 | 0x44 | 0x44
[OK ]  |  2854 | 0x00002626 | 0xff | 0xff
[OK ]  |  2855 | 0x00002627 | 0xff | 0xff
[OK ]  |  2856 | 0x00002628 | 0x65 | 0x65
[OK ]  |  2857 | 0x00002629 | 0xce | 0xce
[OK ]  |  2858 | 0x0000262a | 0xff | 0xff
[OK ]  |  2859 | 0x0000262b | 0xff | 0xff
[OK ]  |  2860 | 0x0000262c | 0xfb | 0xfb
[OK ]  |  2861 | 0x0000262d | 0x0b | 0x0b
[OK ]  |  2862 | 0x0000262e | 0xff | 0xff
[OK ]  |  2863 | 0x0000262f | 0xff | 0xff
[OK ]  |  2864 | 0x00002630 | 0x94 | 0x94
[OK ]  |  2865 | 0x00002631 | 0xd0 | 0xd0
[OK ]  |  2866 | 0x00002632 | 0xfe | 0xfe
[OK ]  |  2867 | 0x00002633 | 0xff | 0xff
[OK ]  |  2868 | 0x00002634 | 0x41 | 0x41
[OK ]  |  2869 | 0x00002635 | 0x68 | 0x68
[OK ]  |  2870 | 0x00002636 | 0x00 | 0x00
[OK ]  |  2871 | 0x00002637 | 0x00 | 0x00
[OK ]  |  2872 | 0x00002638 | 0x4f | 0x4f
[OK ]  |  2873 | 0x00002639 | 0x62 | 0x62
[OK ]  |  2874 | 0x0000263a | 0x00 | 0x00
[OK ]  |  2875 | 0x0000263b | 0x00 | 0x00
[OK ]  |  2876 | 0x0000263c | 0x94 | 0x94
[OK ]  |  2877 | 0x0000263d | 0x0b | 0x0b
[OK ]  |  2878 | 0x0000263e | 0x00 | 0x00
[OK ]  |  2879 | 0x0000263f | 0x00 | 0x00
[OK ]  |  2880 | 0x00002640 | 0x03 | 0x03
[OK ]  |  2881 | 0x00002641 | 0xad | 0xad
[OK ]  |  2882 | 0x00002642 | 0x00 | 0x00
[OK ]  |  2883 | 0x00002643 | 0x00 | 0x00
[OK ]  |  2884 | 0x00002644 | 0xf9 | 0xf9
[OK ]  |  2885 | 0x00002645 | 0x28 | 0x28
[OK ]  |  2886 | 0x00002646 | 0x01 | 0x01
[OK ]  |  2887 | 0x00002647 | 0x00 | 0x00
[OK ]  |  2888 | 0x00002648 | 0xba | 0xba
[OK ]  |  2889 | 0x00002649 | 0xa3 | 0xa3
[OK ]  |  2890 | 0x0000264a | 0xff | 0xff
[OK ]  |  2891 | 0x0000264b | 0xff | 0xff
[OK ]  |  2892 | 0x0000264c | 0xa8 | 0xa8
[OK ]  |  2893 | 0x0000264d | 0xe7 | 0xe7
[OK ]  |  2894 | 0x0000264e | 0xfe | 0xfe
[OK ]  |  2895 | 0x0000264f | 0xff | 0xff
[OK ]  |  2896 | 0x00002650 | 0x7d | 0x7d
[OK ]  |  2897 | 0x00002651 | 0x98 | 0x98
[OK ]  |  2898 | 0x00002652 | 0xfe | 0xfe
[OK ]  |  2899 | 0x00002653 | 0xff | 0xff
[OK ]  |  2900 | 0x00002654 | 0x4e | 0x4e
[OK ]  |  2901 | 0x00002655 | 0xc5 | 0xc5
[OK ]  |  2902 | 0x00002656 | 0xff | 0xff
[OK ]  |  2903 | 0x00002657 | 0xff | 0xff
[OK ]  |  2904 | 0x00002658 | 0xe1 | 0xe1
[OK ]  |  2905 | 0x00002659 | 0xd5 | 0xd5
[OK ]  |  2906 | 0x0000265a | 0xff | 0xff
[OK ]  |  2907 | 0x0000265b | 0xff | 0xff
[OK ]  |  2908 | 0x0000265c | 0xba | 0xba
[OK ]  |  2909 | 0x0000265d | 0x1c | 0x1c
[OK ]  |  2910 | 0x0000265e | 0x00 | 0x00
[OK ]  |  2911 | 0x0000265f | 0x00 | 0x00
[OK ]  |  2912 | 0x00002660 | 0xed | 0xed
[OK ]  |  2913 | 0x00002661 | 0xc2 | 0xc2
[OK ]  |  2914 | 0x00002662 | 0xff | 0xff
[OK ]  |  2915 | 0x00002663 | 0xff | 0xff
[OK ]  |  2916 | 0x00002664 | 0x39 | 0x39
[OK ]  |  2917 | 0x00002665 | 0x46 | 0x46
[OK ]  |  2918 | 0x00002666 | 0x00 | 0x00
[OK ]  |  2919 | 0x00002667 | 0x00 | 0x00
[OK ]  |  2920 | 0x00002668 | 0x3d | 0x3d
[OK ]  |  2921 | 0x00002669 | 0x9a | 0x9a
[OK ]  |  2922 | 0x0000266a | 0xff | 0xff
[OK ]  |  2923 | 0x0000266b | 0xff | 0xff
[OK ]  |  2924 | 0x0000266c | 0xe6 | 0xe6
[OK ]  |  2925 | 0x0000266d | 0x15 | 0x15
[OK ]  |  2926 | 0x0000266e | 0xff | 0xff
[OK ]  |  2927 | 0x0000266f | 0xff | 0xff
[OK ]  |  2928 | 0x00002670 | 0xe0 | 0xe0
[OK ]  |  2929 | 0x00002671 | 0xa0 | 0xa0
[OK ]  |  2930 | 0x00002672 | 0xff | 0xff
[OK ]  |  2931 | 0x00002673 | 0xff | 0xff
[OK ]  |  2932 | 0x00002674 | 0xab | 0xab
[OK ]  |  2933 | 0x00002675 | 0xa6 | 0xa6
[OK ]  |  2934 | 0x00002676 | 0xff | 0xff
[OK ]  |  2935 | 0x00002677 | 0xff | 0xff
[OK ]  |  2936 | 0x00002678 | 0x27 | 0x27
[OK ]  |  2937 | 0x00002679 | 0xe9 | 0xe9
[OK ]  |  2938 | 0x0000267a | 0xff | 0xff
[OK ]  |  2939 | 0x0000267b | 0xff | 0xff
[OK ]  |  2940 | 0x0000267c | 0xe4 | 0xe4
[OK ]  |  2941 | 0x0000267d | 0xe2 | 0xe2
[OK ]  |  2942 | 0x0000267e | 0xff | 0xff
[OK ]  |  2943 | 0x0000267f | 0xff | 0xff
[OK ]  |  2944 | 0x00002680 | 0xf3 | 0xf3
[OK ]  |  2945 | 0x00002681 | 0x0b | 0x0b
[OK ]  |  2946 | 0x00002682 | 0x00 | 0x00
[OK ]  |  2947 | 0x00002683 | 0x00 | 0x00
[OK ]  |  2948 | 0x00002684 | 0xdb | 0xdb
[OK ]  |  2949 | 0x00002685 | 0x57 | 0x57
[OK ]  |  2950 | 0x00002686 | 0xff | 0xff
[OK ]  |  2951 | 0x00002687 | 0xff | 0xff
[OK ]  |  2952 | 0x00002688 | 0xb3 | 0xb3
[OK ]  |  2953 | 0x00002689 | 0xb8 | 0xb8
[OK ]  |  2954 | 0x0000268a | 0x00 | 0x00
[OK ]  |  2955 | 0x0000268b | 0x00 | 0x00
[OK ]  |  2956 | 0x0000268c | 0x6a | 0x6a
[OK ]  |  2957 | 0x0000268d | 0xe9 | 0xe9
[OK ]  |  2958 | 0x0000268e | 0xff | 0xff
[OK ]  |  2959 | 0x0000268f | 0xff | 0xff
[OK ]  |  2960 | 0x00002690 | 0x0f | 0x0f
[OK ]  |  2961 | 0x00002691 | 0x0b | 0x0b
[OK ]  |  2962 | 0x00002692 | 0x01 | 0x01
[OK ]  |  2963 | 0x00002693 | 0x00 | 0x00
[OK ]  |  2964 | 0x00002694 | 0x0b | 0x0b
[OK ]  |  2965 | 0x00002695 | 0x83 | 0x83
[OK ]  |  2966 | 0x00002696 | 0x00 | 0x00
[OK ]  |  2967 | 0x00002697 | 0x00 | 0x00
[OK ]  |  2968 | 0x00002698 | 0x55 | 0x55
[OK ]  |  2969 | 0x00002699 | 0xae | 0xae
[OK ]  |  2970 | 0x0000269a | 0x00 | 0x00
[OK ]  |  2971 | 0x0000269b | 0x00 | 0x00
[OK ]  |  2972 | 0x0000269c | 0x1f | 0x1f
[OK ]  |  2973 | 0x0000269d | 0xbc | 0xbc
[OK ]  |  2974 | 0x0000269e | 0x00 | 0x00
[OK ]  |  2975 | 0x0000269f | 0x00 | 0x00
[OK ]  |  2976 | 0x000026a0 | 0xa6 | 0xa6
[OK ]  |  2977 | 0x000026a1 | 0xde | 0xde
[OK ]  |  2978 | 0x000026a2 | 0xff | 0xff
[OK ]  |  2979 | 0x000026a3 | 0xff | 0xff
[OK ]  |  2980 | 0x000026a4 | 0x3a | 0x3a
[OK ]  |  2981 | 0x000026a5 | 0xc8 | 0xc8
[OK ]  |  2982 | 0x000026a6 | 0x00 | 0x00
[OK ]  |  2983 | 0x000026a7 | 0x00 | 0x00
[OK ]  |  2984 | 0x000026a8 | 0x61 | 0x61
[OK ]  |  2985 | 0x000026a9 | 0x55 | 0x55
[OK ]  |  2986 | 0x000026aa | 0xff | 0xff
[OK ]  |  2987 | 0x000026ab | 0xff | 0xff
[OK ]  |  2988 | 0x000026ac | 0x6d | 0x6d
[OK ]  |  2989 | 0x000026ad | 0x12 | 0x12
[OK ]  |  2990 | 0x000026ae | 0x00 | 0x00
[OK ]  |  2991 | 0x000026af | 0x00 | 0x00
[OK ]  |  2992 | 0x000026b0 | 0x29 | 0x29
[OK ]  |  2993 | 0x000026b1 | 0xbe | 0xbe
[OK ]  |  2994 | 0x000026b2 | 0x00 | 0x00
[OK ]  |  2995 | 0x000026b3 | 0x00 | 0x00
[OK ]  |  2996 | 0x000026b4 | 0x65 | 0x65
[OK ]  |  2997 | 0x000026b5 | 0xf7 | 0xf7
[OK ]  |  2998 | 0x000026b6 | 0xff | 0xff
[OK ]  |  2999 | 0x000026b7 | 0xff | 0xff
[OK ]  |  3000 | 0x000026b8 | 0x8a | 0x8a
[OK ]  |  3001 | 0x000026b9 | 0xdb | 0xdb
[OK ]  |  3002 | 0x000026ba | 0xff | 0xff
[OK ]  |  3003 | 0x000026bb | 0xff | 0xff
[OK ]  |  3004 | 0x000026bc | 0x94 | 0x94
[OK ]  |  3005 | 0x000026bd | 0x69 | 0x69
[OK ]  |  3006 | 0x000026be | 0x00 | 0x00
[OK ]  |  3007 | 0x000026bf | 0x00 | 0x00
[OK ]  |  3008 | 0x000026c0 | 0xc2 | 0xc2
[OK ]  |  3009 | 0x000026c1 | 0x6a | 0x6a
[OK ]  |  3010 | 0x000026c2 | 0xff | 0xff
[OK ]  |  3011 | 0x000026c3 | 0xff | 0xff
[OK ]  |  3012 | 0x000026c4 | 0xc0 | 0xc0
[OK ]  |  3013 | 0x000026c5 | 0xd1 | 0xd1
[OK ]  |  3014 | 0x000026c6 | 0xff | 0xff
[OK ]  |  3015 | 0x000026c7 | 0xff | 0xff
[OK ]  |  3016 | 0x000026c8 | 0xe1 | 0xe1
[OK ]  |  3017 | 0x000026c9 | 0x22 | 0x22
[OK ]  |  3018 | 0x000026ca | 0x00 | 0x00
[OK ]  |  3019 | 0x000026cb | 0x00 | 0x00
[OK ]  |  3020 | 0x000026cc | 0x34 | 0x34
[OK ]  |  3021 | 0x000026cd | 0x3b | 0x3b
[OK ]  |  3022 | 0x000026ce | 0x00 | 0x00
[OK ]  |  3023 | 0x000026cf | 0x00 | 0x00
[OK ]  |  3024 | 0x000026d0 | 0x3e | 0x3e
[OK ]  |  3025 | 0x000026d1 | 0xe2 | 0xe2
[OK ]  |  3026 | 0x000026d2 | 0xff | 0xff
[OK ]  |  3027 | 0x000026d3 | 0xff | 0xff
[OK ]  |  3028 | 0x000026d4 | 0x79 | 0x79
[OK ]  |  3029 | 0x000026d5 | 0x00 | 0x00
[OK ]  |  3030 | 0x000026d6 | 0x01 | 0x01
[OK ]  |  3031 | 0x000026d7 | 0x00 | 0x00
[OK ]  |  3032 | 0x000026d8 | 0xf7 | 0xf7
[OK ]  |  3033 | 0x000026d9 | 0xc5 | 0xc5
[OK ]  |  3034 | 0x000026da | 0xff | 0xff
[OK ]  |  3035 | 0x000026db | 0xff | 0xff
[OK ]  |  3036 | 0x000026dc | 0xeb | 0xeb
[OK ]  |  3037 | 0x000026dd | 0x6f | 0x6f
[OK ]  |  3038 | 0x000026de | 0xff | 0xff
[OK ]  |  3039 | 0x000026df | 0xff | 0xff
[OK ]  |  3040 | 0x000026e0 | 0x2c | 0x2c
[OK ]  |  3041 | 0x000026e1 | 0x45 | 0x45
[OK ]  |  3042 | 0x000026e2 | 0x00 | 0x00
[OK ]  |  3043 | 0x000026e3 | 0x00 | 0x00
[OK ]  |  3044 | 0x000026e4 | 0x4f | 0x4f
[OK ]  |  3045 | 0x000026e5 | 0x19 | 0x19
[OK ]  |  3046 | 0x000026e6 | 0x00 | 0x00
[OK ]  |  3047 | 0x000026e7 | 0x00 | 0x00
[OK ]  |  3048 | 0x000026e8 | 0x05 | 0x05
[OK ]  |  3049 | 0x000026e9 | 0xa5 | 0xa5
[OK ]  |  3050 | 0x000026ea | 0xff | 0xff
[OK ]  |  3051 | 0x000026eb | 0xff | 0xff
[OK ]  |  3052 | 0x000026ec | 0x6c | 0x6c
[OK ]  |  3053 | 0x000026ed | 0xda | 0xda
[OK ]  |  3054 | 0x000026ee | 0xff | 0xff
[OK ]  |  3055 | 0x000026ef | 0xff | 0xff
[OK ]  |  3056 | 0x000026f0 | 0x9c | 0x9c
[OK ]  |  3057 | 0x000026f1 | 0x97 | 0x97
[OK ]  |  3058 | 0x000026f2 | 0xff | 0xff
[OK ]  |  3059 | 0x000026f3 | 0xff | 0xff
[OK ]  |  3060 | 0x000026f4 | 0x09 | 0x09
[OK ]  |  3061 | 0x000026f5 | 0xc3 | 0xc3
[OK ]  |  3062 | 0x000026f6 | 0xff | 0xff
[OK ]  |  3063 | 0x000026f7 | 0xff | 0xff
[OK ]  |  3064 | 0x000026f8 | 0x0e | 0x0e
[OK ]  |  3065 | 0x000026f9 | 0x0a | 0x0a
[OK ]  |  3066 | 0x000026fa | 0x00 | 0x00
[OK ]  |  3067 | 0x000026fb | 0x00 | 0x00
[OK ]  |  3068 | 0x000026fc | 0x50 | 0x50
[OK ]  |  3069 | 0x000026fd | 0x55 | 0x55
[OK ]  |  3070 | 0x000026fe | 0x00 | 0x00
[OK ]  |  3071 | 0x000026ff | 0x00 | 0x00
[OK ]  |  3072 | 0x00002700 | 0x64 | 0x64
[OK ]  |  3073 | 0x00002701 | 0x7b | 0x7b
[OK ]  |  3074 | 0x00002702 | 0xff | 0xff
[OK ]  |  3075 | 0x00002703 | 0xff | 0xff
[OK ]  |  3076 | 0x00002704 | 0x08 | 0x08
[OK ]  |  3077 | 0x00002705 | 0x92 | 0x92
[OK ]  |  3078 | 0x00002706 | 0x00 | 0x00
[OK ]  |  3079 | 0x00002707 | 0x00 | 0x00
[OK ]  |  3080 | 0x00002708 | 0xed | 0xed
[OK ]  |  3081 | 0x00002709 | 0xc3 | 0xc3
[OK ]  |  3082 | 0x0000270a | 0x00 | 0x00
[OK ]  |  3083 | 0x0000270b | 0x00 | 0x00
[OK ]  |  3084 | 0x0000270c | 0xea | 0xea
[OK ]  |  3085 | 0x0000270d | 0x59 | 0x59
[OK ]  |  3086 | 0x0000270e | 0x01 | 0x01
[OK ]  |  3087 | 0x0000270f | 0x00 | 0x00
[OK ]  |  3088 | 0x00002710 | 0x3d | 0x3d
[OK ]  |  3089 | 0x00002711 | 0xf0 | 0xf0
[OK ]  |  3090 | 0x00002712 | 0x00 | 0x00
[OK ]  |  3091 | 0x00002713 | 0x00 | 0x00
[OK ]  |  3092 | 0x00002714 | 0xb3 | 0xb3
[OK ]  |  3093 | 0x00002715 | 0x81 | 0x81
[OK ]  |  3094 | 0x00002716 | 0x00 | 0x00
[OK ]  |  3095 | 0x00002717 | 0x00 | 0x00
[OK ]  |  3096 | 0x00002718 | 0x6b | 0x6b
[OK ]  |  3097 | 0x00002719 | 0x0c | 0x0c
[OK ]  |  3098 | 0x0000271a | 0x00 | 0x00
[OK ]  |  3099 | 0x0000271b | 0x00 | 0x00
[OK ]  |  3100 | 0x0000271c | 0x72 | 0x72
[OK ]  |  3101 | 0x0000271d | 0x9f | 0x9f
[OK ]  |  3102 | 0x0000271e | 0xff | 0xff
[OK ]  |  3103 | 0x0000271f | 0xff | 0xff
[OK ]  |  3104 | 0x00002720 | 0x2e | 0x2e
[OK ]  |  3105 | 0x00002721 | 0x73 | 0x73
[OK ]  |  3106 | 0x00002722 | 0x00 | 0x00
[OK ]  |  3107 | 0x00002723 | 0x00 | 0x00
[OK ]  |  3108 | 0x00002724 | 0x9a | 0x9a
[OK ]  |  3109 | 0x00002725 | 0x52 | 0x52
[OK ]  |  3110 | 0x00002726 | 0xff | 0xff
[OK ]  |  3111 | 0x00002727 | 0xff | 0xff
[OK ]  |  3112 | 0x00002728 | 0x34 | 0x34
[OK ]  |  3113 | 0x00002729 | 0x73 | 0x73
[OK ]  |  3114 | 0x0000272a | 0xff | 0xff
[OK ]  |  3115 | 0x0000272b | 0xff | 0xff
[OK ]  |  3116 | 0x0000272c | 0xdd | 0xdd
[OK ]  |  3117 | 0x0000272d | 0x52 | 0x52
[OK ]  |  3118 | 0x0000272e | 0x01 | 0x01
[OK ]  |  3119 | 0x0000272f | 0x00 | 0x00
[OK ]  |  3120 | 0x00002730 | 0x52 | 0x52
[OK ]  |  3121 | 0x00002731 | 0x88 | 0x88
[OK ]  |  3122 | 0x00002732 | 0xfe | 0xfe
[OK ]  |  3123 | 0x00002733 | 0xff | 0xff
[OK ]  |  3124 | 0x00002734 | 0xfe | 0xfe
[OK ]  |  3125 | 0x00002735 | 0x7d | 0x7d
[OK ]  |  3126 | 0x00002736 | 0x00 | 0x00
[OK ]  |  3127 | 0x00002737 | 0x00 | 0x00
[OK ]  |  3128 | 0x00002738 | 0xa7 | 0xa7
[OK ]  |  3129 | 0x00002739 | 0xbd | 0xbd
[OK ]  |  3130 | 0x0000273a | 0xff | 0xff
[OK ]  |  3131 | 0x0000273b | 0xff | 0xff
[OK ]  |  3132 | 0x0000273c | 0x9a | 0x9a
[OK ]  |  3133 | 0x0000273d | 0x65 | 0x65
[OK ]  |  3134 | 0x0000273e | 0x01 | 0x01
[OK ]  |  3135 | 0x0000273f | 0x00 | 0x00
[OK ]  |  3136 | 0x00002740 | 0xd8 | 0xd8
[OK ]  |  3137 | 0x00002741 | 0xc9 | 0xc9
[OK ]  |  3138 | 0x00002742 | 0xff | 0xff
[OK ]  |  3139 | 0x00002743 | 0xff | 0xff
[OK ]  |  3140 | 0x00002744 | 0xe7 | 0xe7
[OK ]  |  3141 | 0x00002745 | 0xe6 | 0xe6
[OK ]  |  3142 | 0x00002746 | 0xfe | 0xfe
[OK ]  |  3143 | 0x00002747 | 0xff | 0xff
[OK ]  |  3144 | 0x00002748 | 0xd9 | 0xd9
[OK ]  |  3145 | 0x00002749 | 0x5f | 0x5f
[OK ]  |  3146 | 0x0000274a | 0xfe | 0xfe
[OK ]  |  3147 | 0x0000274b | 0xff | 0xff
[OK ]  |  3148 | 0x0000274c | 0x42 | 0x42
[OK ]  |  3149 | 0x0000274d | 0x68 | 0x68
[OK ]  |  3150 | 0x0000274e | 0x00 | 0x00
[OK ]  |  3151 | 0x0000274f | 0x00 | 0x00
[OK ]  |  3152 | 0x00002750 | 0x48 | 0x48
[OK ]  |  3153 | 0x00002751 | 0x77 | 0x77
[OK ]  |  3154 | 0x00002752 | 0x00 | 0x00
[OK ]  |  3155 | 0x00002753 | 0x00 | 0x00
[OK ]  |  3156 | 0x00002754 | 0xff | 0xff
[OK ]  |  3157 | 0x00002755 | 0xb0 | 0xb0
[OK ]  |  3158 | 0x00002756 | 0x00 | 0x00
[OK ]  |  3159 | 0x00002757 | 0x00 | 0x00
[OK ]  |  3160 | 0x00002758 | 0xfc | 0xfc
[OK ]  |  3161 | 0x00002759 | 0x79 | 0x79
[OK ]  |  3162 | 0x0000275a | 0x01 | 0x01
[OK ]  |  3163 | 0x0000275b | 0x00 | 0x00
[OK ]  |  3164 | 0x0000275c | 0x91 | 0x91
[OK ]  |  3165 | 0x0000275d | 0x71 | 0x71
[OK ]  |  3166 | 0x0000275e | 0x00 | 0x00
[OK ]  |  3167 | 0x0000275f | 0x00 | 0x00
[OK ]  |  3168 | 0x00002760 | 0x49 | 0x49
[OK ]  |  3169 | 0x00002761 | 0x1a | 0x1a
[OK ]  |  3170 | 0x00002762 | 0x00 | 0x00
[OK ]  |  3171 | 0x00002763 | 0x00 | 0x00
[OK ]  |  3172 | 0x00002764 | 0xcf | 0xcf
[OK ]  |  3173 | 0x00002765 | 0x03 | 0x03
[OK ]  |  3174 | 0x00002766 | 0x00 | 0x00
[OK ]  |  3175 | 0x00002767 | 0x00 | 0x00
[OK ]  |  3176 | 0x00002768 | 0x31 | 0x31
[OK ]  |  3177 | 0x00002769 | 0x4d | 0x4d
[OK ]  |  3178 | 0x0000276a | 0xff | 0xff
[OK ]  |  3179 | 0x0000276b | 0xff | 0xff
[OK ]  |  3180 | 0x0000276c | 0xe1 | 0xe1
[OK ]  |  3181 | 0x0000276d | 0x31 | 0x31
[OK ]  |  3182 | 0x0000276e | 0x00 | 0x00
[OK ]  |  3183 | 0x0000276f | 0x00 | 0x00
[OK ]  |  3184 | 0x00002770 | 0xd3 | 0xd3
[OK ]  |  3185 | 0x00002771 | 0x73 | 0x73
[OK ]  |  3186 | 0x00002772 | 0xff | 0xff
[OK ]  |  3187 | 0x00002773 | 0xff | 0xff
[OK ]  |  3188 | 0x00002774 | 0xd6 | 0xd6
[OK ]  |  3189 | 0x00002775 | 0xd4 | 0xd4
[OK ]  |  3190 | 0x00002776 | 0xfe | 0xfe
[OK ]  |  3191 | 0x00002777 | 0xff | 0xff
[OK ]  |  3192 | 0x00002778 | 0x65 | 0x65
[OK ]  |  3193 | 0x00002779 | 0x3d | 0x3d
[OK ]  |  3194 | 0x0000277a | 0xff | 0xff
[OK ]  |  3195 | 0x0000277b | 0xff | 0xff
[OK ]  |  3196 | 0x0000277c | 0xf9 | 0xf9
[OK ]  |  3197 | 0x0000277d | 0x2b | 0x2b
[OK ]  |  3198 | 0x0000277e | 0x00 | 0x00
[OK ]  |  3199 | 0x0000277f | 0x00 | 0x00
[OK ]  |  3200 | 0x00002780 | 0x7a | 0x7a
[OK ]  |  3201 | 0x00002781 | 0xf1 | 0xf1
[OK ]  |  3202 | 0x00002782 | 0x00 | 0x00
[OK ]  |  3203 | 0x00002783 | 0x00 | 0x00
[OK ]  |  3204 | 0x00002784 | 0xdf | 0xdf
[OK ]  |  3205 | 0x00002785 | 0xbb | 0xbb
[OK ]  |  3206 | 0x00002786 | 0x00 | 0x00
[OK ]  |  3207 | 0x00002787 | 0x00 | 0x00
[OK ]  |  3208 | 0x00002788 | 0xb2 | 0xb2
[OK ]  |  3209 | 0x00002789 | 0x66 | 0x66
[OK ]  |  3210 | 0x0000278a | 0x00 | 0x00
[OK ]  |  3211 | 0x0000278b | 0x00 | 0x00
[OK ]  |  3212 | 0x0000278c | 0xda | 0xda
[OK ]  |  3213 | 0x0000278d | 0x85 | 0x85
[OK ]  |  3214 | 0x0000278e | 0xff | 0xff
[OK ]  |  3215 | 0x0000278f | 0xff | 0xff
[OK ]  |  3216 | 0x00002790 | 0xb5 | 0xb5
[OK ]  |  3217 | 0x00002791 | 0x22 | 0x22
[OK ]  |  3218 | 0x00002792 | 0x01 | 0x01
[OK ]  |  3219 | 0x00002793 | 0x00 | 0x00
[OK ]  |  3220 | 0x00002794 | 0x97 | 0x97
[OK ]  |  3221 | 0x00002795 | 0xc3 | 0xc3
[OK ]  |  3222 | 0x00002796 | 0xfe | 0xfe
[OK ]  |  3223 | 0x00002797 | 0xff | 0xff
[OK ]  |  3224 | 0x00002798 | 0x61 | 0x61
[OK ]  |  3225 | 0x00002799 | 0x25 | 0x25
[OK ]  |  3226 | 0x0000279a | 0x00 | 0x00
[OK ]  |  3227 | 0x0000279b | 0x00 | 0x00
[OK ]  |  3228 | 0x0000279c | 0x56 | 0x56
[OK ]  |  3229 | 0x0000279d | 0x80 | 0x80
[OK ]  |  3230 | 0x0000279e | 0x00 | 0x00
[OK ]  |  3231 | 0x0000279f | 0x00 | 0x00
[OK ]  |  3232 | 0x000027a0 | 0x80 | 0x80
[OK ]  |  3233 | 0x000027a1 | 0x49 | 0x49
[OK ]  |  3234 | 0x000027a2 | 0xff | 0xff
[OK ]  |  3235 | 0x000027a3 | 0xff | 0xff
[OK ]  |  3236 | 0x000027a4 | 0x4e | 0x4e
[OK ]  |  3237 | 0x000027a5 | 0xce | 0xce
[OK ]  |  3238 | 0x000027a6 | 0x00 | 0x00
[OK ]  |  3239 | 0x000027a7 | 0x00 | 0x00
[OK ]  |  3240 | 0x000027a8 | 0xd4 | 0xd4
[OK ]  |  3241 | 0x000027a9 | 0x70 | 0x70
[OK ]  |  3242 | 0x000027aa | 0x00 | 0x00
[OK ]  |  3243 | 0x000027ab | 0x00 | 0x00
[OK ]  |  3244 | 0x000027ac | 0xda | 0xda
[OK ]  |  3245 | 0x000027ad | 0x16 | 0x16
[OK ]  |  3246 | 0x000027ae | 0xff | 0xff
[OK ]  |  3247 | 0x000027af | 0xff | 0xff
[OK ]  |  3248 | 0x000027b0 | 0xc9 | 0xc9
[OK ]  |  3249 | 0x000027b1 | 0x7a | 0x7a
[OK ]  |  3250 | 0x000027b2 | 0x00 | 0x00
[OK ]  |  3251 | 0x000027b3 | 0x00 | 0x00
[OK ]  |  3252 | 0x000027b4 | 0x92 | 0x92
[OK ]  |  3253 | 0x000027b5 | 0x14 | 0x14
[OK ]  |  3254 | 0x000027b6 | 0x00 | 0x00
[OK ]  |  3255 | 0x000027b7 | 0x00 | 0x00
[OK ]  |  3256 | 0x000027b8 | 0xf6 | 0xf6
[OK ]  |  3257 | 0x000027b9 | 0x7a | 0x7a
[OK ]  |  3258 | 0x000027ba | 0x00 | 0x00
[OK ]  |  3259 | 0x000027bb | 0x00 | 0x00
[OK ]  |  3260 | 0x000027bc | 0x4f | 0x4f
[OK ]  |  3261 | 0x000027bd | 0x4c | 0x4c
[OK ]  |  3262 | 0x000027be | 0xff | 0xff
[OK ]  |  3263 | 0x000027bf | 0xff | 0xff
[OK ]  |  3264 | 0x000027c0 | 0x5f | 0x5f
[OK ]  |  3265 | 0x000027c1 | 0xb9 | 0xb9
[OK ]  |  3266 | 0x000027c2 | 0xff | 0xff
[OK ]  |  3267 | 0x000027c3 | 0xff | 0xff
[OK ]  |  3268 | 0x000027c4 | 0x52 | 0x52
[OK ]  |  3269 | 0x000027c5 | 0x19 | 0x19
[OK ]  |  3270 | 0x000027c6 | 0x01 | 0x01
[OK ]  |  3271 | 0x000027c7 | 0x00 | 0x00
[OK ]  |  3272 | 0x000027c8 | 0x31 | 0x31
[OK ]  |  3273 | 0x000027c9 | 0x10 | 0x10
[OK ]  |  3274 | 0x000027ca | 0x01 | 0x01
[OK ]  |  3275 | 0x000027cb | 0x00 | 0x00
[OK ]  |  3276 | 0x000027cc | 0x41 | 0x41
[OK ]  |  3277 | 0x000027cd | 0x0e | 0x0e
[OK ]  |  3278 | 0x000027ce | 0x00 | 0x00
[OK ]  |  3279 | 0x000027cf | 0x00 | 0x00
[OK ]  |  3280 | 0x000027d0 | 0xc2 | 0xc2
[OK ]  |  3281 | 0x000027d1 | 0x19 | 0x19
[OK ]  |  3282 | 0x000027d2 | 0xff | 0xff
[OK ]  |  3283 | 0x000027d3 | 0xff | 0xff
[OK ]  |  3284 | 0x000027d4 | 0x3a | 0x3a
[OK ]  |  3285 | 0x000027d5 | 0xb1 | 0xb1
[OK ]  |  3286 | 0x000027d6 | 0x01 | 0x01
[OK ]  |  3287 | 0x000027d7 | 0x00 | 0x00
[OK ]  |  3288 | 0x000027d8 | 0xb2 | 0xb2
[OK ]  |  3289 | 0x000027d9 | 0xc0 | 0xc0
[OK ]  |  3290 | 0x000027da | 0x00 | 0x00
[OK ]  |  3291 | 0x000027db | 0x00 | 0x00
[OK ]  |  3292 | 0x000027dc | 0xad | 0xad
[OK ]  |  3293 | 0x000027dd | 0xf4 | 0xf4
[OK ]  |  3294 | 0x000027de | 0x00 | 0x00
[OK ]  |  3295 | 0x000027df | 0x00 | 0x00
[OK ]  |  3296 | 0x000027e0 | 0xec | 0xec
[OK ]  |  3297 | 0x000027e1 | 0x06 | 0x06
[OK ]  |  3298 | 0x000027e2 | 0xff | 0xff
[OK ]  |  3299 | 0x000027e3 | 0xff | 0xff
[OK ]  |  3300 | 0x000027e4 | 0xf7 | 0xf7
[OK ]  |  3301 | 0x000027e5 | 0x51 | 0x51
[OK ]  |  3302 | 0x000027e6 | 0x00 | 0x00
[OK ]  |  3303 | 0x000027e7 | 0x00 | 0x00
[OK ]  |  3304 | 0x000027e8 | 0xf4 | 0xf4
[OK ]  |  3305 | 0x000027e9 | 0x91 | 0x91
[OK ]  |  3306 | 0x000027ea | 0x00 | 0x00
[OK ]  |  3307 | 0x000027eb | 0x00 | 0x00
[OK ]  |  3308 | 0x000027ec | 0xb3 | 0xb3
[OK ]  |  3309 | 0x000027ed | 0x1d | 0x1d
[OK ]  |  3310 | 0x000027ee | 0x00 | 0x00
[OK ]  |  3311 | 0x000027ef | 0x00 | 0x00
[OK ]  |  3312 | 0x000027f0 | 0x56 | 0x56
[OK ]  |  3313 | 0x000027f1 | 0xd3 | 0xd3
[OK ]  |  3314 | 0x000027f2 | 0x00 | 0x00
[OK ]  |  3315 | 0x000027f3 | 0x00 | 0x00
[OK ]  |  3316 | 0x000027f4 | 0x85 | 0x85
[OK ]  |  3317 | 0x000027f5 | 0x27 | 0x27
[OK ]  |  3318 | 0x000027f6 | 0x00 | 0x00
[OK ]  |  3319 | 0x000027f7 | 0x00 | 0x00
[OK ]  |  3320 | 0x000027f8 | 0x33 | 0x33
[OK ]  |  3321 | 0x000027f9 | 0x97 | 0x97
[OK ]  |  3322 | 0x000027fa | 0x01 | 0x01
[OK ]  |  3323 | 0x000027fb | 0x00 | 0x00
[OK ]  |  3324 | 0x000027fc | 0x12 | 0x12
[OK ]  |  3325 | 0x000027fd | 0xad | 0xad
[OK ]  |  3326 | 0x000027fe | 0x00 | 0x00
[OK ]  |  3327 | 0x000027ff | 0x00 | 0x00
[OK ]  |  3328 | 0x00002800 | 0x2d | 0x2d
[OK ]  |  3329 | 0x00002801 | 0x28 | 0x28
[OK ]  |  3330 | 0x00002802 | 0x00 | 0x00
[OK ]  |  3331 | 0x00002803 | 0x00 | 0x00
[OK ]  |  3332 | 0x00002804 | 0xe7 | 0xe7
[OK ]  |  3333 | 0x00002805 | 0xff | 0xff
[OK ]  |  3334 | 0x00002806 | 0x00 | 0x00
[OK ]  |  3335 | 0x00002807 | 0x00 | 0x00
[OK ]  |  3336 | 0x00002808 | 0xcd | 0xcd
[OK ]  |  3337 | 0x00002809 | 0xbc | 0xbc
[OK ]  |  3338 | 0x0000280a | 0xff | 0xff
[OK ]  |  3339 | 0x0000280b | 0xff | 0xff
[OK ]  |  3340 | 0x0000280c | 0xa7 | 0xa7
[OK ]  |  3341 | 0x0000280d | 0x1c | 0x1c
[OK ]  |  3342 | 0x0000280e | 0x00 | 0x00
[OK ]  |  3343 | 0x0000280f | 0x00 | 0x00
[OK ]  |  3344 | 0x00002810 | 0xfb | 0xfb
[OK ]  |  3345 | 0x00002811 | 0x05 | 0x05
[OK ]  |  3346 | 0x00002812 | 0x00 | 0x00
[OK ]  |  3347 | 0x00002813 | 0x00 | 0x00
[OK ]  |  3348 | 0x00002814 | 0x4a | 0x4a
[OK ]  |  3349 | 0x00002815 | 0xa2 | 0xa2
[OK ]  |  3350 | 0x00002816 | 0xff | 0xff
[OK ]  |  3351 | 0x00002817 | 0xff | 0xff
[OK ]  |  3352 | 0x00002818 | 0xbe | 0xbe
[OK ]  |  3353 | 0x00002819 | 0xd4 | 0xd4
[OK ]  |  3354 | 0x0000281a | 0xff | 0xff
[OK ]  |  3355 | 0x0000281b | 0xff | 0xff
[OK ]  |  3356 | 0x0000281c | 0xb4 | 0xb4
[OK ]  |  3357 | 0x0000281d | 0xa1 | 0xa1
[OK ]  |  3358 | 0x0000281e | 0xfe | 0xfe
[OK ]  |  3359 | 0x0000281f | 0xff | 0xff
[OK ]  |  3360 | 0x00002820 | 0xcd | 0xcd
[OK ]  |  3361 | 0x00002821 | 0x84 | 0x84
[OK ]  |  3362 | 0x00002822 | 0xff | 0xff
[OK ]  |  3363 | 0x00002823 | 0xff | 0xff
[OK ]  |  3364 | 0x00002824 | 0x22 | 0x22
[OK ]  |  3365 | 0x00002825 | 0xd6 | 0xd6
[OK ]  |  3366 | 0x00002826 | 0xff | 0xff
[OK ]  |  3367 | 0x00002827 | 0xff | 0xff
[OK ]  |  3368 | 0x00002828 | 0x95 | 0x95
[OK ]  |  3369 | 0x00002829 | 0x04 | 0x04
[OK ]  |  3370 | 0x0000282a | 0x01 | 0x01
[OK ]  |  3371 | 0x0000282b | 0x00 | 0x00
[OK ]  |  3372 | 0x0000282c | 0x45 | 0x45
[OK ]  |  3373 | 0x0000282d | 0xe9 | 0xe9
[OK ]  |  3374 | 0x0000282e | 0xff | 0xff
[OK ]  |  3375 | 0x0000282f | 0xff | 0xff
[OK ]  |  3376 | 0x00002830 | 0xe4 | 0xe4
[OK ]  |  3377 | 0x00002831 | 0x2d | 0x2d
[OK ]  |  3378 | 0x00002832 | 0xff | 0xff
[OK ]  |  3379 | 0x00002833 | 0xff | 0xff
[OK ]  |  3380 | 0x00002834 | 0xb8 | 0xb8
[OK ]  |  3381 | 0x00002835 | 0x58 | 0x58
[OK ]  |  3382 | 0x00002836 | 0xff | 0xff
[OK ]  |  3383 | 0x00002837 | 0xff | 0xff
[OK ]  |  3384 | 0x00002838 | 0x4c | 0x4c
[OK ]  |  3385 | 0x00002839 | 0xd1 | 0xd1
[OK ]  |  3386 | 0x0000283a | 0xfe | 0xfe
[OK ]  |  3387 | 0x0000283b | 0xff | 0xff
[OK ]  |  3388 | 0x0000283c | 0x1f | 0x1f
[OK ]  |  3389 | 0x0000283d | 0x68 | 0x68
[OK ]  |  3390 | 0x0000283e | 0x00 | 0x00
[OK ]  |  3391 | 0x0000283f | 0x00 | 0x00
[OK ]  |  3392 | 0x00002840 | 0x91 | 0x91
[OK ]  |  3393 | 0x00002841 | 0xfe | 0xfe
[OK ]  |  3394 | 0x00002842 | 0x00 | 0x00
[OK ]  |  3395 | 0x00002843 | 0x00 | 0x00
[OK ]  |  3396 | 0x00002844 | 0x67 | 0x67
[OK ]  |  3397 | 0x00002845 | 0x7d | 0x7d
[OK ]  |  3398 | 0x00002846 | 0x00 | 0x00
[OK ]  |  3399 | 0x00002847 | 0x00 | 0x00
[OK ]  |  3400 | 0x00002848 | 0x2b | 0x2b
[OK ]  |  3401 | 0x00002849 | 0xf1 | 0xf1
[OK ]  |  3402 | 0x0000284a | 0xff | 0xff
[OK ]  |  3403 | 0x0000284b | 0xff | 0xff
[OK ]  |  3404 | 0x0000284c | 0x75 | 0x75
[OK ]  |  3405 | 0x0000284d | 0xd5 | 0xd5
[OK ]  |  3406 | 0x0000284e | 0xff | 0xff
[OK ]  |  3407 | 0x0000284f | 0xff | 0xff
[OK ]  |  3408 | 0x00002850 | 0x71 | 0x71
[OK ]  |  3409 | 0x00002851 | 0x15 | 0x15
[OK ]  |  3410 | 0x00002852 | 0xff | 0xff
[OK ]  |  3411 | 0x00002853 | 0xff | 0xff
[OK ]  |  3412 | 0x00002854 | 0xe2 | 0xe2
[OK ]  |  3413 | 0x00002855 | 0x35 | 0x35
[OK ]  |  3414 | 0x00002856 | 0x01 | 0x01
[OK ]  |  3415 | 0x00002857 | 0x00 | 0x00
[OK ]  |  3416 | 0x00002858 | 0x40 | 0x40
[OK ]  |  3417 | 0x00002859 | 0xda | 0xda
[OK ]  |  3418 | 0x0000285a | 0x00 | 0x00
[OK ]  |  3419 | 0x0000285b | 0x00 | 0x00
[OK ]  |  3420 | 0x0000285c | 0x36 | 0x36
[OK ]  |  3421 | 0x0000285d | 0x2a | 0x2a
[OK ]  |  3422 | 0x0000285e | 0x01 | 0x01
[OK ]  |  3423 | 0x0000285f | 0x00 | 0x00
[OK ]  |  3424 | 0x00002860 | 0x65 | 0x65
[OK ]  |  3425 | 0x00002861 | 0x83 | 0x83
[OK ]  |  3426 | 0x00002862 | 0xff | 0xff
[OK ]  |  3427 | 0x00002863 | 0xff | 0xff
[OK ]  |  3428 | 0x00002864 | 0x3e | 0x3e
[OK ]  |  3429 | 0x00002865 | 0x0e | 0x0e
[OK ]  |  3430 | 0x00002866 | 0x00 | 0x00
[OK ]  |  3431 | 0x00002867 | 0x00 | 0x00
[OK ]  |  3432 | 0x00002868 | 0x0f | 0x0f
[OK ]  |  3433 | 0x00002869 | 0xb4 | 0xb4
[OK ]  |  3434 | 0x0000286a | 0x00 | 0x00
[OK ]  |  3435 | 0x0000286b | 0x00 | 0x00
[OK ]  |  3436 | 0x0000286c | 0x88 | 0x88
[OK ]  |  3437 | 0x0000286d | 0x62 | 0x62
[OK ]  |  3438 | 0x0000286e | 0xff | 0xff
[OK ]  |  3439 | 0x0000286f | 0xff | 0xff
[OK ]  |  3440 | 0x00002870 | 0x24 | 0x24
[OK ]  |  3441 | 0x00002871 | 0x34 | 0x34
[OK ]  |  3442 | 0x00002872 | 0xff | 0xff
[OK ]  |  3443 | 0x00002873 | 0xff | 0xff
[OK ]  |  3444 | 0x00002874 | 0xe7 | 0xe7
[OK ]  |  3445 | 0x00002875 | 0x27 | 0x27
[OK ]  |  3446 | 0x00002876 | 0x00 | 0x00
[OK ]  |  3447 | 0x00002877 | 0x00 | 0x00
[OK ]  |  3448 | 0x00002878 | 0x2f | 0x2f
[OK ]  |  3449 | 0x00002879 | 0xd5 | 0xd5
[OK ]  |  3450 | 0x0000287a | 0xff | 0xff
[OK ]  |  3451 | 0x0000287b | 0xff | 0xff
[OK ]  |  3452 | 0x0000287c | 0xc6 | 0xc6
[OK ]  |  3453 | 0x0000287d | 0x4a | 0x4a
[OK ]  |  3454 | 0x0000287e | 0x00 | 0x00
[OK ]  |  3455 | 0x0000287f | 0x00 | 0x00
[OK ]  |  3456 | 0x00002880 | 0xf9 | 0xf9
[OK ]  |  3457 | 0x00002881 | 0x34 | 0x34
[OK ]  |  3458 | 0x00002882 | 0x01 | 0x01
[OK ]  |  3459 | 0x00002883 | 0x00 | 0x00
[OK ]  |  3460 | 0x00002884 | 0xeb | 0xeb
[OK ]  |  3461 | 0x00002885 | 0xee | 0xee
[OK ]  |  3462 | 0x00002886 | 0xff | 0xff
[OK ]  |  3463 | 0x00002887 | 0xff | 0xff
[OK ]  |  3464 | 0x00002888 | 0xa7 | 0xa7
[OK ]  |  3465 | 0x00002889 | 0x8c | 0x8c
[OK ]  |  3466 | 0x0000288a | 0x00 | 0x00
[OK ]  |  3467 | 0x0000288b | 0x00 | 0x00
[OK ]  |  3468 | 0x0000288c | 0xd5 | 0xd5
[OK ]  |  3469 | 0x0000288d | 0xa3 | 0xa3
[OK ]  |  3470 | 0x0000288e | 0xff | 0xff
[OK ]  |  3471 | 0x0000288f | 0xff | 0xff
[OK ]  |  3472 | 0x00002890 | 0x92 | 0x92
[OK ]  |  3473 | 0x00002891 | 0xa3 | 0xa3
[OK ]  |  3474 | 0x00002892 | 0xfe | 0xfe
[OK ]  |  3475 | 0x00002893 | 0xff | 0xff
[OK ]  |  3476 | 0x00002894 | 0x5d | 0x5d
[OK ]  |  3477 | 0x00002895 | 0x2f | 0x2f
[OK ]  |  3478 | 0x00002896 | 0xff | 0xff
[OK ]  |  3479 | 0x00002897 | 0xff | 0xff
[OK ]  |  3480 | 0x00002898 | 0x98 | 0x98
[OK ]  |  3481 | 0x00002899 | 0xe6 | 0xe6
[OK ]  |  3482 | 0x0000289a | 0xff | 0xff
[OK ]  |  3483 | 0x0000289b | 0xff | 0xff
[OK ]  |  3484 | 0x0000289c | 0xaa | 0xaa
[OK ]  |  3485 | 0x0000289d | 0x7d | 0x7d
[OK ]  |  3486 | 0x0000289e | 0x01 | 0x01
[OK ]  |  3487 | 0x0000289f | 0x00 | 0x00
[OK ]  |  3488 | 0x000028a0 | 0xf5 | 0xf5
[OK ]  |  3489 | 0x000028a1 | 0x4e | 0x4e
[OK ]  |  3490 | 0x000028a2 | 0x00 | 0x00
[OK ]  |  3491 | 0x000028a3 | 0x00 | 0x00
[OK ]  |  3492 | 0x000028a4 | 0xb8 | 0xb8
[OK ]  |  3493 | 0x000028a5 | 0xca | 0xca
[OK ]  |  3494 | 0x000028a6 | 0x00 | 0x00
[OK ]  |  3495 | 0x000028a7 | 0x00 | 0x00
[OK ]  |  3496 | 0x000028a8 | 0x54 | 0x54
[OK ]  |  3497 | 0x000028a9 | 0x4a | 0x4a
[OK ]  |  3498 | 0x000028aa | 0xff | 0xff
[OK ]  |  3499 | 0x000028ab | 0xff | 0xff
[OK ]  |  3500 | 0x000028ac | 0x93 | 0x93
[OK ]  |  3501 | 0x000028ad | 0xbd | 0xbd
[OK ]  |  3502 | 0x000028ae | 0xff | 0xff
[OK ]  |  3503 | 0x000028af | 0xff | 0xff
[OK ]  |  3504 | 0x000028b0 | 0x56 | 0x56
[OK ]  |  3505 | 0x000028b1 | 0x18 | 0x18
[OK ]  |  3506 | 0x000028b2 | 0x01 | 0x01
[OK ]  |  3507 | 0x000028b3 | 0x00 | 0x00
[OK ]  |  3508 | 0x000028b4 | 0x1c | 0x1c
[OK ]  |  3509 | 0x000028b5 | 0x02 | 0x02
[OK ]  |  3510 | 0x000028b6 | 0x00 | 0x00
[OK ]  |  3511 | 0x000028b7 | 0x00 | 0x00
[OK ]  |  3512 | 0x000028b8 | 0xcb | 0xcb
[OK ]  |  3513 | 0x000028b9 | 0x05 | 0x05
[OK ]  |  3514 | 0x000028ba | 0x01 | 0x01
[OK ]  |  3515 | 0x000028bb | 0x00 | 0x00
[OK ]  |  3516 | 0x000028bc | 0xe3 | 0xe3
[OK ]  |  3517 | 0x000028bd | 0xe0 | 0xe0
[OK ]  |  3518 | 0x000028be | 0xfe | 0xfe
[OK ]  |  3519 | 0x000028bf | 0xff | 0xff
[OK ]  |  3520 | 0x000028c0 | 0xd1 | 0xd1
[OK ]  |  3521 | 0x000028c1 | 0x81 | 0x81
[OK ]  |  3522 | 0x000028c2 | 0x00 | 0x00
[OK ]  |  3523 | 0x000028c3 | 0x00 | 0x00
[OK ]  |  3524 | 0x000028c4 | 0xa3 | 0xa3
[OK ]  |  3525 | 0x000028c5 | 0xd9 | 0xd9
[OK ]  |  3526 | 0x000028c6 | 0x00 | 0x00
[OK ]  |  3527 | 0x000028c7 | 0x00 | 0x00
[OK ]  |  3528 | 0x000028c8 | 0x78 | 0x78
[OK ]  |  3529 | 0x000028c9 | 0x4c | 0x4c
[OK ]  |  3530 | 0x000028ca | 0xff | 0xff
[OK ]  |  3531 | 0x000028cb | 0xff | 0xff
[OK ]  |  3532 | 0x000028cc | 0x20 | 0x20
[OK ]  |  3533 | 0x000028cd | 0xb4 | 0xb4
[OK ]  |  3534 | 0x000028ce | 0xff | 0xff
[OK ]  |  3535 | 0x000028cf | 0xff | 0xff
[OK ]  |  3536 | 0x000028d0 | 0x12 | 0x12
[OK ]  |  3537 | 0x000028d1 | 0x53 | 0x53
[OK ]  |  3538 | 0x000028d2 | 0xfe | 0xfe
[OK ]  |  3539 | 0x000028d3 | 0xff | 0xff
[OK ]  |  3540 | 0x000028d4 | 0x60 | 0x60
[OK ]  |  3541 | 0x000028d5 | 0x34 | 0x34
[OK ]  |  3542 | 0x000028d6 | 0xfe | 0xfe
[OK ]  |  3543 | 0x000028d7 | 0xff | 0xff
[OK ]  |  3544 | 0x000028d8 | 0x08 | 0x08
[OK ]  |  3545 | 0x000028d9 | 0xd8 | 0xd8
[OK ]  |  3546 | 0x000028da | 0xff | 0xff
[OK ]  |  3547 | 0x000028db | 0xff | 0xff
[OK ]  |  3548 | 0x000028dc | 0x65 | 0x65
[OK ]  |  3549 | 0x000028dd | 0x1d | 0x1d
[OK ]  |  3550 | 0x000028de | 0xff | 0xff
[OK ]  |  3551 | 0x000028df | 0xff | 0xff
[OK ]  |  3552 | 0x000028e0 | 0x50 | 0x50
[OK ]  |  3553 | 0x000028e1 | 0x51 | 0x51
[OK ]  |  3554 | 0x000028e2 | 0x00 | 0x00
[OK ]  |  3555 | 0x000028e3 | 0x00 | 0x00
[OK ]  |  3556 | 0x000028e4 | 0x28 | 0x28
[OK ]  |  3557 | 0x000028e5 | 0x2e | 0x2e
[OK ]  |  3558 | 0x000028e6 | 0x00 | 0x00
[OK ]  |  3559 | 0x000028e7 | 0x00 | 0x00
[OK ]  |  3560 | 0x000028e8 | 0xe4 | 0xe4
[OK ]  |  3561 | 0x000028e9 | 0x47 | 0x47
[OK ]  |  3562 | 0x000028ea | 0x00 | 0x00
[OK ]  |  3563 | 0x000028eb | 0x00 | 0x00
[OK ]  |  3564 | 0x000028ec | 0xc9 | 0xc9
[OK ]  |  3565 | 0x000028ed | 0xed | 0xed
[OK ]  |  3566 | 0x000028ee | 0x00 | 0x00
[OK ]  |  3567 | 0x000028ef | 0x00 | 0x00
[OK ]  |  3568 | 0x000028f0 | 0x48 | 0x48
[OK ]  |  3569 | 0x000028f1 | 0x38 | 0x38
[OK ]  |  3570 | 0x000028f2 | 0x00 | 0x00
[OK ]  |  3571 | 0x000028f3 | 0x00 | 0x00
[OK ]  |  3572 | 0x000028f4 | 0x13 | 0x13
[OK ]  |  3573 | 0x000028f5 | 0x51 | 0x51
[OK ]  |  3574 | 0x000028f6 | 0x00 | 0x00
[OK ]  |  3575 | 0x000028f7 | 0x00 | 0x00
[OK ]  |  3576 | 0x000028f8 | 0xb1 | 0xb1
[OK ]  |  3577 | 0x000028f9 | 0x2f | 0x2f
[OK ]  |  3578 | 0x000028fa | 0x00 | 0x00
[OK ]  |  3579 | 0x000028fb | 0x00 | 0x00
[OK ]  |  3580 | 0x000028fc | 0xc3 | 0xc3
[OK ]  |  3581 | 0x000028fd | 0x6f | 0x6f
[OK ]  |  3582 | 0x000028fe | 0xff | 0xff
[OK ]  |  3583 | 0x000028ff | 0xff | 0xff
[OK ]  |  3584 | 0x00002900 | 0x69 | 0x69
[OK ]  |  3585 | 0x00002901 | 0x0c | 0x0c
[OK ]  |  3586 | 0x00002902 | 0x01 | 0x01
[OK ]  |  3587 | 0x00002903 | 0x00 | 0x00
[OK ]  |  3588 | 0x00002904 | 0xa6 | 0xa6
[OK ]  |  3589 | 0x00002905 | 0xad | 0xad
[OK ]  |  3590 | 0x00002906 | 0x00 | 0x00
[OK ]  |  3591 | 0x00002907 | 0x00 | 0x00
[OK ]  |  3592 | 0x00002908 | 0x10 | 0x10
[OK ]  |  3593 | 0x00002909 | 0x58 | 0x58
[OK ]  |  3594 | 0x0000290a | 0x00 | 0x00
[OK ]  |  3595 | 0x0000290b | 0x00 | 0x00
[OK ]  |  3596 | 0x0000290c | 0x0b | 0x0b
[OK ]  |  3597 | 0x0000290d | 0xbd | 0xbd
[OK ]  |  3598 | 0x0000290e | 0xff | 0xff
[OK ]  |  3599 | 0x0000290f | 0xff | 0xff
[OK ]  |  3600 | 0x00002910 | 0x5a | 0x5a
[OK ]  |  3601 | 0x00002911 | 0x73 | 0x73
[OK ]  |  3602 | 0x00002912 | 0xff | 0xff
[OK ]  |  3603 | 0x00002913 | 0xff | 0xff
[OK ]  |  3604 | 0x00002914 | 0x23 | 0x23
[OK ]  |  3605 | 0x00002915 | 0x81 | 0x81
[OK ]  |  3606 | 0x00002916 | 0xff | 0xff
[OK ]  |  3607 | 0x00002917 | 0xff | 0xff
[OK ]  |  3608 | 0x00002918 | 0x79 | 0x79
[OK ]  |  3609 | 0x00002919 | 0x25 | 0x25
[OK ]  |  3610 | 0x0000291a | 0x00 | 0x00
[OK ]  |  3611 | 0x0000291b | 0x00 | 0x00
[OK ]  |  3612 | 0x0000291c | 0x44 | 0x44
[OK ]  |  3613 | 0x0000291d | 0x98 | 0x98
[OK ]  |  3614 | 0x0000291e | 0xff | 0xff
[OK ]  |  3615 | 0x0000291f | 0xff | 0xff
[OK ]  |  3616 | 0x00002920 | 0x17 | 0x17
[OK ]  |  3617 | 0x00002921 | 0xae | 0xae
[OK ]  |  3618 | 0x00002922 | 0xff | 0xff
[OK ]  |  3619 | 0x00002923 | 0xff | 0xff
[OK ]  |  3620 | 0x00002924 | 0x0a | 0x0a
[OK ]  |  3621 | 0x00002925 | 0x3e | 0x3e
[OK ]  |  3622 | 0x00002926 | 0x00 | 0x00
[OK ]  |  3623 | 0x00002927 | 0x00 | 0x00
[OK ]  |  3624 | 0x00002928 | 0x8e | 0x8e
[OK ]  |  3625 | 0x00002929 | 0x3c | 0x3c
[OK ]  |  3626 | 0x0000292a | 0x00 | 0x00
[OK ]  |  3627 | 0x0000292b | 0x00 | 0x00
[OK ]  |  3628 | 0x0000292c | 0x10 | 0x10
[OK ]  |  3629 | 0x0000292d | 0x33 | 0x33
[OK ]  |  3630 | 0x0000292e | 0x00 | 0x00
[OK ]  |  3631 | 0x0000292f | 0x00 | 0x00
[OK ]  |  3632 | 0x00002930 | 0x57 | 0x57
[OK ]  |  3633 | 0x00002931 | 0x7e | 0x7e
[OK ]  |  3634 | 0x00002932 | 0xfe | 0xfe
[OK ]  |  3635 | 0x00002933 | 0xff | 0xff
[OK ]  |  3636 | 0x00002934 | 0x15 | 0x15
[OK ]  |  3637 | 0x00002935 | 0x06 | 0x06
[OK ]  |  3638 | 0x00002936 | 0x00 | 0x00
[OK ]  |  3639 | 0x00002937 | 0x00 | 0x00
[OK ]  |  3640 | 0x00002938 | 0x23 | 0x23
[OK ]  |  3641 | 0x00002939 | 0x19 | 0x19
[OK ]  |  3642 | 0x0000293a | 0x00 | 0x00
[OK ]  |  3643 | 0x0000293b | 0x00 | 0x00
[OK ]  |  3644 | 0x0000293c | 0xeb | 0xeb
[OK ]  |  3645 | 0x0000293d | 0x86 | 0x86
[OK ]  |  3646 | 0x0000293e | 0x00 | 0x00
[OK ]  |  3647 | 0x0000293f | 0x00 | 0x00
[OK ]  |  3648 | 0x00002940 | 0x5b | 0x5b
[OK ]  |  3649 | 0x00002941 | 0x94 | 0x94
[OK ]  |  3650 | 0x00002942 | 0x00 | 0x00
[OK ]  |  3651 | 0x00002943 | 0x00 | 0x00
[OK ]  |  3652 | 0x00002944 | 0x39 | 0x39
[OK ]  |  3653 | 0x00002945 | 0x04 | 0x04
[OK ]  |  3654 | 0x00002946 | 0x01 | 0x01
[OK ]  |  3655 | 0x00002947 | 0x00 | 0x00
[OK ]  |  3656 | 0x00002948 | 0x33 | 0x33
[OK ]  |  3657 | 0x00002949 | 0xe6 | 0xe6
[OK ]  |  3658 | 0x0000294a | 0xff | 0xff
[OK ]  |  3659 | 0x0000294b | 0xff | 0xff
[OK ]  |  3660 | 0x0000294c | 0x59 | 0x59
[OK ]  |  3661 | 0x0000294d | 0x1b | 0x1b
[OK ]  |  3662 | 0x0000294e | 0x00 | 0x00
[OK ]  |  3663 | 0x0000294f | 0x00 | 0x00
[OK ]  |  3664 | 0x00002950 | 0x7a | 0x7a
[OK ]  |  3665 | 0x00002951 | 0xf0 | 0xf0
[OK ]  |  3666 | 0x00002952 | 0x00 | 0x00
[OK ]  |  3667 | 0x00002953 | 0x00 | 0x00
[OK ]  |  3668 | 0x00002954 | 0x38 | 0x38
[OK ]  |  3669 | 0x00002955 | 0xe0 | 0xe0
[OK ]  |  3670 | 0x00002956 | 0xff | 0xff
[OK ]  |  3671 | 0x00002957 | 0xff | 0xff
[OK ]  |  3672 | 0x00002958 | 0x4f | 0x4f
[OK ]  |  3673 | 0x00002959 | 0x83 | 0x83
[OK ]  |  3674 | 0x0000295a | 0x00 | 0x00
[OK ]  |  3675 | 0x0000295b | 0x00 | 0x00
[OK ]  |  3676 | 0x0000295c | 0xf6 | 0xf6
[OK ]  |  3677 | 0x0000295d | 0xff | 0xff
[OK ]  |  3678 | 0x0000295e | 0x00 | 0x00
[OK ]  |  3679 | 0x0000295f | 0x00 | 0x00
[OK ]  |  3680 | 0x00002960 | 0x98 | 0x98
[OK ]  |  3681 | 0x00002961 | 0x17 | 0x17
[OK ]  |  3682 | 0x00002962 | 0xff | 0xff
[OK ]  |  3683 | 0x00002963 | 0xff | 0xff
[OK ]  |  3684 | 0x00002964 | 0x87 | 0x87
[OK ]  |  3685 | 0x00002965 | 0x48 | 0x48
[OK ]  |  3686 | 0x00002966 | 0xff | 0xff
[OK ]  |  3687 | 0x00002967 | 0xff | 0xff
[OK ]  |  3688 | 0x00002968 | 0xbf | 0xbf
[OK ]  |  3689 | 0x00002969 | 0x6e | 0x6e
[OK ]  |  3690 | 0x0000296a | 0xff | 0xff
[OK ]  |  3691 | 0x0000296b | 0xff | 0xff
[OK ]  |  3692 | 0x0000296c | 0xe6 | 0xe6
[OK ]  |  3693 | 0x0000296d | 0x32 | 0x32
[OK ]  |  3694 | 0x0000296e | 0x00 | 0x00
[OK ]  |  3695 | 0x0000296f | 0x00 | 0x00
[OK ]  |  3696 | 0x00002970 | 0x1f | 0x1f
[OK ]  |  3697 | 0x00002971 | 0x0e | 0x0e
[OK ]  |  3698 | 0x00002972 | 0x01 | 0x01
[OK ]  |  3699 | 0x00002973 | 0x00 | 0x00
[OK ]  |  3700 | 0x00002974 | 0x93 | 0x93
[OK ]  |  3701 | 0x00002975 | 0xbd | 0xbd
[OK ]  |  3702 | 0x00002976 | 0xfe | 0xfe
[OK ]  |  3703 | 0x00002977 | 0xff | 0xff
[OK ]  |  3704 | 0x00002978 | 0x52 | 0x52
[OK ]  |  3705 | 0x00002979 | 0x84 | 0x84
[OK ]  |  3706 | 0x0000297a | 0xff | 0xff
[OK ]  |  3707 | 0x0000297b | 0xff | 0xff
[OK ]  |  3708 | 0x0000297c | 0x16 | 0x16
[OK ]  |  3709 | 0x0000297d | 0xeb | 0xeb
[OK ]  |  3710 | 0x0000297e | 0x00 | 0x00
[OK ]  |  3711 | 0x0000297f | 0x00 | 0x00
[OK ]  |  3712 | 0x00002980 | 0x2d | 0x2d
[OK ]  |  3713 | 0x00002981 | 0x02 | 0x02
[OK ]  |  3714 | 0x00002982 | 0x00 | 0x00
[OK ]  |  3715 | 0x00002983 | 0x00 | 0x00
[OK ]  |  3716 | 0x00002984 | 0x26 | 0x26
[OK ]  |  3717 | 0x00002985 | 0xc4 | 0xc4
[OK ]  |  3718 | 0x00002986 | 0xff | 0xff
[OK ]  |  3719 | 0x00002987 | 0xff | 0xff
[OK ]  |  3720 | 0x00002988 | 0x1d | 0x1d
[OK ]  |  3721 | 0x00002989 | 0xa6 | 0xa6
[OK ]  |  3722 | 0x0000298a | 0x00 | 0x00
[OK ]  |  3723 | 0x0000298b | 0x00 | 0x00
[OK ]  |  3724 | 0x0000298c | 0x5a | 0x5a
[OK ]  |  3725 | 0x0000298d | 0x23 | 0x23
[OK ]  |  3726 | 0x0000298e | 0xff | 0xff
[OK ]  |  3727 | 0x0000298f | 0xff | 0xff
[OK ]  |  3728 | 0x00002990 | 0x73 | 0x73
[OK ]  |  3729 | 0x00002991 | 0xea | 0xea
[OK ]  |  3730 | 0x00002992 | 0xff | 0xff
[OK ]  |  3731 | 0x00002993 | 0xff | 0xff
[OK ]  |  3732 | 0x00002994 | 0xa7 | 0xa7
[OK ]  |  3733 | 0x00002995 | 0xd0 | 0xd0
[OK ]  |  3734 | 0x00002996 | 0xff | 0xff
[OK ]  |  3735 | 0x00002997 | 0xff | 0xff
[OK ]  |  3736 | 0x00002998 | 0x57 | 0x57
[OK ]  |  3737 | 0x00002999 | 0x37 | 0x37
[OK ]  |  3738 | 0x0000299a | 0x00 | 0x00
[OK ]  |  3739 | 0x0000299b | 0x00 | 0x00
[OK ]  |  3740 | 0x0000299c | 0x20 | 0x20
[OK ]  |  3741 | 0x0000299d | 0x12 | 0x12
[OK ]  |  3742 | 0x0000299e | 0x01 | 0x01
[OK ]  |  3743 | 0x0000299f | 0x00 | 0x00
[OK ]  |  3744 | 0x000029a0 | 0x6b | 0x6b
[OK ]  |  3745 | 0x000029a1 | 0x18 | 0x18
[OK ]  |  3746 | 0x000029a2 | 0xff | 0xff
[OK ]  |  3747 | 0x000029a3 | 0xff | 0xff
[OK ]  |  3748 | 0x000029a4 | 0xb7 | 0xb7
[OK ]  |  3749 | 0x000029a5 | 0x31 | 0x31
[OK ]  |  3750 | 0x000029a6 | 0xff | 0xff
[OK ]  |  3751 | 0x000029a7 | 0xff | 0xff
[OK ]  |  3752 | 0x000029a8 | 0x24 | 0x24
[OK ]  |  3753 | 0x000029a9 | 0x29 | 0x29
[OK ]  |  3754 | 0x000029aa | 0xff | 0xff
[OK ]  |  3755 | 0x000029ab | 0xff | 0xff
[OK ]  |  3756 | 0x000029ac | 0x62 | 0x62
[OK ]  |  3757 | 0x000029ad | 0xb7 | 0xb7
[OK ]  |  3758 | 0x000029ae | 0x00 | 0x00
[OK ]  |  3759 | 0x000029af | 0x00 | 0x00
[OK ]  |  3760 | 0x000029b0 | 0x9b | 0x9b
[OK ]  |  3761 | 0x000029b1 | 0xb6 | 0xb6
[OK ]  |  3762 | 0x000029b2 | 0xff | 0xff
[OK ]  |  3763 | 0x000029b3 | 0xff | 0xff
[OK ]  |  3764 | 0x000029b4 | 0xb6 | 0xb6
[OK ]  |  3765 | 0x000029b5 | 0xb1 | 0xb1
[OK ]  |  3766 | 0x000029b6 | 0x00 | 0x00
[OK ]  |  3767 | 0x000029b7 | 0x00 | 0x00
[OK ]  |  3768 | 0x000029b8 | 0x29 | 0x29
[OK ]  |  3769 | 0x000029b9 | 0x49 | 0x49
[OK ]  |  3770 | 0x000029ba | 0x00 | 0x00
[OK ]  |  3771 | 0x000029bb | 0x00 | 0x00
[OK ]  |  3772 | 0x000029bc | 0x2c | 0x2c
[OK ]  |  3773 | 0x000029bd | 0xc9 | 0xc9
[OK ]  |  3774 | 0x000029be | 0xff | 0xff
[OK ]  |  3775 | 0x000029bf | 0xff | 0xff
[OK ]  |  3776 | 0x000029c0 | 0x75 | 0x75
[OK ]  |  3777 | 0x000029c1 | 0xdf | 0xdf
[OK ]  |  3778 | 0x000029c2 | 0xff | 0xff
[OK ]  |  3779 | 0x000029c3 | 0xff | 0xff
[OK ]  |  3780 | 0x000029c4 | 0xc6 | 0xc6
[OK ]  |  3781 | 0x000029c5 | 0x10 | 0x10
[OK ]  |  3782 | 0x000029c6 | 0x00 | 0x00
[OK ]  |  3783 | 0x000029c7 | 0x00 | 0x00
[OK ]  |  3784 | 0x000029c8 | 0x5b | 0x5b
[OK ]  |  3785 | 0x000029c9 | 0x9e | 0x9e
[OK ]  |  3786 | 0x000029ca | 0x00 | 0x00
[OK ]  |  3787 | 0x000029cb | 0x00 | 0x00
[OK ]  |  3788 | 0x000029cc | 0xbd | 0xbd
[OK ]  |  3789 | 0x000029cd | 0xa7 | 0xa7
[OK ]  |  3790 | 0x000029ce | 0xff | 0xff
[OK ]  |  3791 | 0x000029cf | 0xff | 0xff
[OK ]  |  3792 | 0x000029d0 | 0xf1 | 0xf1
[OK ]  |  3793 | 0x000029d1 | 0x9c | 0x9c
[OK ]  |  3794 | 0x000029d2 | 0xff | 0xff
[OK ]  |  3795 | 0x000029d3 | 0xff | 0xff
[OK ]  |  3796 | 0x000029d4 | 0x13 | 0x13
[OK ]  |  3797 | 0x000029d5 | 0xb1 | 0xb1
[OK ]  |  3798 | 0x000029d6 | 0x00 | 0x00
[OK ]  |  3799 | 0x000029d7 | 0x00 | 0x00
[OK ]  |  3800 | 0x000029d8 | 0x01 | 0x01
[OK ]  |  3801 | 0x000029d9 | 0xa7 | 0xa7
[OK ]  |  3802 | 0x000029da | 0xff | 0xff
[OK ]  |  3803 | 0x000029db | 0xff | 0xff
[OK ]  |  3804 | 0x000029dc | 0x2c | 0x2c
[OK ]  |  3805 | 0x000029dd | 0x6b | 0x6b
[OK ]  |  3806 | 0x000029de | 0xff | 0xff
[OK ]  |  3807 | 0x000029df | 0xff | 0xff
[OK ]  |  3808 | 0x000029e0 | 0xb4 | 0xb4
[OK ]  |  3809 | 0x000029e1 | 0xc8 | 0xc8
[OK ]  |  3810 | 0x000029e2 | 0xfe | 0xfe
[OK ]  |  3811 | 0x000029e3 | 0xff | 0xff
[OK ]  |  3812 | 0x000029e4 | 0xa6 | 0xa6
[OK ]  |  3813 | 0x000029e5 | 0x26 | 0x26
[OK ]  |  3814 | 0x000029e6 | 0x00 | 0x00
[OK ]  |  3815 | 0x000029e7 | 0x00 | 0x00
[OK ]  |  3816 | 0x000029e8 | 0xe7 | 0xe7
[OK ]  |  3817 | 0x000029e9 | 0x38 | 0x38
[OK ]  |  3818 | 0x000029ea | 0xff | 0xff
[OK ]  |  3819 | 0x000029eb | 0xff | 0xff
[OK ]  |  3820 | 0x000029ec | 0xbb | 0xbb
[OK ]  |  3821 | 0x000029ed | 0x36 | 0x36
[OK ]  |  3822 | 0x000029ee | 0x00 | 0x00
[OK ]  |  3823 | 0x000029ef | 0x00 | 0x00
[OK ]  |  3824 | 0x000029f0 | 0x60 | 0x60
[OK ]  |  3825 | 0x000029f1 | 0x45 | 0x45
[OK ]  |  3826 | 0x000029f2 | 0x00 | 0x00
[OK ]  |  3827 | 0x000029f3 | 0x00 | 0x00
[OK ]  |  3828 | 0x000029f4 | 0x36 | 0x36
[OK ]  |  3829 | 0x000029f5 | 0xfd | 0xfd
[OK ]  |  3830 | 0x000029f6 | 0x00 | 0x00
[OK ]  |  3831 | 0x000029f7 | 0x00 | 0x00
[OK ]  |  3832 | 0x000029f8 | 0x1a | 0x1a
[OK ]  |  3833 | 0x000029f9 | 0xd3 | 0xd3
[OK ]  |  3834 | 0x000029fa | 0xff | 0xff
[OK ]  |  3835 | 0x000029fb | 0xff | 0xff
[OK ]  |  3836 | 0x000029fc | 0xfc | 0xfc
[OK ]  |  3837 | 0x000029fd | 0x05 | 0x05
[OK ]  |  3838 | 0x000029fe | 0x00 | 0x00
[OK ]  |  3839 | 0x000029ff | 0x00 | 0x00
[OK ]  |  3840 | 0x00002a00 | 0xa0 | 0xa0
[OK ]  |  3841 | 0x00002a01 | 0xa1 | 0xa1
[OK ]  |  3842 | 0x00002a02 | 0xff | 0xff
[OK ]  |  3843 | 0x00002a03 | 0xff | 0xff
[OK ]  |  3844 | 0x00002a04 | 0x89 | 0x89
[OK ]  |  3845 | 0x00002a05 | 0xfc | 0xfc
[OK ]  |  3846 | 0x00002a06 | 0xff | 0xff
[OK ]  |  3847 | 0x00002a07 | 0xff | 0xff
[OK ]  |  3848 | 0x00002a08 | 0xb0 | 0xb0
[OK ]  |  3849 | 0x00002a09 | 0x55 | 0x55
[OK ]  |  3850 | 0x00002a0a | 0x00 | 0x00
[OK ]  |  3851 | 0x00002a0b | 0x00 | 0x00
[OK ]  |  3852 | 0x00002a0c | 0x75 | 0x75
[OK ]  |  3853 | 0x00002a0d | 0x1f | 0x1f
[OK ]  |  3854 | 0x00002a0e | 0x00 | 0x00
[OK ]  |  3855 | 0x00002a0f | 0x00 | 0x00
[OK ]  |  3856 | 0x00002a10 | 0x9d | 0x9d
[OK ]  |  3857 | 0x00002a11 | 0xf4 | 0xf4
[OK ]  |  3858 | 0x00002a12 | 0x00 | 0x00
[OK ]  |  3859 | 0x00002a13 | 0x00 | 0x00
[OK ]  |  3860 | 0x00002a14 | 0x7c | 0x7c
[OK ]  |  3861 | 0x00002a15 | 0xac | 0xac
[OK ]  |  3862 | 0x00002a16 | 0x00 | 0x00
[OK ]  |  3863 | 0x00002a17 | 0x00 | 0x00
[OK ]  |  3864 | 0x00002a18 | 0xea | 0xea
[OK ]  |  3865 | 0x00002a19 | 0x8f | 0x8f
[OK ]  |  3866 | 0x00002a1a | 0xff | 0xff
[OK ]  |  3867 | 0x00002a1b | 0xff | 0xff
[OK ]  |  3868 | 0x00002a1c | 0xc9 | 0xc9
[OK ]  |  3869 | 0x00002a1d | 0x74 | 0x74
[OK ]  |  3870 | 0x00002a1e | 0x00 | 0x00
[OK ]  |  3871 | 0x00002a1f | 0x00 | 0x00
[OK ]  |  3872 | 0x00002a20 | 0xda | 0xda
[OK ]  |  3873 | 0x00002a21 | 0xe3 | 0xe3
[OK ]  |  3874 | 0x00002a22 | 0x00 | 0x00
[OK ]  |  3875 | 0x00002a23 | 0x00 | 0x00
[OK ]  |  3876 | 0x00002a24 | 0x5b | 0x5b
[OK ]  |  3877 | 0x00002a25 | 0xb2 | 0xb2
[OK ]  |  3878 | 0x00002a26 | 0xff | 0xff
[OK ]  |  3879 | 0x00002a27 | 0xff | 0xff
[OK ]  |  3880 | 0x00002a28 | 0xcc | 0xcc
[OK ]  |  3881 | 0x00002a29 | 0x74 | 0x74
[OK ]  |  3882 | 0x00002a2a | 0x00 | 0x00
[OK ]  |  3883 | 0x00002a2b | 0x00 | 0x00
[OK ]  |  3884 | 0x00002a2c | 0x5f | 0x5f
[OK ]  |  3885 | 0x00002a2d | 0x9a | 0x9a
[OK ]  |  3886 | 0x00002a2e | 0xff | 0xff
[OK ]  |  3887 | 0x00002a2f | 0xff | 0xff
[OK ]  |  3888 | 0x00002a30 | 0xf3 | 0xf3
[OK ]  |  3889 | 0x00002a31 | 0x96 | 0x96
[OK ]  |  3890 | 0x00002a32 | 0xff | 0xff
[OK ]  |  3891 | 0x00002a33 | 0xff | 0xff
[OK ]  |  3892 | 0x00002a34 | 0x97 | 0x97
[OK ]  |  3893 | 0x00002a35 | 0x0d | 0x0d
[OK ]  |  3894 | 0x00002a36 | 0x00 | 0x00
[OK ]  |  3895 | 0x00002a37 | 0x00 | 0x00
[OK ]  |  3896 | 0x00002a38 | 0xbb | 0xbb
[OK ]  |  3897 | 0x00002a39 | 0xdd | 0xdd
[OK ]  |  3898 | 0x00002a3a | 0xff | 0xff
[OK ]  |  3899 | 0x00002a3b | 0xff | 0xff
[OK ]  |  3900 | 0x00002a3c | 0xe2 | 0xe2
[OK ]  |  3901 | 0x00002a3d | 0x0b | 0x0b
[OK ]  |  3902 | 0x00002a3e | 0xff | 0xff
[OK ]  |  3903 | 0x00002a3f | 0xff | 0xff
[OK ]  |  3904 | 0x00002a40 | 0x83 | 0x83
[OK ]  |  3905 | 0x00002a41 | 0x64 | 0x64
[OK ]  |  3906 | 0x00002a42 | 0xff | 0xff
[OK ]  |  3907 | 0x00002a43 | 0xff | 0xff
[OK ]  |  3908 | 0x00002a44 | 0x0e | 0x0e
[OK ]  |  3909 | 0x00002a45 | 0x2e | 0x2e
[OK ]  |  3910 | 0x00002a46 | 0x00 | 0x00
[OK ]  |  3911 | 0x00002a47 | 0x00 | 0x00
[OK ]  |  3912 | 0x00002a48 | 0xfb | 0xfb
[OK ]  |  3913 | 0x00002a49 | 0x63 | 0x63
[OK ]  |  3914 | 0x00002a4a | 0xfe | 0xfe
[OK ]  |  3915 | 0x00002a4b | 0xff | 0xff
[OK ]  |  3916 | 0x00002a4c | 0x44 | 0x44
[OK ]  |  3917 | 0x00002a4d | 0x1a | 0x1a
[OK ]  |  3918 | 0x00002a4e | 0xff | 0xff
[OK ]  |  3919 | 0x00002a4f | 0xff | 0xff
[OK ]  |  3920 | 0x00002a50 | 0x69 | 0x69
[OK ]  |  3921 | 0x00002a51 | 0x9e | 0x9e
[OK ]  |  3922 | 0x00002a52 | 0xff | 0xff
[OK ]  |  3923 | 0x00002a53 | 0xff | 0xff
[OK ]  |  3924 | 0x00002a54 | 0x4f | 0x4f
[OK ]  |  3925 | 0x00002a55 | 0xdf | 0xdf
[OK ]  |  3926 | 0x00002a56 | 0xff | 0xff
[OK ]  |  3927 | 0x00002a57 | 0xff | 0xff
[OK ]  |  3928 | 0x00002a58 | 0x0b | 0x0b
[OK ]  |  3929 | 0x00002a59 | 0x67 | 0x67
[OK ]  |  3930 | 0x00002a5a | 0x00 | 0x00
[OK ]  |  3931 | 0x00002a5b | 0x00 | 0x00
[OK ]  |  3932 | 0x00002a5c | 0x3f | 0x3f
[OK ]  |  3933 | 0x00002a5d | 0x28 | 0x28
[OK ]  |  3934 | 0x00002a5e | 0xff | 0xff
[OK ]  |  3935 | 0x00002a5f | 0xff | 0xff
[OK ]  |  3936 | 0x00002a60 | 0x0c | 0x0c
[OK ]  |  3937 | 0x00002a61 | 0xaa | 0xaa
[OK ]  |  3938 | 0x00002a62 | 0xfe | 0xfe
[OK ]  |  3939 | 0x00002a63 | 0xff | 0xff
[OK ]  |  3940 | 0x00002a64 | 0x01 | 0x01
[OK ]  |  3941 | 0x00002a65 | 0x6c | 0x6c
[OK ]  |  3942 | 0x00002a66 | 0xff | 0xff
[OK ]  |  3943 | 0x00002a67 | 0xff | 0xff
[OK ]  |  3944 | 0x00002a68 | 0x1f | 0x1f
[OK ]  |  3945 | 0x00002a69 | 0x31 | 0x31
[OK ]  |  3946 | 0x00002a6a | 0x00 | 0x00
[OK ]  |  3947 | 0x00002a6b | 0x00 | 0x00
[OK ]  |  3948 | 0x00002a6c | 0x6d | 0x6d
[OK ]  |  3949 | 0x00002a6d | 0x55 | 0x55
[OK ]  |  3950 | 0x00002a6e | 0x00 | 0x00
[OK ]  |  3951 | 0x00002a6f | 0x00 | 0x00
[OK ]  |  3952 | 0x00002a70 | 0xb5 | 0xb5
[OK ]  |  3953 | 0x00002a71 | 0xa0 | 0xa0
[OK ]  |  3954 | 0x00002a72 | 0xff | 0xff
[OK ]  |  3955 | 0x00002a73 | 0xff | 0xff
[OK ]  |  3956 | 0x00002a74 | 0x16 | 0x16
[OK ]  |  3957 | 0x00002a75 | 0x8d | 0x8d
[OK ]  |  3958 | 0x00002a76 | 0xff | 0xff
[OK ]  |  3959 | 0x00002a77 | 0xff | 0xff
[OK ]  |  3960 | 0x00002a78 | 0x8f | 0x8f
[OK ]  |  3961 | 0x00002a79 | 0x38 | 0x38
[OK ]  |  3962 | 0x00002a7a | 0x00 | 0x00
[OK ]  |  3963 | 0x00002a7b | 0x00 | 0x00
[OK ]  |  3964 | 0x00002a7c | 0xf4 | 0xf4
[OK ]  |  3965 | 0x00002a7d | 0x15 | 0x15
[OK ]  |  3966 | 0x00002a7e | 0x00 | 0x00
[OK ]  |  3967 | 0x00002a7f | 0x00 | 0x00
[OK ]  |  3968 | 0x00002a80 | 0x75 | 0x75
[OK ]  |  3969 | 0x00002a81 | 0x58 | 0x58
[OK ]  |  3970 | 0x00002a82 | 0x00 | 0x00
[OK ]  |  3971 | 0x00002a83 | 0x00 | 0x00
[OK ]  |  3972 | 0x00002a84 | 0xaa | 0xaa
[OK ]  |  3973 | 0x00002a85 | 0x5f | 0x5f
[OK ]  |  3974 | 0x00002a86 | 0x01 | 0x01
[OK ]  |  3975 | 0x00002a87 | 0x00 | 0x00
[OK ]  |  3976 | 0x00002a88 | 0xf8 | 0xf8
[OK ]  |  3977 | 0x00002a89 | 0x01 | 0x01
[OK ]  |  3978 | 0x00002a8a | 0x00 | 0x00
[OK ]  |  3979 | 0x00002a8b | 0x00 | 0x00
[OK ]  |  3980 | 0x00002a8c | 0x28 | 0x28
[OK ]  |  3981 | 0x00002a8d | 0xf3 | 0xf3
[OK ]  |  3982 | 0x00002a8e | 0xfe | 0xfe
[OK ]  |  3983 | 0x00002a8f | 0xff | 0xff
[OK ]  |  3984 | 0x00002a90 | 0xdb | 0xdb
[OK ]  |  3985 | 0x00002a91 | 0xc2 | 0xc2
[OK ]  |  3986 | 0x00002a92 | 0xff | 0xff
[OK ]  |  3987 | 0x00002a93 | 0xff | 0xff
[OK ]  |  3988 | 0x00002a94 | 0x7d | 0x7d
[OK ]  |  3989 | 0x00002a95 | 0xed | 0xed
[OK ]  |  3990 | 0x00002a96 | 0xfe | 0xfe
[OK ]  |  3991 | 0x00002a97 | 0xff | 0xff
[OK ]  |  3992 | 0x00002a98 | 0x80 | 0x80
[OK ]  |  3993 | 0x00002a99 | 0x5e | 0x5e
[OK ]  |  3994 | 0x00002a9a | 0xff | 0xff
[OK ]  |  3995 | 0x00002a9b | 0xff | 0xff
[OK ]  |  3996 | 0x00002a9c | 0xaa | 0xaa
[OK ]  |  3997 | 0x00002a9d | 0x2d | 0x2d
[OK ]  |  3998 | 0x00002a9e | 0xff | 0xff
[OK ]  |  3999 | 0x00002a9f | 0xff | 0xff
[OK ]  |  4000 | 0x00002aa0 | 0xa1 | 0xa1
[OK ]  |  4001 | 0x00002aa1 | 0xdf | 0xdf
[OK ]  |  4002 | 0x00002aa2 | 0xff | 0xff
[OK ]  |  4003 | 0x00002aa3 | 0xff | 0xff
[OK ]  |  4004 | 0x00002aa4 | 0x31 | 0x31
[OK ]  |  4005 | 0x00002aa5 | 0xcf | 0xcf
[OK ]  |  4006 | 0x00002aa6 | 0xff | 0xff
[OK ]  |  4007 | 0x00002aa7 | 0xff | 0xff
[OK ]  |  4008 | 0x00002aa8 | 0x2c | 0x2c
[OK ]  |  4009 | 0x00002aa9 | 0x88 | 0x88
[OK ]  |  4010 | 0x00002aaa | 0xff | 0xff
[OK ]  |  4011 | 0x00002aab | 0xff | 0xff
[OK ]  |  4012 | 0x00002aac | 0xe5 | 0xe5
[OK ]  |  4013 | 0x00002aad | 0x72 | 0x72
[OK ]  |  4014 | 0x00002aae | 0x00 | 0x00
[OK ]  |  4015 | 0x00002aaf | 0x00 | 0x00
[OK ]  |  4016 | 0x00002ab0 | 0xae | 0xae
[OK ]  |  4017 | 0x00002ab1 | 0x4f | 0x4f
[OK ]  |  4018 | 0x00002ab2 | 0xff | 0xff
[OK ]  |  4019 | 0x00002ab3 | 0xff | 0xff
[OK ]  |  4020 | 0x00002ab4 | 0x91 | 0x91
[OK ]  |  4021 | 0x00002ab5 | 0x67 | 0x67
[OK ]  |  4022 | 0x00002ab6 | 0x00 | 0x00
[OK ]  |  4023 | 0x00002ab7 | 0x00 | 0x00
[OK ]  |  4024 | 0x00002ab8 | 0xfb | 0xfb
[OK ]  |  4025 | 0x00002ab9 | 0x5d | 0x5d
[OK ]  |  4026 | 0x00002aba | 0x01 | 0x01
[OK ]  |  4027 | 0x00002abb | 0x00 | 0x00
[OK ]  |  4028 | 0x00002abc | 0x17 | 0x17
[OK ]  |  4029 | 0x00002abd | 0xfd | 0xfd
[OK ]  |  4030 | 0x00002abe | 0xfe | 0xfe
[OK ]  |  4031 | 0x00002abf | 0xff | 0xff
[OK ]  |  4032 | 0x00002ac0 | 0x2c | 0x2c
[OK ]  |  4033 | 0x00002ac1 | 0x23 | 0x23
[OK ]  |  4034 | 0x00002ac2 | 0x00 | 0x00
[OK ]  |  4035 | 0x00002ac3 | 0x00 | 0x00
[OK ]  |  4036 | 0x00002ac4 | 0x06 | 0x06
[OK ]  |  4037 | 0x00002ac5 | 0xf8 | 0xf8
[OK ]  |  4038 | 0x00002ac6 | 0xff | 0xff
[OK ]  |  4039 | 0x00002ac7 | 0xff | 0xff
[OK ]  |  4040 | 0x00002ac8 | 0x5c | 0x5c
[OK ]  |  4041 | 0x00002ac9 | 0x7b | 0x7b
[OK ]  |  4042 | 0x00002aca | 0x00 | 0x00
[OK ]  |  4043 | 0x00002acb | 0x00 | 0x00
[OK ]  |  4044 | 0x00002acc | 0x60 | 0x60
[OK ]  |  4045 | 0x00002acd | 0xdb | 0xdb
[OK ]  |  4046 | 0x00002ace | 0xff | 0xff
[OK ]  |  4047 | 0x00002acf | 0xff | 0xff
[OK ]  |  4048 | 0x00002ad0 | 0x80 | 0x80
[OK ]  |  4049 | 0x00002ad1 | 0x96 | 0x96
[OK ]  |  4050 | 0x00002ad2 | 0xff | 0xff
[OK ]  |  4051 | 0x00002ad3 | 0xff | 0xff
[OK ]  |  4052 | 0x00002ad4 | 0xc1 | 0xc1
[OK ]  |  4053 | 0x00002ad5 | 0xd4 | 0xd4
[OK ]  |  4054 | 0x00002ad6 | 0xff | 0xff
[OK ]  |  4055 | 0x00002ad7 | 0xff | 0xff
[OK ]  |  4056 | 0x00002ad8 | 0xd2 | 0xd2
[OK ]  |  4057 | 0x00002ad9 | 0xa9 | 0xa9
[OK ]  |  4058 | 0x00002ada | 0xff | 0xff
[OK ]  |  4059 | 0x00002adb | 0xff | 0xff
[OK ]  |  4060 | 0x00002adc | 0x67 | 0x67
[OK ]  |  4061 | 0x00002add | 0xd2 | 0xd2
[OK ]  |  4062 | 0x00002ade | 0xfe | 0xfe
[OK ]  |  4063 | 0x00002adf | 0xff | 0xff
[OK ]  |  4064 | 0x00002ae0 | 0xe6 | 0xe6
[OK ]  |  4065 | 0x00002ae1 | 0xe3 | 0xe3
[OK ]  |  4066 | 0x00002ae2 | 0xff | 0xff
[OK ]  |  4067 | 0x00002ae3 | 0xff | 0xff
[OK ]  |  4068 | 0x00002ae4 | 0xe0 | 0xe0
[OK ]  |  4069 | 0x00002ae5 | 0xee | 0xee
[OK ]  |  4070 | 0x00002ae6 | 0xfe | 0xfe
[OK ]  |  4071 | 0x00002ae7 | 0xff | 0xff
[OK ]  |  4072 | 0x00002ae8 | 0x96 | 0x96
[OK ]  |  4073 | 0x00002ae9 | 0xe7 | 0xe7
[OK ]  |  4074 | 0x00002aea | 0x00 | 0x00
[OK ]  |  4075 | 0x00002aeb | 0x00 | 0x00
[OK ]  |  4076 | 0x00002aec | 0x70 | 0x70
[OK ]  |  4077 | 0x00002aed | 0xd1 | 0xd1
[OK ]  |  4078 | 0x00002aee | 0x01 | 0x01
[OK ]  |  4079 | 0x00002aef | 0x00 | 0x00
[OK ]  |  4080 | 0x00002af0 | 0x1f | 0x1f
[OK ]  |  4081 | 0x00002af1 | 0xc6 | 0xc6
[OK ]  |  4082 | 0x00002af2 | 0xff | 0xff
[OK ]  |  4083 | 0x00002af3 | 0xff | 0xff
[OK ]  |  4084 | 0x00002af4 | 0x20 | 0x20
[OK ]  |  4085 | 0x00002af5 | 0x87 | 0x87
[OK ]  |  4086 | 0x00002af6 | 0x00 | 0x00
[OK ]  |  4087 | 0x00002af7 | 0x00 | 0x00
[OK ]  |  4088 | 0x00002af8 | 0x92 | 0x92
[OK ]  |  4089 | 0x00002af9 | 0xba | 0xba
[OK ]  |  4090 | 0x00002afa | 0x00 | 0x00
[OK ]  |  4091 | 0x00002afb | 0x00 | 0x00
[OK ]  |  4092 | 0x00002afc | 0x76 | 0x76
[OK ]  |  4093 | 0x00002afd | 0x88 | 0x88
[OK ]  |  4094 | 0x00002afe | 0x00 | 0x00
[OK ]  |  4095 | 0x00002aff | 0x00 | 0x00
[OK ]  |  4096 | 0x00002b00 | 0x72 | 0x72
[OK ]  |  4097 | 0x00002b01 | 0x79 | 0x79
[OK ]  |  4098 | 0x00002b02 | 0xff | 0xff
[OK ]  |  4099 | 0x00002b03 | 0xff | 0xff
[OK ]  |  4100 | 0x00002b04 | 0xd1 | 0xd1
[OK ]  |  4101 | 0x00002b05 | 0x2e | 0x2e
[OK ]  |  4102 | 0x00002b06 | 0x00 | 0x00
[OK ]  |  4103 | 0x00002b07 | 0x00 | 0x00
[OK ]  |  4104 | 0x00002b08 | 0x3c | 0x3c
[OK ]  |  4105 | 0x00002b09 | 0x15 | 0x15
[OK ]  |  4106 | 0x00002b0a | 0x00 | 0x00
[OK ]  |  4107 | 0x00002b0b | 0x00 | 0x00
[OK ]  |  4108 | 0x00002b0c | 0x19 | 0x19
[OK ]  |  4109 | 0x00002b0d | 0x14 | 0x14
[OK ]  |  4110 | 0x00002b0e | 0x01 | 0x01
[OK ]  |  4111 | 0x00002b0f | 0x00 | 0x00
[OK ]  |  4112 | 0x00002b10 | 0x7f | 0x7f
[OK ]  |  4113 | 0x00002b11 | 0xf3 | 0xf3
[OK ]  |  4114 | 0x00002b12 | 0xff | 0xff
[OK ]  |  4115 | 0x00002b13 | 0xff | 0xff
[OK ]  |  4116 | 0x00002b14 | 0x2d | 0x2d
[OK ]  |  4117 | 0x00002b15 | 0xe9 | 0xe9
[OK ]  |  4118 | 0x00002b16 | 0x00 | 0x00
[OK ]  |  4119 | 0x00002b17 | 0x00 | 0x00
[OK ]  |  4120 | 0x00002b18 | 0xf4 | 0xf4
[OK ]  |  4121 | 0x00002b19 | 0x65 | 0x65
[OK ]  |  4122 | 0x00002b1a | 0x00 | 0x00
[OK ]  |  4123 | 0x00002b1b | 0x00 | 0x00
[OK ]  |  4124 | 0x00002b1c | 0xae | 0xae
[OK ]  |  4125 | 0x00002b1d | 0xf4 | 0xf4
[OK ]  |  4126 | 0x00002b1e | 0xfe | 0xfe
[OK ]  |  4127 | 0x00002b1f | 0xff | 0xff
[OK ]  |  4128 | 0x00002b20 | 0xdc | 0xdc
[OK ]  |  4129 | 0x00002b21 | 0xe3 | 0xe3
[OK ]  |  4130 | 0x00002b22 | 0x00 | 0x00
[OK ]  |  4131 | 0x00002b23 | 0x00 | 0x00
[OK ]  |  4132 | 0x00002b24 | 0xe3 | 0xe3
[OK ]  |  4133 | 0x00002b25 | 0xbf | 0xbf
[OK ]  |  4134 | 0x00002b26 | 0xff | 0xff
[OK ]  |  4135 | 0x00002b27 | 0xff | 0xff
[OK ]  |  4136 | 0x00002b28 | 0x4c | 0x4c
[OK ]  |  4137 | 0x00002b29 | 0x02 | 0x02
[OK ]  |  4138 | 0x00002b2a | 0x01 | 0x01
[OK ]  |  4139 | 0x00002b2b | 0x00 | 0x00
[OK ]  |  4140 | 0x00002b2c | 0xaf | 0xaf
[OK ]  |  4141 | 0x00002b2d | 0x28 | 0x28
[OK ]  |  4142 | 0x00002b2e | 0xff | 0xff
[OK ]  |  4143 | 0x00002b2f | 0xff | 0xff
[OK ]  |  4144 | 0x00002b30 | 0x60 | 0x60
[OK ]  |  4145 | 0x00002b31 | 0x32 | 0x32
[OK ]  |  4146 | 0x00002b32 | 0xff | 0xff
[OK ]  |  4147 | 0x00002b33 | 0xff | 0xff
[OK ]  |  4148 | 0x00002b34 | 0xa3 | 0xa3
[OK ]  |  4149 | 0x00002b35 | 0xb0 | 0xb0
[OK ]  |  4150 | 0x00002b36 | 0x00 | 0x00
[OK ]  |  4151 | 0x00002b37 | 0x00 | 0x00
[OK ]  |  4152 | 0x00002b38 | 0x73 | 0x73
[OK ]  |  4153 | 0x00002b39 | 0x73 | 0x73
[OK ]  |  4154 | 0x00002b3a | 0xff | 0xff
[OK ]  |  4155 | 0x00002b3b | 0xff | 0xff
[OK ]  |  4156 | 0x00002b3c | 0xa2 | 0xa2
[OK ]  |  4157 | 0x00002b3d | 0xfc | 0xfc
[OK ]  |  4158 | 0x00002b3e | 0x00 | 0x00
[OK ]  |  4159 | 0x00002b3f | 0x00 | 0x00
[OK ]  |  4160 | 0x00002b40 | 0xe4 | 0xe4
[OK ]  |  4161 | 0x00002b41 | 0x21 | 0x21
[OK ]  |  4162 | 0x00002b42 | 0x00 | 0x00
[OK ]  |  4163 | 0x00002b43 | 0x00 | 0x00
[OK ]  |  4164 | 0x00002b44 | 0x9f | 0x9f
[OK ]  |  4165 | 0x00002b45 | 0x14 | 0x14
[OK ]  |  4166 | 0x00002b46 | 0x00 | 0x00
[OK ]  |  4167 | 0x00002b47 | 0x00 | 0x00
[OK ]  |  4168 | 0x00002b48 | 0x70 | 0x70
[OK ]  |  4169 | 0x00002b49 | 0x7f | 0x7f
[OK ]  |  4170 | 0x00002b4a | 0x00 | 0x00
[OK ]  |  4171 | 0x00002b4b | 0x00 | 0x00
[OK ]  |  4172 | 0x00002b4c | 0x1c | 0x1c
[OK ]  |  4173 | 0x00002b4d | 0x03 | 0x03
[OK ]  |  4174 | 0x00002b4e | 0x00 | 0x00
[OK ]  |  4175 | 0x00002b4f | 0x00 | 0x00
[OK ]  |  4176 | 0x00002b50 | 0x7c | 0x7c
[OK ]  |  4177 | 0x00002b51 | 0x03 | 0x03
[OK ]  |  4178 | 0x00002b52 | 0x00 | 0x00
[OK ]  |  4179 | 0x00002b53 | 0x00 | 0x00
[OK ]  |  4180 | 0x00002b54 | 0x43 | 0x43
[OK ]  |  4181 | 0x00002b55 | 0x3b | 0x3b
[OK ]  |  4182 | 0x00002b56 | 0x00 | 0x00
[OK ]  |  4183 | 0x00002b57 | 0x00 | 0x00
[OK ]  |  4184 | 0x00002b58 | 0x32 | 0x32
[OK ]  |  4185 | 0x00002b59 | 0x59 | 0x59
[OK ]  |  4186 | 0x00002b5a | 0xff | 0xff
[OK ]  |  4187 | 0x00002b5b | 0xff | 0xff
[OK ]  |  4188 | 0x00002b5c | 0x84 | 0x84
[OK ]  |  4189 | 0x00002b5d | 0xd8 | 0xd8
[OK ]  |  4190 | 0x00002b5e | 0xff | 0xff
[OK ]  |  4191 | 0x00002b5f | 0xff | 0xff
[OK ]  |  4192 | 0x00002b60 | 0x2a | 0x2a
[OK ]  |  4193 | 0x00002b61 | 0x1e | 0x1e
[OK ]  |  4194 | 0x00002b62 | 0x00 | 0x00
[OK ]  |  4195 | 0x00002b63 | 0x00 | 0x00
[OK ]  |  4196 | 0x00002b64 | 0xbe | 0xbe
[OK ]  |  4197 | 0x00002b65 | 0xe3 | 0xe3
[OK ]  |  4198 | 0x00002b66 | 0xff | 0xff
[OK ]  |  4199 | 0x00002b67 | 0xff | 0xff
[OK ]  |  4200 | 0x00002b68 | 0xff | 0xff
[OK ]  |  4201 | 0x00002b69 | 0xc8 | 0xc8
[OK ]  |  4202 | 0x00002b6a | 0xfe | 0xfe
[OK ]  |  4203 | 0x00002b6b | 0xff | 0xff
[OK ]  |  4204 | 0x00002b6c | 0x0a | 0x0a
[OK ]  |  4205 | 0x00002b6d | 0x43 | 0x43
[OK ]  |  4206 | 0x00002b6e | 0xff | 0xff
[OK ]  |  4207 | 0x00002b6f | 0xff | 0xff
[OK ]  |  4208 | 0x00002b70 | 0xbc | 0xbc
[OK ]  |  4209 | 0x00002b71 | 0xdc | 0xdc
[OK ]  |  4210 | 0x00002b72 | 0xff | 0xff
[OK ]  |  4211 | 0x00002b73 | 0xff | 0xff
[OK ]  |  4212 | 0x00002b74 | 0xb2 | 0xb2
[OK ]  |  4213 | 0x00002b75 | 0x7a | 0x7a
[OK ]  |  4214 | 0x00002b76 | 0xff | 0xff
[OK ]  |  4215 | 0x00002b77 | 0xff | 0xff
[OK ]  |  4216 | 0x00002b78 | 0x85 | 0x85
[OK ]  |  4217 | 0x00002b79 | 0x19 | 0x19
[OK ]  |  4218 | 0x00002b7a | 0xff | 0xff
[OK ]  |  4219 | 0x00002b7b | 0xff | 0xff
[OK ]  |  4220 | 0x00002b7c | 0x5f | 0x5f
[OK ]  |  4221 | 0x00002b7d | 0xc6 | 0xc6
[OK ]  |  4222 | 0x00002b7e | 0xff | 0xff
[OK ]  |  4223 | 0x00002b7f | 0xff | 0xff
[OK ]  |  4224 | 0x00002b80 | 0xcf | 0xcf
[OK ]  |  4225 | 0x00002b81 | 0xb9 | 0xb9
[OK ]  |  4226 | 0x00002b82 | 0xff | 0xff
[OK ]  |  4227 | 0x00002b83 | 0xff | 0xff
[OK ]  |  4228 | 0x00002b84 | 0x02 | 0x02
[OK ]  |  4229 | 0x00002b85 | 0x04 | 0x04
[OK ]  |  4230 | 0x00002b86 | 0xff | 0xff
[OK ]  |  4231 | 0x00002b87 | 0xff | 0xff
[OK ]  |  4232 | 0x00002b88 | 0xd2 | 0xd2
[OK ]  |  4233 | 0x00002b89 | 0xfb | 0xfb
[OK ]  |  4234 | 0x00002b8a | 0x00 | 0x00
[OK ]  |  4235 | 0x00002b8b | 0x00 | 0x00
[OK ]  |  4236 | 0x00002b8c | 0xcb | 0xcb
[OK ]  |  4237 | 0x00002b8d | 0x65 | 0x65
[OK ]  |  4238 | 0x00002b8e | 0x00 | 0x00
[OK ]  |  4239 | 0x00002b8f | 0x00 | 0x00
[OK ]  |  4240 | 0x00002b90 | 0x57 | 0x57
[OK ]  |  4241 | 0x00002b91 | 0xe7 | 0xe7
[OK ]  |  4242 | 0x00002b92 | 0xff | 0xff
[OK ]  |  4243 | 0x00002b93 | 0xff | 0xff
[OK ]  |  4244 | 0x00002b94 | 0x1a | 0x1a
[OK ]  |  4245 | 0x00002b95 | 0x60 | 0x60
[OK ]  |  4246 | 0x00002b96 | 0x00 | 0x00
[OK ]  |  4247 | 0x00002b97 | 0x00 | 0x00
[OK ]  |  4248 | 0x00002b98 | 0xba | 0xba
[OK ]  |  4249 | 0x00002b99 | 0xfc | 0xfc
[OK ]  |  4250 | 0x00002b9a | 0xff | 0xff
[OK ]  |  4251 | 0x00002b9b | 0xff | 0xff
[OK ]  |  4252 | 0x00002b9c | 0x9f | 0x9f
[OK ]  |  4253 | 0x00002b9d | 0x42 | 0x42
[OK ]  |  4254 | 0x00002b9e | 0x00 | 0x00
[OK ]  |  4255 | 0x00002b9f | 0x00 | 0x00
[OK ]  |  4256 | 0x00002ba0 | 0x34 | 0x34
[OK ]  |  4257 | 0x00002ba1 | 0x62 | 0x62
[OK ]  |  4258 | 0x00002ba2 | 0x00 | 0x00
[OK ]  |  4259 | 0x00002ba3 | 0x00 | 0x00
[OK ]  |  4260 | 0x00002ba4 | 0x82 | 0x82
[OK ]  |  4261 | 0x00002ba5 | 0x62 | 0x62
[OK ]  |  4262 | 0x00002ba6 | 0x00 | 0x00
[OK ]  |  4263 | 0x00002ba7 | 0x00 | 0x00
[OK ]  |  4264 | 0x00002ba8 | 0x35 | 0x35
[OK ]  |  4265 | 0x00002ba9 | 0x0c | 0x0c
[OK ]  |  4266 | 0x00002baa | 0xff | 0xff
[OK ]  |  4267 | 0x00002bab | 0xff | 0xff
[OK ]  |  4268 | 0x00002bac | 0xb2 | 0xb2
[OK ]  |  4269 | 0x00002bad | 0xb5 | 0xb5
[OK ]  |  4270 | 0x00002bae | 0x01 | 0x01
[OK ]  |  4271 | 0x00002baf | 0x00 | 0x00
[OK ]  |  4272 | 0x00002bb0 | 0x1d | 0x1d
[OK ]  |  4273 | 0x00002bb1 | 0xab | 0xab
[OK ]  |  4274 | 0x00002bb2 | 0x00 | 0x00
[OK ]  |  4275 | 0x00002bb3 | 0x00 | 0x00
[OK ]  |  4276 | 0x00002bb4 | 0x8b | 0x8b
[OK ]  |  4277 | 0x00002bb5 | 0xc8 | 0xc8
[OK ]  |  4278 | 0x00002bb6 | 0x00 | 0x00
[OK ]  |  4279 | 0x00002bb7 | 0x00 | 0x00
[OK ]  |  4280 | 0x00002bb8 | 0x0b | 0x0b
[OK ]  |  4281 | 0x00002bb9 | 0x99 | 0x99
[OK ]  |  4282 | 0x00002bba | 0x00 | 0x00
[OK ]  |  4283 | 0x00002bbb | 0x00 | 0x00
[OK ]  |  4284 | 0x00002bbc | 0x81 | 0x81
[OK ]  |  4285 | 0x00002bbd | 0xf4 | 0xf4
[OK ]  |  4286 | 0x00002bbe | 0xff | 0xff
[OK ]  |  4287 | 0x00002bbf | 0xff | 0xff
[OK ]  |  4288 | 0x00002bc0 | 0x78 | 0x78
[OK ]  |  4289 | 0x00002bc1 | 0x1a | 0x1a
[OK ]  |  4290 | 0x00002bc2 | 0x01 | 0x01
[OK ]  |  4291 | 0x00002bc3 | 0x00 | 0x00
[OK ]  |  4292 | 0x00002bc4 | 0x25 | 0x25
[OK ]  |  4293 | 0x00002bc5 | 0xf9 | 0xf9
[OK ]  |  4294 | 0x00002bc6 | 0xff | 0xff
[OK ]  |  4295 | 0x00002bc7 | 0xff | 0xff
[OK ]  |  4296 | 0x00002bc8 | 0x10 | 0x10
[OK ]  |  4297 | 0x00002bc9 | 0x0d | 0x0d
[OK ]  |  4298 | 0x00002bca | 0x00 | 0x00
[OK ]  |  4299 | 0x00002bcb | 0x00 | 0x00
[OK ]  |  4300 | 0x00002bcc | 0x85 | 0x85
[OK ]  |  4301 | 0x00002bcd | 0x79 | 0x79
[OK ]  |  4302 | 0x00002bce | 0x00 | 0x00
[OK ]  |  4303 | 0x00002bcf | 0x00 | 0x00
[OK ]  |  4304 | 0x00002bd0 | 0x60 | 0x60
[OK ]  |  4305 | 0x00002bd1 | 0xaa | 0xaa
[OK ]  |  4306 | 0x00002bd2 | 0xff | 0xff
[OK ]  |  4307 | 0x00002bd3 | 0xff | 0xff
[OK ]  |  4308 | 0x00002bd4 | 0x98 | 0x98
[OK ]  |  4309 | 0x00002bd5 | 0x13 | 0x13
[OK ]  |  4310 | 0x00002bd6 | 0xfe | 0xfe
[OK ]  |  4311 | 0x00002bd7 | 0xff | 0xff
[OK ]  |  4312 | 0x00002bd8 | 0xf2 | 0xf2
[OK ]  |  4313 | 0x00002bd9 | 0x55 | 0x55
[OK ]  |  4314 | 0x00002bda | 0xff | 0xff
[OK ]  |  4315 | 0x00002bdb | 0xff | 0xff
[OK ]  |  4316 | 0x00002bdc | 0xe8 | 0xe8
[OK ]  |  4317 | 0x00002bdd | 0xb5 | 0xb5
[OK ]  |  4318 | 0x00002bde | 0xff | 0xff
[OK ]  |  4319 | 0x00002bdf | 0xff | 0xff
[OK ]  |  4320 | 0x00002be0 | 0x01 | 0x01
[OK ]  |  4321 | 0x00002be1 | 0xee | 0xee
[OK ]  |  4322 | 0x00002be2 | 0x01 | 0x01
[OK ]  |  4323 | 0x00002be3 | 0x00 | 0x00
[OK ]  |  4324 | 0x00002be4 | 0x65 | 0x65
[OK ]  |  4325 | 0x00002be5 | 0xba | 0xba
[OK ]  |  4326 | 0x00002be6 | 0xff | 0xff
[OK ]  |  4327 | 0x00002be7 | 0xff | 0xff
[OK ]  |  4328 | 0x00002be8 | 0xb5 | 0xb5
[OK ]  |  4329 | 0x00002be9 | 0xfe | 0xfe
[OK ]  |  4330 | 0x00002bea | 0xff | 0xff
[OK ]  |  4331 | 0x00002beb | 0xff | 0xff
[OK ]  |  4332 | 0x00002bec | 0xad | 0xad
[OK ]  |  4333 | 0x00002bed | 0x0f | 0x0f
[OK ]  |  4334 | 0x00002bee | 0x00 | 0x00
[OK ]  |  4335 | 0x00002bef | 0x00 | 0x00
[OK ]  |  4336 | 0x00002bf0 | 0x21 | 0x21
[OK ]  |  4337 | 0x00002bf1 | 0x75 | 0x75
[OK ]  |  4338 | 0x00002bf2 | 0x00 | 0x00
[OK ]  |  4339 | 0x00002bf3 | 0x00 | 0x00
[OK ]  |  4340 | 0x00002bf4 | 0xdf | 0xdf
[OK ]  |  4341 | 0x00002bf5 | 0x61 | 0x61
[OK ]  |  4342 | 0x00002bf6 | 0xff | 0xff
[OK ]  |  4343 | 0x00002bf7 | 0xff | 0xff
[OK ]  |  4344 | 0x00002bf8 | 0xe0 | 0xe0
[OK ]  |  4345 | 0x00002bf9 | 0xee | 0xee
[OK ]  |  4346 | 0x00002bfa | 0xff | 0xff
[OK ]  |  4347 | 0x00002bfb | 0xff | 0xff
[OK ]  |  4348 | 0x00002bfc | 0x15 | 0x15
[OK ]  |  4349 | 0x00002bfd | 0x30 | 0x30
[OK ]  |  4350 | 0x00002bfe | 0xff | 0xff
[OK ]  |  4351 | 0x00002bff | 0xff | 0xff
[OK ]  |  4352 | 0x00002c00 | 0xd4 | 0xd4
[OK ]  |  4353 | 0x00002c01 | 0x80 | 0x80
[OK ]  |  4354 | 0x00002c02 | 0x00 | 0x00
[OK ]  |  4355 | 0x00002c03 | 0x00 | 0x00
[OK ]  |  4356 | 0x00002c04 | 0x69 | 0x69
[OK ]  |  4357 | 0x00002c05 | 0xfc | 0xfc
[OK ]  |  4358 | 0x00002c06 | 0xff | 0xff
[OK ]  |  4359 | 0x00002c07 | 0xff | 0xff
[OK ]  |  4360 | 0x00002c08 | 0x65 | 0x65
[OK ]  |  4361 | 0x00002c09 | 0x96 | 0x96
[OK ]  |  4362 | 0x00002c0a | 0xff | 0xff
[OK ]  |  4363 | 0x00002c0b | 0xff | 0xff
[OK ]  |  4364 | 0x00002c0c | 0x34 | 0x34
[OK ]  |  4365 | 0x00002c0d | 0xd3 | 0xd3
[OK ]  |  4366 | 0x00002c0e | 0xff | 0xff
[OK ]  |  4367 | 0x00002c0f | 0xff | 0xff
[OK ]  |  4368 | 0x00002c10 | 0xd9 | 0xd9
[OK ]  |  4369 | 0x00002c11 | 0xa8 | 0xa8
[OK ]  |  4370 | 0x00002c12 | 0x00 | 0x00
[OK ]  |  4371 | 0x00002c13 | 0x00 | 0x00
[OK ]  |  4372 | 0x00002c14 | 0x2b | 0x2b
[OK ]  |  4373 | 0x00002c15 | 0xf9 | 0xf9
[OK ]  |  4374 | 0x00002c16 | 0xff | 0xff
[OK ]  |  4375 | 0x00002c17 | 0xff | 0xff
[OK ]  |  4376 | 0x00002c18 | 0x20 | 0x20
[OK ]  |  4377 | 0x00002c19 | 0x61 | 0x61
[OK ]  |  4378 | 0x00002c1a | 0xff | 0xff
[OK ]  |  4379 | 0x00002c1b | 0xff | 0xff
[OK ]  |  4380 | 0x00002c1c | 0xf6 | 0xf6
[OK ]  |  4381 | 0x00002c1d | 0xbd | 0xbd
[OK ]  |  4382 | 0x00002c1e | 0xff | 0xff
[OK ]  |  4383 | 0x00002c1f | 0xff | 0xff
[OK ]  |  4384 | 0x00002c20 | 0xa0 | 0xa0
[OK ]  |  4385 | 0x00002c21 | 0x82 | 0x82
[OK ]  |  4386 | 0x00002c22 | 0xff | 0xff
[OK ]  |  4387 | 0x00002c23 | 0xff | 0xff
[OK ]  |  4388 | 0x00002c24 | 0x47 | 0x47
[OK ]  |  4389 | 0x00002c25 | 0x33 | 0x33
[OK ]  |  4390 | 0x00002c26 | 0x00 | 0x00
[OK ]  |  4391 | 0x00002c27 | 0x00 | 0x00
[OK ]  |  4392 | 0x00002c28 | 0x33 | 0x33
[OK ]  |  4393 | 0x00002c29 | 0x9b | 0x9b
[OK ]  |  4394 | 0x00002c2a | 0xff | 0xff
[OK ]  |  4395 | 0x00002c2b | 0xff | 0xff
[OK ]  |  4396 | 0x00002c2c | 0x25 | 0x25
[OK ]  |  4397 | 0x00002c2d | 0x54 | 0x54
[OK ]  |  4398 | 0x00002c2e | 0xff | 0xff
[OK ]  |  4399 | 0x00002c2f | 0xff | 0xff
[OK ]  |  4400 | 0x00002c30 | 0x66 | 0x66
[OK ]  |  4401 | 0x00002c31 | 0x7c | 0x7c
[OK ]  |  4402 | 0x00002c32 | 0x00 | 0x00
[OK ]  |  4403 | 0x00002c33 | 0x00 | 0x00
[OK ]  |  4404 | 0x00002c34 | 0x8e | 0x8e
[OK ]  |  4405 | 0x00002c35 | 0x31 | 0x31
[OK ]  |  4406 | 0x00002c36 | 0x00 | 0x00
[OK ]  |  4407 | 0x00002c37 | 0x00 | 0x00
[OK ]  |  4408 | 0x00002c38 | 0x66 | 0x66
[OK ]  |  4409 | 0x00002c39 | 0xfa | 0xfa
[OK ]  |  4410 | 0x00002c3a | 0xff | 0xff
[OK ]  |  4411 | 0x00002c3b | 0xff | 0xff
[OK ]  |  4412 | 0x00002c3c | 0x88 | 0x88
[OK ]  |  4413 | 0x00002c3d | 0xe8 | 0xe8
[OK ]  |  4414 | 0x00002c3e | 0xff | 0xff
[OK ]  |  4415 | 0x00002c3f | 0xff | 0xff
[OK ]  |  4416 | 0x00002c40 | 0x21 | 0x21
[OK ]  |  4417 | 0x00002c41 | 0x2c | 0x2c
[OK ]  |  4418 | 0x00002c42 | 0xff | 0xff
[OK ]  |  4419 | 0x00002c43 | 0xff | 0xff
[OK ]  |  4420 | 0x00002c44 | 0xd3 | 0xd3
[OK ]  |  4421 | 0x00002c45 | 0x32 | 0x32
[OK ]  |  4422 | 0x00002c46 | 0x00 | 0x00
[OK ]  |  4423 | 0x00002c47 | 0x00 | 0x00
[OK ]  |  4424 | 0x00002c48 | 0xdc | 0xdc
[OK ]  |  4425 | 0x00002c49 | 0x20 | 0x20
[OK ]  |  4426 | 0x00002c4a | 0x00 | 0x00
[OK ]  |  4427 | 0x00002c4b | 0x00 | 0x00
[OK ]  |  4428 | 0x00002c4c | 0xea | 0xea
[OK ]  |  4429 | 0x00002c4d | 0xb1 | 0xb1
[OK ]  |  4430 | 0x00002c4e | 0xff | 0xff
[OK ]  |  4431 | 0x00002c4f | 0xff | 0xff
[OK ]  |  4432 | 0x00002c50 | 0xdc | 0xdc
[OK ]  |  4433 | 0x00002c51 | 0x1f | 0x1f
[OK ]  |  4434 | 0x00002c52 | 0x00 | 0x00
[OK ]  |  4435 | 0x00002c53 | 0x00 | 0x00
[OK ]  |  4436 | 0x00002c54 | 0x72 | 0x72
[OK ]  |  4437 | 0x00002c55 | 0x7b | 0x7b
[OK ]  |  4438 | 0x00002c56 | 0x00 | 0x00
[OK ]  |  4439 | 0x00002c57 | 0x00 | 0x00
[OK ]  |  4440 | 0x00002c58 | 0x35 | 0x35
[OK ]  |  4441 | 0x00002c59 | 0xde | 0xde
[OK ]  |  4442 | 0x00002c5a | 0x00 | 0x00
[OK ]  |  4443 | 0x00002c5b | 0x00 | 0x00
[OK ]  |  4444 | 0x00002c5c | 0xd4 | 0xd4
[OK ]  |  4445 | 0x00002c5d | 0xb3 | 0xb3
[OK ]  |  4446 | 0x00002c5e | 0xff | 0xff
[OK ]  |  4447 | 0x00002c5f | 0xff | 0xff
[OK ]  |  4448 | 0x00002c60 | 0x71 | 0x71
[OK ]  |  4449 | 0x00002c61 | 0x6a | 0x6a
[OK ]  |  4450 | 0x00002c62 | 0xff | 0xff
[OK ]  |  4451 | 0x00002c63 | 0xff | 0xff
[OK ]  |  4452 | 0x00002c64 | 0xcc | 0xcc
[OK ]  |  4453 | 0x00002c65 | 0xf7 | 0xf7
[OK ]  |  4454 | 0x00002c66 | 0xff | 0xff
[OK ]  |  4455 | 0x00002c67 | 0xff | 0xff
[OK ]  |  4456 | 0x00002c68 | 0x31 | 0x31
[OK ]  |  4457 | 0x00002c69 | 0x19 | 0x19
[OK ]  |  4458 | 0x00002c6a | 0x00 | 0x00
[OK ]  |  4459 | 0x00002c6b | 0x00 | 0x00
[OK ]  |  4460 | 0x00002c6c | 0x0b | 0x0b
[OK ]  |  4461 | 0x00002c6d | 0xda | 0xda
[OK ]  |  4462 | 0x00002c6e | 0xff | 0xff
[OK ]  |  4463 | 0x00002c6f | 0xff | 0xff
[OK ]  |  4464 | 0x00002c70 | 0xc9 | 0xc9
[OK ]  |  4465 | 0x00002c71 | 0xa8 | 0xa8
[OK ]  |  4466 | 0x00002c72 | 0xff | 0xff
[OK ]  |  4467 | 0x00002c73 | 0xff | 0xff
[OK ]  |  4468 | 0x00002c74 | 0x0a | 0x0a
[OK ]  |  4469 | 0x00002c75 | 0x16 | 0x16
[OK ]  |  4470 | 0x00002c76 | 0x01 | 0x01
[OK ]  |  4471 | 0x00002c77 | 0x00 | 0x00
[OK ]  |  4472 | 0x00002c78 | 0x05 | 0x05
[OK ]  |  4473 | 0x00002c79 | 0xb0 | 0xb0
[OK ]  |  4474 | 0x00002c7a | 0xff | 0xff
[OK ]  |  4475 | 0x00002c7b | 0xff | 0xff
[OK ]  |  4476 | 0x00002c7c | 0x3d | 0x3d
[OK ]  |  4477 | 0x00002c7d | 0x61 | 0x61
[OK ]  |  4478 | 0x00002c7e | 0xff | 0xff
[OK ]  |  4479 | 0x00002c7f | 0xff | 0xff
[OK ]  |  4480 | 0x00002c80 | 0xbe | 0xbe
[OK ]  |  4481 | 0x00002c81 | 0xf9 | 0xf9
[OK ]  |  4482 | 0x00002c82 | 0xff | 0xff
[OK ]  |  4483 | 0x00002c83 | 0xff | 0xff
[OK ]  |  4484 | 0x00002c84 | 0x2f | 0x2f
[OK ]  |  4485 | 0x00002c85 | 0x06 | 0x06
[OK ]  |  4486 | 0x00002c86 | 0x01 | 0x01
[OK ]  |  4487 | 0x00002c87 | 0x00 | 0x00
[OK ]  |  4488 | 0x00002c88 | 0x95 | 0x95
[OK ]  |  4489 | 0x00002c89 | 0x95 | 0x95
[OK ]  |  4490 | 0x00002c8a | 0xfe | 0xfe
[OK ]  |  4491 | 0x00002c8b | 0xff | 0xff
[OK ]  |  4492 | 0x00002c8c | 0x7a | 0x7a
[OK ]  |  4493 | 0x00002c8d | 0xe4 | 0xe4
[OK ]  |  4494 | 0x00002c8e | 0x00 | 0x00
[OK ]  |  4495 | 0x00002c8f | 0x00 | 0x00
[OK ]  |  4496 | 0x00002c90 | 0xd4 | 0xd4
[OK ]  |  4497 | 0x00002c91 | 0x2e | 0x2e
[OK ]  |  4498 | 0x00002c92 | 0x00 | 0x00
[OK ]  |  4499 | 0x00002c93 | 0x00 | 0x00
[OK ]  |  4500 | 0x00002c94 | 0x9f | 0x9f
[OK ]  |  4501 | 0x00002c95 | 0x4b | 0x4b
[OK ]  |  4502 | 0x00002c96 | 0xff | 0xff
[OK ]  |  4503 | 0x00002c97 | 0xff | 0xff
[OK ]  |  4504 | 0x00002c98 | 0xd3 | 0xd3
[OK ]  |  4505 | 0x00002c99 | 0xed | 0xed
[OK ]  |  4506 | 0x00002c9a | 0xff | 0xff
[OK ]  |  4507 | 0x00002c9b | 0xff | 0xff
[OK ]  |  4508 | 0x00002c9c | 0x66 | 0x66
[OK ]  |  4509 | 0x00002c9d | 0x2f | 0x2f
[OK ]  |  4510 | 0x00002c9e | 0x01 | 0x01
[OK ]  |  4511 | 0x00002c9f | 0x00 | 0x00
[OK ]  |  4512 | 0x00002ca0 | 0x1b | 0x1b
[OK ]  |  4513 | 0x00002ca1 | 0x19 | 0x19
[OK ]  |  4514 | 0x00002ca2 | 0x00 | 0x00
[OK ]  |  4515 | 0x00002ca3 | 0x00 | 0x00
[OK ]  |  4516 | 0x00002ca4 | 0xea | 0xea
[OK ]  |  4517 | 0x00002ca5 | 0x62 | 0x62
[OK ]  |  4518 | 0x00002ca6 | 0x00 | 0x00
[OK ]  |  4519 | 0x00002ca7 | 0x00 | 0x00
[OK ]  |  4520 | 0x00002ca8 | 0x95 | 0x95
[OK ]  |  4521 | 0x00002ca9 | 0x7f | 0x7f
[OK ]  |  4522 | 0x00002caa | 0x00 | 0x00
[OK ]  |  4523 | 0x00002cab | 0x00 | 0x00
[OK ]  |  4524 | 0x00002cac | 0x63 | 0x63
[OK ]  |  4525 | 0x00002cad | 0x2f | 0x2f
[OK ]  |  4526 | 0x00002cae | 0xff | 0xff
[OK ]  |  4527 | 0x00002caf | 0xff | 0xff
[OK ]  |  4528 | 0x00002cb0 | 0x5f | 0x5f
[OK ]  |  4529 | 0x00002cb1 | 0xec | 0xec
[OK ]  |  4530 | 0x00002cb2 | 0xfe | 0xfe
[OK ]  |  4531 | 0x00002cb3 | 0xff | 0xff
[OK ]  |  4532 | 0x00002cb4 | 0xd9 | 0xd9
[OK ]  |  4533 | 0x00002cb5 | 0x2b | 0x2b
[OK ]  |  4534 | 0x00002cb6 | 0x00 | 0x00
[OK ]  |  4535 | 0x00002cb7 | 0x00 | 0x00
[OK ]  |  4536 | 0x00002cb8 | 0x3b | 0x3b
[OK ]  |  4537 | 0x00002cb9 | 0x67 | 0x67
[OK ]  |  4538 | 0x00002cba | 0xff | 0xff
[OK ]  |  4539 | 0x00002cbb | 0xff | 0xff
[OK ]  |  4540 | 0x00002cbc | 0xbf | 0xbf
[OK ]  |  4541 | 0x00002cbd | 0x18 | 0x18
[OK ]  |  4542 | 0x00002cbe | 0xff | 0xff
[OK ]  |  4543 | 0x00002cbf | 0xff | 0xff
[OK ]  |  4544 | 0x00002cc0 | 0x7e | 0x7e
[OK ]  |  4545 | 0x00002cc1 | 0x90 | 0x90
[OK ]  |  4546 | 0x00002cc2 | 0xff | 0xff
[OK ]  |  4547 | 0x00002cc3 | 0xff | 0xff
[OK ]  |  4548 | 0x00002cc4 | 0xb4 | 0xb4
[OK ]  |  4549 | 0x00002cc5 | 0x62 | 0x62
[OK ]  |  4550 | 0x00002cc6 | 0x00 | 0x00
[OK ]  |  4551 | 0x00002cc7 | 0x00 | 0x00
[OK ]  |  4552 | 0x00002cc8 | 0x23 | 0x23
[OK ]  |  4553 | 0x00002cc9 | 0x4e | 0x4e
[OK ]  |  4554 | 0x00002cca | 0xff | 0xff
[OK ]  |  4555 | 0x00002ccb | 0xff | 0xff
[OK ]  |  4556 | 0x00002ccc | 0xa6 | 0xa6
[OK ]  |  4557 | 0x00002ccd | 0x04 | 0x04
[OK ]  |  4558 | 0x00002cce | 0xff | 0xff
[OK ]  |  4559 | 0x00002ccf | 0xff | 0xff
[OK ]  |  4560 | 0x00002cd0 | 0x38 | 0x38
[OK ]  |  4561 | 0x00002cd1 | 0x12 | 0x12
[OK ]  |  4562 | 0x00002cd2 | 0xff | 0xff
[OK ]  |  4563 | 0x00002cd3 | 0xff | 0xff
[OK ]  |  4564 | 0x00002cd4 | 0xd1 | 0xd1
[OK ]  |  4565 | 0x00002cd5 | 0xa7 | 0xa7
[OK ]  |  4566 | 0x00002cd6 | 0xfe | 0xfe
[OK ]  |  4567 | 0x00002cd7 | 0xff | 0xff
[OK ]  |  4568 | 0x00002cd8 | 0xe5 | 0xe5
[OK ]  |  4569 | 0x00002cd9 | 0x7a | 0x7a
[OK ]  |  4570 | 0x00002cda | 0x00 | 0x00
[OK ]  |  4571 | 0x00002cdb | 0x00 | 0x00
[OK ]  |  4572 | 0x00002cdc | 0x19 | 0x19
[OK ]  |  4573 | 0x00002cdd | 0x74 | 0x74
[OK ]  |  4574 | 0x00002cde | 0xfe | 0xfe
[OK ]  |  4575 | 0x00002cdf | 0xff | 0xff
[OK ]  |  4576 | 0x00002ce0 | 0x25 | 0x25
[OK ]  |  4577 | 0x00002ce1 | 0x86 | 0x86
[OK ]  |  4578 | 0x00002ce2 | 0x00 | 0x00
[OK ]  |  4579 | 0x00002ce3 | 0x00 | 0x00
[OK ]  |  4580 | 0x00002ce4 | 0x77 | 0x77
[OK ]  |  4581 | 0x00002ce5 | 0x40 | 0x40
[OK ]  |  4582 | 0x00002ce6 | 0x00 | 0x00
[OK ]  |  4583 | 0x00002ce7 | 0x00 | 0x00
[OK ]  |  4584 | 0x00002ce8 | 0xae | 0xae
[OK ]  |  4585 | 0x00002ce9 | 0xbe | 0xbe
[OK ]  |  4586 | 0x00002cea | 0xff | 0xff
[OK ]  |  4587 | 0x00002ceb | 0xff | 0xff
[OK ]  |  4588 | 0x00002cec | 0xf6 | 0xf6
[OK ]  |  4589 | 0x00002ced | 0xeb | 0xeb
[OK ]  |  4590 | 0x00002cee | 0x00 | 0x00
[OK ]  |  4591 | 0x00002cef | 0x00 | 0x00
[OK ]  |  4592 | 0x00002cf0 | 0xfa | 0xfa
[OK ]  |  4593 | 0x00002cf1 | 0x75 | 0x75
[OK ]  |  4594 | 0x00002cf2 | 0x00 | 0x00
[OK ]  |  4595 | 0x00002cf3 | 0x00 | 0x00
[OK ]  |  4596 | 0x00002cf4 | 0x99 | 0x99
[OK ]  |  4597 | 0x00002cf5 | 0x00 | 0x00
[OK ]  |  4598 | 0x00002cf6 | 0x00 | 0x00
[OK ]  |  4599 | 0x00002cf7 | 0x00 | 0x00
[OK ]  |  4600 | 0x00002cf8 | 0x7b | 0x7b
[OK ]  |  4601 | 0x00002cf9 | 0xfc | 0xfc
[OK ]  |  4602 | 0x00002cfa | 0xff | 0xff
[OK ]  |  4603 | 0x00002cfb | 0xff | 0xff
[OK ]  |  4604 | 0x00002cfc | 0x20 | 0x20
[OK ]  |  4605 | 0x00002cfd | 0xd2 | 0xd2
[OK ]  |  4606 | 0x00002cfe | 0xff | 0xff
[OK ]  |  4607 | 0x00002cff | 0xff | 0xff
[OK ]  |  4608 | 0x00002d00 | 0x67 | 0x67
[OK ]  |  4609 | 0x00002d01 | 0x31 | 0x31
[OK ]  |  4610 | 0x00002d02 | 0xff | 0xff
[OK ]  |  4611 | 0x00002d03 | 0xff | 0xff
[OK ]  |  4612 | 0x00002d04 | 0x9f | 0x9f
[OK ]  |  4613 | 0x00002d05 | 0x01 | 0x01
[OK ]  |  4614 | 0x00002d06 | 0x00 | 0x00
[OK ]  |  4615 | 0x00002d07 | 0x00 | 0x00
[OK ]  |  4616 | 0x00002d08 | 0x22 | 0x22
[OK ]  |  4617 | 0x00002d09 | 0x0d | 0x0d
[OK ]  |  4618 | 0x00002d0a | 0x01 | 0x01
[OK ]  |  4619 | 0x00002d0b | 0x00 | 0x00
[OK ]  |  4620 | 0x00002d0c | 0xcb | 0xcb
[OK ]  |  4621 | 0x00002d0d | 0x48 | 0x48
[OK ]  |  4622 | 0x00002d0e | 0xff | 0xff
[OK ]  |  4623 | 0x00002d0f | 0xff | 0xff
[OK ]  |  4624 | 0x00002d10 | 0xa0 | 0xa0
[OK ]  |  4625 | 0x00002d11 | 0x62 | 0x62
[OK ]  |  4626 | 0x00002d12 | 0xff | 0xff
[OK ]  |  4627 | 0x00002d13 | 0xff | 0xff
[OK ]  |  4628 | 0x00002d14 | 0x1b | 0x1b
[OK ]  |  4629 | 0x00002d15 | 0xe2 | 0xe2
[OK ]  |  4630 | 0x00002d16 | 0xff | 0xff
[OK ]  |  4631 | 0x00002d17 | 0xff | 0xff
[OK ]  |  4632 | 0x00002d18 | 0x60 | 0x60
[OK ]  |  4633 | 0x00002d19 | 0x1b | 0x1b
[OK ]  |  4634 | 0x00002d1a | 0x00 | 0x00
[OK ]  |  4635 | 0x00002d1b | 0x00 | 0x00
[OK ]  |  4636 | 0x00002d1c | 0x2f | 0x2f
[OK ]  |  4637 | 0x00002d1d | 0x8d | 0x8d
[OK ]  |  4638 | 0x00002d1e | 0xff | 0xff
[OK ]  |  4639 | 0x00002d1f | 0xff | 0xff
[OK ]  |  4640 | 0x00002d20 | 0x85 | 0x85
[OK ]  |  4641 | 0x00002d21 | 0x9e | 0x9e
[OK ]  |  4642 | 0x00002d22 | 0xff | 0xff
[OK ]  |  4643 | 0x00002d23 | 0xff | 0xff
[OK ]  |  4644 | 0x00002d24 | 0x54 | 0x54
[OK ]  |  4645 | 0x00002d25 | 0x6d | 0x6d
[OK ]  |  4646 | 0x00002d26 | 0x00 | 0x00
[OK ]  |  4647 | 0x00002d27 | 0x00 | 0x00
[OK ]  |  4648 | 0x00002d28 | 0x11 | 0x11
[OK ]  |  4649 | 0x00002d29 | 0xd6 | 0xd6
[OK ]  |  4650 | 0x00002d2a | 0x00 | 0x00
[OK ]  |  4651 | 0x00002d2b | 0x00 | 0x00
[OK ]  |  4652 | 0x00002d2c | 0xe5 | 0xe5
[OK ]  |  4653 | 0x00002d2d | 0xe0 | 0xe0
[OK ]  |  4654 | 0x00002d2e | 0xff | 0xff
[OK ]  |  4655 | 0x00002d2f | 0xff | 0xff
[OK ]  |  4656 | 0x00002d30 | 0x95 | 0x95
[OK ]  |  4657 | 0x00002d31 | 0xfb | 0xfb
[OK ]  |  4658 | 0x00002d32 | 0xff | 0xff
[OK ]  |  4659 | 0x00002d33 | 0xff | 0xff
[OK ]  |  4660 | 0x00002d34 | 0xd5 | 0xd5
[OK ]  |  4661 | 0x00002d35 | 0xe4 | 0xe4
[OK ]  |  4662 | 0x00002d36 | 0xfe | 0xfe
[OK ]  |  4663 | 0x00002d37 | 0xff | 0xff
[OK ]  |  4664 | 0x00002d38 | 0x64 | 0x64
[OK ]  |  4665 | 0x00002d39 | 0x0f | 0x0f
[OK ]  |  4666 | 0x00002d3a | 0xff | 0xff
[OK ]  |  4667 | 0x00002d3b | 0xff | 0xff
[OK ]  |  4668 | 0x00002d3c | 0xe0 | 0xe0
[OK ]  |  4669 | 0x00002d3d | 0x64 | 0x64
[OK ]  |  4670 | 0x00002d3e | 0x01 | 0x01
[OK ]  |  4671 | 0x00002d3f | 0x00 | 0x00
[OK ]  |  4672 | 0x00002d40 | 0x24 | 0x24
[OK ]  |  4673 | 0x00002d41 | 0x2c | 0x2c
[OK ]  |  4674 | 0x00002d42 | 0x00 | 0x00
[OK ]  |  4675 | 0x00002d43 | 0x00 | 0x00
[OK ]  |  4676 | 0x00002d44 | 0xbd | 0xbd
[OK ]  |  4677 | 0x00002d45 | 0xd5 | 0xd5
[OK ]  |  4678 | 0x00002d46 | 0xff | 0xff
[OK ]  |  4679 | 0x00002d47 | 0xff | 0xff
[OK ]  |  4680 | 0x00002d48 | 0xc5 | 0xc5
[OK ]  |  4681 | 0x00002d49 | 0x6f | 0x6f
[OK ]  |  4682 | 0x00002d4a | 0xff | 0xff
[OK ]  |  4683 | 0x00002d4b | 0xff | 0xff
[OK ]  |  4684 | 0x00002d4c | 0x1e | 0x1e
[OK ]  |  4685 | 0x00002d4d | 0xe7 | 0xe7
[OK ]  |  4686 | 0x00002d4e | 0x00 | 0x00
[OK ]  |  4687 | 0x00002d4f | 0x00 | 0x00
[OK ]  |  4688 | 0x00002d50 | 0xee | 0xee
[OK ]  |  4689 | 0x00002d51 | 0xc5 | 0xc5
[OK ]  |  4690 | 0x00002d52 | 0xfe | 0xfe
[OK ]  |  4691 | 0x00002d53 | 0xff | 0xff
[OK ]  |  4692 | 0x00002d54 | 0xdb | 0xdb
[OK ]  |  4693 | 0x00002d55 | 0x22 | 0x22
[OK ]  |  4694 | 0x00002d56 | 0x01 | 0x01
[OK ]  |  4695 | 0x00002d57 | 0x00 | 0x00
[OK ]  |  4696 | 0x00002d58 | 0xbc | 0xbc
[OK ]  |  4697 | 0x00002d59 | 0x1a | 0x1a
[OK ]  |  4698 | 0x00002d5a | 0x01 | 0x01
[OK ]  |  4699 | 0x00002d5b | 0x00 | 0x00
[OK ]  |  4700 | 0x00002d5c | 0xb2 | 0xb2
[OK ]  |  4701 | 0x00002d5d | 0xe8 | 0xe8
[OK ]  |  4702 | 0x00002d5e | 0x00 | 0x00
[OK ]  |  4703 | 0x00002d5f | 0x00 | 0x00
[OK ]  |  4704 | 0x00002d60 | 0xdc | 0xdc
[OK ]  |  4705 | 0x00002d61 | 0x08 | 0x08
[OK ]  |  4706 | 0x00002d62 | 0x00 | 0x00
[OK ]  |  4707 | 0x00002d63 | 0x00 | 0x00
[OK ]  |  4708 | 0x00002d64 | 0x9f | 0x9f
[OK ]  |  4709 | 0x00002d65 | 0x19 | 0x19
[OK ]  |  4710 | 0x00002d66 | 0x00 | 0x00
[OK ]  |  4711 | 0x00002d67 | 0x00 | 0x00
[OK ]  |  4712 | 0x00002d68 | 0xbc | 0xbc
[OK ]  |  4713 | 0x00002d69 | 0xc6 | 0xc6
[OK ]  |  4714 | 0x00002d6a | 0x00 | 0x00
[OK ]  |  4715 | 0x00002d6b | 0x00 | 0x00
[OK ]  |  4716 | 0x00002d6c | 0xdd | 0xdd
[OK ]  |  4717 | 0x00002d6d | 0x46 | 0x46
[OK ]  |  4718 | 0x00002d6e | 0x00 | 0x00
[OK ]  |  4719 | 0x00002d6f | 0x00 | 0x00
[OK ]  |  4720 | 0x00002d70 | 0xb9 | 0xb9
[OK ]  |  4721 | 0x00002d71 | 0x6a | 0x6a
[OK ]  |  4722 | 0x00002d72 | 0x00 | 0x00
[OK ]  |  4723 | 0x00002d73 | 0x00 | 0x00
[OK ]  |  4724 | 0x00002d74 | 0xbc | 0xbc
[OK ]  |  4725 | 0x00002d75 | 0xdb | 0xdb
[OK ]  |  4726 | 0x00002d76 | 0xfe | 0xfe
[OK ]  |  4727 | 0x00002d77 | 0xff | 0xff
[OK ]  |  4728 | 0x00002d78 | 0xd4 | 0xd4
[OK ]  |  4729 | 0x00002d79 | 0x1c | 0x1c
[OK ]  |  4730 | 0x00002d7a | 0x00 | 0x00
[OK ]  |  4731 | 0x00002d7b | 0x00 | 0x00
[OK ]  |  4732 | 0x00002d7c | 0xb1 | 0xb1
[OK ]  |  4733 | 0x00002d7d | 0xaa | 0xaa
[OK ]  |  4734 | 0x00002d7e | 0x00 | 0x00
[OK ]  |  4735 | 0x00002d7f | 0x00 | 0x00
[OK ]  |  4736 | 0x00002d80 | 0xab | 0xab
[OK ]  |  4737 | 0x00002d81 | 0xe5 | 0xe5
[OK ]  |  4738 | 0x00002d82 | 0xfe | 0xfe
[OK ]  |  4739 | 0x00002d83 | 0xff | 0xff
[OK ]  |  4740 | 0x00002d84 | 0x5a | 0x5a
[OK ]  |  4741 | 0x00002d85 | 0x25 | 0x25
[OK ]  |  4742 | 0x00002d86 | 0x00 | 0x00
[OK ]  |  4743 | 0x00002d87 | 0x00 | 0x00
[OK ]  |  4744 | 0x00002d88 | 0x5e | 0x5e
[OK ]  |  4745 | 0x00002d89 | 0x76 | 0x76
[OK ]  |  4746 | 0x00002d8a | 0x00 | 0x00
[OK ]  |  4747 | 0x00002d8b | 0x00 | 0x00
[OK ]  |  4748 | 0x00002d8c | 0x93 | 0x93
[OK ]  |  4749 | 0x00002d8d | 0x52 | 0x52
[OK ]  |  4750 | 0x00002d8e | 0x00 | 0x00
[OK ]  |  4751 | 0x00002d8f | 0x00 | 0x00
[OK ]  |  4752 | 0x00002d90 | 0x24 | 0x24
[OK ]  |  4753 | 0x00002d91 | 0x56 | 0x56
[OK ]  |  4754 | 0x00002d92 | 0x00 | 0x00
[OK ]  |  4755 | 0x00002d93 | 0x00 | 0x00
[OK ]  |  4756 | 0x00002d94 | 0x02 | 0x02
[OK ]  |  4757 | 0x00002d95 | 0x3a | 0x3a
[OK ]  |  4758 | 0x00002d96 | 0x00 | 0x00
[OK ]  |  4759 | 0x00002d97 | 0x00 | 0x00
[OK ]  |  4760 | 0x00002d98 | 0x38 | 0x38
[OK ]  |  4761 | 0x00002d99 | 0xdd | 0xdd
[OK ]  |  4762 | 0x00002d9a | 0x00 | 0x00
[OK ]  |  4763 | 0x00002d9b | 0x00 | 0x00
[OK ]  |  4764 | 0x00002d9c | 0x7e | 0x7e
[OK ]  |  4765 | 0x00002d9d | 0xad | 0xad
[OK ]  |  4766 | 0x00002d9e | 0xff | 0xff
[OK ]  |  4767 | 0x00002d9f | 0xff | 0xff
[OK ]  |  4768 | 0x00002da0 | 0x4b | 0x4b
[OK ]  |  4769 | 0x00002da1 | 0xb4 | 0xb4
[OK ]  |  4770 | 0x00002da2 | 0xff | 0xff
[OK ]  |  4771 | 0x00002da3 | 0xff | 0xff
[OK ]  |  4772 | 0x00002da4 | 0xb6 | 0xb6
[OK ]  |  4773 | 0x00002da5 | 0x48 | 0x48
[OK ]  |  4774 | 0x00002da6 | 0xff | 0xff
[OK ]  |  4775 | 0x00002da7 | 0xff | 0xff
[OK ]  |  4776 | 0x00002da8 | 0xa0 | 0xa0
[OK ]  |  4777 | 0x00002da9 | 0x11 | 0x11
[OK ]  |  4778 | 0x00002daa | 0x01 | 0x01
[OK ]  |  4779 | 0x00002dab | 0x00 | 0x00
[OK ]  |  4780 | 0x00002dac | 0x54 | 0x54
[OK ]  |  4781 | 0x00002dad | 0x99 | 0x99
[OK ]  |  4782 | 0x00002dae | 0x00 | 0x00
[OK ]  |  4783 | 0x00002daf | 0x00 | 0x00
[OK ]  |  4784 | 0x00002db0 | 0x24 | 0x24
[OK ]  |  4785 | 0x00002db1 | 0xb3 | 0xb3
[OK ]  |  4786 | 0x00002db2 | 0x00 | 0x00
[OK ]  |  4787 | 0x00002db3 | 0x00 | 0x00
[OK ]  |  4788 | 0x00002db4 | 0xf2 | 0xf2
[OK ]  |  4789 | 0x00002db5 | 0x0f | 0x0f
[OK ]  |  4790 | 0x00002db6 | 0xff | 0xff
[OK ]  |  4791 | 0x00002db7 | 0xff | 0xff
[OK ]  |  4792 | 0x00002db8 | 0xc4 | 0xc4
[OK ]  |  4793 | 0x00002db9 | 0xf7 | 0xf7
[OK ]  |  4794 | 0x00002dba | 0x00 | 0x00
[OK ]  |  4795 | 0x00002dbb | 0x00 | 0x00
[OK ]  |  4796 | 0x00002dbc | 0xf2 | 0xf2
[OK ]  |  4797 | 0x00002dbd | 0xfc | 0xfc
[OK ]  |  4798 | 0x00002dbe | 0x00 | 0x00
[OK ]  |  4799 | 0x00002dbf | 0x00 | 0x00
[OK ]  |  4800 | 0x00002dc0 | 0xad | 0xad
[OK ]  |  4801 | 0x00002dc1 | 0xb0 | 0xb0
[OK ]  |  4802 | 0x00002dc2 | 0x00 | 0x00
[OK ]  |  4803 | 0x00002dc3 | 0x00 | 0x00
[OK ]  |  4804 | 0x00002dc4 | 0xfa | 0xfa
[OK ]  |  4805 | 0x00002dc5 | 0x2f | 0x2f
[OK ]  |  4806 | 0x00002dc6 | 0x00 | 0x00
[OK ]  |  4807 | 0x00002dc7 | 0x00 | 0x00
[OK ]  |  4808 | 0x00002dc8 | 0x23 | 0x23
[OK ]  |  4809 | 0x00002dc9 | 0x72 | 0x72
[OK ]  |  4810 | 0x00002dca | 0xff | 0xff
[OK ]  |  4811 | 0x00002dcb | 0xff | 0xff
[OK ]  |  4812 | 0x00002dcc | 0x8c | 0x8c
[OK ]  |  4813 | 0x00002dcd | 0xfd | 0xfd
[OK ]  |  4814 | 0x00002dce | 0xff | 0xff
[OK ]  |  4815 | 0x00002dcf | 0xff | 0xff
[OK ]  |  4816 | 0x00002dd0 | 0x81 | 0x81
[OK ]  |  4817 | 0x00002dd1 | 0xba | 0xba
[OK ]  |  4818 | 0x00002dd2 | 0xff | 0xff
[OK ]  |  4819 | 0x00002dd3 | 0xff | 0xff
[OK ]  |  4820 | 0x00002dd4 | 0x58 | 0x58
[OK ]  |  4821 | 0x00002dd5 | 0x29 | 0x29
[OK ]  |  4822 | 0x00002dd6 | 0x00 | 0x00
[OK ]  |  4823 | 0x00002dd7 | 0x00 | 0x00
[OK ]  |  4824 | 0x00002dd8 | 0xad | 0xad
[OK ]  |  4825 | 0x00002dd9 | 0x90 | 0x90
[OK ]  |  4826 | 0x00002dda | 0xff | 0xff
[OK ]  |  4827 | 0x00002ddb | 0xff | 0xff
[OK ]  |  4828 | 0x00002ddc | 0xc9 | 0xc9
[OK ]  |  4829 | 0x00002ddd | 0x52 | 0x52
[OK ]  |  4830 | 0x00002dde | 0xff | 0xff
[OK ]  |  4831 | 0x00002ddf | 0xff | 0xff
[OK ]  |  4832 | 0x00002de0 | 0x8d | 0x8d
[OK ]  |  4833 | 0x00002de1 | 0xfd | 0xfd
[OK ]  |  4834 | 0x00002de2 | 0xfe | 0xfe
[OK ]  |  4835 | 0x00002de3 | 0xff | 0xff
[OK ]  |  4836 | 0x00002de4 | 0xa6 | 0xa6
[OK ]  |  4837 | 0x00002de5 | 0xa7 | 0xa7
[OK ]  |  4838 | 0x00002de6 | 0xff | 0xff
[OK ]  |  4839 | 0x00002de7 | 0xff | 0xff
[OK ]  |  4840 | 0x00002de8 | 0x0c | 0x0c
[OK ]  |  4841 | 0x00002de9 | 0x70 | 0x70
[OK ]  |  4842 | 0x00002dea | 0x00 | 0x00
[OK ]  |  4843 | 0x00002deb | 0x00 | 0x00
[OK ]  |  4844 | 0x00002dec | 0xb5 | 0xb5
[OK ]  |  4845 | 0x00002ded | 0x87 | 0x87
[OK ]  |  4846 | 0x00002dee | 0xff | 0xff
[OK ]  |  4847 | 0x00002def | 0xff | 0xff
[OK ]  |  4848 | 0x00002df0 | 0x5f | 0x5f
[OK ]  |  4849 | 0x00002df1 | 0x43 | 0x43
[OK ]  |  4850 | 0x00002df2 | 0x00 | 0x00
[OK ]  |  4851 | 0x00002df3 | 0x00 | 0x00
[OK ]  |  4852 | 0x00002df4 | 0x70 | 0x70
[OK ]  |  4853 | 0x00002df5 | 0x2f | 0x2f
[OK ]  |  4854 | 0x00002df6 | 0xff | 0xff
[OK ]  |  4855 | 0x00002df7 | 0xff | 0xff
[OK ]  |  4856 | 0x00002df8 | 0x2a | 0x2a
[OK ]  |  4857 | 0x00002df9 | 0x8e | 0x8e
[OK ]  |  4858 | 0x00002dfa | 0xff | 0xff
[OK ]  |  4859 | 0x00002dfb | 0xff | 0xff
[OK ]  |  4860 | 0x00002dfc | 0x7d | 0x7d
[OK ]  |  4861 | 0x00002dfd | 0xdb | 0xdb
[OK ]  |  4862 | 0x00002dfe | 0xff | 0xff
[OK ]  |  4863 | 0x00002dff | 0xff | 0xff
[OK ]  |  4864 | 0x00002e00 | 0xfe | 0xfe
[OK ]  |  4865 | 0x00002e01 | 0x67 | 0x67
[OK ]  |  4866 | 0x00002e02 | 0xfe | 0xfe
[OK ]  |  4867 | 0x00002e03 | 0xff | 0xff
[OK ]  |  4868 | 0x00002e04 | 0x72 | 0x72
[OK ]  |  4869 | 0x00002e05 | 0x2f | 0x2f
[OK ]  |  4870 | 0x00002e06 | 0x00 | 0x00
[OK ]  |  4871 | 0x00002e07 | 0x00 | 0x00
[OK ]  |  4872 | 0x00002e08 | 0x06 | 0x06
[OK ]  |  4873 | 0x00002e09 | 0x3d | 0x3d
[OK ]  |  4874 | 0x00002e0a | 0x01 | 0x01
[OK ]  |  4875 | 0x00002e0b | 0x00 | 0x00
[OK ]  |  4876 | 0x00002e0c | 0x21 | 0x21
[OK ]  |  4877 | 0x00002e0d | 0x3c | 0x3c
[OK ]  |  4878 | 0x00002e0e | 0xff | 0xff
[OK ]  |  4879 | 0x00002e0f | 0xff | 0xff
[OK ]  |  4880 | 0x00002e10 | 0xfa | 0xfa
[OK ]  |  4881 | 0x00002e11 | 0xed | 0xed
[OK ]  |  4882 | 0x00002e12 | 0xff | 0xff
[OK ]  |  4883 | 0x00002e13 | 0xff | 0xff
[OK ]  |  4884 | 0x00002e14 | 0x6d | 0x6d
[OK ]  |  4885 | 0x00002e15 | 0x2a | 0x2a
[OK ]  |  4886 | 0x00002e16 | 0x01 | 0x01
[OK ]  |  4887 | 0x00002e17 | 0x00 | 0x00
[OK ]  |  4888 | 0x00002e18 | 0xc1 | 0xc1
[OK ]  |  4889 | 0x00002e19 | 0x2b | 0x2b
[OK ]  |  4890 | 0x00002e1a | 0x00 | 0x00
[OK ]  |  4891 | 0x00002e1b | 0x00 | 0x00
[OK ]  |  4892 | 0x00002e1c | 0x25 | 0x25
[OK ]  |  4893 | 0x00002e1d | 0x99 | 0x99
[OK ]  |  4894 | 0x00002e1e | 0xff | 0xff
[OK ]  |  4895 | 0x00002e1f | 0xff | 0xff
[OK ]  |  4896 | 0x00002e20 | 0x4d | 0x4d
[OK ]  |  4897 | 0x00002e21 | 0x68 | 0x68
[OK ]  |  4898 | 0x00002e22 | 0x00 | 0x00
[OK ]  |  4899 | 0x00002e23 | 0x00 | 0x00
[OK ]  |  4900 | 0x00002e24 | 0xba | 0xba
[OK ]  |  4901 | 0x00002e25 | 0x73 | 0x73
[OK ]  |  4902 | 0x00002e26 | 0xff | 0xff
[OK ]  |  4903 | 0x00002e27 | 0xff | 0xff
[OK ]  |  4904 | 0x00002e28 | 0x4f | 0x4f
[OK ]  |  4905 | 0x00002e29 | 0xca | 0xca
[OK ]  |  4906 | 0x00002e2a | 0x00 | 0x00
[OK ]  |  4907 | 0x00002e2b | 0x00 | 0x00
[OK ]  |  4908 | 0x00002e2c | 0xa6 | 0xa6
[OK ]  |  4909 | 0x00002e2d | 0x55 | 0x55
[OK ]  |  4910 | 0x00002e2e | 0x00 | 0x00
[OK ]  |  4911 | 0x00002e2f | 0x00 | 0x00
[OK ]  |  4912 | 0x00002e30 | 0x27 | 0x27
[OK ]  |  4913 | 0x00002e31 | 0xe3 | 0xe3
[OK ]  |  4914 | 0x00002e32 | 0xff | 0xff
[OK ]  |  4915 | 0x00002e33 | 0xff | 0xff
[OK ]  |  4916 | 0x00002e34 | 0xc0 | 0xc0
[OK ]  |  4917 | 0x00002e35 | 0x78 | 0x78
[OK ]  |  4918 | 0x00002e36 | 0xff | 0xff
[OK ]  |  4919 | 0x00002e37 | 0xff | 0xff
[OK ]  |  4920 | 0x00002e38 | 0xf5 | 0xf5
[OK ]  |  4921 | 0x00002e39 | 0x6c | 0x6c
[OK ]  |  4922 | 0x00002e3a | 0x00 | 0x00
[OK ]  |  4923 | 0x00002e3b | 0x00 | 0x00
[OK ]  |  4924 | 0x00002e3c | 0x5c | 0x5c
[OK ]  |  4925 | 0x00002e3d | 0x69 | 0x69
[OK ]  |  4926 | 0x00002e3e | 0x00 | 0x00
[OK ]  |  4927 | 0x00002e3f | 0x00 | 0x00
[OK ]  |  4928 | 0x00002e40 | 0x32 | 0x32
[OK ]  |  4929 | 0x00002e41 | 0xda | 0xda
[OK ]  |  4930 | 0x00002e42 | 0xff | 0xff
[OK ]  |  4931 | 0x00002e43 | 0xff | 0xff
[OK ]  |  4932 | 0x00002e44 | 0xc6 | 0xc6
[OK ]  |  4933 | 0x00002e45 | 0xbe | 0xbe
[OK ]  |  4934 | 0x00002e46 | 0xff | 0xff
[OK ]  |  4935 | 0x00002e47 | 0xff | 0xff
[OK ]  |  4936 | 0x00002e48 | 0x3e | 0x3e
[OK ]  |  4937 | 0x00002e49 | 0x24 | 0x24
[OK ]  |  4938 | 0x00002e4a | 0x00 | 0x00
[OK ]  |  4939 | 0x00002e4b | 0x00 | 0x00
[OK ]  |  4940 | 0x00002e4c | 0x2a | 0x2a
[OK ]  |  4941 | 0x00002e4d | 0x69 | 0x69
[OK ]  |  4942 | 0x00002e4e | 0x00 | 0x00
[OK ]  |  4943 | 0x00002e4f | 0x00 | 0x00
[OK ]  |  4944 | 0x00002e50 | 0x2b | 0x2b
[OK ]  |  4945 | 0x00002e51 | 0xee | 0xee
[OK ]  |  4946 | 0x00002e52 | 0xff | 0xff
[OK ]  |  4947 | 0x00002e53 | 0xff | 0xff
[OK ]  |  4948 | 0x00002e54 | 0x44 | 0x44
[OK ]  |  4949 | 0x00002e55 | 0x39 | 0x39
[OK ]  |  4950 | 0x00002e56 | 0x01 | 0x01
[OK ]  |  4951 | 0x00002e57 | 0x00 | 0x00
[OK ]  |  4952 | 0x00002e58 | 0x16 | 0x16
[OK ]  |  4953 | 0x00002e59 | 0x49 | 0x49
[OK ]  |  4954 | 0x00002e5a | 0x00 | 0x00
[OK ]  |  4955 | 0x00002e5b | 0x00 | 0x00
[OK ]  |  4956 | 0x00002e5c | 0xc9 | 0xc9
[OK ]  |  4957 | 0x00002e5d | 0xa1 | 0xa1
[OK ]  |  4958 | 0x00002e5e | 0x00 | 0x00
[OK ]  |  4959 | 0x00002e5f | 0x00 | 0x00
[OK ]  |  4960 | 0x00002e60 | 0xd3 | 0xd3
[OK ]  |  4961 | 0x00002e61 | 0x81 | 0x81
[OK ]  |  4962 | 0x00002e62 | 0xff | 0xff
[OK ]  |  4963 | 0x00002e63 | 0xff | 0xff
[OK ]  |  4964 | 0x00002e64 | 0x09 | 0x09
[OK ]  |  4965 | 0x00002e65 | 0xa1 | 0xa1
[OK ]  |  4966 | 0x00002e66 | 0x00 | 0x00
[OK ]  |  4967 | 0x00002e67 | 0x00 | 0x00
[OK ]  |  4968 | 0x00002e68 | 0xfb | 0xfb
[OK ]  |  4969 | 0x00002e69 | 0xe0 | 0xe0
[OK ]  |  4970 | 0x00002e6a | 0xff | 0xff
[OK ]  |  4971 | 0x00002e6b | 0xff | 0xff
[OK ]  |  4972 | 0x00002e6c | 0x1b | 0x1b
[OK ]  |  4973 | 0x00002e6d | 0x94 | 0x94
[OK ]  |  4974 | 0x00002e6e | 0x00 | 0x00
[OK ]  |  4975 | 0x00002e6f | 0x00 | 0x00
[OK ]  |  4976 | 0x00002e70 | 0xa4 | 0xa4
[OK ]  |  4977 | 0x00002e71 | 0xcf | 0xcf
[OK ]  |  4978 | 0x00002e72 | 0x00 | 0x00
[OK ]  |  4979 | 0x00002e73 | 0x00 | 0x00
[OK ]  |  4980 | 0x00002e74 | 0x6a | 0x6a
[OK ]  |  4981 | 0x00002e75 | 0xbc | 0xbc
[OK ]  |  4982 | 0x00002e76 | 0xfe | 0xfe
[OK ]  |  4983 | 0x00002e77 | 0xff | 0xff
[OK ]  |  4984 | 0x00002e78 | 0x14 | 0x14
[OK ]  |  4985 | 0x00002e79 | 0xaa | 0xaa
[OK ]  |  4986 | 0x00002e7a | 0xff | 0xff
[OK ]  |  4987 | 0x00002e7b | 0xff | 0xff
[OK ]  |  4988 | 0x00002e7c | 0x88 | 0x88
[OK ]  |  4989 | 0x00002e7d | 0x3f | 0x3f
[OK ]  |  4990 | 0x00002e7e | 0x01 | 0x01
[OK ]  |  4991 | 0x00002e7f | 0x00 | 0x00
[OK ]  |  4992 | 0x00002e80 | 0xb5 | 0xb5
[OK ]  |  4993 | 0x00002e81 | 0xf7 | 0xf7
[OK ]  |  4994 | 0x00002e82 | 0xff | 0xff
[OK ]  |  4995 | 0x00002e83 | 0xff | 0xff
[OK ]  |  4996 | 0x00002e84 | 0x67 | 0x67
[OK ]  |  4997 | 0x00002e85 | 0x7a | 0x7a
[OK ]  |  4998 | 0x00002e86 | 0x01 | 0x01
[OK ]  |  4999 | 0x00002e87 | 0x00 | 0x00
[OK ]  |  5000 | 0x00002e88 | 0x53 | 0x53
[OK ]  |  5001 | 0x00002e89 | 0x39 | 0x39
[OK ]  |  5002 | 0x00002e8a | 0x00 | 0x00
[OK ]  |  5003 | 0x00002e8b | 0x00 | 0x00
[OK ]  |  5004 | 0x00002e8c | 0x37 | 0x37
[OK ]  |  5005 | 0x00002e8d | 0x95 | 0x95
[OK ]  |  5006 | 0x00002e8e | 0xff | 0xff
[OK ]  |  5007 | 0x00002e8f | 0xff | 0xff
[OK ]  |  5008 | 0x00002e90 | 0xf4 | 0xf4
[OK ]  |  5009 | 0x00002e91 | 0x78 | 0x78
[OK ]  |  5010 | 0x00002e92 | 0xff | 0xff
[OK ]  |  5011 | 0x00002e93 | 0xff | 0xff
[OK ]  |  5012 | 0x00002e94 | 0xb0 | 0xb0
[OK ]  |  5013 | 0x00002e95 | 0x18 | 0x18
[OK ]  |  5014 | 0x00002e96 | 0xff | 0xff
[OK ]  |  5015 | 0x00002e97 | 0xff | 0xff
[OK ]  |  5016 | 0x00002e98 | 0x11 | 0x11
[OK ]  |  5017 | 0x00002e99 | 0xb1 | 0xb1
[OK ]  |  5018 | 0x00002e9a | 0xff | 0xff
[OK ]  |  5019 | 0x00002e9b | 0xff | 0xff
[OK ]  |  5020 | 0x00002e9c | 0x9f | 0x9f
[OK ]  |  5021 | 0x00002e9d | 0x67 | 0x67
[OK ]  |  5022 | 0x00002e9e | 0xff | 0xff
[OK ]  |  5023 | 0x00002e9f | 0xff | 0xff
[OK ]  |  5024 | 0x00002ea0 | 0xce | 0xce
[OK ]  |  5025 | 0x00002ea1 | 0x46 | 0x46
[OK ]  |  5026 | 0x00002ea2 | 0x00 | 0x00
[OK ]  |  5027 | 0x00002ea3 | 0x00 | 0x00
[OK ]  |  5028 | 0x00002ea4 | 0xff | 0xff
[OK ]  |  5029 | 0x00002ea5 | 0x90 | 0x90
[OK ]  |  5030 | 0x00002ea6 | 0xff | 0xff
[OK ]  |  5031 | 0x00002ea7 | 0xff | 0xff
[OK ]  |  5032 | 0x00002ea8 | 0x37 | 0x37
[OK ]  |  5033 | 0x00002ea9 | 0x84 | 0x84
[OK ]  |  5034 | 0x00002eaa | 0xff | 0xff
[OK ]  |  5035 | 0x00002eab | 0xff | 0xff
[OK ]  |  5036 | 0x00002eac | 0xbe | 0xbe
[OK ]  |  5037 | 0x00002ead | 0xda | 0xda
[OK ]  |  5038 | 0x00002eae | 0x00 | 0x00
[OK ]  |  5039 | 0x00002eaf | 0x00 | 0x00
[OK ]  |  5040 | 0x00002eb0 | 0x04 | 0x04
[OK ]  |  5041 | 0x00002eb1 | 0x26 | 0x26
[OK ]  |  5042 | 0x00002eb2 | 0xff | 0xff
[OK ]  |  5043 | 0x00002eb3 | 0xff | 0xff
[OK ]  |  5044 | 0x00002eb4 | 0x0c | 0x0c
[OK ]  |  5045 | 0x00002eb5 | 0x59 | 0x59
[OK ]  |  5046 | 0x00002eb6 | 0x00 | 0x00
[OK ]  |  5047 | 0x00002eb7 | 0x00 | 0x00
[OK ]  |  5048 | 0x00002eb8 | 0xe3 | 0xe3
[OK ]  |  5049 | 0x00002eb9 | 0x85 | 0x85
[OK ]  |  5050 | 0x00002eba | 0xff | 0xff
[OK ]  |  5051 | 0x00002ebb | 0xff | 0xff
[OK ]  |  5052 | 0x00002ebc | 0x80 | 0x80
[OK ]  |  5053 | 0x00002ebd | 0x09 | 0x09
[OK ]  |  5054 | 0x00002ebe | 0x00 | 0x00
[OK ]  |  5055 | 0x00002ebf | 0x00 | 0x00
[OK ]  |  5056 | 0x00002ec0 | 0x61 | 0x61
[OK ]  |  5057 | 0x00002ec1 | 0xa7 | 0xa7
[OK ]  |  5058 | 0x00002ec2 | 0xff | 0xff
[OK ]  |  5059 | 0x00002ec3 | 0xff | 0xff
[OK ]  |  5060 | 0x00002ec4 | 0xd1 | 0xd1
[OK ]  |  5061 | 0x00002ec5 | 0x98 | 0x98
[OK ]  |  5062 | 0x00002ec6 | 0xff | 0xff
[OK ]  |  5063 | 0x00002ec7 | 0xff | 0xff
[OK ]  |  5064 | 0x00002ec8 | 0xd6 | 0xd6
[OK ]  |  5065 | 0x00002ec9 | 0xd1 | 0xd1
[OK ]  |  5066 | 0x00002eca | 0xff | 0xff
[OK ]  |  5067 | 0x00002ecb | 0xff | 0xff
[OK ]  |  5068 | 0x00002ecc | 0x32 | 0x32
[OK ]  |  5069 | 0x00002ecd | 0x6f | 0x6f
[OK ]  |  5070 | 0x00002ece | 0x00 | 0x00
[OK ]  |  5071 | 0x00002ecf | 0x00 | 0x00
[OK ]  |  5072 | 0x00002ed0 | 0xa1 | 0xa1
[OK ]  |  5073 | 0x00002ed1 | 0x1b | 0x1b
[OK ]  |  5074 | 0x00002ed2 | 0xff | 0xff
[OK ]  |  5075 | 0x00002ed3 | 0xff | 0xff
[OK ]  |  5076 | 0x00002ed4 | 0x78 | 0x78
[OK ]  |  5077 | 0x00002ed5 | 0x48 | 0x48
[OK ]  |  5078 | 0x00002ed6 | 0x00 | 0x00
[OK ]  |  5079 | 0x00002ed7 | 0x00 | 0x00
[OK ]  |  5080 | 0x00002ed8 | 0x82 | 0x82
[OK ]  |  5081 | 0x00002ed9 | 0x1e | 0x1e
[OK ]  |  5082 | 0x00002eda | 0x01 | 0x01
[OK ]  |  5083 | 0x00002edb | 0x00 | 0x00
[OK ]  |  5084 | 0x00002edc | 0x6f | 0x6f
[OK ]  |  5085 | 0x00002edd | 0x72 | 0x72
[OK ]  |  5086 | 0x00002ede | 0xff | 0xff
[OK ]  |  5087 | 0x00002edf | 0xff | 0xff
[OK ]  |  5088 | 0x00002ee0 | 0xea | 0xea
[OK ]  |  5089 | 0x00002ee1 | 0x4f | 0x4f
[OK ]  |  5090 | 0x00002ee2 | 0xff | 0xff
[OK ]  |  5091 | 0x00002ee3 | 0xff | 0xff
[OK ]  |  5092 | 0x00002ee4 | 0xf9 | 0xf9
[OK ]  |  5093 | 0x00002ee5 | 0xc4 | 0xc4
[OK ]  |  5094 | 0x00002ee6 | 0xfe | 0xfe
[OK ]  |  5095 | 0x00002ee7 | 0xff | 0xff
[OK ]  |  5096 | 0x00002ee8 | 0x83 | 0x83
[OK ]  |  5097 | 0x00002ee9 | 0x94 | 0x94
[OK ]  |  5098 | 0x00002eea | 0x00 | 0x00
[OK ]  |  5099 | 0x00002eeb | 0x00 | 0x00
[OK ]  |  5100 | 0x00002eec | 0x07 | 0x07
[OK ]  |  5101 | 0x00002eed | 0x98 | 0x98
[OK ]  |  5102 | 0x00002eee | 0xff | 0xff
[OK ]  |  5103 | 0x00002eef | 0xff | 0xff
[OK ]  |  5104 | 0x00002ef0 | 0x23 | 0x23
[OK ]  |  5105 | 0x00002ef1 | 0xad | 0xad
[OK ]  |  5106 | 0x00002ef2 | 0xff | 0xff
[OK ]  |  5107 | 0x00002ef3 | 0xff | 0xff
[OK ]  |  5108 | 0x00002ef4 | 0x36 | 0x36
[OK ]  |  5109 | 0x00002ef5 | 0x7b | 0x7b
[OK ]  |  5110 | 0x00002ef6 | 0xff | 0xff
[OK ]  |  5111 | 0x00002ef7 | 0xff | 0xff
[OK ]  |  5112 | 0x00002ef8 | 0xea | 0xea
[OK ]  |  5113 | 0x00002ef9 | 0xbf | 0xbf
[OK ]  |  5114 | 0x00002efa | 0xff | 0xff
[OK ]  |  5115 | 0x00002efb | 0xff | 0xff
[OK ]  |  5116 | 0x00002efc | 0x29 | 0x29
[OK ]  |  5117 | 0x00002efd | 0x26 | 0x26
[OK ]  |  5118 | 0x00002efe | 0xff | 0xff
[OK ]  |  5119 | 0x00002eff | 0xff | 0xff
[OK ]  |  5120 | 0x00002f00 | 0xf9 | 0xf9
[OK ]  |  5121 | 0x00002f01 | 0x57 | 0x57
[OK ]  |  5122 | 0x00002f02 | 0x00 | 0x00
[OK ]  |  5123 | 0x00002f03 | 0x00 | 0x00
[OK ]  |  5124 | 0x00002f04 | 0xfe | 0xfe
[OK ]  |  5125 | 0x00002f05 | 0xe8 | 0xe8
[OK ]  |  5126 | 0x00002f06 | 0xff | 0xff
[OK ]  |  5127 | 0x00002f07 | 0xff | 0xff
[OK ]  |  5128 | 0x00002f08 | 0x5a | 0x5a
[OK ]  |  5129 | 0x00002f09 | 0x1f | 0x1f
[OK ]  |  5130 | 0x00002f0a | 0x00 | 0x00
[OK ]  |  5131 | 0x00002f0b | 0x00 | 0x00
[OK ]  |  5132 | 0x00002f0c | 0x18 | 0x18
[OK ]  |  5133 | 0x00002f0d | 0x7a | 0x7a
[OK ]  |  5134 | 0x00002f0e | 0x00 | 0x00
[OK ]  |  5135 | 0x00002f0f | 0x00 | 0x00
[OK ]  |  5136 | 0x00002f10 | 0x6b | 0x6b
[OK ]  |  5137 | 0x00002f11 | 0xfd | 0xfd
[OK ]  |  5138 | 0x00002f12 | 0x00 | 0x00
[OK ]  |  5139 | 0x00002f13 | 0x00 | 0x00
[OK ]  |  5140 | 0x00002f14 | 0xee | 0xee
[OK ]  |  5141 | 0x00002f15 | 0xe8 | 0xe8
[OK ]  |  5142 | 0x00002f16 | 0xff | 0xff
[OK ]  |  5143 | 0x00002f17 | 0xff | 0xff
[OK ]  |  5144 | 0x00002f18 | 0xd4 | 0xd4
[OK ]  |  5145 | 0x00002f19 | 0x74 | 0x74
[OK ]  |  5146 | 0x00002f1a | 0x00 | 0x00
[OK ]  |  5147 | 0x00002f1b | 0x00 | 0x00
[OK ]  |  5148 | 0x00002f1c | 0xf7 | 0xf7
[OK ]  |  5149 | 0x00002f1d | 0xad | 0xad
[OK ]  |  5150 | 0x00002f1e | 0x00 | 0x00
[OK ]  |  5151 | 0x00002f1f | 0x00 | 0x00
[OK ]  |  5152 | 0x00002f20 | 0x2c | 0x2c
[OK ]  |  5153 | 0x00002f21 | 0x4f | 0x4f
[OK ]  |  5154 | 0x00002f22 | 0xff | 0xff
[OK ]  |  5155 | 0x00002f23 | 0xff | 0xff
[OK ]  |  5156 | 0x00002f24 | 0x95 | 0x95
[OK ]  |  5157 | 0x00002f25 | 0x1a | 0x1a
[OK ]  |  5158 | 0x00002f26 | 0x01 | 0x01
[OK ]  |  5159 | 0x00002f27 | 0x00 | 0x00
[OK ]  |  5160 | 0x00002f28 | 0x21 | 0x21
[OK ]  |  5161 | 0x00002f29 | 0xbc | 0xbc
[OK ]  |  5162 | 0x00002f2a | 0xff | 0xff
[OK ]  |  5163 | 0x00002f2b | 0xff | 0xff
[OK ]  |  5164 | 0x00002f2c | 0xe7 | 0xe7
[OK ]  |  5165 | 0x00002f2d | 0x03 | 0x03
[OK ]  |  5166 | 0x00002f2e | 0x01 | 0x01
[OK ]  |  5167 | 0x00002f2f | 0x00 | 0x00
[OK ]  |  5168 | 0x00002f30 | 0x1d | 0x1d
[OK ]  |  5169 | 0x00002f31 | 0xb5 | 0xb5
[OK ]  |  5170 | 0x00002f32 | 0xff | 0xff
[OK ]  |  5171 | 0x00002f33 | 0xff | 0xff
[OK ]  |  5172 | 0x00002f34 | 0xaf | 0xaf
[OK ]  |  5173 | 0x00002f35 | 0x25 | 0x25
[OK ]  |  5174 | 0x00002f36 | 0x00 | 0x00
[OK ]  |  5175 | 0x00002f37 | 0x00 | 0x00
[OK ]  |  5176 | 0x00002f38 | 0x3a | 0x3a
[OK ]  |  5177 | 0x00002f39 | 0x9b | 0x9b
[OK ]  |  5178 | 0x00002f3a | 0xff | 0xff
[OK ]  |  5179 | 0x00002f3b | 0xff | 0xff
[OK ]  |  5180 | 0x00002f3c | 0x27 | 0x27
[OK ]  |  5181 | 0x00002f3d | 0xfe | 0xfe
[OK ]  |  5182 | 0x00002f3e | 0xfe | 0xfe
[OK ]  |  5183 | 0x00002f3f | 0xff | 0xff
[OK ]  |  5184 | 0x00002f40 | 0xf8 | 0xf8
[OK ]  |  5185 | 0x00002f41 | 0xee | 0xee
[OK ]  |  5186 | 0x00002f42 | 0xff | 0xff
[OK ]  |  5187 | 0x00002f43 | 0xff | 0xff
[OK ]  |  5188 | 0x00002f44 | 0x2c | 0x2c
[OK ]  |  5189 | 0x00002f45 | 0x6f | 0x6f
[OK ]  |  5190 | 0x00002f46 | 0xff | 0xff
[OK ]  |  5191 | 0x00002f47 | 0xff | 0xff
[OK ]  |  5192 | 0x00002f48 | 0xb4 | 0xb4
[OK ]  |  5193 | 0x00002f49 | 0x27 | 0x27
[OK ]  |  5194 | 0x00002f4a | 0x01 | 0x01
[OK ]  |  5195 | 0x00002f4b | 0x00 | 0x00
[OK ]  |  5196 | 0x00002f4c | 0xd3 | 0xd3
[OK ]  |  5197 | 0x00002f4d | 0x26 | 0x26
[OK ]  |  5198 | 0x00002f4e | 0x00 | 0x00
[OK ]  |  5199 | 0x00002f4f | 0x00 | 0x00
[OK ]  |  5200 | 0x00002f50 | 0xd8 | 0xd8
[OK ]  |  5201 | 0x00002f51 | 0xf7 | 0xf7
[OK ]  |  5202 | 0x00002f52 | 0xff | 0xff
[OK ]  |  5203 | 0x00002f53 | 0xff | 0xff
[OK ]  |  5204 | 0x00002f54 | 0x1c | 0x1c
[OK ]  |  5205 | 0x00002f55 | 0xb7 | 0xb7
[OK ]  |  5206 | 0x00002f56 | 0xff | 0xff
[OK ]  |  5207 | 0x00002f57 | 0xff | 0xff
[OK ]  |  5208 | 0x00002f58 | 0xf3 | 0xf3
[OK ]  |  5209 | 0x00002f59 | 0x3a | 0x3a
[OK ]  |  5210 | 0x00002f5a | 0x01 | 0x01
[OK ]  |  5211 | 0x00002f5b | 0x00 | 0x00
[OK ]  |  5212 | 0x00002f5c | 0xba | 0xba
[OK ]  |  5213 | 0x00002f5d | 0x90 | 0x90
[OK ]  |  5214 | 0x00002f5e | 0x01 | 0x01
[OK ]  |  5215 | 0x00002f5f | 0x00 | 0x00
[OK ]  |  5216 | 0x00002f60 | 0xa4 | 0xa4
[OK ]  |  5217 | 0x00002f61 | 0xec | 0xec
[OK ]  |  5218 | 0x00002f62 | 0x00 | 0x00
[OK ]  |  5219 | 0x00002f63 | 0x00 | 0x00
[OK ]  |  5220 | 0x00002f64 | 0x11 | 0x11
[OK ]  |  5221 | 0x00002f65 | 0x4d | 0x4d
[OK ]  |  5222 | 0x00002f66 | 0xff | 0xff
[OK ]  |  5223 | 0x00002f67 | 0xff | 0xff
[OK ]  |  5224 | 0x00002f68 | 0xfa | 0xfa
[OK ]  |  5225 | 0x00002f69 | 0x52 | 0x52
[OK ]  |  5226 | 0x00002f6a | 0x01 | 0x01
[OK ]  |  5227 | 0x00002f6b | 0x00 | 0x00
[OK ]  |  5228 | 0x00002f6c | 0xb8 | 0xb8
[OK ]  |  5229 | 0x00002f6d | 0x9e | 0x9e
[OK ]  |  5230 | 0x00002f6e | 0xff | 0xff
[OK ]  |  5231 | 0x00002f6f | 0xff | 0xff
[OK ]  |  5232 | 0x00002f70 | 0xf1 | 0xf1
[OK ]  |  5233 | 0x00002f71 | 0x83 | 0x83
[OK ]  |  5234 | 0x00002f72 | 0xff | 0xff
[OK ]  |  5235 | 0x00002f73 | 0xff | 0xff
[OK ]  |  5236 | 0x00002f74 | 0x16 | 0x16
[OK ]  |  5237 | 0x00002f75 | 0xf9 | 0xf9
[OK ]  |  5238 | 0x00002f76 | 0xff | 0xff
[OK ]  |  5239 | 0x00002f77 | 0xff | 0xff
[OK ]  |  5240 | 0x00002f78 | 0xba | 0xba
[OK ]  |  5241 | 0x00002f79 | 0xe2 | 0xe2
[OK ]  |  5242 | 0x00002f7a | 0xfe | 0xfe
[OK ]  |  5243 | 0x00002f7b | 0xff | 0xff
[OK ]  |  5244 | 0x00002f7c | 0xba | 0xba
[OK ]  |  5245 | 0x00002f7d | 0x6c | 0x6c
[OK ]  |  5246 | 0x00002f7e | 0xff | 0xff
[OK ]  |  5247 | 0x00002f7f | 0xff | 0xff
[OK ]  |  5248 | 0x00002f80 | 0x46 | 0x46
[OK ]  |  5249 | 0x00002f81 | 0x46 | 0x46
[OK ]  |  5250 | 0x00002f82 | 0x00 | 0x00
[OK ]  |  5251 | 0x00002f83 | 0x00 | 0x00
[OK ]  |  5252 | 0x00002f84 | 0xe4 | 0xe4
[OK ]  |  5253 | 0x00002f85 | 0xde | 0xde
[OK ]  |  5254 | 0x00002f86 | 0xff | 0xff
[OK ]  |  5255 | 0x00002f87 | 0xff | 0xff
[OK ]  |  5256 | 0x00002f88 | 0x9b | 0x9b
[OK ]  |  5257 | 0x00002f89 | 0xa7 | 0xa7
[OK ]  |  5258 | 0x00002f8a | 0xff | 0xff
[OK ]  |  5259 | 0x00002f8b | 0xff | 0xff
[OK ]  |  5260 | 0x00002f8c | 0xa3 | 0xa3
[OK ]  |  5261 | 0x00002f8d | 0x30 | 0x30
[OK ]  |  5262 | 0x00002f8e | 0x00 | 0x00
[OK ]  |  5263 | 0x00002f8f | 0x00 | 0x00
[OK ]  |  5264 | 0x00002f90 | 0xf7 | 0xf7
[OK ]  |  5265 | 0x00002f91 | 0xd4 | 0xd4
[OK ]  |  5266 | 0x00002f92 | 0x00 | 0x00
[OK ]  |  5267 | 0x00002f93 | 0x00 | 0x00
[OK ]  |  5268 | 0x00002f94 | 0xb2 | 0xb2
[OK ]  |  5269 | 0x00002f95 | 0x20 | 0x20
[OK ]  |  5270 | 0x00002f96 | 0x00 | 0x00
[OK ]  |  5271 | 0x00002f97 | 0x00 | 0x00
[OK ]  |  5272 | 0x00002f98 | 0x72 | 0x72
[OK ]  |  5273 | 0x00002f99 | 0xf1 | 0xf1
[OK ]  |  5274 | 0x00002f9a | 0xff | 0xff
[OK ]  |  5275 | 0x00002f9b | 0xff | 0xff
[OK ]  |  5276 | 0x00002f9c | 0x88 | 0x88
[OK ]  |  5277 | 0x00002f9d | 0x3c | 0x3c
[OK ]  |  5278 | 0x00002f9e | 0x00 | 0x00
[OK ]  |  5279 | 0x00002f9f | 0x00 | 0x00
[OK ]  |  5280 | 0x00002fa0 | 0x5b | 0x5b
[OK ]  |  5281 | 0x00002fa1 | 0xad | 0xad
[OK ]  |  5282 | 0x00002fa2 | 0xff | 0xff
[OK ]  |  5283 | 0x00002fa3 | 0xff | 0xff
[OK ]  |  5284 | 0x00002fa4 | 0x85 | 0x85
[OK ]  |  5285 | 0x00002fa5 | 0xd0 | 0xd0
[OK ]  |  5286 | 0x00002fa6 | 0xff | 0xff
[OK ]  |  5287 | 0x00002fa7 | 0xff | 0xff
[OK ]  |  5288 | 0x00002fa8 | 0xd0 | 0xd0
[OK ]  |  5289 | 0x00002fa9 | 0xcb | 0xcb
[OK ]  |  5290 | 0x00002faa | 0x00 | 0x00
[OK ]  |  5291 | 0x00002fab | 0x00 | 0x00
[OK ]  |  5292 | 0x00002fac | 0xba | 0xba
[OK ]  |  5293 | 0x00002fad | 0x51 | 0x51
[OK ]  |  5294 | 0x00002fae | 0x00 | 0x00
[OK ]  |  5295 | 0x00002faf | 0x00 | 0x00
[OK ]  |  5296 | 0x00002fb0 | 0x05 | 0x05
[OK ]  |  5297 | 0x00002fb1 | 0x54 | 0x54
[OK ]  |  5298 | 0x00002fb2 | 0x00 | 0x00
[OK ]  |  5299 | 0x00002fb3 | 0x00 | 0x00
[OK ]  |  5300 | 0x00002fb4 | 0x29 | 0x29
[OK ]  |  5301 | 0x00002fb5 | 0x38 | 0x38
[OK ]  |  5302 | 0x00002fb6 | 0x00 | 0x00
[OK ]  |  5303 | 0x00002fb7 | 0x00 | 0x00
[OK ]  |  5304 | 0x00002fb8 | 0x6e | 0x6e
[OK ]  |  5305 | 0x00002fb9 | 0x9e | 0x9e
[OK ]  |  5306 | 0x00002fba | 0x00 | 0x00
[OK ]  |  5307 | 0x00002fbb | 0x00 | 0x00
[OK ]  |  5308 | 0x00002fbc | 0xe6 | 0xe6
[OK ]  |  5309 | 0x00002fbd | 0xc4 | 0xc4
[OK ]  |  5310 | 0x00002fbe | 0x00 | 0x00
[OK ]  |  5311 | 0x00002fbf | 0x00 | 0x00
[OK ]  |  5312 | 0x00002fc0 | 0xd3 | 0xd3
[OK ]  |  5313 | 0x00002fc1 | 0x28 | 0x28
[OK ]  |  5314 | 0x00002fc2 | 0x00 | 0x00
[OK ]  |  5315 | 0x00002fc3 | 0x00 | 0x00
[OK ]  |  5316 | 0x00002fc4 | 0x54 | 0x54
[OK ]  |  5317 | 0x00002fc5 | 0x58 | 0x58
[OK ]  |  5318 | 0x00002fc6 | 0x00 | 0x00
[OK ]  |  5319 | 0x00002fc7 | 0x00 | 0x00
[OK ]  |  5320 | 0x00002fc8 | 0x69 | 0x69
[OK ]  |  5321 | 0x00002fc9 | 0x8d | 0x8d
[OK ]  |  5322 | 0x00002fca | 0x01 | 0x01
[OK ]  |  5323 | 0x00002fcb | 0x00 | 0x00
[OK ]  |  5324 | 0x00002fcc | 0xce | 0xce
[OK ]  |  5325 | 0x00002fcd | 0x8e | 0x8e
[OK ]  |  5326 | 0x00002fce | 0x00 | 0x00
[OK ]  |  5327 | 0x00002fcf | 0x00 | 0x00
[OK ]  |  5328 | 0x00002fd0 | 0xb4 | 0xb4
[OK ]  |  5329 | 0x00002fd1 | 0x86 | 0x86
[OK ]  |  5330 | 0x00002fd2 | 0xff | 0xff
[OK ]  |  5331 | 0x00002fd3 | 0xff | 0xff
[OK ]  |  5332 | 0x00002fd4 | 0xcb | 0xcb
[OK ]  |  5333 | 0x00002fd5 | 0x5b | 0x5b
[OK ]  |  5334 | 0x00002fd6 | 0x01 | 0x01
[OK ]  |  5335 | 0x00002fd7 | 0x00 | 0x00
[OK ]  |  5336 | 0x00002fd8 | 0x97 | 0x97
[OK ]  |  5337 | 0x00002fd9 | 0x57 | 0x57
[OK ]  |  5338 | 0x00002fda | 0xff | 0xff
[OK ]  |  5339 | 0x00002fdb | 0xff | 0xff
[OK ]  |  5340 | 0x00002fdc | 0x46 | 0x46
[OK ]  |  5341 | 0x00002fdd | 0xa0 | 0xa0
[OK ]  |  5342 | 0x00002fde | 0x00 | 0x00
[OK ]  |  5343 | 0x00002fdf | 0x00 | 0x00
[OK ]  |  5344 | 0x00002fe0 | 0x62 | 0x62
[OK ]  |  5345 | 0x00002fe1 | 0x6d | 0x6d
[OK ]  |  5346 | 0x00002fe2 | 0xff | 0xff
[OK ]  |  5347 | 0x00002fe3 | 0xff | 0xff
[OK ]  |  5348 | 0x00002fe4 | 0x92 | 0x92
[OK ]  |  5349 | 0x00002fe5 | 0xa1 | 0xa1
[OK ]  |  5350 | 0x00002fe6 | 0xff | 0xff
[OK ]  |  5351 | 0x00002fe7 | 0xff | 0xff
[OK ]  |  5352 | 0x00002fe8 | 0xe5 | 0xe5
[OK ]  |  5353 | 0x00002fe9 | 0xb2 | 0xb2
[OK ]  |  5354 | 0x00002fea | 0xff | 0xff
[OK ]  |  5355 | 0x00002feb | 0xff | 0xff
[OK ]  |  5356 | 0x00002fec | 0x92 | 0x92
[OK ]  |  5357 | 0x00002fed | 0x0a | 0x0a
[OK ]  |  5358 | 0x00002fee | 0x00 | 0x00
[OK ]  |  5359 | 0x00002fef | 0x00 | 0x00
[OK ]  |  5360 | 0x00002ff0 | 0x74 | 0x74
[OK ]  |  5361 | 0x00002ff1 | 0x7b | 0x7b
[OK ]  |  5362 | 0x00002ff2 | 0xff | 0xff
[OK ]  |  5363 | 0x00002ff3 | 0xff | 0xff
[OK ]  |  5364 | 0x00002ff4 | 0x2a | 0x2a
[OK ]  |  5365 | 0x00002ff5 | 0x0c | 0x0c
[OK ]  |  5366 | 0x00002ff6 | 0x00 | 0x00
[OK ]  |  5367 | 0x00002ff7 | 0x00 | 0x00
[OK ]  |  5368 | 0x00002ff8 | 0xce | 0xce
[OK ]  |  5369 | 0x00002ff9 | 0xe5 | 0xe5
[OK ]  |  5370 | 0x00002ffa | 0x00 | 0x00
[OK ]  |  5371 | 0x00002ffb | 0x00 | 0x00
[OK ]  |  5372 | 0x00002ffc | 0x12 | 0x12
[OK ]  |  5373 | 0x00002ffd | 0x58 | 0x58
[OK ]  |  5374 | 0x00002ffe | 0x01 | 0x01
[OK ]  |  5375 | 0x00002fff | 0x00 | 0x00
[OK ]  |  5376 | 0x00003000 | 0x7e | 0x7e
[OK ]  |  5377 | 0x00003001 | 0x4d | 0x4d
[OK ]  |  5378 | 0x00003002 | 0x00 | 0x00
[OK ]  |  5379 | 0x00003003 | 0x00 | 0x00
[OK ]  |  5380 | 0x00003004 | 0x96 | 0x96
[OK ]  |  5381 | 0x00003005 | 0xc7 | 0xc7
[OK ]  |  5382 | 0x00003006 | 0xfe | 0xfe
[OK ]  |  5383 | 0x00003007 | 0xff | 0xff
[OK ]  |  5384 | 0x00003008 | 0xa2 | 0xa2
[OK ]  |  5385 | 0x00003009 | 0xd2 | 0xd2
[OK ]  |  5386 | 0x0000300a | 0x00 | 0x00
[OK ]  |  5387 | 0x0000300b | 0x00 | 0x00
[OK ]  |  5388 | 0x0000300c | 0x0c | 0x0c
[OK ]  |  5389 | 0x0000300d | 0xb3 | 0xb3
[OK ]  |  5390 | 0x0000300e | 0x00 | 0x00
[OK ]  |  5391 | 0x0000300f | 0x00 | 0x00
[OK ]  |  5392 | 0x00003010 | 0x9c | 0x9c
[OK ]  |  5393 | 0x00003011 | 0x4e | 0x4e
[OK ]  |  5394 | 0x00003012 | 0x00 | 0x00
[OK ]  |  5395 | 0x00003013 | 0x00 | 0x00
[OK ]  |  5396 | 0x00003014 | 0xb9 | 0xb9
[OK ]  |  5397 | 0x00003015 | 0x94 | 0x94
[OK ]  |  5398 | 0x00003016 | 0x00 | 0x00
[OK ]  |  5399 | 0x00003017 | 0x00 | 0x00
[OK ]  |  5400 | 0x00003018 | 0x40 | 0x40
[OK ]  |  5401 | 0x00003019 | 0xf4 | 0xf4
[OK ]  |  5402 | 0x0000301a | 0xff | 0xff
[OK ]  |  5403 | 0x0000301b | 0xff | 0xff
[OK ]  |  5404 | 0x0000301c | 0x06 | 0x06
[OK ]  |  5405 | 0x0000301d | 0x5f | 0x5f
[OK ]  |  5406 | 0x0000301e | 0x00 | 0x00
[OK ]  |  5407 | 0x0000301f | 0x00 | 0x00
[OK ]  |  5408 | 0x00003020 | 0x52 | 0x52
[OK ]  |  5409 | 0x00003021 | 0x27 | 0x27
[OK ]  |  5410 | 0x00003022 | 0x00 | 0x00
[OK ]  |  5411 | 0x00003023 | 0x00 | 0x00
[OK ]  |  5412 | 0x00003024 | 0x0e | 0x0e
[OK ]  |  5413 | 0x00003025 | 0x0c | 0x0c
[OK ]  |  5414 | 0x00003026 | 0x00 | 0x00
[OK ]  |  5415 | 0x00003027 | 0x00 | 0x00
[OK ]  |  5416 | 0x00003028 | 0x70 | 0x70
[OK ]  |  5417 | 0x00003029 | 0x77 | 0x77
[OK ]  |  5418 | 0x0000302a | 0xff | 0xff
[OK ]  |  5419 | 0x0000302b | 0xff | 0xff
[OK ]  |  5420 | 0x0000302c | 0x4e | 0x4e
[OK ]  |  5421 | 0x0000302d | 0xde | 0xde
[OK ]  |  5422 | 0x0000302e | 0x00 | 0x00
[OK ]  |  5423 | 0x0000302f | 0x00 | 0x00
[OK ]  |  5424 | 0x00003030 | 0x9b | 0x9b
[OK ]  |  5425 | 0x00003031 | 0xb8 | 0xb8
[OK ]  |  5426 | 0x00003032 | 0xff | 0xff
[OK ]  |  5427 | 0x00003033 | 0xff | 0xff
[OK ]  |  5428 | 0x00003034 | 0xda | 0xda
[OK ]  |  5429 | 0x00003035 | 0xc5 | 0xc5
[OK ]  |  5430 | 0x00003036 | 0x00 | 0x00
[OK ]  |  5431 | 0x00003037 | 0x00 | 0x00
[OK ]  |  5432 | 0x00003038 | 0x55 | 0x55
[OK ]  |  5433 | 0x00003039 | 0xb6 | 0xb6
[OK ]  |  5434 | 0x0000303a | 0x00 | 0x00
[OK ]  |  5435 | 0x0000303b | 0x00 | 0x00
[OK ]  |  5436 | 0x0000303c | 0x3d | 0x3d
[OK ]  |  5437 | 0x0000303d | 0x04 | 0x04
[OK ]  |  5438 | 0x0000303e | 0x00 | 0x00
[OK ]  |  5439 | 0x0000303f | 0x00 | 0x00
[OK ]  |  5440 | 0x00003040 | 0xae | 0xae
[OK ]  |  5441 | 0x00003041 | 0xae | 0xae
[OK ]  |  5442 | 0x00003042 | 0x00 | 0x00
[OK ]  |  5443 | 0x00003043 | 0x00 | 0x00
[OK ]  |  5444 | 0x00003044 | 0x3e | 0x3e
[OK ]  |  5445 | 0x00003045 | 0x12 | 0x12
[OK ]  |  5446 | 0x00003046 | 0x00 | 0x00
[OK ]  |  5447 | 0x00003047 | 0x00 | 0x00
[OK ]  |  5448 | 0x00003048 | 0xd2 | 0xd2
[OK ]  |  5449 | 0x00003049 | 0x97 | 0x97
[OK ]  |  5450 | 0x0000304a | 0xff | 0xff
[OK ]  |  5451 | 0x0000304b | 0xff | 0xff
[OK ]  |  5452 | 0x0000304c | 0x74 | 0x74
[OK ]  |  5453 | 0x0000304d | 0xd2 | 0xd2
[OK ]  |  5454 | 0x0000304e | 0xff | 0xff
[OK ]  |  5455 | 0x0000304f | 0xff | 0xff
[OK ]  |  5456 | 0x00003050 | 0x9c | 0x9c
[OK ]  |  5457 | 0x00003051 | 0xb0 | 0xb0
[OK ]  |  5458 | 0x00003052 | 0xff | 0xff
[OK ]  |  5459 | 0x00003053 | 0xff | 0xff
[OK ]  |  5460 | 0x00003054 | 0x76 | 0x76
[OK ]  |  5461 | 0x00003055 | 0x42 | 0x42
[OK ]  |  5462 | 0x00003056 | 0xff | 0xff
[OK ]  |  5463 | 0x00003057 | 0xff | 0xff
[OK ]  |  5464 | 0x00003058 | 0x13 | 0x13
[OK ]  |  5465 | 0x00003059 | 0x7d | 0x7d
[OK ]  |  5466 | 0x0000305a | 0xff | 0xff
[OK ]  |  5467 | 0x0000305b | 0xff | 0xff
[OK ]  |  5468 | 0x0000305c | 0x53 | 0x53
[OK ]  |  5469 | 0x0000305d | 0xdb | 0xdb
[OK ]  |  5470 | 0x0000305e | 0xff | 0xff
[OK ]  |  5471 | 0x0000305f | 0xff | 0xff
[OK ]  |  5472 | 0x00003060 | 0x41 | 0x41
[OK ]  |  5473 | 0x00003061 | 0x00 | 0x00
[OK ]  |  5474 | 0x00003062 | 0x02 | 0x02
[OK ]  |  5475 | 0x00003063 | 0x00 | 0x00
[OK ]  |  5476 | 0x00003064 | 0xdc | 0xdc
[OK ]  |  5477 | 0x00003065 | 0x8c | 0x8c
[OK ]  |  5478 | 0x00003066 | 0xff | 0xff
[OK ]  |  5479 | 0x00003067 | 0xff | 0xff
[OK ]  |  5480 | 0x00003068 | 0x27 | 0x27
[OK ]  |  5481 | 0x00003069 | 0x04 | 0x04
[OK ]  |  5482 | 0x0000306a | 0x00 | 0x00
[OK ]  |  5483 | 0x0000306b | 0x00 | 0x00
[OK ]  |  5484 | 0x0000306c | 0x05 | 0x05
[OK ]  |  5485 | 0x0000306d | 0xd8 | 0xd8
[OK ]  |  5486 | 0x0000306e | 0xff | 0xff
[OK ]  |  5487 | 0x0000306f | 0xff | 0xff
[OK ]  |  5488 | 0x00003070 | 0xd2 | 0xd2
[OK ]  |  5489 | 0x00003071 | 0xb3 | 0xb3
[OK ]  |  5490 | 0x00003072 | 0xff | 0xff
[OK ]  |  5491 | 0x00003073 | 0xff | 0xff
[OK ]  |  5492 | 0x00003074 | 0xa3 | 0xa3
[OK ]  |  5493 | 0x00003075 | 0x23 | 0x23
[OK ]  |  5494 | 0x00003076 | 0xff | 0xff
[OK ]  |  5495 | 0x00003077 | 0xff | 0xff
[OK ]  |  5496 | 0x00003078 | 0x59 | 0x59
[OK ]  |  5497 | 0x00003079 | 0x7b | 0x7b
[OK ]  |  5498 | 0x0000307a | 0xff | 0xff
[OK ]  |  5499 | 0x0000307b | 0xff | 0xff
[OK ]  |  5500 | 0x0000307c | 0xe3 | 0xe3
[OK ]  |  5501 | 0x0000307d | 0xb5 | 0xb5
[OK ]  |  5502 | 0x0000307e | 0xfe | 0xfe
[OK ]  |  5503 | 0x0000307f | 0xff | 0xff
[OK ]  |  5504 | 0x00003080 | 0x20 | 0x20
[OK ]  |  5505 | 0x00003081 | 0xc2 | 0xc2
[OK ]  |  5506 | 0x00003082 | 0xff | 0xff
[OK ]  |  5507 | 0x00003083 | 0xff | 0xff
[OK ]  |  5508 | 0x00003084 | 0x59 | 0x59
[OK ]  |  5509 | 0x00003085 | 0x55 | 0x55
[OK ]  |  5510 | 0x00003086 | 0x00 | 0x00
[OK ]  |  5511 | 0x00003087 | 0x00 | 0x00
[OK ]  |  5512 | 0x00003088 | 0xc0 | 0xc0
[OK ]  |  5513 | 0x00003089 | 0x43 | 0x43
[OK ]  |  5514 | 0x0000308a | 0x00 | 0x00
[OK ]  |  5515 | 0x0000308b | 0x00 | 0x00
[OK ]  |  5516 | 0x0000308c | 0x42 | 0x42
[OK ]  |  5517 | 0x0000308d | 0x37 | 0x37
[OK ]  |  5518 | 0x0000308e | 0x00 | 0x00
[OK ]  |  5519 | 0x0000308f | 0x00 | 0x00
[OK ]  |  5520 | 0x00003090 | 0x4f | 0x4f
[OK ]  |  5521 | 0x00003091 | 0x3f | 0x3f
[OK ]  |  5522 | 0x00003092 | 0xff | 0xff
[OK ]  |  5523 | 0x00003093 | 0xff | 0xff
[OK ]  |  5524 | 0x00003094 | 0xde | 0xde
[OK ]  |  5525 | 0x00003095 | 0x7b | 0x7b
[OK ]  |  5526 | 0x00003096 | 0x00 | 0x00
[OK ]  |  5527 | 0x00003097 | 0x00 | 0x00
[OK ]  |  5528 | 0x00003098 | 0x8e | 0x8e
[OK ]  |  5529 | 0x00003099 | 0x4a | 0x4a
[OK ]  |  5530 | 0x0000309a | 0xff | 0xff
[OK ]  |  5531 | 0x0000309b | 0xff | 0xff
[OK ]  |  5532 | 0x0000309c | 0x42 | 0x42
[OK ]  |  5533 | 0x0000309d | 0x95 | 0x95
[OK ]  |  5534 | 0x0000309e | 0xff | 0xff
[OK ]  |  5535 | 0x0000309f | 0xff | 0xff
[OK ]  |  5536 | 0x000030a0 | 0xce | 0xce
[OK ]  |  5537 | 0x000030a1 | 0xd7 | 0xd7
[OK ]  |  5538 | 0x000030a2 | 0x00 | 0x00
[OK ]  |  5539 | 0x000030a3 | 0x00 | 0x00
[OK ]  |  5540 | 0x000030a4 | 0x15 | 0x15
[OK ]  |  5541 | 0x000030a5 | 0x3f | 0x3f
[OK ]  |  5542 | 0x000030a6 | 0x00 | 0x00
[OK ]  |  5543 | 0x000030a7 | 0x00 | 0x00
[OK ]  |  5544 | 0x000030a8 | 0x8b | 0x8b
[OK ]  |  5545 | 0x000030a9 | 0x58 | 0x58
[OK ]  |  5546 | 0x000030aa | 0xff | 0xff
[OK ]  |  5547 | 0x000030ab | 0xff | 0xff
[OK ]  |  5548 | 0x000030ac | 0x12 | 0x12
[OK ]  |  5549 | 0x000030ad | 0x83 | 0x83
[OK ]  |  5550 | 0x000030ae | 0xff | 0xff
[OK ]  |  5551 | 0x000030af | 0xff | 0xff
[OK ]  |  5552 | 0x000030b0 | 0x38 | 0x38
[OK ]  |  5553 | 0x000030b1 | 0xce | 0xce
[OK ]  |  5554 | 0x000030b2 | 0xff | 0xff
[OK ]  |  5555 | 0x000030b3 | 0xff | 0xff
[OK ]  |  5556 | 0x000030b4 | 0x31 | 0x31
[OK ]  |  5557 | 0x000030b5 | 0xdd | 0xdd
[OK ]  |  5558 | 0x000030b6 | 0xff | 0xff
[OK ]  |  5559 | 0x000030b7 | 0xff | 0xff
[OK ]  |  5560 | 0x000030b8 | 0xdd | 0xdd
[OK ]  |  5561 | 0x000030b9 | 0x13 | 0x13
[OK ]  |  5562 | 0x000030ba | 0x01 | 0x01
[OK ]  |  5563 | 0x000030bb | 0x00 | 0x00
[OK ]  |  5564 | 0x000030bc | 0x2f | 0x2f
[OK ]  |  5565 | 0x000030bd | 0x0a | 0x0a
[OK ]  |  5566 | 0x000030be | 0x00 | 0x00
[OK ]  |  5567 | 0x000030bf | 0x00 | 0x00
[OK ]  |  5568 | 0x000030c0 | 0xfb | 0xfb
[OK ]  |  5569 | 0x000030c1 | 0x04 | 0x04
[OK ]  |  5570 | 0x000030c2 | 0x00 | 0x00
[OK ]  |  5571 | 0x000030c3 | 0x00 | 0x00
[OK ]  |  5572 | 0x000030c4 | 0x2a | 0x2a
[OK ]  |  5573 | 0x000030c5 | 0x99 | 0x99
[OK ]  |  5574 | 0x000030c6 | 0x00 | 0x00
[OK ]  |  5575 | 0x000030c7 | 0x00 | 0x00
[OK ]  |  5576 | 0x000030c8 | 0xa1 | 0xa1
[OK ]  |  5577 | 0x000030c9 | 0xa3 | 0xa3
[OK ]  |  5578 | 0x000030ca | 0xfe | 0xfe
[OK ]  |  5579 | 0x000030cb | 0xff | 0xff
[OK ]  |  5580 | 0x000030cc | 0x1a | 0x1a
[OK ]  |  5581 | 0x000030cd | 0x72 | 0x72
[OK ]  |  5582 | 0x000030ce | 0x00 | 0x00
[OK ]  |  5583 | 0x000030cf | 0x00 | 0x00
[OK ]  |  5584 | 0x000030d0 | 0xce | 0xce
[OK ]  |  5585 | 0x000030d1 | 0xda | 0xda
[OK ]  |  5586 | 0x000030d2 | 0xff | 0xff
[OK ]  |  5587 | 0x000030d3 | 0xff | 0xff
[OK ]  |  5588 | 0x000030d4 | 0x61 | 0x61
[OK ]  |  5589 | 0x000030d5 | 0xa7 | 0xa7
[OK ]  |  5590 | 0x000030d6 | 0x00 | 0x00
[OK ]  |  5591 | 0x000030d7 | 0x00 | 0x00
[OK ]  |  5592 | 0x000030d8 | 0x4b | 0x4b
[OK ]  |  5593 | 0x000030d9 | 0x99 | 0x99
[OK ]  |  5594 | 0x000030da | 0xff | 0xff
[OK ]  |  5595 | 0x000030db | 0xff | 0xff
[OK ]  |  5596 | 0x000030dc | 0xc9 | 0xc9
[OK ]  |  5597 | 0x000030dd | 0x52 | 0x52
[OK ]  |  5598 | 0x000030de | 0x00 | 0x00
[OK ]  |  5599 | 0x000030df | 0x00 | 0x00
[OK ]  |  5600 | 0x000030e0 | 0x94 | 0x94
[OK ]  |  5601 | 0x000030e1 | 0x43 | 0x43
[OK ]  |  5602 | 0x000030e2 | 0x00 | 0x00
[OK ]  |  5603 | 0x000030e3 | 0x00 | 0x00
[OK ]  |  5604 | 0x000030e4 | 0xf1 | 0xf1
[OK ]  |  5605 | 0x000030e5 | 0x5b | 0x5b
[OK ]  |  5606 | 0x000030e6 | 0x00 | 0x00
[OK ]  |  5607 | 0x000030e7 | 0x00 | 0x00
[OK ]  |  5608 | 0x000030e8 | 0xd1 | 0xd1
[OK ]  |  5609 | 0x000030e9 | 0x9e | 0x9e
[OK ]  |  5610 | 0x000030ea | 0xff | 0xff
[OK ]  |  5611 | 0x000030eb | 0xff | 0xff
[OK ]  |  5612 | 0x000030ec | 0xd8 | 0xd8
[OK ]  |  5613 | 0x000030ed | 0x91 | 0x91
[OK ]  |  5614 | 0x000030ee | 0xff | 0xff
[OK ]  |  5615 | 0x000030ef | 0xff | 0xff
[OK ]  |  5616 | 0x000030f0 | 0x7b | 0x7b
[OK ]  |  5617 | 0x000030f1 | 0x65 | 0x65
[OK ]  |  5618 | 0x000030f2 | 0x00 | 0x00
[OK ]  |  5619 | 0x000030f3 | 0x00 | 0x00
[OK ]  |  5620 | 0x000030f4 | 0x3b | 0x3b
[OK ]  |  5621 | 0x000030f5 | 0x38 | 0x38
[OK ]  |  5622 | 0x000030f6 | 0x00 | 0x00
[OK ]  |  5623 | 0x000030f7 | 0x00 | 0x00
[OK ]  |  5624 | 0x000030f8 | 0xc4 | 0xc4
[OK ]  |  5625 | 0x000030f9 | 0xf1 | 0xf1
[OK ]  |  5626 | 0x000030fa | 0x00 | 0x00
[OK ]  |  5627 | 0x000030fb | 0x00 | 0x00
[OK ]  |  5628 | 0x000030fc | 0x8d | 0x8d
[OK ]  |  5629 | 0x000030fd | 0xe1 | 0xe1
[OK ]  |  5630 | 0x000030fe | 0x00 | 0x00
[OK ]  |  5631 | 0x000030ff | 0x00 | 0x00
[OK ]  |  5632 | 0x00003100 | 0x83 | 0x83
[OK ]  |  5633 | 0x00003101 | 0xcb | 0xcb
[OK ]  |  5634 | 0x00003102 | 0xff | 0xff
[OK ]  |  5635 | 0x00003103 | 0xff | 0xff
[OK ]  |  5636 | 0x00003104 | 0x6c | 0x6c
[OK ]  |  5637 | 0x00003105 | 0xa1 | 0xa1
[OK ]  |  5638 | 0x00003106 | 0xfe | 0xfe
[OK ]  |  5639 | 0x00003107 | 0xff | 0xff
[OK ]  |  5640 | 0x00003108 | 0x68 | 0x68
[OK ]  |  5641 | 0x00003109 | 0x2c | 0x2c
[OK ]  |  5642 | 0x0000310a | 0x01 | 0x01
[OK ]  |  5643 | 0x0000310b | 0x00 | 0x00
[OK ]  |  5644 | 0x0000310c | 0x16 | 0x16
[OK ]  |  5645 | 0x0000310d | 0x03 | 0x03
[OK ]  |  5646 | 0x0000310e | 0x01 | 0x01
[OK ]  |  5647 | 0x0000310f | 0x00 | 0x00
[OK ]  |  5648 | 0x00003110 | 0x0b | 0x0b
[OK ]  |  5649 | 0x00003111 | 0x6f | 0x6f
[OK ]  |  5650 | 0x00003112 | 0x00 | 0x00
[OK ]  |  5651 | 0x00003113 | 0x00 | 0x00
[OK ]  |  5652 | 0x00003114 | 0x51 | 0x51
[OK ]  |  5653 | 0x00003115 | 0x82 | 0x82
[OK ]  |  5654 | 0x00003116 | 0x00 | 0x00
[OK ]  |  5655 | 0x00003117 | 0x00 | 0x00
[OK ]  |  5656 | 0x00003118 | 0xcb | 0xcb
[OK ]  |  5657 | 0x00003119 | 0xf4 | 0xf4
[OK ]  |  5658 | 0x0000311a | 0xff | 0xff
[OK ]  |  5659 | 0x0000311b | 0xff | 0xff
[OK ]  |  5660 | 0x0000311c | 0x3c | 0x3c
[OK ]  |  5661 | 0x0000311d | 0xa3 | 0xa3
[OK ]  |  5662 | 0x0000311e | 0xff | 0xff
[OK ]  |  5663 | 0x0000311f | 0xff | 0xff
[OK ]  |  5664 | 0x00003120 | 0x62 | 0x62
[OK ]  |  5665 | 0x00003121 | 0x7b | 0x7b
[OK ]  |  5666 | 0x00003122 | 0x00 | 0x00
[OK ]  |  5667 | 0x00003123 | 0x00 | 0x00
[OK ]  |  5668 | 0x00003124 | 0x1c | 0x1c
[OK ]  |  5669 | 0x00003125 | 0xa6 | 0xa6
[OK ]  |  5670 | 0x00003126 | 0xff | 0xff
[OK ]  |  5671 | 0x00003127 | 0xff | 0xff
[OK ]  |  5672 | 0x00003128 | 0x12 | 0x12
[OK ]  |  5673 | 0x00003129 | 0x34 | 0x34
[OK ]  |  5674 | 0x0000312a | 0x00 | 0x00
[OK ]  |  5675 | 0x0000312b | 0x00 | 0x00
[OK ]  |  5676 | 0x0000312c | 0x3e | 0x3e
[OK ]  |  5677 | 0x0000312d | 0xc3 | 0xc3
[OK ]  |  5678 | 0x0000312e | 0xff | 0xff
[OK ]  |  5679 | 0x0000312f | 0xff | 0xff
[OK ]  |  5680 | 0x00003130 | 0xed | 0xed
[OK ]  |  5681 | 0x00003131 | 0x6f | 0x6f
[OK ]  |  5682 | 0x00003132 | 0xff | 0xff
[OK ]  |  5683 | 0x00003133 | 0xff | 0xff
[OK ]  |  5684 | 0x00003134 | 0x81 | 0x81
[OK ]  |  5685 | 0x00003135 | 0x47 | 0x47
[OK ]  |  5686 | 0x00003136 | 0x00 | 0x00
[OK ]  |  5687 | 0x00003137 | 0x00 | 0x00
[OK ]  |  5688 | 0x00003138 | 0x9a | 0x9a
[OK ]  |  5689 | 0x00003139 | 0xe2 | 0xe2
[OK ]  |  5690 | 0x0000313a | 0xff | 0xff
[OK ]  |  5691 | 0x0000313b | 0xff | 0xff
[OK ]  |  5692 | 0x0000313c | 0xb0 | 0xb0
[OK ]  |  5693 | 0x0000313d | 0x94 | 0x94
[OK ]  |  5694 | 0x0000313e | 0x00 | 0x00
[OK ]  |  5695 | 0x0000313f | 0x00 | 0x00
[OK ]  |  5696 | 0x00003140 | 0x24 | 0x24
[OK ]  |  5697 | 0x00003141 | 0x04 | 0x04
[OK ]  |  5698 | 0x00003142 | 0x00 | 0x00
[OK ]  |  5699 | 0x00003143 | 0x00 | 0x00
[OK ]  |  5700 | 0x00003144 | 0xde | 0xde
[OK ]  |  5701 | 0x00003145 | 0x32 | 0x32
[OK ]  |  5702 | 0x00003146 | 0x00 | 0x00
[OK ]  |  5703 | 0x00003147 | 0x00 | 0x00
[OK ]  |  5704 | 0x00003148 | 0xe7 | 0xe7
[OK ]  |  5705 | 0x00003149 | 0xbe | 0xbe
[OK ]  |  5706 | 0x0000314a | 0x00 | 0x00
[OK ]  |  5707 | 0x0000314b | 0x00 | 0x00
[OK ]  |  5708 | 0x0000314c | 0xdc | 0xdc
[OK ]  |  5709 | 0x0000314d | 0x3f | 0x3f
[OK ]  |  5710 | 0x0000314e | 0x01 | 0x01
[OK ]  |  5711 | 0x0000314f | 0x00 | 0x00
[OK ]  |  5712 | 0x00003150 | 0xd8 | 0xd8
[OK ]  |  5713 | 0x00003151 | 0x71 | 0x71
[OK ]  |  5714 | 0x00003152 | 0x00 | 0x00
[OK ]  |  5715 | 0x00003153 | 0x00 | 0x00
[OK ]  |  5716 | 0x00003154 | 0xfb | 0xfb
[OK ]  |  5717 | 0x00003155 | 0x55 | 0x55
[OK ]  |  5718 | 0x00003156 | 0x01 | 0x01
[OK ]  |  5719 | 0x00003157 | 0x00 | 0x00
[OK ]  |  5720 | 0x00003158 | 0x63 | 0x63
[OK ]  |  5721 | 0x00003159 | 0x3f | 0x3f
[OK ]  |  5722 | 0x0000315a | 0x00 | 0x00
[OK ]  |  5723 | 0x0000315b | 0x00 | 0x00
[OK ]  |  5724 | 0x0000315c | 0x0c | 0x0c
[OK ]  |  5725 | 0x0000315d | 0xe6 | 0xe6
[OK ]  |  5726 | 0x0000315e | 0x00 | 0x00
[OK ]  |  5727 | 0x0000315f | 0x00 | 0x00
[OK ]  |  5728 | 0x00003160 | 0x3e | 0x3e
[OK ]  |  5729 | 0x00003161 | 0xd9 | 0xd9
[OK ]  |  5730 | 0x00003162 | 0x00 | 0x00
[OK ]  |  5731 | 0x00003163 | 0x00 | 0x00
[OK ]  |  5732 | 0x00003164 | 0x56 | 0x56
[OK ]  |  5733 | 0x00003165 | 0x03 | 0x03
[OK ]  |  5734 | 0x00003166 | 0x01 | 0x01
[OK ]  |  5735 | 0x00003167 | 0x00 | 0x00
[OK ]  |  5736 | 0x00003168 | 0xc4 | 0xc4
[OK ]  |  5737 | 0x00003169 | 0xa4 | 0xa4
[OK ]  |  5738 | 0x0000316a | 0xff | 0xff
[OK ]  |  5739 | 0x0000316b | 0xff | 0xff
[OK ]  |  5740 | 0x0000316c | 0x23 | 0x23
[OK ]  |  5741 | 0x0000316d | 0x27 | 0x27
[OK ]  |  5742 | 0x0000316e | 0x00 | 0x00
[OK ]  |  5743 | 0x0000316f | 0x00 | 0x00
[OK ]  |  5744 | 0x00003170 | 0x5b | 0x5b
[OK ]  |  5745 | 0x00003171 | 0xe9 | 0xe9
[OK ]  |  5746 | 0x00003172 | 0xff | 0xff
[OK ]  |  5747 | 0x00003173 | 0xff | 0xff
[OK ]  |  5748 | 0x00003174 | 0xb0 | 0xb0
[OK ]  |  5749 | 0x00003175 | 0x5e | 0x5e
[OK ]  |  5750 | 0x00003176 | 0x00 | 0x00
[OK ]  |  5751 | 0x00003177 | 0x00 | 0x00
[OK ]  |  5752 | 0x00003178 | 0xda | 0xda
[OK ]  |  5753 | 0x00003179 | 0x06 | 0x06
[OK ]  |  5754 | 0x0000317a | 0x00 | 0x00
[OK ]  |  5755 | 0x0000317b | 0x00 | 0x00
[OK ]  |  5756 | 0x0000317c | 0x38 | 0x38
[OK ]  |  5757 | 0x0000317d | 0x11 | 0x11
[OK ]  |  5758 | 0x0000317e | 0x00 | 0x00
[OK ]  |  5759 | 0x0000317f | 0x00 | 0x00
[OK ]  |  5760 | 0x00003180 | 0xfb | 0xfb
[OK ]  |  5761 | 0x00003181 | 0xc1 | 0xc1
[OK ]  |  5762 | 0x00003182 | 0xff | 0xff
[OK ]  |  5763 | 0x00003183 | 0xff | 0xff
[OK ]  |  5764 | 0x00003184 | 0x56 | 0x56
[OK ]  |  5765 | 0x00003185 | 0xdb | 0xdb
[OK ]  |  5766 | 0x00003186 | 0xff | 0xff
[OK ]  |  5767 | 0x00003187 | 0xff | 0xff
[OK ]  |  5768 | 0x00003188 | 0x08 | 0x08
[OK ]  |  5769 | 0x00003189 | 0x4b | 0x4b
[OK ]  |  5770 | 0x0000318a | 0xff | 0xff
[OK ]  |  5771 | 0x0000318b | 0xff | 0xff
[OK ]  |  5772 | 0x0000318c | 0x03 | 0x03
[OK ]  |  5773 | 0x0000318d | 0x06 | 0x06
[OK ]  |  5774 | 0x0000318e | 0x00 | 0x00
[OK ]  |  5775 | 0x0000318f | 0x00 | 0x00
[OK ]  |  5776 | 0x00003190 | 0x60 | 0x60
[OK ]  |  5777 | 0x00003191 | 0x8b | 0x8b
[OK ]  |  5778 | 0x00003192 | 0x00 | 0x00
[OK ]  |  5779 | 0x00003193 | 0x00 | 0x00
[OK ]  |  5780 | 0x00003194 | 0x63 | 0x63
[OK ]  |  5781 | 0x00003195 | 0x24 | 0x24
[OK ]  |  5782 | 0x00003196 | 0x00 | 0x00
[OK ]  |  5783 | 0x00003197 | 0x00 | 0x00
[OK ]  |  5784 | 0x00003198 | 0x67 | 0x67
[OK ]  |  5785 | 0x00003199 | 0xdb | 0xdb
[OK ]  |  5786 | 0x0000319a | 0xff | 0xff
[OK ]  |  5787 | 0x0000319b | 0xff | 0xff
[OK ]  |  5788 | 0x0000319c | 0x90 | 0x90
[OK ]  |  5789 | 0x0000319d | 0x97 | 0x97
[OK ]  |  5790 | 0x0000319e | 0xff | 0xff
[OK ]  |  5791 | 0x0000319f | 0xff | 0xff
[OK ]  |  5792 | 0x000031a0 | 0xf8 | 0xf8
[OK ]  |  5793 | 0x000031a1 | 0xe2 | 0xe2
[OK ]  |  5794 | 0x000031a2 | 0xff | 0xff
[OK ]  |  5795 | 0x000031a3 | 0xff | 0xff
[OK ]  |  5796 | 0x000031a4 | 0xd9 | 0xd9
[OK ]  |  5797 | 0x000031a5 | 0x4c | 0x4c
[OK ]  |  5798 | 0x000031a6 | 0xff | 0xff
[OK ]  |  5799 | 0x000031a7 | 0xff | 0xff
[OK ]  |  5800 | 0x000031a8 | 0x6f | 0x6f
[OK ]  |  5801 | 0x000031a9 | 0x46 | 0x46
[OK ]  |  5802 | 0x000031aa | 0x00 | 0x00
[OK ]  |  5803 | 0x000031ab | 0x00 | 0x00
[OK ]  |  5804 | 0x000031ac | 0x6a | 0x6a
[OK ]  |  5805 | 0x000031ad | 0x60 | 0x60
[OK ]  |  5806 | 0x000031ae | 0xff | 0xff
[OK ]  |  5807 | 0x000031af | 0xff | 0xff
[OK ]  |  5808 | 0x000031b0 | 0xf1 | 0xf1
[OK ]  |  5809 | 0x000031b1 | 0xf4 | 0xf4
[OK ]  |  5810 | 0x000031b2 | 0xff | 0xff
[OK ]  |  5811 | 0x000031b3 | 0xff | 0xff
[OK ]  |  5812 | 0x000031b4 | 0x34 | 0x34
[OK ]  |  5813 | 0x000031b5 | 0x93 | 0x93
[OK ]  |  5814 | 0x000031b6 | 0xff | 0xff
[OK ]  |  5815 | 0x000031b7 | 0xff | 0xff
[OK ]  |  5816 | 0x000031b8 | 0x85 | 0x85
[OK ]  |  5817 | 0x000031b9 | 0x29 | 0x29
[OK ]  |  5818 | 0x000031ba | 0x00 | 0x00
[OK ]  |  5819 | 0x000031bb | 0x00 | 0x00
[OK ]  |  5820 | 0x000031bc | 0xa4 | 0xa4
[OK ]  |  5821 | 0x000031bd | 0xb7 | 0xb7
[OK ]  |  5822 | 0x000031be | 0x00 | 0x00
[OK ]  |  5823 | 0x000031bf | 0x00 | 0x00
[OK ]  |  5824 | 0x000031c0 | 0xc1 | 0xc1
[OK ]  |  5825 | 0x000031c1 | 0x55 | 0x55
[OK ]  |  5826 | 0x000031c2 | 0x00 | 0x00
[OK ]  |  5827 | 0x000031c3 | 0x00 | 0x00
[OK ]  |  5828 | 0x000031c4 | 0x0b | 0x0b
[OK ]  |  5829 | 0x000031c5 | 0xda | 0xda
[OK ]  |  5830 | 0x000031c6 | 0xff | 0xff
[OK ]  |  5831 | 0x000031c7 | 0xff | 0xff
[OK ]  |  5832 | 0x000031c8 | 0xb8 | 0xb8
[OK ]  |  5833 | 0x000031c9 | 0xab | 0xab
[OK ]  |  5834 | 0x000031ca | 0xff | 0xff
[OK ]  |  5835 | 0x000031cb | 0xff | 0xff
[OK ]  |  5836 | 0x000031cc | 0x76 | 0x76
[OK ]  |  5837 | 0x000031cd | 0xdb | 0xdb
[OK ]  |  5838 | 0x000031ce | 0xfe | 0xfe
[OK ]  |  5839 | 0x000031cf | 0xff | 0xff
[OK ]  |  5840 | 0x000031d0 | 0xce | 0xce
[OK ]  |  5841 | 0x000031d1 | 0x5c | 0x5c
[OK ]  |  5842 | 0x000031d2 | 0xff | 0xff
[OK ]  |  5843 | 0x000031d3 | 0xff | 0xff
[OK ]  |  5844 | 0x000031d4 | 0x4f | 0x4f
[OK ]  |  5845 | 0x000031d5 | 0x37 | 0x37
[OK ]  |  5846 | 0x000031d6 | 0xff | 0xff
[OK ]  |  5847 | 0x000031d7 | 0xff | 0xff
[OK ]  |  5848 | 0x000031d8 | 0xbd | 0xbd
[OK ]  |  5849 | 0x000031d9 | 0xd8 | 0xd8
[OK ]  |  5850 | 0x000031da | 0xff | 0xff
[OK ]  |  5851 | 0x000031db | 0xff | 0xff
[OK ]  |  5852 | 0x000031dc | 0x9e | 0x9e
[OK ]  |  5853 | 0x000031dd | 0xc5 | 0xc5
[OK ]  |  5854 | 0x000031de | 0xfe | 0xfe
[OK ]  |  5855 | 0x000031df | 0xff | 0xff
[OK ]  |  5856 | 0x000031e0 | 0xed | 0xed
[OK ]  |  5857 | 0x000031e1 | 0x7a | 0x7a
[OK ]  |  5858 | 0x000031e2 | 0x00 | 0x00
[OK ]  |  5859 | 0x000031e3 | 0x00 | 0x00
[OK ]  |  5860 | 0x000031e4 | 0xbd | 0xbd
[OK ]  |  5861 | 0x000031e5 | 0xd4 | 0xd4
[OK ]  |  5862 | 0x000031e6 | 0xff | 0xff
[OK ]  |  5863 | 0x000031e7 | 0xff | 0xff
[OK ]  |  5864 | 0x000031e8 | 0x6c | 0x6c
[OK ]  |  5865 | 0x000031e9 | 0xea | 0xea
[OK ]  |  5866 | 0x000031ea | 0xff | 0xff
[OK ]  |  5867 | 0x000031eb | 0xff | 0xff
[OK ]  |  5868 | 0x000031ec | 0x4b | 0x4b
[OK ]  |  5869 | 0x000031ed | 0xaf | 0xaf
[OK ]  |  5870 | 0x000031ee | 0x00 | 0x00
[OK ]  |  5871 | 0x000031ef | 0x00 | 0x00
[OK ]  |  5872 | 0x000031f0 | 0x33 | 0x33
[OK ]  |  5873 | 0x000031f1 | 0x57 | 0x57
[OK ]  |  5874 | 0x000031f2 | 0xff | 0xff
[OK ]  |  5875 | 0x000031f3 | 0xff | 0xff
[OK ]  |  5876 | 0x000031f4 | 0x55 | 0x55
[OK ]  |  5877 | 0x000031f5 | 0x1b | 0x1b
[OK ]  |  5878 | 0x000031f6 | 0xff | 0xff
[OK ]  |  5879 | 0x000031f7 | 0xff | 0xff
[OK ]  |  5880 | 0x000031f8 | 0x82 | 0x82
[OK ]  |  5881 | 0x000031f9 | 0x03 | 0x03
[OK ]  |  5882 | 0x000031fa | 0xff | 0xff
[OK ]  |  5883 | 0x000031fb | 0xff | 0xff
[OK ]  |  5884 | 0x000031fc | 0x6e | 0x6e
[OK ]  |  5885 | 0x000031fd | 0xe7 | 0xe7
[OK ]  |  5886 | 0x000031fe | 0x00 | 0x00
[OK ]  |  5887 | 0x000031ff | 0x00 | 0x00
[OK ]  |  5888 | 0x00003200 | 0x87 | 0x87
[OK ]  |  5889 | 0x00003201 | 0xe9 | 0xe9
[OK ]  |  5890 | 0x00003202 | 0xff | 0xff
[OK ]  |  5891 | 0x00003203 | 0xff | 0xff
[OK ]  |  5892 | 0x00003204 | 0x79 | 0x79
[OK ]  |  5893 | 0x00003205 | 0xc3 | 0xc3
[OK ]  |  5894 | 0x00003206 | 0xfe | 0xfe
[OK ]  |  5895 | 0x00003207 | 0xff | 0xff
[OK ]  |  5896 | 0x00003208 | 0x04 | 0x04
[OK ]  |  5897 | 0x00003209 | 0xfa | 0xfa
[OK ]  |  5898 | 0x0000320a | 0xfe | 0xfe
[OK ]  |  5899 | 0x0000320b | 0xff | 0xff
[OK ]  |  5900 | 0x0000320c | 0x82 | 0x82
[OK ]  |  5901 | 0x0000320d | 0x06 | 0x06
[OK ]  |  5902 | 0x0000320e | 0x00 | 0x00
[OK ]  |  5903 | 0x0000320f | 0x00 | 0x00
[OK ]  |  5904 | 0x00003210 | 0x7c | 0x7c
[OK ]  |  5905 | 0x00003211 | 0xc3 | 0xc3
[OK ]  |  5906 | 0x00003212 | 0x01 | 0x01
[OK ]  |  5907 | 0x00003213 | 0x00 | 0x00
[OK ]  |  5908 | 0x00003214 | 0xa9 | 0xa9
[OK ]  |  5909 | 0x00003215 | 0xca | 0xca
[OK ]  |  5910 | 0x00003216 | 0x00 | 0x00
[OK ]  |  5911 | 0x00003217 | 0x00 | 0x00
[OK ]  |  5912 | 0x00003218 | 0xd9 | 0xd9
[OK ]  |  5913 | 0x00003219 | 0x7a | 0x7a
[OK ]  |  5914 | 0x0000321a | 0xff | 0xff
[OK ]  |  5915 | 0x0000321b | 0xff | 0xff
[OK ]  |  5916 | 0x0000321c | 0x5b | 0x5b
[OK ]  |  5917 | 0x0000321d | 0xb8 | 0xb8
[OK ]  |  5918 | 0x0000321e | 0xff | 0xff
[OK ]  |  5919 | 0x0000321f | 0xff | 0xff
[OK ]  |  5920 | 0x00003220 | 0xdf | 0xdf
[OK ]  |  5921 | 0x00003221 | 0xb5 | 0xb5
[OK ]  |  5922 | 0x00003222 | 0xfe | 0xfe
[OK ]  |  5923 | 0x00003223 | 0xff | 0xff
[OK ]  |  5924 | 0x00003224 | 0xdf | 0xdf
[OK ]  |  5925 | 0x00003225 | 0x79 | 0x79
[OK ]  |  5926 | 0x00003226 | 0x00 | 0x00
[OK ]  |  5927 | 0x00003227 | 0x00 | 0x00
[OK ]  |  5928 | 0x00003228 | 0x98 | 0x98
[OK ]  |  5929 | 0x00003229 | 0x0b | 0x0b
[OK ]  |  5930 | 0x0000322a | 0xff | 0xff
[OK ]  |  5931 | 0x0000322b | 0xff | 0xff
[OK ]  |  5932 | 0x0000322c | 0xe7 | 0xe7
[OK ]  |  5933 | 0x0000322d | 0x92 | 0x92
[OK ]  |  5934 | 0x0000322e | 0xff | 0xff
[OK ]  |  5935 | 0x0000322f | 0xff | 0xff
[OK ]  |  5936 | 0x00003230 | 0x7f | 0x7f
[OK ]  |  5937 | 0x00003231 | 0x64 | 0x64
[OK ]  |  5938 | 0x00003232 | 0xff | 0xff
[OK ]  |  5939 | 0x00003233 | 0xff | 0xff
[OK ]  |  5940 | 0x00003234 | 0x1d | 0x1d
[OK ]  |  5941 | 0x00003235 | 0xb9 | 0xb9
[OK ]  |  5942 | 0x00003236 | 0xff | 0xff
[OK ]  |  5943 | 0x00003237 | 0xff | 0xff
[OK ]  |  5944 | 0x00003238 | 0x92 | 0x92
[OK ]  |  5945 | 0x00003239 | 0x80 | 0x80
[OK ]  |  5946 | 0x0000323a | 0x00 | 0x00
[OK ]  |  5947 | 0x0000323b | 0x00 | 0x00
[OK ]  |  5948 | 0x0000323c | 0xfe | 0xfe
[OK ]  |  5949 | 0x0000323d | 0x17 | 0x17
[OK ]  |  5950 | 0x0000323e | 0xff | 0xff
[OK ]  |  5951 | 0x0000323f | 0xff | 0xff
[OK ]  |  5952 | 0x00003240 | 0xb9 | 0xb9
[OK ]  |  5953 | 0x00003241 | 0xa7 | 0xa7
[OK ]  |  5954 | 0x00003242 | 0xff | 0xff
[OK ]  |  5955 | 0x00003243 | 0xff | 0xff
[OK ]  |  5956 | 0x00003244 | 0x4a | 0x4a
[OK ]  |  5957 | 0x00003245 | 0x67 | 0x67
[OK ]  |  5958 | 0x00003246 | 0xff | 0xff
[OK ]  |  5959 | 0x00003247 | 0xff | 0xff
[OK ]  |  5960 | 0x00003248 | 0x6d | 0x6d
[OK ]  |  5961 | 0x00003249 | 0x7c | 0x7c
[OK ]  |  5962 | 0x0000324a | 0x00 | 0x00
[OK ]  |  5963 | 0x0000324b | 0x00 | 0x00
[OK ]  |  5964 | 0x0000324c | 0x38 | 0x38
[OK ]  |  5965 | 0x0000324d | 0x6c | 0x6c
[OK ]  |  5966 | 0x0000324e | 0xfe | 0xfe
[OK ]  |  5967 | 0x0000324f | 0xff | 0xff
[OK ]  |  5968 | 0x00003250 | 0x87 | 0x87
[OK ]  |  5969 | 0x00003251 | 0xac | 0xac
[OK ]  |  5970 | 0x00003252 | 0xff | 0xff
[OK ]  |  5971 | 0x00003253 | 0xff | 0xff
[OK ]  |  5972 | 0x00003254 | 0x72 | 0x72
[OK ]  |  5973 | 0x00003255 | 0x4b | 0x4b
[OK ]  |  5974 | 0x00003256 | 0xff | 0xff
[OK ]  |  5975 | 0x00003257 | 0xff | 0xff
[OK ]  |  5976 | 0x00003258 | 0xda | 0xda
[OK ]  |  5977 | 0x00003259 | 0x14 | 0x14
[OK ]  |  5978 | 0x0000325a | 0xff | 0xff
[OK ]  |  5979 | 0x0000325b | 0xff | 0xff
[OK ]  |  5980 | 0x0000325c | 0x1d | 0x1d
[OK ]  |  5981 | 0x0000325d | 0xb0 | 0xb0
[OK ]  |  5982 | 0x0000325e | 0xff | 0xff
[OK ]  |  5983 | 0x0000325f | 0xff | 0xff
[OK ]  |  5984 | 0x00003260 | 0x9c | 0x9c
[OK ]  |  5985 | 0x00003261 | 0x64 | 0x64
[OK ]  |  5986 | 0x00003262 | 0xfe | 0xfe
[OK ]  |  5987 | 0x00003263 | 0xff | 0xff
[OK ]  |  5988 | 0x00003264 | 0x5e | 0x5e
[OK ]  |  5989 | 0x00003265 | 0xfb | 0xfb
[OK ]  |  5990 | 0x00003266 | 0xff | 0xff
[OK ]  |  5991 | 0x00003267 | 0xff | 0xff
[OK ]  |  5992 | 0x00003268 | 0x7f | 0x7f
[OK ]  |  5993 | 0x00003269 | 0xc9 | 0xc9
[OK ]  |  5994 | 0x0000326a | 0xff | 0xff
[OK ]  |  5995 | 0x0000326b | 0xff | 0xff
[OK ]  |  5996 | 0x0000326c | 0xde | 0xde
[OK ]  |  5997 | 0x0000326d | 0xd9 | 0xd9
[OK ]  |  5998 | 0x0000326e | 0x01 | 0x01
[OK ]  |  5999 | 0x0000326f | 0x00 | 0x00
[OK ]  |  6000 | 0x00003270 | 0xbb | 0xbb
[OK ]  |  6001 | 0x00003271 | 0x1d | 0x1d
[OK ]  |  6002 | 0x00003272 | 0xff | 0xff
[OK ]  |  6003 | 0x00003273 | 0xff | 0xff
[OK ]  |  6004 | 0x00003274 | 0x81 | 0x81
[OK ]  |  6005 | 0x00003275 | 0x0f | 0x0f
[OK ]  |  6006 | 0x00003276 | 0x00 | 0x00
[OK ]  |  6007 | 0x00003277 | 0x00 | 0x00
[OK ]  |  6008 | 0x00003278 | 0x85 | 0x85
[OK ]  |  6009 | 0x00003279 | 0x59 | 0x59
[OK ]  |  6010 | 0x0000327a | 0x00 | 0x00
[OK ]  |  6011 | 0x0000327b | 0x00 | 0x00
[OK ]  |  6012 | 0x0000327c | 0x92 | 0x92
[OK ]  |  6013 | 0x0000327d | 0xff | 0xff
[OK ]  |  6014 | 0x0000327e | 0xff | 0xff
[OK ]  |  6015 | 0x0000327f | 0xff | 0xff
[OK ]  |  6016 | 0x00003280 | 0xb3 | 0xb3
[OK ]  |  6017 | 0x00003281 | 0x23 | 0x23
[OK ]  |  6018 | 0x00003282 | 0x00 | 0x00
[OK ]  |  6019 | 0x00003283 | 0x00 | 0x00
[OK ]  |  6020 | 0x00003284 | 0xe3 | 0xe3
[OK ]  |  6021 | 0x00003285 | 0x42 | 0x42
[OK ]  |  6022 | 0x00003286 | 0xff | 0xff
[OK ]  |  6023 | 0x00003287 | 0xff | 0xff
[OK ]  |  6024 | 0x00003288 | 0x32 | 0x32
[OK ]  |  6025 | 0x00003289 | 0x07 | 0x07
[OK ]  |  6026 | 0x0000328a | 0x00 | 0x00
[OK ]  |  6027 | 0x0000328b | 0x00 | 0x00
[OK ]  |  6028 | 0x0000328c | 0xdd | 0xdd
[OK ]  |  6029 | 0x0000328d | 0xb7 | 0xb7
[OK ]  |  6030 | 0x0000328e | 0xff | 0xff
[OK ]  |  6031 | 0x0000328f | 0xff | 0xff
[OK ]  |  6032 | 0x00003290 | 0xca | 0xca
[OK ]  |  6033 | 0x00003291 | 0xaf | 0xaf
[OK ]  |  6034 | 0x00003292 | 0xff | 0xff
[OK ]  |  6035 | 0x00003293 | 0xff | 0xff
[OK ]  |  6036 | 0x00003294 | 0x41 | 0x41
[OK ]  |  6037 | 0x00003295 | 0x58 | 0x58
[OK ]  |  6038 | 0x00003296 | 0xff | 0xff
[OK ]  |  6039 | 0x00003297 | 0xff | 0xff
[OK ]  |  6040 | 0x00003298 | 0x1f | 0x1f
[OK ]  |  6041 | 0x00003299 | 0x9c | 0x9c
[OK ]  |  6042 | 0x0000329a | 0x00 | 0x00
[OK ]  |  6043 | 0x0000329b | 0x00 | 0x00
[OK ]  |  6044 | 0x0000329c | 0x81 | 0x81
[OK ]  |  6045 | 0x0000329d | 0xd9 | 0xd9
[OK ]  |  6046 | 0x0000329e | 0xff | 0xff
[OK ]  |  6047 | 0x0000329f | 0xff | 0xff
[OK ]  |  6048 | 0x000032a0 | 0x49 | 0x49
[OK ]  |  6049 | 0x000032a1 | 0x93 | 0x93
[OK ]  |  6050 | 0x000032a2 | 0x00 | 0x00
[OK ]  |  6051 | 0x000032a3 | 0x00 | 0x00
[OK ]  |  6052 | 0x000032a4 | 0x18 | 0x18
[OK ]  |  6053 | 0x000032a5 | 0xb2 | 0xb2
[OK ]  |  6054 | 0x000032a6 | 0xff | 0xff
[OK ]  |  6055 | 0x000032a7 | 0xff | 0xff
[OK ]  |  6056 | 0x000032a8 | 0x75 | 0x75
[OK ]  |  6057 | 0x000032a9 | 0xbb | 0xbb
[OK ]  |  6058 | 0x000032aa | 0xff | 0xff
[OK ]  |  6059 | 0x000032ab | 0xff | 0xff
[OK ]  |  6060 | 0x000032ac | 0x5a | 0x5a
[OK ]  |  6061 | 0x000032ad | 0xef | 0xef
[OK ]  |  6062 | 0x000032ae | 0xff | 0xff
[OK ]  |  6063 | 0x000032af | 0xff | 0xff
[OK ]  |  6064 | 0x000032b0 | 0xdb | 0xdb
[OK ]  |  6065 | 0x000032b1 | 0xa9 | 0xa9
[OK ]  |  6066 | 0x000032b2 | 0xff | 0xff
[OK ]  |  6067 | 0x000032b3 | 0xff | 0xff
[OK ]  |  6068 | 0x000032b4 | 0x50 | 0x50
[OK ]  |  6069 | 0x000032b5 | 0x8b | 0x8b
[OK ]  |  6070 | 0x000032b6 | 0xff | 0xff
[OK ]  |  6071 | 0x000032b7 | 0xff | 0xff
[OK ]  |  6072 | 0x000032b8 | 0xc0 | 0xc0
[OK ]  |  6073 | 0x000032b9 | 0xe8 | 0xe8
[OK ]  |  6074 | 0x000032ba | 0x00 | 0x00
[OK ]  |  6075 | 0x000032bb | 0x00 | 0x00
[OK ]  |  6076 | 0x000032bc | 0x55 | 0x55
[OK ]  |  6077 | 0x000032bd | 0x92 | 0x92
[OK ]  |  6078 | 0x000032be | 0x00 | 0x00
[OK ]  |  6079 | 0x000032bf | 0x00 | 0x00
[OK ]  |  6080 | 0x000032c0 | 0x05 | 0x05
[OK ]  |  6081 | 0x000032c1 | 0xa7 | 0xa7
[OK ]  |  6082 | 0x000032c2 | 0x00 | 0x00
[OK ]  |  6083 | 0x000032c3 | 0x00 | 0x00
[OK ]  |  6084 | 0x000032c4 | 0xe9 | 0xe9
[OK ]  |  6085 | 0x000032c5 | 0xab | 0xab
[OK ]  |  6086 | 0x000032c6 | 0xff | 0xff
[OK ]  |  6087 | 0x000032c7 | 0xff | 0xff
[OK ]  |  6088 | 0x000032c8 | 0x07 | 0x07
[OK ]  |  6089 | 0x000032c9 | 0xfe | 0xfe
[OK ]  |  6090 | 0x000032ca | 0xff | 0xff
[OK ]  |  6091 | 0x000032cb | 0xff | 0xff
[OK ]  |  6092 | 0x000032cc | 0x1e | 0x1e
[OK ]  |  6093 | 0x000032cd | 0x51 | 0x51
[OK ]  |  6094 | 0x000032ce | 0x00 | 0x00
[OK ]  |  6095 | 0x000032cf | 0x00 | 0x00
[OK ]  |  6096 | 0x000032d0 | 0x67 | 0x67
[OK ]  |  6097 | 0x000032d1 | 0xd1 | 0xd1
[OK ]  |  6098 | 0x000032d2 | 0x00 | 0x00
[OK ]  |  6099 | 0x000032d3 | 0x00 | 0x00
[OK ]  |  6100 | 0x000032d4 | 0x9f | 0x9f
[OK ]  |  6101 | 0x000032d5 | 0xc0 | 0xc0
[OK ]  |  6102 | 0x000032d6 | 0xff | 0xff
[OK ]  |  6103 | 0x000032d7 | 0xff | 0xff
[OK ]  |  6104 | 0x000032d8 | 0x82 | 0x82
[OK ]  |  6105 | 0x000032d9 | 0x41 | 0x41
[OK ]  |  6106 | 0x000032da | 0xff | 0xff
[OK ]  |  6107 | 0x000032db | 0xff | 0xff
[OK ]  |  6108 | 0x000032dc | 0x43 | 0x43
[OK ]  |  6109 | 0x000032dd | 0xe4 | 0xe4
[OK ]  |  6110 | 0x000032de | 0xfd | 0xfd
[OK ]  |  6111 | 0x000032df | 0xff | 0xff
[OK ]  |  6112 | 0x000032e0 | 0x99 | 0x99
[OK ]  |  6113 | 0x000032e1 | 0xf5 | 0xf5
[OK ]  |  6114 | 0x000032e2 | 0xff | 0xff
[OK ]  |  6115 | 0x000032e3 | 0xff | 0xff
[OK ]  |  6116 | 0x000032e4 | 0x27 | 0x27
[OK ]  |  6117 | 0x000032e5 | 0x6c | 0x6c
[OK ]  |  6118 | 0x000032e6 | 0xff | 0xff
[OK ]  |  6119 | 0x000032e7 | 0xff | 0xff
[OK ]  |  6120 | 0x000032e8 | 0xf5 | 0xf5
[OK ]  |  6121 | 0x000032e9 | 0x8d | 0x8d
[OK ]  |  6122 | 0x000032ea | 0x00 | 0x00
[OK ]  |  6123 | 0x000032eb | 0x00 | 0x00
[OK ]  |  6124 | 0x000032ec | 0x46 | 0x46
[OK ]  |  6125 | 0x000032ed | 0xb6 | 0xb6
[OK ]  |  6126 | 0x000032ee | 0x00 | 0x00
[OK ]  |  6127 | 0x000032ef | 0x00 | 0x00
[OK ]  |  6128 | 0x000032f0 | 0x5c | 0x5c
[OK ]  |  6129 | 0x000032f1 | 0x8d | 0x8d
[OK ]  |  6130 | 0x000032f2 | 0xff | 0xff
[OK ]  |  6131 | 0x000032f3 | 0xff | 0xff
[OK ]  |  6132 | 0x000032f4 | 0x79 | 0x79
[OK ]  |  6133 | 0x000032f5 | 0x4b | 0x4b
[OK ]  |  6134 | 0x000032f6 | 0x00 | 0x00
[OK ]  |  6135 | 0x000032f7 | 0x00 | 0x00
[OK ]  |  6136 | 0x000032f8 | 0xc5 | 0xc5
[OK ]  |  6137 | 0x000032f9 | 0xaf | 0xaf
[OK ]  |  6138 | 0x000032fa | 0xff | 0xff
[OK ]  |  6139 | 0x000032fb | 0xff | 0xff
[OK ]  |  6140 | 0x000032fc | 0x33 | 0x33
[OK ]  |  6141 | 0x000032fd | 0xb1 | 0xb1
[OK ]  |  6142 | 0x000032fe | 0xfe | 0xfe
[OK ]  |  6143 | 0x000032ff | 0xff | 0xff
[OK ]  |  6144 | 0x00003300 | 0x16 | 0x16
[OK ]  |  6145 | 0x00003301 | 0xef | 0xef
[OK ]  |  6146 | 0x00003302 | 0xff | 0xff
[OK ]  |  6147 | 0x00003303 | 0xff | 0xff
[OK ]  |  6148 | 0x00003304 | 0x9e | 0x9e
[OK ]  |  6149 | 0x00003305 | 0x15 | 0x15
[OK ]  |  6150 | 0x00003306 | 0x01 | 0x01
[OK ]  |  6151 | 0x00003307 | 0x00 | 0x00
[OK ]  |  6152 | 0x00003308 | 0xb9 | 0xb9
[OK ]  |  6153 | 0x00003309 | 0xd7 | 0xd7
[OK ]  |  6154 | 0x0000330a | 0x00 | 0x00
[OK ]  |  6155 | 0x0000330b | 0x00 | 0x00
[OK ]  |  6156 | 0x0000330c | 0x43 | 0x43
[OK ]  |  6157 | 0x0000330d | 0x3c | 0x3c
[OK ]  |  6158 | 0x0000330e | 0xfe | 0xfe
[OK ]  |  6159 | 0x0000330f | 0xff | 0xff
[OK ]  |  6160 | 0x00003310 | 0xdc | 0xdc
[OK ]  |  6161 | 0x00003311 | 0xa5 | 0xa5
[OK ]  |  6162 | 0x00003312 | 0xfe | 0xfe
[OK ]  |  6163 | 0x00003313 | 0xff | 0xff
[OK ]  |  6164 | 0x00003314 | 0xa4 | 0xa4
[OK ]  |  6165 | 0x00003315 | 0x1f | 0x1f
[OK ]  |  6166 | 0x00003316 | 0xff | 0xff
[OK ]  |  6167 | 0x00003317 | 0xff | 0xff
[OK ]  |  6168 | 0x00003318 | 0x38 | 0x38
[OK ]  |  6169 | 0x00003319 | 0x98 | 0x98
[OK ]  |  6170 | 0x0000331a | 0xff | 0xff
[OK ]  |  6171 | 0x0000331b | 0xff | 0xff
[OK ]  |  6172 | 0x0000331c | 0x1b | 0x1b
[OK ]  |  6173 | 0x0000331d | 0x1c | 0x1c
[OK ]  |  6174 | 0x0000331e | 0xff | 0xff
[OK ]  |  6175 | 0x0000331f | 0xff | 0xff
[OK ]  |  6176 | 0x00003320 | 0xee | 0xee
[OK ]  |  6177 | 0x00003321 | 0xba | 0xba
[OK ]  |  6178 | 0x00003322 | 0x00 | 0x00
[OK ]  |  6179 | 0x00003323 | 0x00 | 0x00
[OK ]  |  6180 | 0x00003324 | 0x9e | 0x9e
[OK ]  |  6181 | 0x00003325 | 0x92 | 0x92
[OK ]  |  6182 | 0x00003326 | 0x00 | 0x00
[OK ]  |  6183 | 0x00003327 | 0x00 | 0x00
[OK ]  |  6184 | 0x00003328 | 0xae | 0xae
[OK ]  |  6185 | 0x00003329 | 0x9a | 0x9a
[OK ]  |  6186 | 0x0000332a | 0xfe | 0xfe
[OK ]  |  6187 | 0x0000332b | 0xff | 0xff
[OK ]  |  6188 | 0x0000332c | 0xe3 | 0xe3
[OK ]  |  6189 | 0x0000332d | 0x96 | 0x96
[OK ]  |  6190 | 0x0000332e | 0xff | 0xff
[OK ]  |  6191 | 0x0000332f | 0xff | 0xff
[OK ]  |  6192 | 0x00003330 | 0x05 | 0x05
[OK ]  |  6193 | 0x00003331 | 0xf5 | 0xf5
[OK ]  |  6194 | 0x00003332 | 0x00 | 0x00
[OK ]  |  6195 | 0x00003333 | 0x00 | 0x00
[OK ]  |  6196 | 0x00003334 | 0x14 | 0x14
[OK ]  |  6197 | 0x00003335 | 0x1e | 0x1e
[OK ]  |  6198 | 0x00003336 | 0x00 | 0x00
[OK ]  |  6199 | 0x00003337 | 0x00 | 0x00
[OK ]  |  6200 | 0x00003338 | 0xa0 | 0xa0
[OK ]  |  6201 | 0x00003339 | 0x9f | 0x9f
[OK ]  |  6202 | 0x0000333a | 0xff | 0xff
[OK ]  |  6203 | 0x0000333b | 0xff | 0xff
[OK ]  |  6204 | 0x0000333c | 0x3f | 0x3f
[OK ]  |  6205 | 0x0000333d | 0xa4 | 0xa4
[OK ]  |  6206 | 0x0000333e | 0x00 | 0x00
[OK ]  |  6207 | 0x0000333f | 0x00 | 0x00
[OK ]  |  6208 | 0x00003340 | 0x06 | 0x06
[OK ]  |  6209 | 0x00003341 | 0xe2 | 0xe2
[OK ]  |  6210 | 0x00003342 | 0xff | 0xff
[OK ]  |  6211 | 0x00003343 | 0xff | 0xff
[OK ]  |  6212 | 0x00003344 | 0x7b | 0x7b
[OK ]  |  6213 | 0x00003345 | 0x68 | 0x68
[OK ]  |  6214 | 0x00003346 | 0xff | 0xff
[OK ]  |  6215 | 0x00003347 | 0xff | 0xff
[OK ]  |  6216 | 0x00003348 | 0xee | 0xee
[OK ]  |  6217 | 0x00003349 | 0xec | 0xec
[OK ]  |  6218 | 0x0000334a | 0xfe | 0xfe
[OK ]  |  6219 | 0x0000334b | 0xff | 0xff
[OK ]  |  6220 | 0x0000334c | 0x84 | 0x84
[OK ]  |  6221 | 0x0000334d | 0x50 | 0x50
[OK ]  |  6222 | 0x0000334e | 0x00 | 0x00
[OK ]  |  6223 | 0x0000334f | 0x00 | 0x00
[OK ]  |  6224 | 0x00003350 | 0x42 | 0x42
[OK ]  |  6225 | 0x00003351 | 0xf5 | 0xf5
[OK ]  |  6226 | 0x00003352 | 0xff | 0xff
[OK ]  |  6227 | 0x00003353 | 0xff | 0xff
[OK ]  |  6228 | 0x00003354 | 0x91 | 0x91
[OK ]  |  6229 | 0x00003355 | 0x2d | 0x2d
[OK ]  |  6230 | 0x00003356 | 0x00 | 0x00
[OK ]  |  6231 | 0x00003357 | 0x00 | 0x00
[OK ]  |  6232 | 0x00003358 | 0x6d | 0x6d
[OK ]  |  6233 | 0x00003359 | 0xc6 | 0xc6
[OK ]  |  6234 | 0x0000335a | 0xff | 0xff
[OK ]  |  6235 | 0x0000335b | 0xff | 0xff
[OK ]  |  6236 | 0x0000335c | 0xb7 | 0xb7
[OK ]  |  6237 | 0x0000335d | 0x9c | 0x9c
[OK ]  |  6238 | 0x0000335e | 0x00 | 0x00
[OK ]  |  6239 | 0x0000335f | 0x00 | 0x00
[OK ]  |  6240 | 0x00003360 | 0x71 | 0x71
[OK ]  |  6241 | 0x00003361 | 0x03 | 0x03
[OK ]  |  6242 | 0x00003362 | 0x01 | 0x01
[OK ]  |  6243 | 0x00003363 | 0x00 | 0x00
[OK ]  |  6244 | 0x00003364 | 0x01 | 0x01
[OK ]  |  6245 | 0x00003365 | 0x36 | 0x36
[OK ]  |  6246 | 0x00003366 | 0x00 | 0x00
[OK ]  |  6247 | 0x00003367 | 0x00 | 0x00
[OK ]  |  6248 | 0x00003368 | 0x69 | 0x69
[OK ]  |  6249 | 0x00003369 | 0xf7 | 0xf7
[OK ]  |  6250 | 0x0000336a | 0x00 | 0x00
[OK ]  |  6251 | 0x0000336b | 0x00 | 0x00
[OK ]  |  6252 | 0x0000336c | 0x24 | 0x24
[OK ]  |  6253 | 0x0000336d | 0x4a | 0x4a
[OK ]  |  6254 | 0x0000336e | 0x00 | 0x00
[OK ]  |  6255 | 0x0000336f | 0x00 | 0x00
[OK ]  |  6256 | 0x00003370 | 0x92 | 0x92
[OK ]  |  6257 | 0x00003371 | 0x64 | 0x64
[OK ]  |  6258 | 0x00003372 | 0xff | 0xff
[OK ]  |  6259 | 0x00003373 | 0xff | 0xff
[OK ]  |  6260 | 0x00003374 | 0xbf | 0xbf
[OK ]  |  6261 | 0x00003375 | 0x0b | 0x0b
[OK ]  |  6262 | 0x00003376 | 0x01 | 0x01
[OK ]  |  6263 | 0x00003377 | 0x00 | 0x00
[OK ]  |  6264 | 0x00003378 | 0x74 | 0x74
[OK ]  |  6265 | 0x00003379 | 0x1b | 0x1b
[OK ]  |  6266 | 0x0000337a | 0x00 | 0x00
[OK ]  |  6267 | 0x0000337b | 0x00 | 0x00
[OK ]  |  6268 | 0x0000337c | 0x8d | 0x8d
[OK ]  |  6269 | 0x0000337d | 0x09 | 0x09
[OK ]  |  6270 | 0x0000337e | 0x00 | 0x00
[OK ]  |  6271 | 0x0000337f | 0x00 | 0x00
[OK ]  |  6272 | 0x00003380 | 0x4d | 0x4d
[OK ]  |  6273 | 0x00003381 | 0x9c | 0x9c
[OK ]  |  6274 | 0x00003382 | 0xff | 0xff
[OK ]  |  6275 | 0x00003383 | 0xff | 0xff
[OK ]  |  6276 | 0x00003384 | 0x0a | 0x0a
[OK ]  |  6277 | 0x00003385 | 0x89 | 0x89
[OK ]  |  6278 | 0x00003386 | 0xff | 0xff
[OK ]  |  6279 | 0x00003387 | 0xff | 0xff
[OK ]  |  6280 | 0x00003388 | 0x03 | 0x03
[OK ]  |  6281 | 0x00003389 | 0x3f | 0x3f
[OK ]  |  6282 | 0x0000338a | 0x00 | 0x00
[OK ]  |  6283 | 0x0000338b | 0x00 | 0x00
[OK ]  |  6284 | 0x0000338c | 0x94 | 0x94
[OK ]  |  6285 | 0x0000338d | 0x60 | 0x60
[OK ]  |  6286 | 0x0000338e | 0x01 | 0x01
[OK ]  |  6287 | 0x0000338f | 0x00 | 0x00
[OK ]  |  6288 | 0x00003390 | 0xf0 | 0xf0
[OK ]  |  6289 | 0x00003391 | 0xa1 | 0xa1
[OK ]  |  6290 | 0x00003392 | 0xff | 0xff
[OK ]  |  6291 | 0x00003393 | 0xff | 0xff
[OK ]  |  6292 | 0x00003394 | 0x1a | 0x1a
[OK ]  |  6293 | 0x00003395 | 0xf7 | 0xf7
[OK ]  |  6294 | 0x00003396 | 0x00 | 0x00
[OK ]  |  6295 | 0x00003397 | 0x00 | 0x00
[OK ]  |  6296 | 0x00003398 | 0x34 | 0x34
[OK ]  |  6297 | 0x00003399 | 0x91 | 0x91
[OK ]  |  6298 | 0x0000339a | 0xff | 0xff
[OK ]  |  6299 | 0x0000339b | 0xff | 0xff
[OK ]  |  6300 | 0x0000339c | 0x78 | 0x78
[OK ]  |  6301 | 0x0000339d | 0x49 | 0x49
[OK ]  |  6302 | 0x0000339e | 0x00 | 0x00
[OK ]  |  6303 | 0x0000339f | 0x00 | 0x00
[OK ]  |  6304 | 0x000033a0 | 0xf8 | 0xf8
[OK ]  |  6305 | 0x000033a1 | 0x56 | 0x56
[OK ]  |  6306 | 0x000033a2 | 0x01 | 0x01
[OK ]  |  6307 | 0x000033a3 | 0x00 | 0x00
[OK ]  |  6308 | 0x000033a4 | 0x4b | 0x4b
[OK ]  |  6309 | 0x000033a5 | 0xb6 | 0xb6
[OK ]  |  6310 | 0x000033a6 | 0xff | 0xff
[OK ]  |  6311 | 0x000033a7 | 0xff | 0xff
[OK ]  |  6312 | 0x000033a8 | 0x94 | 0x94
[OK ]  |  6313 | 0x000033a9 | 0xd9 | 0xd9
[OK ]  |  6314 | 0x000033aa | 0x00 | 0x00
[OK ]  |  6315 | 0x000033ab | 0x00 | 0x00
[OK ]  |  6316 | 0x000033ac | 0x6d | 0x6d
[OK ]  |  6317 | 0x000033ad | 0xcf | 0xcf
[OK ]  |  6318 | 0x000033ae | 0xff | 0xff
[OK ]  |  6319 | 0x000033af | 0xff | 0xff
[OK ]  |  6320 | 0x000033b0 | 0x96 | 0x96
[OK ]  |  6321 | 0x000033b1 | 0x40 | 0x40
[OK ]  |  6322 | 0x000033b2 | 0x00 | 0x00
[OK ]  |  6323 | 0x000033b3 | 0x00 | 0x00
[OK ]  |  6324 | 0x000033b4 | 0x2d | 0x2d
[OK ]  |  6325 | 0x000033b5 | 0x95 | 0x95
[OK ]  |  6326 | 0x000033b6 | 0xfe | 0xfe
[OK ]  |  6327 | 0x000033b7 | 0xff | 0xff
[OK ]  |  6328 | 0x000033b8 | 0x1b | 0x1b
[OK ]  |  6329 | 0x000033b9 | 0xfa | 0xfa
[OK ]  |  6330 | 0x000033ba | 0xff | 0xff
[OK ]  |  6331 | 0x000033bb | 0xff | 0xff
[OK ]  |  6332 | 0x000033bc | 0x0f | 0x0f
[OK ]  |  6333 | 0x000033bd | 0xb1 | 0xb1
[OK ]  |  6334 | 0x000033be | 0xff | 0xff
[OK ]  |  6335 | 0x000033bf | 0xff | 0xff
[OK ]  |  6336 | 0x000033c0 | 0x38 | 0x38
[OK ]  |  6337 | 0x000033c1 | 0xb1 | 0xb1
[OK ]  |  6338 | 0x000033c2 | 0x01 | 0x01
[OK ]  |  6339 | 0x000033c3 | 0x00 | 0x00
[OK ]  |  6340 | 0x000033c4 | 0x3c | 0x3c
[OK ]  |  6341 | 0x000033c5 | 0xe3 | 0xe3
[OK ]  |  6342 | 0x000033c6 | 0xff | 0xff
[OK ]  |  6343 | 0x000033c7 | 0xff | 0xff
[OK ]  |  6344 | 0x000033c8 | 0x09 | 0x09
[OK ]  |  6345 | 0x000033c9 | 0xa6 | 0xa6
[OK ]  |  6346 | 0x000033ca | 0xfe | 0xfe
[OK ]  |  6347 | 0x000033cb | 0xff | 0xff
[OK ]  |  6348 | 0x000033cc | 0xf8 | 0xf8
[OK ]  |  6349 | 0x000033cd | 0x6a | 0x6a
[OK ]  |  6350 | 0x000033ce | 0xff | 0xff
[OK ]  |  6351 | 0x000033cf | 0xff | 0xff
[OK ]  |  6352 | 0x000033d0 | 0x6c | 0x6c
[OK ]  |  6353 | 0x000033d1 | 0xdf | 0xdf
[OK ]  |  6354 | 0x000033d2 | 0x00 | 0x00
[OK ]  |  6355 | 0x000033d3 | 0x00 | 0x00
[OK ]  |  6356 | 0x000033d4 | 0xa0 | 0xa0
[OK ]  |  6357 | 0x000033d5 | 0x63 | 0x63
[OK ]  |  6358 | 0x000033d6 | 0xff | 0xff
[OK ]  |  6359 | 0x000033d7 | 0xff | 0xff
[OK ]  |  6360 | 0x000033d8 | 0x0c | 0x0c
[OK ]  |  6361 | 0x000033d9 | 0xf4 | 0xf4
[OK ]  |  6362 | 0x000033da | 0xff | 0xff
[OK ]  |  6363 | 0x000033db | 0xff | 0xff
[OK ]  |  6364 | 0x000033dc | 0xbb | 0xbb
[OK ]  |  6365 | 0x000033dd | 0xc5 | 0xc5
[OK ]  |  6366 | 0x000033de | 0xff | 0xff
[OK ]  |  6367 | 0x000033df | 0xff | 0xff
[OK ]  |  6368 | 0x000033e0 | 0x92 | 0x92
[OK ]  |  6369 | 0x000033e1 | 0x6d | 0x6d
[OK ]  |  6370 | 0x000033e2 | 0x00 | 0x00
[OK ]  |  6371 | 0x000033e3 | 0x00 | 0x00
[OK ]  |  6372 | 0x000033e4 | 0x62 | 0x62
[OK ]  |  6373 | 0x000033e5 | 0xe3 | 0xe3
[OK ]  |  6374 | 0x000033e6 | 0xff | 0xff
[OK ]  |  6375 | 0x000033e7 | 0xff | 0xff
[OK ]  |  6376 | 0x000033e8 | 0x68 | 0x68
[OK ]  |  6377 | 0x000033e9 | 0xe4 | 0xe4
[OK ]  |  6378 | 0x000033ea | 0xff | 0xff
[OK ]  |  6379 | 0x000033eb | 0xff | 0xff
[OK ]  |  6380 | 0x000033ec | 0x02 | 0x02
[OK ]  |  6381 | 0x000033ed | 0x10 | 0x10
[OK ]  |  6382 | 0x000033ee | 0xff | 0xff
[OK ]  |  6383 | 0x000033ef | 0xff | 0xff
[OK ]  |  6384 | 0x000033f0 | 0xe7 | 0xe7
[OK ]  |  6385 | 0x000033f1 | 0xab | 0xab
[OK ]  |  6386 | 0x000033f2 | 0xff | 0xff
[OK ]  |  6387 | 0x000033f3 | 0xff | 0xff
[OK ]  |  6388 | 0x000033f4 | 0x7b | 0x7b
[OK ]  |  6389 | 0x000033f5 | 0xdf | 0xdf
[OK ]  |  6390 | 0x000033f6 | 0x00 | 0x00
[OK ]  |  6391 | 0x000033f7 | 0x00 | 0x00
[OK ]  |  6392 | 0x000033f8 | 0xd4 | 0xd4
[OK ]  |  6393 | 0x000033f9 | 0x19 | 0x19
[OK ]  |  6394 | 0x000033fa | 0x00 | 0x00
[OK ]  |  6395 | 0x000033fb | 0x00 | 0x00
[OK ]  |  6396 | 0x000033fc | 0xe8 | 0xe8
[OK ]  |  6397 | 0x000033fd | 0x62 | 0x62
[OK ]  |  6398 | 0x000033fe | 0xff | 0xff
[OK ]  |  6399 | 0x000033ff | 0xff | 0xff
[OK ]  |  6400 | 0x00003400 | 0x58 | 0x58
[OK ]  |  6401 | 0x00003401 | 0xc1 | 0xc1
[OK ]  |  6402 | 0x00003402 | 0xff | 0xff
[OK ]  |  6403 | 0x00003403 | 0xff | 0xff
[OK ]  |  6404 | 0x00003404 | 0x05 | 0x05
[OK ]  |  6405 | 0x00003405 | 0x0b | 0x0b
[OK ]  |  6406 | 0x00003406 | 0x00 | 0x00
[OK ]  |  6407 | 0x00003407 | 0x00 | 0x00
[OK ]  |  6408 | 0x00003408 | 0xd2 | 0xd2
[OK ]  |  6409 | 0x00003409 | 0x1f | 0x1f
[OK ]  |  6410 | 0x0000340a | 0x01 | 0x01
[OK ]  |  6411 | 0x0000340b | 0x00 | 0x00
[OK ]  |  6412 | 0x0000340c | 0x49 | 0x49
[OK ]  |  6413 | 0x0000340d | 0xf1 | 0xf1
[OK ]  |  6414 | 0x0000340e | 0xff | 0xff
[OK ]  |  6415 | 0x0000340f | 0xff | 0xff
[OK ]  |  6416 | 0x00003410 | 0x08 | 0x08
[OK ]  |  6417 | 0x00003411 | 0x2e | 0x2e
[OK ]  |  6418 | 0x00003412 | 0x00 | 0x00
[OK ]  |  6419 | 0x00003413 | 0x00 | 0x00
[OK ]  |  6420 | 0x00003414 | 0xa2 | 0xa2
[OK ]  |  6421 | 0x00003415 | 0xc0 | 0xc0
[OK ]  |  6422 | 0x00003416 | 0x00 | 0x00
[OK ]  |  6423 | 0x00003417 | 0x00 | 0x00
[OK ]  |  6424 | 0x00003418 | 0x50 | 0x50
[OK ]  |  6425 | 0x00003419 | 0xf1 | 0xf1
[OK ]  |  6426 | 0x0000341a | 0xff | 0xff
[OK ]  |  6427 | 0x0000341b | 0xff | 0xff
[OK ]  |  6428 | 0x0000341c | 0x9d | 0x9d
[OK ]  |  6429 | 0x0000341d | 0xd1 | 0xd1
[OK ]  |  6430 | 0x0000341e | 0x00 | 0x00
[OK ]  |  6431 | 0x0000341f | 0x00 | 0x00
[OK ]  |  6432 | 0x00003420 | 0xed | 0xed
[OK ]  |  6433 | 0x00003421 | 0x4a | 0x4a
[OK ]  |  6434 | 0x00003422 | 0x00 | 0x00
[OK ]  |  6435 | 0x00003423 | 0x00 | 0x00
[OK ]  |  6436 | 0x00003424 | 0x60 | 0x60
[OK ]  |  6437 | 0x00003425 | 0x4c | 0x4c
[OK ]  |  6438 | 0x00003426 | 0x00 | 0x00
[OK ]  |  6439 | 0x00003427 | 0x00 | 0x00
[OK ]  |  6440 | 0x00003428 | 0x85 | 0x85
[OK ]  |  6441 | 0x00003429 | 0xb4 | 0xb4
[OK ]  |  6442 | 0x0000342a | 0xff | 0xff
[OK ]  |  6443 | 0x0000342b | 0xff | 0xff
[OK ]  |  6444 | 0x0000342c | 0xfe | 0xfe
[OK ]  |  6445 | 0x0000342d | 0x08 | 0x08
[OK ]  |  6446 | 0x0000342e | 0x00 | 0x00
[OK ]  |  6447 | 0x0000342f | 0x00 | 0x00
[OK ]  |  6448 | 0x00003430 | 0xaa | 0xaa
[OK ]  |  6449 | 0x00003431 | 0xe5 | 0xe5
[OK ]  |  6450 | 0x00003432 | 0xff | 0xff
[OK ]  |  6451 | 0x00003433 | 0xff | 0xff
[OK ]  |  6452 | 0x00003434 | 0x38 | 0x38
[OK ]  |  6453 | 0x00003435 | 0xae | 0xae
[OK ]  |  6454 | 0x00003436 | 0xfe | 0xfe
[OK ]  |  6455 | 0x00003437 | 0xff | 0xff
[OK ]  |  6456 | 0x00003438 | 0xb5 | 0xb5
[OK ]  |  6457 | 0x00003439 | 0x50 | 0x50
[OK ]  |  6458 | 0x0000343a | 0x00 | 0x00
[OK ]  |  6459 | 0x0000343b | 0x00 | 0x00
[OK ]  |  6460 | 0x0000343c | 0x38 | 0x38
[OK ]  |  6461 | 0x0000343d | 0x5f | 0x5f
[OK ]  |  6462 | 0x0000343e | 0xff | 0xff
[OK ]  |  6463 | 0x0000343f | 0xff | 0xff
[OK ]  |  6464 | 0x00003440 | 0x50 | 0x50
[OK ]  |  6465 | 0x00003441 | 0x0f | 0x0f
[OK ]  |  6466 | 0x00003442 | 0x01 | 0x01
[OK ]  |  6467 | 0x00003443 | 0x00 | 0x00
[OK ]  |  6468 | 0x00003444 | 0x1f | 0x1f
[OK ]  |  6469 | 0x00003445 | 0x1d | 0x1d
[OK ]  |  6470 | 0x00003446 | 0x00 | 0x00
[OK ]  |  6471 | 0x00003447 | 0x00 | 0x00
[OK ]  |  6472 | 0x00003448 | 0xbc | 0xbc
[OK ]  |  6473 | 0x00003449 | 0xa6 | 0xa6
[OK ]  |  6474 | 0x0000344a | 0xff | 0xff
[OK ]  |  6475 | 0x0000344b | 0xff | 0xff
[OK ]  |  6476 | 0x0000344c | 0x9f | 0x9f
[OK ]  |  6477 | 0x0000344d | 0x0c | 0x0c
[OK ]  |  6478 | 0x0000344e | 0xff | 0xff
[OK ]  |  6479 | 0x0000344f | 0xff | 0xff
[OK ]  |  6480 | 0x00003450 | 0x53 | 0x53
[OK ]  |  6481 | 0x00003451 | 0xa2 | 0xa2
[OK ]  |  6482 | 0x00003452 | 0xff | 0xff
[OK ]  |  6483 | 0x00003453 | 0xff | 0xff
[OK ]  |  6484 | 0x00003454 | 0x04 | 0x04
[OK ]  |  6485 | 0x00003455 | 0x55 | 0x55
[OK ]  |  6486 | 0x00003456 | 0xff | 0xff
[OK ]  |  6487 | 0x00003457 | 0xff | 0xff
[OK ]  |  6488 | 0x00003458 | 0x45 | 0x45
[OK ]  |  6489 | 0x00003459 | 0x07 | 0x07
[OK ]  |  6490 | 0x0000345a | 0x00 | 0x00
[OK ]  |  6491 | 0x0000345b | 0x00 | 0x00
[OK ]  |  6492 | 0x0000345c | 0x91 | 0x91
[OK ]  |  6493 | 0x0000345d | 0x3a | 0x3a
[OK ]  |  6494 | 0x0000345e | 0xfe | 0xfe
[OK ]  |  6495 | 0x0000345f | 0xff | 0xff
[OK ]  |  6496 | 0x00003460 | 0xa1 | 0xa1
[OK ]  |  6497 | 0x00003461 | 0xa4 | 0xa4
[OK ]  |  6498 | 0x00003462 | 0xff | 0xff
[OK ]  |  6499 | 0x00003463 | 0xff | 0xff
[OK ]  |  6500 | 0x00003464 | 0x52 | 0x52
[OK ]  |  6501 | 0x00003465 | 0xa2 | 0xa2
[OK ]  |  6502 | 0x00003466 | 0xff | 0xff
[OK ]  |  6503 | 0x00003467 | 0xff | 0xff
[OK ]  |  6504 | 0x00003468 | 0x9a | 0x9a
[OK ]  |  6505 | 0x00003469 | 0x07 | 0x07
[OK ]  |  6506 | 0x0000346a | 0xff | 0xff
[OK ]  |  6507 | 0x0000346b | 0xff | 0xff
[OK ]  |  6508 | 0x0000346c | 0xf1 | 0xf1
[OK ]  |  6509 | 0x0000346d | 0xf1 | 0xf1
[OK ]  |  6510 | 0x0000346e | 0xff | 0xff
[OK ]  |  6511 | 0x0000346f | 0xff | 0xff
[OK ]  |  6512 | 0x00003470 | 0x4a | 0x4a
[OK ]  |  6513 | 0x00003471 | 0x07 | 0x07
[OK ]  |  6514 | 0x00003472 | 0x00 | 0x00
[OK ]  |  6515 | 0x00003473 | 0x00 | 0x00
[OK ]  |  6516 | 0x00003474 | 0x3f | 0x3f
[OK ]  |  6517 | 0x00003475 | 0xb7 | 0xb7
[OK ]  |  6518 | 0x00003476 | 0xff | 0xff
[OK ]  |  6519 | 0x00003477 | 0xff | 0xff
[OK ]  |  6520 | 0x00003478 | 0x2d | 0x2d
[OK ]  |  6521 | 0x00003479 | 0xc6 | 0xc6
[OK ]  |  6522 | 0x0000347a | 0xff | 0xff
[OK ]  |  6523 | 0x0000347b | 0xff | 0xff
[OK ]  |  6524 | 0x0000347c | 0x34 | 0x34
[OK ]  |  6525 | 0x0000347d | 0x57 | 0x57
[OK ]  |  6526 | 0x0000347e | 0x00 | 0x00
[OK ]  |  6527 | 0x0000347f | 0x00 | 0x00
[OK ]  |  6528 | 0x00003480 | 0x36 | 0x36
[OK ]  |  6529 | 0x00003481 | 0xa3 | 0xa3
[OK ]  |  6530 | 0x00003482 | 0xff | 0xff
[OK ]  |  6531 | 0x00003483 | 0xff | 0xff
[OK ]  |  6532 | 0x00003484 | 0x65 | 0x65
[OK ]  |  6533 | 0x00003485 | 0xfb | 0xfb
[OK ]  |  6534 | 0x00003486 | 0xfe | 0xfe
[OK ]  |  6535 | 0x00003487 | 0xff | 0xff
[OK ]  |  6536 | 0x00003488 | 0x68 | 0x68
[OK ]  |  6537 | 0x00003489 | 0x0a | 0x0a
[OK ]  |  6538 | 0x0000348a | 0x00 | 0x00
[OK ]  |  6539 | 0x0000348b | 0x00 | 0x00
[OK ]  |  6540 | 0x0000348c | 0xa0 | 0xa0
[OK ]  |  6541 | 0x0000348d | 0x0e | 0x0e
[OK ]  |  6542 | 0x0000348e | 0x00 | 0x00
[OK ]  |  6543 | 0x0000348f | 0x00 | 0x00
[OK ]  |  6544 | 0x00003490 | 0xf3 | 0xf3
[OK ]  |  6545 | 0x00003491 | 0xce | 0xce
[OK ]  |  6546 | 0x00003492 | 0xff | 0xff
[OK ]  |  6547 | 0x00003493 | 0xff | 0xff
[OK ]  |  6548 | 0x00003494 | 0x9a | 0x9a
[OK ]  |  6549 | 0x00003495 | 0x74 | 0x74
[OK ]  |  6550 | 0x00003496 | 0x00 | 0x00
[OK ]  |  6551 | 0x00003497 | 0x00 | 0x00
[OK ]  |  6552 | 0x00003498 | 0x2f | 0x2f
[OK ]  |  6553 | 0x00003499 | 0xe9 | 0xe9
[OK ]  |  6554 | 0x0000349a | 0xff | 0xff
[OK ]  |  6555 | 0x0000349b | 0xff | 0xff
[OK ]  |  6556 | 0x0000349c | 0x73 | 0x73
[OK ]  |  6557 | 0x0000349d | 0x15 | 0x15
[OK ]  |  6558 | 0x0000349e | 0xff | 0xff
[OK ]  |  6559 | 0x0000349f | 0xff | 0xff
[OK ]  |  6560 | 0x000034a0 | 0x53 | 0x53
[OK ]  |  6561 | 0x000034a1 | 0x7b | 0x7b
[OK ]  |  6562 | 0x000034a2 | 0xff | 0xff
[OK ]  |  6563 | 0x000034a3 | 0xff | 0xff
[OK ]  |  6564 | 0x000034a4 | 0x79 | 0x79
[OK ]  |  6565 | 0x000034a5 | 0xb1 | 0xb1
[OK ]  |  6566 | 0x000034a6 | 0x00 | 0x00
[OK ]  |  6567 | 0x000034a7 | 0x00 | 0x00
[OK ]  |  6568 | 0x000034a8 | 0xd0 | 0xd0
[OK ]  |  6569 | 0x000034a9 | 0xf6 | 0xf6
[OK ]  |  6570 | 0x000034aa | 0x00 | 0x00
[OK ]  |  6571 | 0x000034ab | 0x00 | 0x00
[OK ]  |  6572 | 0x000034ac | 0x94 | 0x94
[OK ]  |  6573 | 0x000034ad | 0x83 | 0x83
[OK ]  |  6574 | 0x000034ae | 0xff | 0xff
[OK ]  |  6575 | 0x000034af | 0xff | 0xff
[OK ]  |  6576 | 0x000034b0 | 0xb6 | 0xb6
[OK ]  |  6577 | 0x000034b1 | 0x31 | 0x31
[OK ]  |  6578 | 0x000034b2 | 0xff | 0xff
[OK ]  |  6579 | 0x000034b3 | 0xff | 0xff
[OK ]  |  6580 | 0x000034b4 | 0x85 | 0x85
[OK ]  |  6581 | 0x000034b5 | 0x96 | 0x96
[OK ]  |  6582 | 0x000034b6 | 0x00 | 0x00
[OK ]  |  6583 | 0x000034b7 | 0x00 | 0x00
[OK ]  |  6584 | 0x000034b8 | 0x56 | 0x56
[OK ]  |  6585 | 0x000034b9 | 0xd7 | 0xd7
[OK ]  |  6586 | 0x000034ba | 0xfe | 0xfe
[OK ]  |  6587 | 0x000034bb | 0xff | 0xff
[OK ]  |  6588 | 0x000034bc | 0xb8 | 0xb8
[OK ]  |  6589 | 0x000034bd | 0x4a | 0x4a
[OK ]  |  6590 | 0x000034be | 0xff | 0xff
[OK ]  |  6591 | 0x000034bf | 0xff | 0xff
[OK ]  |  6592 | 0x000034c0 | 0xde | 0xde
[OK ]  |  6593 | 0x000034c1 | 0x22 | 0x22
[OK ]  |  6594 | 0x000034c2 | 0x00 | 0x00
[OK ]  |  6595 | 0x000034c3 | 0x00 | 0x00
[OK ]  |  6596 | 0x000034c4 | 0x2d | 0x2d
[OK ]  |  6597 | 0x000034c5 | 0xd2 | 0xd2
[OK ]  |  6598 | 0x000034c6 | 0x01 | 0x01
[OK ]  |  6599 | 0x000034c7 | 0x00 | 0x00
[OK ]  |  6600 | 0x000034c8 | 0x89 | 0x89
[OK ]  |  6601 | 0x000034c9 | 0xe3 | 0xe3
[OK ]  |  6602 | 0x000034ca | 0x00 | 0x00
[OK ]  |  6603 | 0x000034cb | 0x00 | 0x00
[OK ]  |  6604 | 0x000034cc | 0x8d | 0x8d
[OK ]  |  6605 | 0x000034cd | 0x5f | 0x5f
[OK ]  |  6606 | 0x000034ce | 0xff | 0xff
[OK ]  |  6607 | 0x000034cf | 0xff | 0xff
[OK ]  |  6608 | 0x000034d0 | 0xfe | 0xfe
[OK ]  |  6609 | 0x000034d1 | 0xc7 | 0xc7
[OK ]  |  6610 | 0x000034d2 | 0xfd | 0xfd
[OK ]  |  6611 | 0x000034d3 | 0xff | 0xff
[OK ]  |  6612 | 0x000034d4 | 0xae | 0xae
[OK ]  |  6613 | 0x000034d5 | 0xb6 | 0xb6
[OK ]  |  6614 | 0x000034d6 | 0x00 | 0x00
[OK ]  |  6615 | 0x000034d7 | 0x00 | 0x00
[OK ]  |  6616 | 0x000034d8 | 0x17 | 0x17
[OK ]  |  6617 | 0x000034d9 | 0x5e | 0x5e
[OK ]  |  6618 | 0x000034da | 0xff | 0xff
[OK ]  |  6619 | 0x000034db | 0xff | 0xff
[OK ]  |  6620 | 0x000034dc | 0x3e | 0x3e
[OK ]  |  6621 | 0x000034dd | 0x3a | 0x3a
[OK ]  |  6622 | 0x000034de | 0x00 | 0x00
[OK ]  |  6623 | 0x000034df | 0x00 | 0x00
[OK ]  |  6624 | 0x000034e0 | 0x8c | 0x8c
[OK ]  |  6625 | 0x000034e1 | 0x54 | 0x54
[OK ]  |  6626 | 0x000034e2 | 0x00 | 0x00
[OK ]  |  6627 | 0x000034e3 | 0x00 | 0x00
[OK ]  |  6628 | 0x000034e4 | 0xfb | 0xfb
[OK ]  |  6629 | 0x000034e5 | 0x01 | 0x01
[OK ]  |  6630 | 0x000034e6 | 0x00 | 0x00
[OK ]  |  6631 | 0x000034e7 | 0x00 | 0x00
[OK ]  |  6632 | 0x000034e8 | 0xfe | 0xfe
[OK ]  |  6633 | 0x000034e9 | 0x54 | 0x54
[OK ]  |  6634 | 0x000034ea | 0x00 | 0x00
[OK ]  |  6635 | 0x000034eb | 0x00 | 0x00
[OK ]  |  6636 | 0x000034ec | 0x9d | 0x9d
[OK ]  |  6637 | 0x000034ed | 0x2b | 0x2b
[OK ]  |  6638 | 0x000034ee | 0xff | 0xff
[OK ]  |  6639 | 0x000034ef | 0xff | 0xff
[OK ]  |  6640 | 0x000034f0 | 0x13 | 0x13
[OK ]  |  6641 | 0x000034f1 | 0x89 | 0x89
[OK ]  |  6642 | 0x000034f2 | 0x00 | 0x00
[OK ]  |  6643 | 0x000034f3 | 0x00 | 0x00
[OK ]  |  6644 | 0x000034f4 | 0x95 | 0x95
[OK ]  |  6645 | 0x000034f5 | 0x57 | 0x57
[OK ]  |  6646 | 0x000034f6 | 0x00 | 0x00
[OK ]  |  6647 | 0x000034f7 | 0x00 | 0x00
[OK ]  |  6648 | 0x000034f8 | 0x95 | 0x95
[OK ]  |  6649 | 0x000034f9 | 0x3e | 0x3e
[OK ]  |  6650 | 0x000034fa | 0x00 | 0x00
[OK ]  |  6651 | 0x000034fb | 0x00 | 0x00
[OK ]  |  6652 | 0x000034fc | 0xbb | 0xbb
[OK ]  |  6653 | 0x000034fd | 0xf4 | 0xf4
[OK ]  |  6654 | 0x000034fe | 0xff | 0xff
[OK ]  |  6655 | 0x000034ff | 0xff | 0xff
[OK ]  |  6656 | 0x00003500 | 0x7e | 0x7e
[OK ]  |  6657 | 0x00003501 | 0xa7 | 0xa7
[OK ]  |  6658 | 0x00003502 | 0xff | 0xff
[OK ]  |  6659 | 0x00003503 | 0xff | 0xff
[OK ]  |  6660 | 0x00003504 | 0x49 | 0x49
[OK ]  |  6661 | 0x00003505 | 0x0e | 0x0e
[OK ]  |  6662 | 0x00003506 | 0x00 | 0x00
[OK ]  |  6663 | 0x00003507 | 0x00 | 0x00
[OK ]  |  6664 | 0x00003508 | 0xcc | 0xcc
[OK ]  |  6665 | 0x00003509 | 0x93 | 0x93
[OK ]  |  6666 | 0x0000350a | 0xff | 0xff
[OK ]  |  6667 | 0x0000350b | 0xff | 0xff
[OK ]  |  6668 | 0x0000350c | 0x26 | 0x26
[OK ]  |  6669 | 0x0000350d | 0x77 | 0x77
[OK ]  |  6670 | 0x0000350e | 0x00 | 0x00
[OK ]  |  6671 | 0x0000350f | 0x00 | 0x00
[OK ]  |  6672 | 0x00003510 | 0x99 | 0x99
[OK ]  |  6673 | 0x00003511 | 0xf9 | 0xf9
[OK ]  |  6674 | 0x00003512 | 0xff | 0xff
[OK ]  |  6675 | 0x00003513 | 0xff | 0xff
[OK ]  |  6676 | 0x00003514 | 0x2d | 0x2d
[OK ]  |  6677 | 0x00003515 | 0x18 | 0x18
[OK ]  |  6678 | 0x00003516 | 0x00 | 0x00
[OK ]  |  6679 | 0x00003517 | 0x00 | 0x00
[OK ]  |  6680 | 0x00003518 | 0x5d | 0x5d
[OK ]  |  6681 | 0x00003519 | 0x99 | 0x99
[OK ]  |  6682 | 0x0000351a | 0xfe | 0xfe
[OK ]  |  6683 | 0x0000351b | 0xff | 0xff
[OK ]  |  6684 | 0x0000351c | 0x59 | 0x59
[OK ]  |  6685 | 0x0000351d | 0x16 | 0x16
[OK ]  |  6686 | 0x0000351e | 0x00 | 0x00
[OK ]  |  6687 | 0x0000351f | 0x00 | 0x00
[OK ]  |  6688 | 0x00003520 | 0xbd | 0xbd
[OK ]  |  6689 | 0x00003521 | 0x68 | 0x68
[OK ]  |  6690 | 0x00003522 | 0x00 | 0x00
[OK ]  |  6691 | 0x00003523 | 0x00 | 0x00
[OK ]  |  6692 | 0x00003524 | 0xce | 0xce
[OK ]  |  6693 | 0x00003525 | 0xb0 | 0xb0
[OK ]  |  6694 | 0x00003526 | 0xff | 0xff
[OK ]  |  6695 | 0x00003527 | 0xff | 0xff
[OK ]  |  6696 | 0x00003528 | 0xb2 | 0xb2
[OK ]  |  6697 | 0x00003529 | 0x05 | 0x05
[OK ]  |  6698 | 0x0000352a | 0x00 | 0x00
[OK ]  |  6699 | 0x0000352b | 0x00 | 0x00
[OK ]  |  6700 | 0x0000352c | 0xca | 0xca
[OK ]  |  6701 | 0x0000352d | 0xa3 | 0xa3
[OK ]  |  6702 | 0x0000352e | 0xff | 0xff
[OK ]  |  6703 | 0x0000352f | 0xff | 0xff
[OK ]  |  6704 | 0x00003530 | 0x58 | 0x58
[OK ]  |  6705 | 0x00003531 | 0xf0 | 0xf0
[OK ]  |  6706 | 0x00003532 | 0xff | 0xff
[OK ]  |  6707 | 0x00003533 | 0xff | 0xff
[OK ]  |  6708 | 0x00003534 | 0xbd | 0xbd
[OK ]  |  6709 | 0x00003535 | 0x58 | 0x58
[OK ]  |  6710 | 0x00003536 | 0xff | 0xff
[OK ]  |  6711 | 0x00003537 | 0xff | 0xff
[OK ]  |  6712 | 0x00003538 | 0x03 | 0x03
[OK ]  |  6713 | 0x00003539 | 0x1d | 0x1d
[OK ]  |  6714 | 0x0000353a | 0xff | 0xff
[OK ]  |  6715 | 0x0000353b | 0xff | 0xff
[OK ]  |  6716 | 0x0000353c | 0x9e | 0x9e
[OK ]  |  6717 | 0x0000353d | 0x53 | 0x53
[OK ]  |  6718 | 0x0000353e | 0x00 | 0x00
[OK ]  |  6719 | 0x0000353f | 0x00 | 0x00
[OK ]  |  6720 | 0x00003540 | 0xe0 | 0xe0
[OK ]  |  6721 | 0x00003541 | 0x65 | 0x65
[OK ]  |  6722 | 0x00003542 | 0xff | 0xff
[OK ]  |  6723 | 0x00003543 | 0xff | 0xff
[OK ]  |  6724 | 0x00003544 | 0x4c | 0x4c
[OK ]  |  6725 | 0x00003545 | 0x81 | 0x81
[OK ]  |  6726 | 0x00003546 | 0x00 | 0x00
[OK ]  |  6727 | 0x00003547 | 0x00 | 0x00
[OK ]  |  6728 | 0x00003548 | 0x31 | 0x31
[OK ]  |  6729 | 0x00003549 | 0x7c | 0x7c
[OK ]  |  6730 | 0x0000354a | 0x00 | 0x00
[OK ]  |  6731 | 0x0000354b | 0x00 | 0x00
[OK ]  |  6732 | 0x0000354c | 0x9e | 0x9e
[OK ]  |  6733 | 0x0000354d | 0x2f | 0x2f
[OK ]  |  6734 | 0x0000354e | 0xff | 0xff
[OK ]  |  6735 | 0x0000354f | 0xff | 0xff
[OK ]  |  6736 | 0x00003550 | 0xd2 | 0xd2
[OK ]  |  6737 | 0x00003551 | 0x3a | 0x3a
[OK ]  |  6738 | 0x00003552 | 0x00 | 0x00
[OK ]  |  6739 | 0x00003553 | 0x00 | 0x00
[OK ]  |  6740 | 0x00003554 | 0x31 | 0x31
[OK ]  |  6741 | 0x00003555 | 0x03 | 0x03
[OK ]  |  6742 | 0x00003556 | 0x00 | 0x00
[OK ]  |  6743 | 0x00003557 | 0x00 | 0x00
[OK ]  |  6744 | 0x00003558 | 0xdb | 0xdb
[OK ]  |  6745 | 0x00003559 | 0x82 | 0x82
[OK ]  |  6746 | 0x0000355a | 0xff | 0xff
[OK ]  |  6747 | 0x0000355b | 0xff | 0xff
[OK ]  |  6748 | 0x0000355c | 0xbd | 0xbd
[OK ]  |  6749 | 0x0000355d | 0x31 | 0x31
[OK ]  |  6750 | 0x0000355e | 0x00 | 0x00
[OK ]  |  6751 | 0x0000355f | 0x00 | 0x00
[OK ]  |  6752 | 0x00003560 | 0x82 | 0x82
[OK ]  |  6753 | 0x00003561 | 0x2f | 0x2f
[OK ]  |  6754 | 0x00003562 | 0x01 | 0x01
[OK ]  |  6755 | 0x00003563 | 0x00 | 0x00
[OK ]  |  6756 | 0x00003564 | 0x55 | 0x55
[OK ]  |  6757 | 0x00003565 | 0x05 | 0x05
[OK ]  |  6758 | 0x00003566 | 0x00 | 0x00
[OK ]  |  6759 | 0x00003567 | 0x00 | 0x00
[OK ]  |  6760 | 0x00003568 | 0x00 | 0x00
[OK ]  |  6761 | 0x00003569 | 0x7f | 0x7f
[OK ]  |  6762 | 0x0000356a | 0x01 | 0x01
[OK ]  |  6763 | 0x0000356b | 0x00 | 0x00
[OK ]  |  6764 | 0x0000356c | 0xf0 | 0xf0
[OK ]  |  6765 | 0x0000356d | 0x5d | 0x5d
[OK ]  |  6766 | 0x0000356e | 0x01 | 0x01
[OK ]  |  6767 | 0x0000356f | 0x00 | 0x00
[OK ]  |  6768 | 0x00003570 | 0xfe | 0xfe
[OK ]  |  6769 | 0x00003571 | 0xe7 | 0xe7
[OK ]  |  6770 | 0x00003572 | 0xff | 0xff
[OK ]  |  6771 | 0x00003573 | 0xff | 0xff
[OK ]  |  6772 | 0x00003574 | 0xdc | 0xdc
[OK ]  |  6773 | 0x00003575 | 0x30 | 0x30
[OK ]  |  6774 | 0x00003576 | 0x00 | 0x00
[OK ]  |  6775 | 0x00003577 | 0x00 | 0x00
[OK ]  |  6776 | 0x00003578 | 0x32 | 0x32
[OK ]  |  6777 | 0x00003579 | 0x8f | 0x8f
[OK ]  |  6778 | 0x0000357a | 0x00 | 0x00
[OK ]  |  6779 | 0x0000357b | 0x00 | 0x00
[OK ]  |  6780 | 0x0000357c | 0xbb | 0xbb
[OK ]  |  6781 | 0x0000357d | 0x6f | 0x6f
[OK ]  |  6782 | 0x0000357e | 0xff | 0xff
[OK ]  |  6783 | 0x0000357f | 0xff | 0xff
[OK ]  |  6784 | 0x00003580 | 0x88 | 0x88
[OK ]  |  6785 | 0x00003581 | 0x2d | 0x2d
[OK ]  |  6786 | 0x00003582 | 0x00 | 0x00
[OK ]  |  6787 | 0x00003583 | 0x00 | 0x00
[OK ]  |  6788 | 0x00003584 | 0x02 | 0x02
[OK ]  |  6789 | 0x00003585 | 0x2b | 0x2b
[OK ]  |  6790 | 0x00003586 | 0x00 | 0x00
[OK ]  |  6791 | 0x00003587 | 0x00 | 0x00
[OK ]  |  6792 | 0x00003588 | 0xdc | 0xdc
[OK ]  |  6793 | 0x00003589 | 0x84 | 0x84
[OK ]  |  6794 | 0x0000358a | 0x00 | 0x00
[OK ]  |  6795 | 0x0000358b | 0x00 | 0x00
[OK ]  |  6796 | 0x0000358c | 0x09 | 0x09
[OK ]  |  6797 | 0x0000358d | 0x4e | 0x4e
[OK ]  |  6798 | 0x0000358e | 0x00 | 0x00
[OK ]  |  6799 | 0x0000358f | 0x00 | 0x00
[OK ]  |  6800 | 0x00003590 | 0x19 | 0x19
[OK ]  |  6801 | 0x00003591 | 0x4d | 0x4d
[OK ]  |  6802 | 0x00003592 | 0x00 | 0x00
[OK ]  |  6803 | 0x00003593 | 0x00 | 0x00
[OK ]  |  6804 | 0x00003594 | 0x45 | 0x45
[OK ]  |  6805 | 0x00003595 | 0x78 | 0x78
[OK ]  |  6806 | 0x00003596 | 0x00 | 0x00
[OK ]  |  6807 | 0x00003597 | 0x00 | 0x00
[OK ]  |  6808 | 0x00003598 | 0xda | 0xda
[OK ]  |  6809 | 0x00003599 | 0x19 | 0x19
[OK ]  |  6810 | 0x0000359a | 0x00 | 0x00
[OK ]  |  6811 | 0x0000359b | 0x00 | 0x00
[OK ]  |  6812 | 0x0000359c | 0x71 | 0x71
[OK ]  |  6813 | 0x0000359d | 0x52 | 0x52
[OK ]  |  6814 | 0x0000359e | 0x00 | 0x00
[OK ]  |  6815 | 0x0000359f | 0x00 | 0x00
[OK ]  |  6816 | 0x000035a0 | 0xa1 | 0xa1
[OK ]  |  6817 | 0x000035a1 | 0xec | 0xec
[OK ]  |  6818 | 0x000035a2 | 0xff | 0xff
[OK ]  |  6819 | 0x000035a3 | 0xff | 0xff
[OK ]  |  6820 | 0x000035a4 | 0xcb | 0xcb
[OK ]  |  6821 | 0x000035a5 | 0x8b | 0x8b
[OK ]  |  6822 | 0x000035a6 | 0xff | 0xff
[OK ]  |  6823 | 0x000035a7 | 0xff | 0xff
[OK ]  |  6824 | 0x000035a8 | 0xf2 | 0xf2
[OK ]  |  6825 | 0x000035a9 | 0xcf | 0xcf
[OK ]  |  6826 | 0x000035aa | 0xff | 0xff
[OK ]  |  6827 | 0x000035ab | 0xff | 0xff
[OK ]  |  6828 | 0x000035ac | 0x33 | 0x33
[OK ]  |  6829 | 0x000035ad | 0xed | 0xed
[OK ]  |  6830 | 0x000035ae | 0x00 | 0x00
[OK ]  |  6831 | 0x000035af | 0x00 | 0x00
[OK ]  |  6832 | 0x000035b0 | 0x7a | 0x7a
[OK ]  |  6833 | 0x000035b1 | 0x0e | 0x0e
[OK ]  |  6834 | 0x000035b2 | 0x00 | 0x00
[OK ]  |  6835 | 0x000035b3 | 0x00 | 0x00
[OK ]  |  6836 | 0x000035b4 | 0xed | 0xed
[OK ]  |  6837 | 0x000035b5 | 0x66 | 0x66
[OK ]  |  6838 | 0x000035b6 | 0x00 | 0x00
[OK ]  |  6839 | 0x000035b7 | 0x00 | 0x00
[OK ]  |  6840 | 0x000035b8 | 0xe6 | 0xe6
[OK ]  |  6841 | 0x000035b9 | 0x5e | 0x5e
[OK ]  |  6842 | 0x000035ba | 0xff | 0xff
[OK ]  |  6843 | 0x000035bb | 0xff | 0xff
[OK ]  |  6844 | 0x000035bc | 0x51 | 0x51
[OK ]  |  6845 | 0x000035bd | 0x03 | 0x03
[OK ]  |  6846 | 0x000035be | 0x00 | 0x00
[OK ]  |  6847 | 0x000035bf | 0x00 | 0x00
[OK ]  |  6848 | 0x000035c0 | 0x04 | 0x04
[OK ]  |  6849 | 0x000035c1 | 0x25 | 0x25
[OK ]  |  6850 | 0x000035c2 | 0xfe | 0xfe
[OK ]  |  6851 | 0x000035c3 | 0xff | 0xff
[OK ]  |  6852 | 0x000035c4 | 0xb1 | 0xb1
[OK ]  |  6853 | 0x000035c5 | 0xff | 0xff
[OK ]  |  6854 | 0x000035c6 | 0xff | 0xff
[OK ]  |  6855 | 0x000035c7 | 0xff | 0xff
[OK ]  |  6856 | 0x000035c8 | 0xb7 | 0xb7
[OK ]  |  6857 | 0x000035c9 | 0xf9 | 0xf9
[OK ]  |  6858 | 0x000035ca | 0xff | 0xff
[OK ]  |  6859 | 0x000035cb | 0xff | 0xff
[OK ]  |  6860 | 0x000035cc | 0xfb | 0xfb
[OK ]  |  6861 | 0x000035cd | 0x54 | 0x54
[OK ]  |  6862 | 0x000035ce | 0x01 | 0x01
[OK ]  |  6863 | 0x000035cf | 0x00 | 0x00
[OK ]  |  6864 | 0x000035d0 | 0xe0 | 0xe0
[OK ]  |  6865 | 0x000035d1 | 0xc7 | 0xc7
[OK ]  |  6866 | 0x000035d2 | 0x00 | 0x00
[OK ]  |  6867 | 0x000035d3 | 0x00 | 0x00
[OK ]  |  6868 | 0x000035d4 | 0xd5 | 0xd5
[OK ]  |  6869 | 0x000035d5 | 0x35 | 0x35
[OK ]  |  6870 | 0x000035d6 | 0x00 | 0x00
[OK ]  |  6871 | 0x000035d7 | 0x00 | 0x00
[OK ]  |  6872 | 0x000035d8 | 0x28 | 0x28
[OK ]  |  6873 | 0x000035d9 | 0xf0 | 0xf0
[OK ]  |  6874 | 0x000035da | 0xff | 0xff
[OK ]  |  6875 | 0x000035db | 0xff | 0xff
[OK ]  |  6876 | 0x000035dc | 0x98 | 0x98
[OK ]  |  6877 | 0x000035dd | 0x5a | 0x5a
[OK ]  |  6878 | 0x000035de | 0x00 | 0x00
[OK ]  |  6879 | 0x000035df | 0x00 | 0x00
[OK ]  |  6880 | 0x000035e0 | 0xef | 0xef
[OK ]  |  6881 | 0x000035e1 | 0xb6 | 0xb6
[OK ]  |  6882 | 0x000035e2 | 0xff | 0xff
[OK ]  |  6883 | 0x000035e3 | 0xff | 0xff
[OK ]  |  6884 | 0x000035e4 | 0xad | 0xad
[OK ]  |  6885 | 0x000035e5 | 0x56 | 0x56
[OK ]  |  6886 | 0x000035e6 | 0x01 | 0x01
[OK ]  |  6887 | 0x000035e7 | 0x00 | 0x00
[OK ]  |  6888 | 0x000035e8 | 0x30 | 0x30
[OK ]  |  6889 | 0x000035e9 | 0xe5 | 0xe5
[OK ]  |  6890 | 0x000035ea | 0xfe | 0xfe
[OK ]  |  6891 | 0x000035eb | 0xff | 0xff
[OK ]  |  6892 | 0x000035ec | 0x91 | 0x91
[OK ]  |  6893 | 0x000035ed | 0x6d | 0x6d
[OK ]  |  6894 | 0x000035ee | 0xff | 0xff
[OK ]  |  6895 | 0x000035ef | 0xff | 0xff
[OK ]  |  6896 | 0x000035f0 | 0x0c | 0x0c
[OK ]  |  6897 | 0x000035f1 | 0x7d | 0x7d
[OK ]  |  6898 | 0x000035f2 | 0xff | 0xff
[OK ]  |  6899 | 0x000035f3 | 0xff | 0xff
[OK ]  |  6900 | 0x000035f4 | 0x34 | 0x34
[OK ]  |  6901 | 0x000035f5 | 0x45 | 0x45
[OK ]  |  6902 | 0x000035f6 | 0xff | 0xff
[OK ]  |  6903 | 0x000035f7 | 0xff | 0xff
[OK ]  |  6904 | 0x000035f8 | 0xa5 | 0xa5
[OK ]  |  6905 | 0x000035f9 | 0x3f | 0x3f
[OK ]  |  6906 | 0x000035fa | 0x00 | 0x00
[OK ]  |  6907 | 0x000035fb | 0x00 | 0x00
[OK ]  |  6908 | 0x000035fc | 0xcb | 0xcb
[OK ]  |  6909 | 0x000035fd | 0x03 | 0x03
[OK ]  |  6910 | 0x000035fe | 0x00 | 0x00
[OK ]  |  6911 | 0x000035ff | 0x00 | 0x00
[OK ]  |  6912 | 0x00003600 | 0xc9 | 0xc9
[OK ]  |  6913 | 0x00003601 | 0x4a | 0x4a
[OK ]  |  6914 | 0x00003602 | 0xff | 0xff
[OK ]  |  6915 | 0x00003603 | 0xff | 0xff
[OK ]  |  6916 | 0x00003604 | 0x2f | 0x2f
[OK ]  |  6917 | 0x00003605 | 0x7a | 0x7a
[OK ]  |  6918 | 0x00003606 | 0x00 | 0x00
[OK ]  |  6919 | 0x00003607 | 0x00 | 0x00
[OK ]  |  6920 | 0x00003608 | 0xad | 0xad
[OK ]  |  6921 | 0x00003609 | 0x24 | 0x24
[OK ]  |  6922 | 0x0000360a | 0x00 | 0x00
[OK ]  |  6923 | 0x0000360b | 0x00 | 0x00
[OK ]  |  6924 | 0x0000360c | 0x62 | 0x62
[OK ]  |  6925 | 0x0000360d | 0x56 | 0x56
[OK ]  |  6926 | 0x0000360e | 0xff | 0xff
[OK ]  |  6927 | 0x0000360f | 0xff | 0xff
[OK ]  |  6928 | 0x00003610 | 0x72 | 0x72
[OK ]  |  6929 | 0x00003611 | 0x68 | 0x68
[OK ]  |  6930 | 0x00003612 | 0xff | 0xff
[OK ]  |  6931 | 0x00003613 | 0xff | 0xff
[OK ]  |  6932 | 0x00003614 | 0xa0 | 0xa0
[OK ]  |  6933 | 0x00003615 | 0x81 | 0x81
[OK ]  |  6934 | 0x00003616 | 0x01 | 0x01
[OK ]  |  6935 | 0x00003617 | 0x00 | 0x00
[OK ]  |  6936 | 0x00003618 | 0x70 | 0x70
[OK ]  |  6937 | 0x00003619 | 0xfb | 0xfb
[OK ]  |  6938 | 0x0000361a | 0xff | 0xff
[OK ]  |  6939 | 0x0000361b | 0xff | 0xff
[OK ]  |  6940 | 0x0000361c | 0x91 | 0x91
[OK ]  |  6941 | 0x0000361d | 0x55 | 0x55
[OK ]  |  6942 | 0x0000361e | 0xff | 0xff
[OK ]  |  6943 | 0x0000361f | 0xff | 0xff
[OK ]  |  6944 | 0x00003620 | 0xf8 | 0xf8
[OK ]  |  6945 | 0x00003621 | 0xd3 | 0xd3
[OK ]  |  6946 | 0x00003622 | 0x00 | 0x00
[OK ]  |  6947 | 0x00003623 | 0x00 | 0x00
[OK ]  |  6948 | 0x00003624 | 0x4d | 0x4d
[OK ]  |  6949 | 0x00003625 | 0x55 | 0x55
[OK ]  |  6950 | 0x00003626 | 0x00 | 0x00
[OK ]  |  6951 | 0x00003627 | 0x00 | 0x00
[OK ]  |  6952 | 0x00003628 | 0x0c | 0x0c
[OK ]  |  6953 | 0x00003629 | 0xd6 | 0xd6
[OK ]  |  6954 | 0x0000362a | 0x00 | 0x00
[OK ]  |  6955 | 0x0000362b | 0x00 | 0x00
[OK ]  |  6956 | 0x0000362c | 0x2a | 0x2a
[OK ]  |  6957 | 0x0000362d | 0xdc | 0xdc
[OK ]  |  6958 | 0x0000362e | 0xff | 0xff
[OK ]  |  6959 | 0x0000362f | 0xff | 0xff
[OK ]  |  6960 | 0x00003630 | 0x33 | 0x33
[OK ]  |  6961 | 0x00003631 | 0x8a | 0x8a
[OK ]  |  6962 | 0x00003632 | 0x00 | 0x00
[OK ]  |  6963 | 0x00003633 | 0x00 | 0x00
[OK ]  |  6964 | 0x00003634 | 0x3f | 0x3f
[OK ]  |  6965 | 0x00003635 | 0xdc | 0xdc
[OK ]  |  6966 | 0x00003636 | 0x01 | 0x01
[OK ]  |  6967 | 0x00003637 | 0x00 | 0x00
[OK ]  |  6968 | 0x00003638 | 0xcf | 0xcf
[OK ]  |  6969 | 0x00003639 | 0x59 | 0x59
[OK ]  |  6970 | 0x0000363a | 0xff | 0xff
[OK ]  |  6971 | 0x0000363b | 0xff | 0xff
[OK ]  |  6972 | 0x0000363c | 0x57 | 0x57
[OK ]  |  6973 | 0x0000363d | 0xa5 | 0xa5
[OK ]  |  6974 | 0x0000363e | 0xff | 0xff
[OK ]  |  6975 | 0x0000363f | 0xff | 0xff
[OK ]  |  6976 | 0x00003640 | 0x24 | 0x24
[OK ]  |  6977 | 0x00003641 | 0x1a | 0x1a
[OK ]  |  6978 | 0x00003642 | 0x00 | 0x00
[OK ]  |  6979 | 0x00003643 | 0x00 | 0x00
[OK ]  |  6980 | 0x00003644 | 0x0c | 0x0c
[OK ]  |  6981 | 0x00003645 | 0x8a | 0x8a
[OK ]  |  6982 | 0x00003646 | 0x00 | 0x00
[OK ]  |  6983 | 0x00003647 | 0x00 | 0x00
[OK ]  |  6984 | 0x00003648 | 0x5b | 0x5b
[OK ]  |  6985 | 0x00003649 | 0x98 | 0x98
[OK ]  |  6986 | 0x0000364a | 0x00 | 0x00
[OK ]  |  6987 | 0x0000364b | 0x00 | 0x00
[OK ]  |  6988 | 0x0000364c | 0x6a | 0x6a
[OK ]  |  6989 | 0x0000364d | 0x4f | 0x4f
[OK ]  |  6990 | 0x0000364e | 0xff | 0xff
[OK ]  |  6991 | 0x0000364f | 0xff | 0xff
[OK ]  |  6992 | 0x00003650 | 0x27 | 0x27
[OK ]  |  6993 | 0x00003651 | 0x92 | 0x92
[OK ]  |  6994 | 0x00003652 | 0xff | 0xff
[OK ]  |  6995 | 0x00003653 | 0xff | 0xff
[OK ]  |  6996 | 0x00003654 | 0xef | 0xef
[OK ]  |  6997 | 0x00003655 | 0x2b | 0x2b
[OK ]  |  6998 | 0x00003656 | 0x00 | 0x00
[OK ]  |  6999 | 0x00003657 | 0x00 | 0x00
[OK ]  |  7000 | 0x00003658 | 0x17 | 0x17
[OK ]  |  7001 | 0x00003659 | 0x44 | 0x44
[OK ]  |  7002 | 0x0000365a | 0xff | 0xff
[OK ]  |  7003 | 0x0000365b | 0xff | 0xff
[OK ]  |  7004 | 0x0000365c | 0xa3 | 0xa3
[OK ]  |  7005 | 0x0000365d | 0x3a | 0x3a
[OK ]  |  7006 | 0x0000365e | 0x00 | 0x00
[OK ]  |  7007 | 0x0000365f | 0x00 | 0x00
[OK ]  |  7008 | 0x00003660 | 0x4b | 0x4b
[OK ]  |  7009 | 0x00003661 | 0x34 | 0x34
[OK ]  |  7010 | 0x00003662 | 0xff | 0xff
[OK ]  |  7011 | 0x00003663 | 0xff | 0xff
[OK ]  |  7012 | 0x00003664 | 0xf0 | 0xf0
[OK ]  |  7013 | 0x00003665 | 0x9d | 0x9d
[OK ]  |  7014 | 0x00003666 | 0x00 | 0x00
[OK ]  |  7015 | 0x00003667 | 0x00 | 0x00
[OK ]  |  7016 | 0x00003668 | 0x33 | 0x33
[OK ]  |  7017 | 0x00003669 | 0x5c | 0x5c
[OK ]  |  7018 | 0x0000366a | 0xfe | 0xfe
[OK ]  |  7019 | 0x0000366b | 0xff | 0xff
[OK ]  |  7020 | 0x0000366c | 0xe6 | 0xe6
[OK ]  |  7021 | 0x0000366d | 0x57 | 0x57
[OK ]  |  7022 | 0x0000366e | 0x00 | 0x00
[OK ]  |  7023 | 0x0000366f | 0x00 | 0x00
[OK ]  |  7024 | 0x00003670 | 0x2d | 0x2d
[OK ]  |  7025 | 0x00003671 | 0xd1 | 0xd1
[OK ]  |  7026 | 0x00003672 | 0x00 | 0x00
[OK ]  |  7027 | 0x00003673 | 0x00 | 0x00
[OK ]  |  7028 | 0x00003674 | 0x70 | 0x70
[OK ]  |  7029 | 0x00003675 | 0x96 | 0x96
[OK ]  |  7030 | 0x00003676 | 0x00 | 0x00
[OK ]  |  7031 | 0x00003677 | 0x00 | 0x00
[OK ]  |  7032 | 0x00003678 | 0x64 | 0x64
[OK ]  |  7033 | 0x00003679 | 0xa6 | 0xa6
[OK ]  |  7034 | 0x0000367a | 0xff | 0xff
[OK ]  |  7035 | 0x0000367b | 0xff | 0xff
[OK ]  |  7036 | 0x0000367c | 0x6d | 0x6d
[OK ]  |  7037 | 0x0000367d | 0x5b | 0x5b
[OK ]  |  7038 | 0x0000367e | 0xff | 0xff
[OK ]  |  7039 | 0x0000367f | 0xff | 0xff
[OK ]  |  7040 | 0x00003680 | 0x80 | 0x80
[OK ]  |  7041 | 0x00003681 | 0xb5 | 0xb5
[OK ]  |  7042 | 0x00003682 | 0x00 | 0x00
[OK ]  |  7043 | 0x00003683 | 0x00 | 0x00
[OK ]  |  7044 | 0x00003684 | 0x4e | 0x4e
[OK ]  |  7045 | 0x00003685 | 0xea | 0xea
[OK ]  |  7046 | 0x00003686 | 0x00 | 0x00
[OK ]  |  7047 | 0x00003687 | 0x00 | 0x00
[OK ]  |  7048 | 0x00003688 | 0x11 | 0x11
[OK ]  |  7049 | 0x00003689 | 0x58 | 0x58
[OK ]  |  7050 | 0x0000368a | 0xff | 0xff
[OK ]  |  7051 | 0x0000368b | 0xff | 0xff
[OK ]  |  7052 | 0x0000368c | 0x24 | 0x24
[OK ]  |  7053 | 0x0000368d | 0x30 | 0x30
[OK ]  |  7054 | 0x0000368e | 0x00 | 0x00
[OK ]  |  7055 | 0x0000368f | 0x00 | 0x00
[OK ]  |  7056 | 0x00003690 | 0x0d | 0x0d
[OK ]  |  7057 | 0x00003691 | 0x23 | 0x23
[OK ]  |  7058 | 0x00003692 | 0xff | 0xff
[OK ]  |  7059 | 0x00003693 | 0xff | 0xff
[OK ]  |  7060 | 0x00003694 | 0x37 | 0x37
[OK ]  |  7061 | 0x00003695 | 0x56 | 0x56
[OK ]  |  7062 | 0x00003696 | 0xff | 0xff
[OK ]  |  7063 | 0x00003697 | 0xff | 0xff
[OK ]  |  7064 | 0x00003698 | 0xda | 0xda
[OK ]  |  7065 | 0x00003699 | 0xa8 | 0xa8
[OK ]  |  7066 | 0x0000369a | 0x00 | 0x00
[OK ]  |  7067 | 0x0000369b | 0x00 | 0x00
[OK ]  |  7068 | 0x0000369c | 0x72 | 0x72
[OK ]  |  7069 | 0x0000369d | 0xa5 | 0xa5
[OK ]  |  7070 | 0x0000369e | 0xff | 0xff
[OK ]  |  7071 | 0x0000369f | 0xff | 0xff
[OK ]  |  7072 | 0x000036a0 | 0x29 | 0x29
[OK ]  |  7073 | 0x000036a1 | 0x8f | 0x8f
[OK ]  |  7074 | 0x000036a2 | 0x00 | 0x00
[OK ]  |  7075 | 0x000036a3 | 0x00 | 0x00
[OK ]  |  7076 | 0x000036a4 | 0xfc | 0xfc
[OK ]  |  7077 | 0x000036a5 | 0xae | 0xae
[OK ]  |  7078 | 0x000036a6 | 0x00 | 0x00
[OK ]  |  7079 | 0x000036a7 | 0x00 | 0x00
[OK ]  |  7080 | 0x000036a8 | 0x23 | 0x23
[OK ]  |  7081 | 0x000036a9 | 0x9d | 0x9d
[OK ]  |  7082 | 0x000036aa | 0xff | 0xff
[OK ]  |  7083 | 0x000036ab | 0xff | 0xff
[OK ]  |  7084 | 0x000036ac | 0xfd | 0xfd
[OK ]  |  7085 | 0x000036ad | 0x42 | 0x42
[OK ]  |  7086 | 0x000036ae | 0x00 | 0x00
[OK ]  |  7087 | 0x000036af | 0x00 | 0x00
[OK ]  |  7088 | 0x000036b0 | 0xcc | 0xcc
[OK ]  |  7089 | 0x000036b1 | 0xf6 | 0xf6
[OK ]  |  7090 | 0x000036b2 | 0xff | 0xff
[OK ]  |  7091 | 0x000036b3 | 0xff | 0xff
[OK ]  |  7092 | 0x000036b4 | 0xb5 | 0xb5
[OK ]  |  7093 | 0x000036b5 | 0x63 | 0x63
[OK ]  |  7094 | 0x000036b6 | 0xff | 0xff
[OK ]  |  7095 | 0x000036b7 | 0xff | 0xff
[OK ]  |  7096 | 0x000036b8 | 0x3b | 0x3b
[OK ]  |  7097 | 0x000036b9 | 0x0f | 0x0f
[OK ]  |  7098 | 0x000036ba | 0x00 | 0x00
[OK ]  |  7099 | 0x000036bb | 0x00 | 0x00
[OK ]  |  7100 | 0x000036bc | 0xd1 | 0xd1
[OK ]  |  7101 | 0x000036bd | 0x4d | 0x4d
[OK ]  |  7102 | 0x000036be | 0x00 | 0x00
[OK ]  |  7103 | 0x000036bf | 0x00 | 0x00
[OK ]  |  7104 | 0x000036c0 | 0xac | 0xac
[OK ]  |  7105 | 0x000036c1 | 0x61 | 0x61
[OK ]  |  7106 | 0x000036c2 | 0xff | 0xff
[OK ]  |  7107 | 0x000036c3 | 0xff | 0xff
[OK ]  |  7108 | 0x000036c4 | 0x7b | 0x7b
[OK ]  |  7109 | 0x000036c5 | 0x27 | 0x27
[OK ]  |  7110 | 0x000036c6 | 0xff | 0xff
[OK ]  |  7111 | 0x000036c7 | 0xff | 0xff
[OK ]  |  7112 | 0x000036c8 | 0x59 | 0x59
[OK ]  |  7113 | 0x000036c9 | 0xf4 | 0xf4
[OK ]  |  7114 | 0x000036ca | 0xff | 0xff
[OK ]  |  7115 | 0x000036cb | 0xff | 0xff
[OK ]  |  7116 | 0x000036cc | 0x6a | 0x6a
[OK ]  |  7117 | 0x000036cd | 0xcc | 0xcc
[OK ]  |  7118 | 0x000036ce | 0x00 | 0x00
[OK ]  |  7119 | 0x000036cf | 0x00 | 0x00
[OK ]  |  7120 | 0x000036d0 | 0xd8 | 0xd8
[OK ]  |  7121 | 0x000036d1 | 0x69 | 0x69
[OK ]  |  7122 | 0x000036d2 | 0x00 | 0x00
[OK ]  |  7123 | 0x000036d3 | 0x00 | 0x00
[OK ]  |  7124 | 0x000036d4 | 0x0a | 0x0a
[OK ]  |  7125 | 0x000036d5 | 0xc2 | 0xc2
[OK ]  |  7126 | 0x000036d6 | 0xfe | 0xfe
[OK ]  |  7127 | 0x000036d7 | 0xff | 0xff
[OK ]  |  7128 | 0x000036d8 | 0xc8 | 0xc8
[OK ]  |  7129 | 0x000036d9 | 0x5d | 0x5d
[OK ]  |  7130 | 0x000036da | 0x00 | 0x00
[OK ]  |  7131 | 0x000036db | 0x00 | 0x00
[OK ]  |  7132 | 0x000036dc | 0xef | 0xef
[OK ]  |  7133 | 0x000036dd | 0xb5 | 0xb5
[OK ]  |  7134 | 0x000036de | 0xff | 0xff
[OK ]  |  7135 | 0x000036df | 0xff | 0xff
[OK ]  |  7136 | 0x000036e0 | 0xbe | 0xbe
[OK ]  |  7137 | 0x000036e1 | 0xbc | 0xbc
[OK ]  |  7138 | 0x000036e2 | 0xff | 0xff
[OK ]  |  7139 | 0x000036e3 | 0xff | 0xff
[OK ]  |  7140 | 0x000036e4 | 0x27 | 0x27
[OK ]  |  7141 | 0x000036e5 | 0xfc | 0xfc
[OK ]  |  7142 | 0x000036e6 | 0xfe | 0xfe
[OK ]  |  7143 | 0x000036e7 | 0xff | 0xff
[OK ]  |  7144 | 0x000036e8 | 0x29 | 0x29
[OK ]  |  7145 | 0x000036e9 | 0x50 | 0x50
[OK ]  |  7146 | 0x000036ea | 0x00 | 0x00
[OK ]  |  7147 | 0x000036eb | 0x00 | 0x00
[OK ]  |  7148 | 0x000036ec | 0xbf | 0xbf
[OK ]  |  7149 | 0x000036ed | 0x8f | 0x8f
[OK ]  |  7150 | 0x000036ee | 0xff | 0xff
[OK ]  |  7151 | 0x000036ef | 0xff | 0xff
[OK ]  |  7152 | 0x000036f0 | 0x67 | 0x67
[OK ]  |  7153 | 0x000036f1 | 0xa9 | 0xa9
[OK ]  |  7154 | 0x000036f2 | 0xfe | 0xfe
[OK ]  |  7155 | 0x000036f3 | 0xff | 0xff
[OK ]  |  7156 | 0x000036f4 | 0x65 | 0x65
[OK ]  |  7157 | 0x000036f5 | 0x7f | 0x7f
[OK ]  |  7158 | 0x000036f6 | 0xfe | 0xfe
[OK ]  |  7159 | 0x000036f7 | 0xff | 0xff
[OK ]  |  7160 | 0x000036f8 | 0x85 | 0x85
[OK ]  |  7161 | 0x000036f9 | 0xda | 0xda
[OK ]  |  7162 | 0x000036fa | 0x00 | 0x00
[OK ]  |  7163 | 0x000036fb | 0x00 | 0x00
[OK ]  |  7164 | 0x000036fc | 0x69 | 0x69
[OK ]  |  7165 | 0x000036fd | 0x46 | 0x46
[OK ]  |  7166 | 0x000036fe | 0x00 | 0x00
[OK ]  |  7167 | 0x000036ff | 0x00 | 0x00
[OK ]  |  7168 | 0x00003700 | 0x80 | 0x80
[OK ]  |  7169 | 0x00003701 | 0xd2 | 0xd2
[OK ]  |  7170 | 0x00003702 | 0xff | 0xff
[OK ]  |  7171 | 0x00003703 | 0xff | 0xff
[OK ]  |  7172 | 0x00003704 | 0x05 | 0x05
[OK ]  |  7173 | 0x00003705 | 0x89 | 0x89
[OK ]  |  7174 | 0x00003706 | 0x00 | 0x00
[OK ]  |  7175 | 0x00003707 | 0x00 | 0x00
[OK ]  |  7176 | 0x00003708 | 0x78 | 0x78
[OK ]  |  7177 | 0x00003709 | 0xcf | 0xcf
[OK ]  |  7178 | 0x0000370a | 0xfe | 0xfe
[OK ]  |  7179 | 0x0000370b | 0xff | 0xff
[OK ]  |  7180 | 0x0000370c | 0x9e | 0x9e
[OK ]  |  7181 | 0x0000370d | 0xd9 | 0xd9
[OK ]  |  7182 | 0x0000370e | 0xff | 0xff
[OK ]  |  7183 | 0x0000370f | 0xff | 0xff
[OK ]  |  7184 | 0x00003710 | 0x28 | 0x28
[OK ]  |  7185 | 0x00003711 | 0x3a | 0x3a
[OK ]  |  7186 | 0x00003712 | 0x00 | 0x00
[OK ]  |  7187 | 0x00003713 | 0x00 | 0x00
[OK ]  |  7188 | 0x00003714 | 0xda | 0xda
[OK ]  |  7189 | 0x00003715 | 0x83 | 0x83
[OK ]  |  7190 | 0x00003716 | 0x00 | 0x00
[OK ]  |  7191 | 0x00003717 | 0x00 | 0x00
[OK ]  |  7192 | 0x00003718 | 0x5b | 0x5b
[OK ]  |  7193 | 0x00003719 | 0x9a | 0x9a
[OK ]  |  7194 | 0x0000371a | 0xff | 0xff
[OK ]  |  7195 | 0x0000371b | 0xff | 0xff
[OK ]  |  7196 | 0x0000371c | 0x0d | 0x0d
[OK ]  |  7197 | 0x0000371d | 0x4d | 0x4d
[OK ]  |  7198 | 0x0000371e | 0xff | 0xff
[OK ]  |  7199 | 0x0000371f | 0xff | 0xff
[OK ]  |  7200 | 0x00003720 | 0x29 | 0x29
[OK ]  |  7201 | 0x00003721 | 0x02 | 0x02
[OK ]  |  7202 | 0x00003722 | 0xff | 0xff
[OK ]  |  7203 | 0x00003723 | 0xff | 0xff
[OK ]  |  7204 | 0x00003724 | 0xd8 | 0xd8
[OK ]  |  7205 | 0x00003725 | 0x48 | 0x48
[OK ]  |  7206 | 0x00003726 | 0x00 | 0x00
[OK ]  |  7207 | 0x00003727 | 0x00 | 0x00
[OK ]  |  7208 | 0x00003728 | 0x0c | 0x0c
[OK ]  |  7209 | 0x00003729 | 0xcf | 0xcf
[OK ]  |  7210 | 0x0000372a | 0xff | 0xff
[OK ]  |  7211 | 0x0000372b | 0xff | 0xff
[OK ]  |  7212 | 0x0000372c | 0xdd | 0xdd
[OK ]  |  7213 | 0x0000372d | 0x23 | 0x23
[OK ]  |  7214 | 0x0000372e | 0xff | 0xff
[OK ]  |  7215 | 0x0000372f | 0xff | 0xff
[OK ]  |  7216 | 0x00003730 | 0x54 | 0x54
[OK ]  |  7217 | 0x00003731 | 0x77 | 0x77
[OK ]  |  7218 | 0x00003732 | 0xff | 0xff
[OK ]  |  7219 | 0x00003733 | 0xff | 0xff
[OK ]  |  7220 | 0x00003734 | 0x14 | 0x14
[OK ]  |  7221 | 0x00003735 | 0x99 | 0x99
[OK ]  |  7222 | 0x00003736 | 0xff | 0xff
[OK ]  |  7223 | 0x00003737 | 0xff | 0xff
[OK ]  |  7224 | 0x00003738 | 0xfa | 0xfa
[OK ]  |  7225 | 0x00003739 | 0x08 | 0x08
[OK ]  |  7226 | 0x0000373a | 0x00 | 0x00
[OK ]  |  7227 | 0x0000373b | 0x00 | 0x00
[OK ]  |  7228 | 0x0000373c | 0x3e | 0x3e
[OK ]  |  7229 | 0x0000373d | 0x01 | 0x01
[OK ]  |  7230 | 0x0000373e | 0x01 | 0x01
[OK ]  |  7231 | 0x0000373f | 0x00 | 0x00
[OK ]  |  7232 | 0x00003740 | 0x4c | 0x4c
[OK ]  |  7233 | 0x00003741 | 0x2f | 0x2f
[OK ]  |  7234 | 0x00003742 | 0xff | 0xff
[OK ]  |  7235 | 0x00003743 | 0xff | 0xff
[OK ]  |  7236 | 0x00003744 | 0xfc | 0xfc
[OK ]  |  7237 | 0x00003745 | 0x76 | 0x76
[OK ]  |  7238 | 0x00003746 | 0x00 | 0x00
[OK ]  |  7239 | 0x00003747 | 0x00 | 0x00
[OK ]  |  7240 | 0x00003748 | 0x15 | 0x15
[OK ]  |  7241 | 0x00003749 | 0xb8 | 0xb8
[OK ]  |  7242 | 0x0000374a | 0x00 | 0x00
[OK ]  |  7243 | 0x0000374b | 0x00 | 0x00
[OK ]  |  7244 | 0x0000374c | 0xe3 | 0xe3
[OK ]  |  7245 | 0x0000374d | 0x1c | 0x1c
[OK ]  |  7246 | 0x0000374e | 0x00 | 0x00
[OK ]  |  7247 | 0x0000374f | 0x00 | 0x00
[OK ]  |  7248 | 0x00003750 | 0xfe | 0xfe
[OK ]  |  7249 | 0x00003751 | 0xe0 | 0xe0
[OK ]  |  7250 | 0x00003752 | 0x00 | 0x00
[OK ]  |  7251 | 0x00003753 | 0x00 | 0x00
[OK ]  |  7252 | 0x00003754 | 0x94 | 0x94
[OK ]  |  7253 | 0x00003755 | 0xb8 | 0xb8
[OK ]  |  7254 | 0x00003756 | 0x00 | 0x00
[OK ]  |  7255 | 0x00003757 | 0x00 | 0x00
[OK ]  |  7256 | 0x00003758 | 0x90 | 0x90
[OK ]  |  7257 | 0x00003759 | 0x90 | 0x90
[OK ]  |  7258 | 0x0000375a | 0xff | 0xff
[OK ]  |  7259 | 0x0000375b | 0xff | 0xff
[OK ]  |  7260 | 0x0000375c | 0x87 | 0x87
[OK ]  |  7261 | 0x0000375d | 0x53 | 0x53
[OK ]  |  7262 | 0x0000375e | 0xff | 0xff
[OK ]  |  7263 | 0x0000375f | 0xff | 0xff
[OK ]  |  7264 | 0x00003760 | 0x8c | 0x8c
[OK ]  |  7265 | 0x00003761 | 0xe1 | 0xe1
[OK ]  |  7266 | 0x00003762 | 0x00 | 0x00
[OK ]  |  7267 | 0x00003763 | 0x00 | 0x00
[OK ]  |  7268 | 0x00003764 | 0x53 | 0x53
[OK ]  |  7269 | 0x00003765 | 0x51 | 0x51
[OK ]  |  7270 | 0x00003766 | 0x00 | 0x00
[OK ]  |  7271 | 0x00003767 | 0x00 | 0x00
[OK ]  |  7272 | 0x00003768 | 0x4f | 0x4f
[OK ]  |  7273 | 0x00003769 | 0x44 | 0x44
[OK ]  |  7274 | 0x0000376a | 0xff | 0xff
[OK ]  |  7275 | 0x0000376b | 0xff | 0xff
[OK ]  |  7276 | 0x0000376c | 0x5b | 0x5b
[OK ]  |  7277 | 0x0000376d | 0x2d | 0x2d
[OK ]  |  7278 | 0x0000376e | 0x01 | 0x01
[OK ]  |  7279 | 0x0000376f | 0x00 | 0x00
[OK ]  |  7280 | 0x00003770 | 0xf4 | 0xf4
[OK ]  |  7281 | 0x00003771 | 0x77 | 0x77
[OK ]  |  7282 | 0x00003772 | 0x01 | 0x01
[OK ]  |  7283 | 0x00003773 | 0x00 | 0x00
[OK ]  |  7284 | 0x00003774 | 0x7a | 0x7a
[OK ]  |  7285 | 0x00003775 | 0x7c | 0x7c
[OK ]  |  7286 | 0x00003776 | 0x01 | 0x01
[OK ]  |  7287 | 0x00003777 | 0x00 | 0x00
[OK ]  |  7288 | 0x00003778 | 0x9a | 0x9a
[OK ]  |  7289 | 0x00003779 | 0x5e | 0x5e
[OK ]  |  7290 | 0x0000377a | 0x00 | 0x00
[OK ]  |  7291 | 0x0000377b | 0x00 | 0x00
[OK ]  |  7292 | 0x0000377c | 0xb2 | 0xb2
[OK ]  |  7293 | 0x0000377d | 0x76 | 0x76
[OK ]  |  7294 | 0x0000377e | 0xff | 0xff
[OK ]  |  7295 | 0x0000377f | 0xff | 0xff
[OK ]  |  7296 | 0x00003780 | 0xde | 0xde
[OK ]  |  7297 | 0x00003781 | 0xbc | 0xbc
[OK ]  |  7298 | 0x00003782 | 0xff | 0xff
[OK ]  |  7299 | 0x00003783 | 0xff | 0xff
[OK ]  |  7300 | 0x00003784 | 0xca | 0xca
[OK ]  |  7301 | 0x00003785 | 0x04 | 0x04
[OK ]  |  7302 | 0x00003786 | 0x00 | 0x00
[OK ]  |  7303 | 0x00003787 | 0x00 | 0x00
[OK ]  |  7304 | 0x00003788 | 0x89 | 0x89
[OK ]  |  7305 | 0x00003789 | 0x2e | 0x2e
[OK ]  |  7306 | 0x0000378a | 0x00 | 0x00
[OK ]  |  7307 | 0x0000378b | 0x00 | 0x00
[OK ]  |  7308 | 0x0000378c | 0x44 | 0x44
[OK ]  |  7309 | 0x0000378d | 0x50 | 0x50
[OK ]  |  7310 | 0x0000378e | 0x00 | 0x00
[OK ]  |  7311 | 0x0000378f | 0x00 | 0x00
[OK ]  |  7312 | 0x00003790 | 0x41 | 0x41
[OK ]  |  7313 | 0x00003791 | 0x7b | 0x7b
[OK ]  |  7314 | 0x00003792 | 0xff | 0xff
[OK ]  |  7315 | 0x00003793 | 0xff | 0xff
[OK ]  |  7316 | 0x00003794 | 0x9b | 0x9b
[OK ]  |  7317 | 0x00003795 | 0xa6 | 0xa6
[OK ]  |  7318 | 0x00003796 | 0x01 | 0x01
[OK ]  |  7319 | 0x00003797 | 0x00 | 0x00
[OK ]  |  7320 | 0x00003798 | 0x6e | 0x6e
[OK ]  |  7321 | 0x00003799 | 0xfe | 0xfe
[OK ]  |  7322 | 0x0000379a | 0xff | 0xff
[OK ]  |  7323 | 0x0000379b | 0xff | 0xff
[OK ]  |  7324 | 0x0000379c | 0x78 | 0x78
[OK ]  |  7325 | 0x0000379d | 0xb4 | 0xb4
[OK ]  |  7326 | 0x0000379e | 0xff | 0xff
[OK ]  |  7327 | 0x0000379f | 0xff | 0xff
[OK ]  |  7328 | 0x000037a0 | 0x4a | 0x4a
[OK ]  |  7329 | 0x000037a1 | 0x6a | 0x6a
[OK ]  |  7330 | 0x000037a2 | 0x00 | 0x00
[OK ]  |  7331 | 0x000037a3 | 0x00 | 0x00
[OK ]  |  7332 | 0x000037a4 | 0x5b | 0x5b
[OK ]  |  7333 | 0x000037a5 | 0x7b | 0x7b
[OK ]  |  7334 | 0x000037a6 | 0x00 | 0x00
[OK ]  |  7335 | 0x000037a7 | 0x00 | 0x00
[OK ]  |  7336 | 0x000037a8 | 0x23 | 0x23
[OK ]  |  7337 | 0x000037a9 | 0x9c | 0x9c
[OK ]  |  7338 | 0x000037aa | 0x00 | 0x00
[OK ]  |  7339 | 0x000037ab | 0x00 | 0x00
[OK ]  |  7340 | 0x000037ac | 0xa4 | 0xa4
[OK ]  |  7341 | 0x000037ad | 0x36 | 0x36
[OK ]  |  7342 | 0x000037ae | 0x01 | 0x01
[OK ]  |  7343 | 0x000037af | 0x00 | 0x00
[OK ]  |  7344 | 0x000037b0 | 0x53 | 0x53
[OK ]  |  7345 | 0x000037b1 | 0x37 | 0x37
[OK ]  |  7346 | 0x000037b2 | 0x00 | 0x00
[OK ]  |  7347 | 0x000037b3 | 0x00 | 0x00
[OK ]  |  7348 | 0x000037b4 | 0x46 | 0x46
[OK ]  |  7349 | 0x000037b5 | 0xe3 | 0xe3
[OK ]  |  7350 | 0x000037b6 | 0xff | 0xff
[OK ]  |  7351 | 0x000037b7 | 0xff | 0xff
[OK ]  |  7352 | 0x000037b8 | 0xe7 | 0xe7
[OK ]  |  7353 | 0x000037b9 | 0x43 | 0x43
[OK ]  |  7354 | 0x000037ba | 0x00 | 0x00
[OK ]  |  7355 | 0x000037bb | 0x00 | 0x00
[OK ]  |  7356 | 0x000037bc | 0x52 | 0x52
[OK ]  |  7357 | 0x000037bd | 0x02 | 0x02
[OK ]  |  7358 | 0x000037be | 0x00 | 0x00
[OK ]  |  7359 | 0x000037bf | 0x00 | 0x00
[OK ]  |  7360 | 0x000037c0 | 0x2f | 0x2f
[OK ]  |  7361 | 0x000037c1 | 0xa2 | 0xa2
[OK ]  |  7362 | 0x000037c2 | 0xff | 0xff
[OK ]  |  7363 | 0x000037c3 | 0xff | 0xff
[OK ]  |  7364 | 0x000037c4 | 0xa8 | 0xa8
[OK ]  |  7365 | 0x000037c5 | 0x66 | 0x66
[OK ]  |  7366 | 0x000037c6 | 0xff | 0xff
[OK ]  |  7367 | 0x000037c7 | 0xff | 0xff
[OK ]  |  7368 | 0x000037c8 | 0x76 | 0x76
[OK ]  |  7369 | 0x000037c9 | 0xff | 0xff
[OK ]  |  7370 | 0x000037ca | 0x00 | 0x00
[OK ]  |  7371 | 0x000037cb | 0x00 | 0x00
[OK ]  |  7372 | 0x000037cc | 0xf3 | 0xf3
[OK ]  |  7373 | 0x000037cd | 0xfc | 0xfc
[OK ]  |  7374 | 0x000037ce | 0xff | 0xff
[OK ]  |  7375 | 0x000037cf | 0xff | 0xff
[OK ]  |  7376 | 0x000037d0 | 0x2f | 0x2f
[OK ]  |  7377 | 0x000037d1 | 0x3f | 0x3f
[OK ]  |  7378 | 0x000037d2 | 0x00 | 0x00
[OK ]  |  7379 | 0x000037d3 | 0x00 | 0x00
[OK ]  |  7380 | 0x000037d4 | 0x4e | 0x4e
[OK ]  |  7381 | 0x000037d5 | 0xe3 | 0xe3
[OK ]  |  7382 | 0x000037d6 | 0xff | 0xff
[OK ]  |  7383 | 0x000037d7 | 0xff | 0xff
[OK ]  |  7384 | 0x000037d8 | 0x4c | 0x4c
[OK ]  |  7385 | 0x000037d9 | 0x54 | 0x54
[OK ]  |  7386 | 0x000037da | 0x00 | 0x00
[OK ]  |  7387 | 0x000037db | 0x00 | 0x00
[OK ]  |  7388 | 0x000037dc | 0xae | 0xae
[OK ]  |  7389 | 0x000037dd | 0xf4 | 0xf4
[OK ]  |  7390 | 0x000037de | 0xff | 0xff
[OK ]  |  7391 | 0x000037df | 0xff | 0xff
[OK ]  |  7392 | 0x000037e0 | 0x3e | 0x3e
[OK ]  |  7393 | 0x000037e1 | 0x86 | 0x86
[OK ]  |  7394 | 0x000037e2 | 0x00 | 0x00
[OK ]  |  7395 | 0x000037e3 | 0x00 | 0x00
[OK ]  |  7396 | 0x000037e4 | 0xd4 | 0xd4
[OK ]  |  7397 | 0x000037e5 | 0xc1 | 0xc1
[OK ]  |  7398 | 0x000037e6 | 0xff | 0xff
[OK ]  |  7399 | 0x000037e7 | 0xff | 0xff
[OK ]  |  7400 | 0x000037e8 | 0x3c | 0x3c
[OK ]  |  7401 | 0x000037e9 | 0xf5 | 0xf5
[OK ]  |  7402 | 0x000037ea | 0xff | 0xff
[OK ]  |  7403 | 0x000037eb | 0xff | 0xff
[OK ]  |  7404 | 0x000037ec | 0xba | 0xba
[OK ]  |  7405 | 0x000037ed | 0x70 | 0x70
[OK ]  |  7406 | 0x000037ee | 0x00 | 0x00
[OK ]  |  7407 | 0x000037ef | 0x00 | 0x00
[OK ]  |  7408 | 0x000037f0 | 0x82 | 0x82
[OK ]  |  7409 | 0x000037f1 | 0xd4 | 0xd4
[OK ]  |  7410 | 0x000037f2 | 0x00 | 0x00
[OK ]  |  7411 | 0x000037f3 | 0x00 | 0x00
[OK ]  |  7412 | 0x000037f4 | 0x40 | 0x40
[OK ]  |  7413 | 0x000037f5 | 0x62 | 0x62
[OK ]  |  7414 | 0x000037f6 | 0x00 | 0x00
[OK ]  |  7415 | 0x000037f7 | 0x00 | 0x00
[OK ]  |  7416 | 0x000037f8 | 0x77 | 0x77
[OK ]  |  7417 | 0x000037f9 | 0x9e | 0x9e
[OK ]  |  7418 | 0x000037fa | 0xff | 0xff
[OK ]  |  7419 | 0x000037fb | 0xff | 0xff
[OK ]  |  7420 | 0x000037fc | 0xb9 | 0xb9
[OK ]  |  7421 | 0x000037fd | 0x7f | 0x7f
[OK ]  |  7422 | 0x000037fe | 0xfe | 0xfe
[OK ]  |  7423 | 0x000037ff | 0xff | 0xff
[OK ]  |  7424 | 0x00003800 | 0xb6 | 0xb6
[OK ]  |  7425 | 0x00003801 | 0x39 | 0x39
[OK ]  |  7426 | 0x00003802 | 0x00 | 0x00
[OK ]  |  7427 | 0x00003803 | 0x00 | 0x00
[OK ]  |  7428 | 0x00003804 | 0x91 | 0x91
[OK ]  |  7429 | 0x00003805 | 0xe8 | 0xe8
[OK ]  |  7430 | 0x00003806 | 0x00 | 0x00
[OK ]  |  7431 | 0x00003807 | 0x00 | 0x00
[OK ]  |  7432 | 0x00003808 | 0xd1 | 0xd1
[OK ]  |  7433 | 0x00003809 | 0x8c | 0x8c
[OK ]  |  7434 | 0x0000380a | 0x00 | 0x00
[OK ]  |  7435 | 0x0000380b | 0x00 | 0x00
[OK ]  |  7436 | 0x0000380c | 0x19 | 0x19
[OK ]  |  7437 | 0x0000380d | 0xaa | 0xaa
[OK ]  |  7438 | 0x0000380e | 0xff | 0xff
[OK ]  |  7439 | 0x0000380f | 0xff | 0xff
[OK ]  |  7440 | 0x00003810 | 0x6d | 0x6d
[OK ]  |  7441 | 0x00003811 | 0xf6 | 0xf6
[OK ]  |  7442 | 0x00003812 | 0xff | 0xff
[OK ]  |  7443 | 0x00003813 | 0xff | 0xff
[OK ]  |  7444 | 0x00003814 | 0x92 | 0x92
[OK ]  |  7445 | 0x00003815 | 0x23 | 0x23
[OK ]  |  7446 | 0x00003816 | 0xff | 0xff
[OK ]  |  7447 | 0x00003817 | 0xff | 0xff
[OK ]  |  7448 | 0x00003818 | 0x11 | 0x11
[OK ]  |  7449 | 0x00003819 | 0x7f | 0x7f
[OK ]  |  7450 | 0x0000381a | 0xff | 0xff
[OK ]  |  7451 | 0x0000381b | 0xff | 0xff
[OK ]  |  7452 | 0x0000381c | 0x98 | 0x98
[OK ]  |  7453 | 0x0000381d | 0xf9 | 0xf9
[OK ]  |  7454 | 0x0000381e | 0xfe | 0xfe
[OK ]  |  7455 | 0x0000381f | 0xff | 0xff
[OK ]  |  7456 | 0x00003820 | 0x8a | 0x8a
[OK ]  |  7457 | 0x00003821 | 0xd9 | 0xd9
[OK ]  |  7458 | 0x00003822 | 0x00 | 0x00
[OK ]  |  7459 | 0x00003823 | 0x00 | 0x00
[OK ]  |  7460 | 0x00003824 | 0x92 | 0x92
[OK ]  |  7461 | 0x00003825 | 0x60 | 0x60
[OK ]  |  7462 | 0x00003826 | 0x00 | 0x00
[OK ]  |  7463 | 0x00003827 | 0x00 | 0x00
[OK ]  |  7464 | 0x00003828 | 0x7f | 0x7f
[OK ]  |  7465 | 0x00003829 | 0x72 | 0x72
[OK ]  |  7466 | 0x0000382a | 0x00 | 0x00
[OK ]  |  7467 | 0x0000382b | 0x00 | 0x00
[OK ]  |  7468 | 0x0000382c | 0x4c | 0x4c
[OK ]  |  7469 | 0x0000382d | 0x8e | 0x8e
[OK ]  |  7470 | 0x0000382e | 0xfe | 0xfe
[OK ]  |  7471 | 0x0000382f | 0xff | 0xff
[OK ]  |  7472 | 0x00003830 | 0xee | 0xee
[OK ]  |  7473 | 0x00003831 | 0xfc | 0xfc
[OK ]  |  7474 | 0x00003832 | 0xff | 0xff
[OK ]  |  7475 | 0x00003833 | 0xff | 0xff
[OK ]  |  7476 | 0x00003834 | 0xa8 | 0xa8
[OK ]  |  7477 | 0x00003835 | 0x3c | 0x3c
[OK ]  |  7478 | 0x00003836 | 0x00 | 0x00
[OK ]  |  7479 | 0x00003837 | 0x00 | 0x00
[OK ]  |  7480 | 0x00003838 | 0x6d | 0x6d
[OK ]  |  7481 | 0x00003839 | 0x80 | 0x80
[OK ]  |  7482 | 0x0000383a | 0xff | 0xff
[OK ]  |  7483 | 0x0000383b | 0xff | 0xff
[OK ]  |  7484 | 0x0000383c | 0x33 | 0x33
[OK ]  |  7485 | 0x0000383d | 0x66 | 0x66
[OK ]  |  7486 | 0x0000383e | 0x00 | 0x00
[OK ]  |  7487 | 0x0000383f | 0x00 | 0x00
[OK ]  |  7488 | 0x00003840 | 0xda | 0xda
[OK ]  |  7489 | 0x00003841 | 0x28 | 0x28
[OK ]  |  7490 | 0x00003842 | 0xff | 0xff
[OK ]  |  7491 | 0x00003843 | 0xff | 0xff
[OK ]  |  7492 | 0x00003844 | 0x6e | 0x6e
[OK ]  |  7493 | 0x00003845 | 0x7d | 0x7d
[OK ]  |  7494 | 0x00003846 | 0x01 | 0x01
[OK ]  |  7495 | 0x00003847 | 0x00 | 0x00
[OK ]  |  7496 | 0x00003848 | 0x61 | 0x61
[OK ]  |  7497 | 0x00003849 | 0x96 | 0x96
[OK ]  |  7498 | 0x0000384a | 0xff | 0xff
[OK ]  |  7499 | 0x0000384b | 0xff | 0xff
[OK ]  |  7500 | 0x0000384c | 0x5e | 0x5e
[OK ]  |  7501 | 0x0000384d | 0x22 | 0x22
[OK ]  |  7502 | 0x0000384e | 0x01 | 0x01
[OK ]  |  7503 | 0x0000384f | 0x00 | 0x00
[OK ]  |  7504 | 0x00003850 | 0xe3 | 0xe3
[OK ]  |  7505 | 0x00003851 | 0x38 | 0x38
[OK ]  |  7506 | 0x00003852 | 0x00 | 0x00
[OK ]  |  7507 | 0x00003853 | 0x00 | 0x00
[OK ]  |  7508 | 0x00003854 | 0xf4 | 0xf4
[OK ]  |  7509 | 0x00003855 | 0xe1 | 0xe1
[OK ]  |  7510 | 0x00003856 | 0x00 | 0x00
[OK ]  |  7511 | 0x00003857 | 0x00 | 0x00
[OK ]  |  7512 | 0x00003858 | 0xe2 | 0xe2
[OK ]  |  7513 | 0x00003859 | 0x09 | 0x09
[OK ]  |  7514 | 0x0000385a | 0x01 | 0x01
[OK ]  |  7515 | 0x0000385b | 0x00 | 0x00
[OK ]  |  7516 | 0x0000385c | 0xb1 | 0xb1
[OK ]  |  7517 | 0x0000385d | 0xdb | 0xdb
[OK ]  |  7518 | 0x0000385e | 0xff | 0xff
[OK ]  |  7519 | 0x0000385f | 0xff | 0xff
[OK ]  |  7520 | 0x00003860 | 0xdf | 0xdf
[OK ]  |  7521 | 0x00003861 | 0x8b | 0x8b
[OK ]  |  7522 | 0x00003862 | 0x01 | 0x01
[OK ]  |  7523 | 0x00003863 | 0x00 | 0x00
[OK ]  |  7524 | 0x00003864 | 0x73 | 0x73
[OK ]  |  7525 | 0x00003865 | 0x3e | 0x3e
[OK ]  |  7526 | 0x00003866 | 0x01 | 0x01
[OK ]  |  7527 | 0x00003867 | 0x00 | 0x00
[OK ]  |  7528 | 0x00003868 | 0xa1 | 0xa1
[OK ]  |  7529 | 0x00003869 | 0x20 | 0x20
[OK ]  |  7530 | 0x0000386a | 0x00 | 0x00
[OK ]  |  7531 | 0x0000386b | 0x00 | 0x00
[OK ]  |  7532 | 0x0000386c | 0xc9 | 0xc9
[OK ]  |  7533 | 0x0000386d | 0x75 | 0x75
[OK ]  |  7534 | 0x0000386e | 0xff | 0xff
[OK ]  |  7535 | 0x0000386f | 0xff | 0xff
[OK ]  |  7536 | 0x00003870 | 0xdb | 0xdb
[OK ]  |  7537 | 0x00003871 | 0xbd | 0xbd
[OK ]  |  7538 | 0x00003872 | 0xff | 0xff
[OK ]  |  7539 | 0x00003873 | 0xff | 0xff
[OK ]  |  7540 | 0x00003874 | 0xd3 | 0xd3
[OK ]  |  7541 | 0x00003875 | 0x97 | 0x97
[OK ]  |  7542 | 0x00003876 | 0x00 | 0x00
[OK ]  |  7543 | 0x00003877 | 0x00 | 0x00
[OK ]  |  7544 | 0x00003878 | 0x48 | 0x48
[OK ]  |  7545 | 0x00003879 | 0xc0 | 0xc0
[OK ]  |  7546 | 0x0000387a | 0x00 | 0x00
[OK ]  |  7547 | 0x0000387b | 0x00 | 0x00
[OK ]  |  7548 | 0x0000387c | 0x4a | 0x4a
[OK ]  |  7549 | 0x0000387d | 0xec | 0xec
[OK ]  |  7550 | 0x0000387e | 0x00 | 0x00
[OK ]  |  7551 | 0x0000387f | 0x00 | 0x00
[OK ]  |  7552 | 0x00003880 | 0xfb | 0xfb
[OK ]  |  7553 | 0x00003881 | 0x3f | 0x3f
[OK ]  |  7554 | 0x00003882 | 0xff | 0xff
[OK ]  |  7555 | 0x00003883 | 0xff | 0xff
[OK ]  |  7556 | 0x00003884 | 0xc5 | 0xc5
[OK ]  |  7557 | 0x00003885 | 0xeb | 0xeb
[OK ]  |  7558 | 0x00003886 | 0xff | 0xff
[OK ]  |  7559 | 0x00003887 | 0xff | 0xff
[OK ]  |  7560 | 0x00003888 | 0x32 | 0x32
[OK ]  |  7561 | 0x00003889 | 0xb5 | 0xb5
[OK ]  |  7562 | 0x0000388a | 0xff | 0xff
[OK ]  |  7563 | 0x0000388b | 0xff | 0xff
[OK ]  |  7564 | 0x0000388c | 0xcf | 0xcf
[OK ]  |  7565 | 0x0000388d | 0xda | 0xda
[OK ]  |  7566 | 0x0000388e | 0xff | 0xff
[OK ]  |  7567 | 0x0000388f | 0xff | 0xff
[OK ]  |  7568 | 0x00003890 | 0x88 | 0x88
[OK ]  |  7569 | 0x00003891 | 0x0a | 0x0a
[OK ]  |  7570 | 0x00003892 | 0x00 | 0x00
[OK ]  |  7571 | 0x00003893 | 0x00 | 0x00
[OK ]  |  7572 | 0x00003894 | 0xe8 | 0xe8
[OK ]  |  7573 | 0x00003895 | 0x6b | 0x6b
[OK ]  |  7574 | 0x00003896 | 0x00 | 0x00
[OK ]  |  7575 | 0x00003897 | 0x00 | 0x00
[OK ]  |  7576 | 0x00003898 | 0xef | 0xef
[OK ]  |  7577 | 0x00003899 | 0x19 | 0x19
[OK ]  |  7578 | 0x0000389a | 0x00 | 0x00
[OK ]  |  7579 | 0x0000389b | 0x00 | 0x00
[OK ]  |  7580 | 0x0000389c | 0x43 | 0x43
[OK ]  |  7581 | 0x0000389d | 0xef | 0xef
[OK ]  |  7582 | 0x0000389e | 0xff | 0xff
[OK ]  |  7583 | 0x0000389f | 0xff | 0xff
[OK ]  |  7584 | 0x000038a0 | 0xfe | 0xfe
[OK ]  |  7585 | 0x000038a1 | 0x89 | 0x89
[OK ]  |  7586 | 0x000038a2 | 0xff | 0xff
[OK ]  |  7587 | 0x000038a3 | 0xff | 0xff
[OK ]  |  7588 | 0x000038a4 | 0xa7 | 0xa7
[OK ]  |  7589 | 0x000038a5 | 0x8b | 0x8b
[OK ]  |  7590 | 0x000038a6 | 0xfe | 0xfe
[OK ]  |  7591 | 0x000038a7 | 0xff | 0xff
[OK ]  |  7592 | 0x000038a8 | 0xec | 0xec
[OK ]  |  7593 | 0x000038a9 | 0xde | 0xde
[OK ]  |  7594 | 0x000038aa | 0xff | 0xff
[OK ]  |  7595 | 0x000038ab | 0xff | 0xff
[OK ]  |  7596 | 0x000038ac | 0xc1 | 0xc1
[OK ]  |  7597 | 0x000038ad | 0x84 | 0x84
[OK ]  |  7598 | 0x000038ae | 0x00 | 0x00
[OK ]  |  7599 | 0x000038af | 0x00 | 0x00
[OK ]  |  7600 | 0x000038b0 | 0x9e | 0x9e
[OK ]  |  7601 | 0x000038b1 | 0x20 | 0x20
[OK ]  |  7602 | 0x000038b2 | 0x01 | 0x01
[OK ]  |  7603 | 0x000038b3 | 0x00 | 0x00
[OK ]  |  7604 | 0x000038b4 | 0xfe | 0xfe
[OK ]  |  7605 | 0x000038b5 | 0x0e | 0x0e
[OK ]  |  7606 | 0x000038b6 | 0x00 | 0x00
[OK ]  |  7607 | 0x000038b7 | 0x00 | 0x00
[OK ]  |  7608 | 0x000038b8 | 0xfe | 0xfe
[OK ]  |  7609 | 0x000038b9 | 0x41 | 0x41
[OK ]  |  7610 | 0x000038ba | 0x00 | 0x00
[OK ]  |  7611 | 0x000038bb | 0x00 | 0x00
[OK ]  |  7612 | 0x000038bc | 0x2d | 0x2d
[OK ]  |  7613 | 0x000038bd | 0xd9 | 0xd9
[OK ]  |  7614 | 0x000038be | 0xff | 0xff
[OK ]  |  7615 | 0x000038bf | 0xff | 0xff
[OK ]  |  7616 | 0x000038c0 | 0xbf | 0xbf
[OK ]  |  7617 | 0x000038c1 | 0x5e | 0x5e
[OK ]  |  7618 | 0x000038c2 | 0x00 | 0x00
[OK ]  |  7619 | 0x000038c3 | 0x00 | 0x00
[OK ]  |  7620 | 0x000038c4 | 0xbe | 0xbe
[OK ]  |  7621 | 0x000038c5 | 0xc9 | 0xc9
[OK ]  |  7622 | 0x000038c6 | 0xfe | 0xfe
[OK ]  |  7623 | 0x000038c7 | 0xff | 0xff
[OK ]  |  7624 | 0x000038c8 | 0xa8 | 0xa8
[OK ]  |  7625 | 0x000038c9 | 0x72 | 0x72
[OK ]  |  7626 | 0x000038ca | 0x00 | 0x00
[OK ]  |  7627 | 0x000038cb | 0x00 | 0x00
[OK ]  |  7628 | 0x000038cc | 0x0e | 0x0e
[OK ]  |  7629 | 0x000038cd | 0x9b | 0x9b
[OK ]  |  7630 | 0x000038ce | 0xff | 0xff
[OK ]  |  7631 | 0x000038cf | 0xff | 0xff
[OK ]  |  7632 | 0x000038d0 | 0xf9 | 0xf9
[OK ]  |  7633 | 0x000038d1 | 0xaa | 0xaa
[OK ]  |  7634 | 0x000038d2 | 0x00 | 0x00
[OK ]  |  7635 | 0x000038d3 | 0x00 | 0x00
[OK ]  |  7636 | 0x000038d4 | 0x73 | 0x73
[OK ]  |  7637 | 0x000038d5 | 0x95 | 0x95
[OK ]  |  7638 | 0x000038d6 | 0xff | 0xff
[OK ]  |  7639 | 0x000038d7 | 0xff | 0xff
[OK ]  |  7640 | 0x000038d8 | 0xd6 | 0xd6
[OK ]  |  7641 | 0x000038d9 | 0xb3 | 0xb3
[OK ]  |  7642 | 0x000038da | 0xff | 0xff
[OK ]  |  7643 | 0x000038db | 0xff | 0xff
[OK ]  |  7644 | 0x000038dc | 0xa6 | 0xa6
[OK ]  |  7645 | 0x000038dd | 0x11 | 0x11
[OK ]  |  7646 | 0x000038de | 0x00 | 0x00
[OK ]  |  7647 | 0x000038df | 0x00 | 0x00
[OK ]  |  7648 | 0x000038e0 | 0x2c | 0x2c
[OK ]  |  7649 | 0x000038e1 | 0x4f | 0x4f
[OK ]  |  7650 | 0x000038e2 | 0xff | 0xff
[OK ]  |  7651 | 0x000038e3 | 0xff | 0xff
[OK ]  |  7652 | 0x000038e4 | 0x0c | 0x0c
[OK ]  |  7653 | 0x000038e5 | 0xfa | 0xfa
[OK ]  |  7654 | 0x000038e6 | 0xff | 0xff
[OK ]  |  7655 | 0x000038e7 | 0xff | 0xff
[OK ]  |  7656 | 0x000038e8 | 0xe3 | 0xe3
[OK ]  |  7657 | 0x000038e9 | 0x3b | 0x3b
[OK ]  |  7658 | 0x000038ea | 0x00 | 0x00
[OK ]  |  7659 | 0x000038eb | 0x00 | 0x00
[OK ]  |  7660 | 0x000038ec | 0xc9 | 0xc9
[OK ]  |  7661 | 0x000038ed | 0x6e | 0x6e
[OK ]  |  7662 | 0x000038ee | 0x00 | 0x00
[OK ]  |  7663 | 0x000038ef | 0x00 | 0x00
[OK ]  |  7664 | 0x000038f0 | 0x9e | 0x9e
[OK ]  |  7665 | 0x000038f1 | 0xb8 | 0xb8
[OK ]  |  7666 | 0x000038f2 | 0xff | 0xff
[OK ]  |  7667 | 0x000038f3 | 0xff | 0xff
[OK ]  |  7668 | 0x000038f4 | 0x3d | 0x3d
[OK ]  |  7669 | 0x000038f5 | 0x57 | 0x57
[OK ]  |  7670 | 0x000038f6 | 0x00 | 0x00
[OK ]  |  7671 | 0x000038f7 | 0x00 | 0x00
[OK ]  |  7672 | 0x000038f8 | 0x27 | 0x27
[OK ]  |  7673 | 0x000038f9 | 0xcd | 0xcd
[OK ]  |  7674 | 0x000038fa | 0xff | 0xff
[OK ]  |  7675 | 0x000038fb | 0xff | 0xff
[OK ]  |  7676 | 0x000038fc | 0xfc | 0xfc
[OK ]  |  7677 | 0x000038fd | 0xf4 | 0xf4
[OK ]  |  7678 | 0x000038fe | 0xfe | 0xfe
[OK ]  |  7679 | 0x000038ff | 0xff | 0xff
[OK ]  |  7680 | 0x00003900 | 0x55 | 0x55
[OK ]  |  7681 | 0x00003901 | 0xa7 | 0xa7
[OK ]  |  7682 | 0x00003902 | 0x00 | 0x00
[OK ]  |  7683 | 0x00003903 | 0x00 | 0x00
[OK ]  |  7684 | 0x00003904 | 0xb8 | 0xb8
[OK ]  |  7685 | 0x00003905 | 0x21 | 0x21
[OK ]  |  7686 | 0x00003906 | 0x00 | 0x00
[OK ]  |  7687 | 0x00003907 | 0x00 | 0x00
[OK ]  |  7688 | 0x00003908 | 0x03 | 0x03
[OK ]  |  7689 | 0x00003909 | 0x14 | 0x14
[OK ]  |  7690 | 0x0000390a | 0x00 | 0x00
[OK ]  |  7691 | 0x0000390b | 0x00 | 0x00
[OK ]  |  7692 | 0x0000390c | 0x73 | 0x73
[OK ]  |  7693 | 0x0000390d | 0x83 | 0x83
[OK ]  |  7694 | 0x0000390e | 0x00 | 0x00
[OK ]  |  7695 | 0x0000390f | 0x00 | 0x00
[OK ]  |  7696 | 0x00003910 | 0x31 | 0x31
[OK ]  |  7697 | 0x00003911 | 0x80 | 0x80
[OK ]  |  7698 | 0x00003912 | 0x00 | 0x00
[OK ]  |  7699 | 0x00003913 | 0x00 | 0x00
[OK ]  |  7700 | 0x00003914 | 0xd9 | 0xd9
[OK ]  |  7701 | 0x00003915 | 0x53 | 0x53
[OK ]  |  7702 | 0x00003916 | 0xff | 0xff
[OK ]  |  7703 | 0x00003917 | 0xff | 0xff
[OK ]  |  7704 | 0x00003918 | 0x9f | 0x9f
[OK ]  |  7705 | 0x00003919 | 0x97 | 0x97
[OK ]  |  7706 | 0x0000391a | 0x00 | 0x00
[OK ]  |  7707 | 0x0000391b | 0x00 | 0x00
[OK ]  |  7708 | 0x0000391c | 0x85 | 0x85
[OK ]  |  7709 | 0x0000391d | 0x3a | 0x3a
[OK ]  |  7710 | 0x0000391e | 0x00 | 0x00
[OK ]  |  7711 | 0x0000391f | 0x00 | 0x00
[OK ]  |  7712 | 0x00003920 | 0xbb | 0xbb
[OK ]  |  7713 | 0x00003921 | 0x04 | 0x04
[OK ]  |  7714 | 0x00003922 | 0xff | 0xff
[OK ]  |  7715 | 0x00003923 | 0xff | 0xff
[OK ]  |  7716 | 0x00003924 | 0x88 | 0x88
[OK ]  |  7717 | 0x00003925 | 0x6b | 0x6b
[OK ]  |  7718 | 0x00003926 | 0x00 | 0x00
[OK ]  |  7719 | 0x00003927 | 0x00 | 0x00
[OK ]  |  7720 | 0x00003928 | 0x3a | 0x3a
[OK ]  |  7721 | 0x00003929 | 0xcf | 0xcf
[OK ]  |  7722 | 0x0000392a | 0xfe | 0xfe
[OK ]  |  7723 | 0x0000392b | 0xff | 0xff
[OK ]  |  7724 | 0x0000392c | 0x1f | 0x1f
[OK ]  |  7725 | 0x0000392d | 0x35 | 0x35
[OK ]  |  7726 | 0x0000392e | 0xff | 0xff
[OK ]  |  7727 | 0x0000392f | 0xff | 0xff
[OK ]  |  7728 | 0x00003930 | 0x9c | 0x9c
[OK ]  |  7729 | 0x00003931 | 0xa7 | 0xa7
[OK ]  |  7730 | 0x00003932 | 0xff | 0xff
[OK ]  |  7731 | 0x00003933 | 0xff | 0xff
[OK ]  |  7732 | 0x00003934 | 0xf7 | 0xf7
[OK ]  |  7733 | 0x00003935 | 0x9f | 0x9f
[OK ]  |  7734 | 0x00003936 | 0xff | 0xff
[OK ]  |  7735 | 0x00003937 | 0xff | 0xff
[OK ]  |  7736 | 0x00003938 | 0x92 | 0x92
[OK ]  |  7737 | 0x00003939 | 0xd3 | 0xd3
[OK ]  |  7738 | 0x0000393a | 0x00 | 0x00
[OK ]  |  7739 | 0x0000393b | 0x00 | 0x00
[OK ]  |  7740 | 0x0000393c | 0x7d | 0x7d
[OK ]  |  7741 | 0x0000393d | 0x98 | 0x98
[OK ]  |  7742 | 0x0000393e | 0xff | 0xff
[OK ]  |  7743 | 0x0000393f | 0xff | 0xff
[OK ]  |  7744 | 0x00003940 | 0x6a | 0x6a
[OK ]  |  7745 | 0x00003941 | 0x4d | 0x4d
[OK ]  |  7746 | 0x00003942 | 0xff | 0xff
[OK ]  |  7747 | 0x00003943 | 0xff | 0xff
[OK ]  |  7748 | 0x00003944 | 0xf6 | 0xf6
[OK ]  |  7749 | 0x00003945 | 0xec | 0xec
[OK ]  |  7750 | 0x00003946 | 0x00 | 0x00
[OK ]  |  7751 | 0x00003947 | 0x00 | 0x00
[OK ]  |  7752 | 0x00003948 | 0xaa | 0xaa
[OK ]  |  7753 | 0x00003949 | 0x56 | 0x56
[OK ]  |  7754 | 0x0000394a | 0x00 | 0x00
[OK ]  |  7755 | 0x0000394b | 0x00 | 0x00
[OK ]  |  7756 | 0x0000394c | 0x29 | 0x29
[OK ]  |  7757 | 0x0000394d | 0x94 | 0x94
[OK ]  |  7758 | 0x0000394e | 0xff | 0xff
[OK ]  |  7759 | 0x0000394f | 0xff | 0xff
[OK ]  |  7760 | 0x00003950 | 0x28 | 0x28
[OK ]  |  7761 | 0x00003951 | 0x2d | 0x2d
[OK ]  |  7762 | 0x00003952 | 0x01 | 0x01
[OK ]  |  7763 | 0x00003953 | 0x00 | 0x00
[OK ]  |  7764 | 0x00003954 | 0x51 | 0x51
[OK ]  |  7765 | 0x00003955 | 0x9b | 0x9b
[OK ]  |  7766 | 0x00003956 | 0xff | 0xff
[OK ]  |  7767 | 0x00003957 | 0xff | 0xff
[OK ]  |  7768 | 0x00003958 | 0xc8 | 0xc8
[OK ]  |  7769 | 0x00003959 | 0xe6 | 0xe6
[OK ]  |  7770 | 0x0000395a | 0xff | 0xff
[OK ]  |  7771 | 0x0000395b | 0xff | 0xff
[OK ]  |  7772 | 0x0000395c | 0xe4 | 0xe4
[OK ]  |  7773 | 0x0000395d | 0x04 | 0x04
[OK ]  |  7774 | 0x0000395e | 0x00 | 0x00
[OK ]  |  7775 | 0x0000395f | 0x00 | 0x00
[OK ]  |  7776 | 0x00003960 | 0xba | 0xba
[OK ]  |  7777 | 0x00003961 | 0x65 | 0x65
[OK ]  |  7778 | 0x00003962 | 0xff | 0xff
[OK ]  |  7779 | 0x00003963 | 0xff | 0xff
[OK ]  |  7780 | 0x00003964 | 0xd9 | 0xd9
[OK ]  |  7781 | 0x00003965 | 0xab | 0xab
[OK ]  |  7782 | 0x00003966 | 0x00 | 0x00
[OK ]  |  7783 | 0x00003967 | 0x00 | 0x00
[OK ]  |  7784 | 0x00003968 | 0x34 | 0x34
[OK ]  |  7785 | 0x00003969 | 0xb3 | 0xb3
[OK ]  |  7786 | 0x0000396a | 0xfe | 0xfe
[OK ]  |  7787 | 0x0000396b | 0xff | 0xff
[OK ]  |  7788 | 0x0000396c | 0x11 | 0x11
[OK ]  |  7789 | 0x0000396d | 0xf3 | 0xf3
[OK ]  |  7790 | 0x0000396e | 0xfe | 0xfe
[OK ]  |  7791 | 0x0000396f | 0xff | 0xff
[OK ]  |  7792 | 0x00003970 | 0x26 | 0x26
[OK ]  |  7793 | 0x00003971 | 0xca | 0xca
[OK ]  |  7794 | 0x00003972 | 0x00 | 0x00
[OK ]  |  7795 | 0x00003973 | 0x00 | 0x00
[OK ]  |  7796 | 0x00003974 | 0xc7 | 0xc7
[OK ]  |  7797 | 0x00003975 | 0x0b | 0x0b
[OK ]  |  7798 | 0x00003976 | 0x00 | 0x00
[OK ]  |  7799 | 0x00003977 | 0x00 | 0x00
[OK ]  |  7800 | 0x00003978 | 0x87 | 0x87
[OK ]  |  7801 | 0x00003979 | 0x40 | 0x40
[OK ]  |  7802 | 0x0000397a | 0x00 | 0x00
[OK ]  |  7803 | 0x0000397b | 0x00 | 0x00
[OK ]  |  7804 | 0x0000397c | 0xd7 | 0xd7
[OK ]  |  7805 | 0x0000397d | 0x4e | 0x4e
[OK ]  |  7806 | 0x0000397e | 0x00 | 0x00
[OK ]  |  7807 | 0x0000397f | 0x00 | 0x00
[OK ]  |  7808 | 0x00003980 | 0xc5 | 0xc5
[OK ]  |  7809 | 0x00003981 | 0x73 | 0x73
[OK ]  |  7810 | 0x00003982 | 0x00 | 0x00
[OK ]  |  7811 | 0x00003983 | 0x00 | 0x00
[OK ]  |  7812 | 0x00003984 | 0x4b | 0x4b
[OK ]  |  7813 | 0x00003985 | 0x8f | 0x8f
[OK ]  |  7814 | 0x00003986 | 0x00 | 0x00
[OK ]  |  7815 | 0x00003987 | 0x00 | 0x00
[OK ]  |  7816 | 0x00003988 | 0xbc | 0xbc
[OK ]  |  7817 | 0x00003989 | 0x29 | 0x29
[OK ]  |  7818 | 0x0000398a | 0x00 | 0x00
[OK ]  |  7819 | 0x0000398b | 0x00 | 0x00
[OK ]  |  7820 | 0x0000398c | 0x37 | 0x37
[OK ]  |  7821 | 0x0000398d | 0x0f | 0x0f
[OK ]  |  7822 | 0x0000398e | 0xff | 0xff
[OK ]  |  7823 | 0x0000398f | 0xff | 0xff
[OK ]  |  7824 | 0x00003990 | 0x11 | 0x11
[OK ]  |  7825 | 0x00003991 | 0x84 | 0x84
[OK ]  |  7826 | 0x00003992 | 0x00 | 0x00
[OK ]  |  7827 | 0x00003993 | 0x00 | 0x00
[OK ]  |  7828 | 0x00003994 | 0xca | 0xca
[OK ]  |  7829 | 0x00003995 | 0x6c | 0x6c
[OK ]  |  7830 | 0x00003996 | 0xff | 0xff
[OK ]  |  7831 | 0x00003997 | 0xff | 0xff
[OK ]  |  7832 | 0x00003998 | 0xad | 0xad
[OK ]  |  7833 | 0x00003999 | 0x52 | 0x52
[OK ]  |  7834 | 0x0000399a | 0x00 | 0x00
[OK ]  |  7835 | 0x0000399b | 0x00 | 0x00
[OK ]  |  7836 | 0x0000399c | 0x63 | 0x63
[OK ]  |  7837 | 0x0000399d | 0x97 | 0x97
[OK ]  |  7838 | 0x0000399e | 0xff | 0xff
[OK ]  |  7839 | 0x0000399f | 0xff | 0xff
[OK ]  |  7840 | 0x000039a0 | 0xd4 | 0xd4
[OK ]  |  7841 | 0x000039a1 | 0xca | 0xca
[OK ]  |  7842 | 0x000039a2 | 0xfe | 0xfe
[OK ]  |  7843 | 0x000039a3 | 0xff | 0xff
[OK ]  |  7844 | 0x000039a4 | 0xf8 | 0xf8
[OK ]  |  7845 | 0x000039a5 | 0x6a | 0x6a
[OK ]  |  7846 | 0x000039a6 | 0x01 | 0x01
[OK ]  |  7847 | 0x000039a7 | 0x00 | 0x00
[OK ]  |  7848 | 0x000039a8 | 0x04 | 0x04
[OK ]  |  7849 | 0x000039a9 | 0x0e | 0x0e
[OK ]  |  7850 | 0x000039aa | 0x00 | 0x00
[OK ]  |  7851 | 0x000039ab | 0x00 | 0x00
[OK ]  |  7852 | 0x000039ac | 0x34 | 0x34
[OK ]  |  7853 | 0x000039ad | 0x00 | 0x00
[OK ]  |  7854 | 0x000039ae | 0x00 | 0x00
[OK ]  |  7855 | 0x000039af | 0x00 | 0x00
[OK ]  |  7856 | 0x000039b0 | 0xbb | 0xbb
[OK ]  |  7857 | 0x000039b1 | 0xc8 | 0xc8
[OK ]  |  7858 | 0x000039b2 | 0xff | 0xff
[OK ]  |  7859 | 0x000039b3 | 0xff | 0xff
[OK ]  |  7860 | 0x000039b4 | 0xb3 | 0xb3
[OK ]  |  7861 | 0x000039b5 | 0x45 | 0x45
[OK ]  |  7862 | 0x000039b6 | 0xff | 0xff
[OK ]  |  7863 | 0x000039b7 | 0xff | 0xff
[OK ]  |  7864 | 0x000039b8 | 0xa1 | 0xa1
[OK ]  |  7865 | 0x000039b9 | 0xb5 | 0xb5
[OK ]  |  7866 | 0x000039ba | 0xff | 0xff
[OK ]  |  7867 | 0x000039bb | 0xff | 0xff
[OK ]  |  7868 | 0x000039bc | 0x50 | 0x50
[OK ]  |  7869 | 0x000039bd | 0x9e | 0x9e
[OK ]  |  7870 | 0x000039be | 0xff | 0xff
[OK ]  |  7871 | 0x000039bf | 0xff | 0xff
[OK ]  |  7872 | 0x000039c0 | 0x62 | 0x62
[OK ]  |  7873 | 0x000039c1 | 0x2d | 0x2d
[OK ]  |  7874 | 0x000039c2 | 0xff | 0xff
[OK ]  |  7875 | 0x000039c3 | 0xff | 0xff
[OK ]  |  7876 | 0x000039c4 | 0x80 | 0x80
[OK ]  |  7877 | 0x000039c5 | 0xbe | 0xbe
[OK ]  |  7878 | 0x000039c6 | 0xff | 0xff
[OK ]  |  7879 | 0x000039c7 | 0xff | 0xff
[OK ]  |  7880 | 0x000039c8 | 0x28 | 0x28
[OK ]  |  7881 | 0x000039c9 | 0x22 | 0x22
[OK ]  |  7882 | 0x000039ca | 0x00 | 0x00
[OK ]  |  7883 | 0x000039cb | 0x00 | 0x00
[OK ]  |  7884 | 0x000039cc | 0xc8 | 0xc8
[OK ]  |  7885 | 0x000039cd | 0x04 | 0x04
[OK ]  |  7886 | 0x000039ce | 0x01 | 0x01
[OK ]  |  7887 | 0x000039cf | 0x00 | 0x00
[OK ]  |  7888 | 0x000039d0 | 0x50 | 0x50
[OK ]  |  7889 | 0x000039d1 | 0x6f | 0x6f
[OK ]  |  7890 | 0x000039d2 | 0x00 | 0x00
[OK ]  |  7891 | 0x000039d3 | 0x00 | 0x00
[OK ]  |  7892 | 0x000039d4 | 0x94 | 0x94
[OK ]  |  7893 | 0x000039d5 | 0xd2 | 0xd2
[OK ]  |  7894 | 0x000039d6 | 0xff | 0xff
[OK ]  |  7895 | 0x000039d7 | 0xff | 0xff
[OK ]  |  7896 | 0x000039d8 | 0x37 | 0x37
[OK ]  |  7897 | 0x000039d9 | 0x85 | 0x85
[OK ]  |  7898 | 0x000039da | 0x01 | 0x01
[OK ]  |  7899 | 0x000039db | 0x00 | 0x00
[OK ]  |  7900 | 0x000039dc | 0x24 | 0x24
[OK ]  |  7901 | 0x000039dd | 0xf5 | 0xf5
[OK ]  |  7902 | 0x000039de | 0xff | 0xff
[OK ]  |  7903 | 0x000039df | 0xff | 0xff
[OK ]  |  7904 | 0x000039e0 | 0x5a | 0x5a
[OK ]  |  7905 | 0x000039e1 | 0xe1 | 0xe1
[OK ]  |  7906 | 0x000039e2 | 0xff | 0xff
[OK ]  |  7907 | 0x000039e3 | 0xff | 0xff
[OK ]  |  7908 | 0x000039e4 | 0xde | 0xde
[OK ]  |  7909 | 0x000039e5 | 0x9c | 0x9c
[OK ]  |  7910 | 0x000039e6 | 0x00 | 0x00
[OK ]  |  7911 | 0x000039e7 | 0x00 | 0x00
[OK ]  |  7912 | 0x000039e8 | 0xcd | 0xcd
[OK ]  |  7913 | 0x000039e9 | 0xa1 | 0xa1
[OK ]  |  7914 | 0x000039ea | 0xff | 0xff
[OK ]  |  7915 | 0x000039eb | 0xff | 0xff
[OK ]  |  7916 | 0x000039ec | 0xe4 | 0xe4
[OK ]  |  7917 | 0x000039ed | 0x51 | 0x51
[OK ]  |  7918 | 0x000039ee | 0xff | 0xff
[OK ]  |  7919 | 0x000039ef | 0xff | 0xff
[OK ]  |  7920 | 0x000039f0 | 0xe4 | 0xe4
[OK ]  |  7921 | 0x000039f1 | 0x83 | 0x83
[OK ]  |  7922 | 0x000039f2 | 0xff | 0xff
[OK ]  |  7923 | 0x000039f3 | 0xff | 0xff
[OK ]  |  7924 | 0x000039f4 | 0xfb | 0xfb
[OK ]  |  7925 | 0x000039f5 | 0x5e | 0x5e
[OK ]  |  7926 | 0x000039f6 | 0xff | 0xff
[OK ]  |  7927 | 0x000039f7 | 0xff | 0xff
[OK ]  |  7928 | 0x000039f8 | 0xe0 | 0xe0
[OK ]  |  7929 | 0x000039f9 | 0x1d | 0x1d
[OK ]  |  7930 | 0x000039fa | 0x00 | 0x00
[OK ]  |  7931 | 0x000039fb | 0x00 | 0x00
[OK ]  |  7932 | 0x000039fc | 0x91 | 0x91
[OK ]  |  7933 | 0x000039fd | 0xba | 0xba
[OK ]  |  7934 | 0x000039fe | 0xff | 0xff
[OK ]  |  7935 | 0x000039ff | 0xff | 0xff
[OK ]  |  7936 | 0x00003a00 | 0xad | 0xad
[OK ]  |  7937 | 0x00003a01 | 0x5b | 0x5b
[OK ]  |  7938 | 0x00003a02 | 0xff | 0xff
[OK ]  |  7939 | 0x00003a03 | 0xff | 0xff
[OK ]  |  7940 | 0x00003a04 | 0x8a | 0x8a
[OK ]  |  7941 | 0x00003a05 | 0x98 | 0x98
[OK ]  |  7942 | 0x00003a06 | 0xff | 0xff
[OK ]  |  7943 | 0x00003a07 | 0xff | 0xff
[OK ]  |  7944 | 0x00003a08 | 0x3e | 0x3e
[OK ]  |  7945 | 0x00003a09 | 0xdc | 0xdc
[OK ]  |  7946 | 0x00003a0a | 0x00 | 0x00
[OK ]  |  7947 | 0x00003a0b | 0x00 | 0x00
[OK ]  |  7948 | 0x00003a0c | 0xf1 | 0xf1
[OK ]  |  7949 | 0x00003a0d | 0x27 | 0x27
[OK ]  |  7950 | 0x00003a0e | 0xff | 0xff
[OK ]  |  7951 | 0x00003a0f | 0xff | 0xff
[OK ]  |  7952 | 0x00003a10 | 0xab | 0xab
[OK ]  |  7953 | 0x00003a11 | 0x21 | 0x21
[OK ]  |  7954 | 0x00003a12 | 0x01 | 0x01
[OK ]  |  7955 | 0x00003a13 | 0x00 | 0x00
[OK ]  |  7956 | 0x00003a14 | 0x7d | 0x7d
[OK ]  |  7957 | 0x00003a15 | 0xa9 | 0xa9
[OK ]  |  7958 | 0x00003a16 | 0x00 | 0x00
[OK ]  |  7959 | 0x00003a17 | 0x00 | 0x00
[OK ]  |  7960 | 0x00003a18 | 0xa7 | 0xa7
[OK ]  |  7961 | 0x00003a19 | 0x81 | 0x81
[OK ]  |  7962 | 0x00003a1a | 0x00 | 0x00
[OK ]  |  7963 | 0x00003a1b | 0x00 | 0x00
[OK ]  |  7964 | 0x00003a1c | 0xd9 | 0xd9
[OK ]  |  7965 | 0x00003a1d | 0x9e | 0x9e
[OK ]  |  7966 | 0x00003a1e | 0x00 | 0x00
[OK ]  |  7967 | 0x00003a1f | 0x00 | 0x00
[OK ]  |  7968 | 0x00003a20 | 0x91 | 0x91
[OK ]  |  7969 | 0x00003a21 | 0x31 | 0x31
[OK ]  |  7970 | 0x00003a22 | 0x00 | 0x00
[OK ]  |  7971 | 0x00003a23 | 0x00 | 0x00
[OK ]  |  7972 | 0x00003a24 | 0x44 | 0x44
[OK ]  |  7973 | 0x00003a25 | 0xc3 | 0xc3
[OK ]  |  7974 | 0x00003a26 | 0x00 | 0x00
[OK ]  |  7975 | 0x00003a27 | 0x00 | 0x00
[OK ]  |  7976 | 0x00003a28 | 0xe5 | 0xe5
[OK ]  |  7977 | 0x00003a29 | 0xa0 | 0xa0
[OK ]  |  7978 | 0x00003a2a | 0xff | 0xff
[OK ]  |  7979 | 0x00003a2b | 0xff | 0xff
[OK ]  |  7980 | 0x00003a2c | 0xd9 | 0xd9
[OK ]  |  7981 | 0x00003a2d | 0x64 | 0x64
[OK ]  |  7982 | 0x00003a2e | 0x00 | 0x00
[OK ]  |  7983 | 0x00003a2f | 0x00 | 0x00
[OK ]  |  7984 | 0x00003a30 | 0x4b | 0x4b
[OK ]  |  7985 | 0x00003a31 | 0x79 | 0x79
[OK ]  |  7986 | 0x00003a32 | 0x01 | 0x01
[OK ]  |  7987 | 0x00003a33 | 0x00 | 0x00
[OK ]  |  7988 | 0x00003a34 | 0xc1 | 0xc1
[OK ]  |  7989 | 0x00003a35 | 0x1e | 0x1e
[OK ]  |  7990 | 0x00003a36 | 0xff | 0xff
[OK ]  |  7991 | 0x00003a37 | 0xff | 0xff
[OK ]  |  7992 | 0x00003a38 | 0x85 | 0x85
[OK ]  |  7993 | 0x00003a39 | 0x11 | 0x11
[OK ]  |  7994 | 0x00003a3a | 0x00 | 0x00
[OK ]  |  7995 | 0x00003a3b | 0x00 | 0x00
[OK ]  |  7996 | 0x00003a3c | 0x11 | 0x11
[OK ]  |  7997 | 0x00003a3d | 0x14 | 0x14
[OK ]  |  7998 | 0x00003a3e | 0xff | 0xff
[OK ]  |  7999 | 0x00003a3f | 0xff | 0xff
[OK ]  |  8000 | 0x00003a40 | 0x87 | 0x87
[OK ]  |  8001 | 0x00003a41 | 0x8a | 0x8a
[OK ]  |  8002 | 0x00003a42 | 0x00 | 0x00
[OK ]  |  8003 | 0x00003a43 | 0x00 | 0x00
[OK ]  |  8004 | 0x00003a44 | 0x4c | 0x4c
[OK ]  |  8005 | 0x00003a45 | 0xc0 | 0xc0
[OK ]  |  8006 | 0x00003a46 | 0xff | 0xff
[OK ]  |  8007 | 0x00003a47 | 0xff | 0xff
[OK ]  |  8008 | 0x00003a48 | 0xba | 0xba
[OK ]  |  8009 | 0x00003a49 | 0xc4 | 0xc4
[OK ]  |  8010 | 0x00003a4a | 0x00 | 0x00
[OK ]  |  8011 | 0x00003a4b | 0x00 | 0x00
[OK ]  |  8012 | 0x00003a4c | 0xb7 | 0xb7
[OK ]  |  8013 | 0x00003a4d | 0x82 | 0x82
[OK ]  |  8014 | 0x00003a4e | 0xff | 0xff
[OK ]  |  8015 | 0x00003a4f | 0xff | 0xff
[OK ]  |  8016 | 0x00003a50 | 0x4d | 0x4d
[OK ]  |  8017 | 0x00003a51 | 0xc3 | 0xc3
[OK ]  |  8018 | 0x00003a52 | 0x00 | 0x00
[OK ]  |  8019 | 0x00003a53 | 0x00 | 0x00
[OK ]  |  8020 | 0x00003a54 | 0x45 | 0x45
[OK ]  |  8021 | 0x00003a55 | 0xff | 0xff
[OK ]  |  8022 | 0x00003a56 | 0xfe | 0xfe
[OK ]  |  8023 | 0x00003a57 | 0xff | 0xff
[OK ]  |  8024 | 0x00003a58 | 0x74 | 0x74
[OK ]  |  8025 | 0x00003a59 | 0x91 | 0x91
[OK ]  |  8026 | 0x00003a5a | 0xff | 0xff
[OK ]  |  8027 | 0x00003a5b | 0xff | 0xff
[OK ]  |  8028 | 0x00003a5c | 0xe0 | 0xe0
[OK ]  |  8029 | 0x00003a5d | 0xd2 | 0xd2
[OK ]  |  8030 | 0x00003a5e | 0xff | 0xff
[OK ]  |  8031 | 0x00003a5f | 0xff | 0xff
[OK ]  |  8032 | 0x00003a60 | 0xf1 | 0xf1
[OK ]  |  8033 | 0x00003a61 | 0xd9 | 0xd9
[OK ]  |  8034 | 0x00003a62 | 0xff | 0xff
[OK ]  |  8035 | 0x00003a63 | 0xff | 0xff
[OK ]  |  8036 | 0x00003a64 | 0x73 | 0x73
[OK ]  |  8037 | 0x00003a65 | 0x67 | 0x67
[OK ]  |  8038 | 0x00003a66 | 0xff | 0xff
[OK ]  |  8039 | 0x00003a67 | 0xff | 0xff
[OK ]  |  8040 | 0x00003a68 | 0xd3 | 0xd3
[OK ]  |  8041 | 0x00003a69 | 0xe9 | 0xe9
[OK ]  |  8042 | 0x00003a6a | 0xfe | 0xfe
[OK ]  |  8043 | 0x00003a6b | 0xff | 0xff
[OK ]  |  8044 | 0x00003a6c | 0x15 | 0x15
[OK ]  |  8045 | 0x00003a6d | 0xc4 | 0xc4
[OK ]  |  8046 | 0x00003a6e | 0xff | 0xff
[OK ]  |  8047 | 0x00003a6f | 0xff | 0xff
[OK ]  |  8048 | 0x00003a70 | 0xdf | 0xdf
[OK ]  |  8049 | 0x00003a71 | 0xfd | 0xfd
[OK ]  |  8050 | 0x00003a72 | 0xfe | 0xfe
[OK ]  |  8051 | 0x00003a73 | 0xff | 0xff
[OK ]  |  8052 | 0x00003a74 | 0x56 | 0x56
[OK ]  |  8053 | 0x00003a75 | 0x17 | 0x17
[OK ]  |  8054 | 0x00003a76 | 0xff | 0xff
[OK ]  |  8055 | 0x00003a77 | 0xff | 0xff
[OK ]  |  8056 | 0x00003a78 | 0x20 | 0x20
[OK ]  |  8057 | 0x00003a79 | 0xb0 | 0xb0
[OK ]  |  8058 | 0x00003a7a | 0xff | 0xff
[OK ]  |  8059 | 0x00003a7b | 0xff | 0xff
[OK ]  |  8060 | 0x00003a7c | 0x1b | 0x1b
[OK ]  |  8061 | 0x00003a7d | 0x74 | 0x74
[OK ]  |  8062 | 0x00003a7e | 0xff | 0xff
[OK ]  |  8063 | 0x00003a7f | 0xff | 0xff
[OK ]  |  8064 | 0x00003a80 | 0x9f | 0x9f
[OK ]  |  8065 | 0x00003a81 | 0x1a | 0x1a
[OK ]  |  8066 | 0x00003a82 | 0x01 | 0x01
[OK ]  |  8067 | 0x00003a83 | 0x00 | 0x00
[OK ]  |  8068 | 0x00003a84 | 0x4c | 0x4c
[OK ]  |  8069 | 0x00003a85 | 0xdb | 0xdb
[OK ]  |  8070 | 0x00003a86 | 0xff | 0xff
[OK ]  |  8071 | 0x00003a87 | 0xff | 0xff
[OK ]  |  8072 | 0x00003a88 | 0x9f | 0x9f
[OK ]  |  8073 | 0x00003a89 | 0xf9 | 0xf9
[OK ]  |  8074 | 0x00003a8a | 0xfe | 0xfe
[OK ]  |  8075 | 0x00003a8b | 0xff | 0xff
[OK ]  |  8076 | 0x00003a8c | 0x22 | 0x22
[OK ]  |  8077 | 0x00003a8d | 0xf6 | 0xf6
[OK ]  |  8078 | 0x00003a8e | 0xfe | 0xfe
[OK ]  |  8079 | 0x00003a8f | 0xff | 0xff
[OK ]  |  8080 | 0x00003a90 | 0xa4 | 0xa4
[OK ]  |  8081 | 0x00003a91 | 0x3c | 0x3c
[OK ]  |  8082 | 0x00003a92 | 0x00 | 0x00
[OK ]  |  8083 | 0x00003a93 | 0x00 | 0x00
[OK ]  |  8084 | 0x00003a94 | 0xa3 | 0xa3
[OK ]  |  8085 | 0x00003a95 | 0x36 | 0x36
[OK ]  |  8086 | 0x00003a96 | 0xfe | 0xfe
[OK ]  |  8087 | 0x00003a97 | 0xff | 0xff
[OK ]  |  8088 | 0x00003a98 | 0xad | 0xad
[OK ]  |  8089 | 0x00003a99 | 0xe1 | 0xe1
[OK ]  |  8090 | 0x00003a9a | 0x00 | 0x00
[OK ]  |  8091 | 0x00003a9b | 0x00 | 0x00
[OK ]  |  8092 | 0x00003a9c | 0xe4 | 0xe4
[OK ]  |  8093 | 0x00003a9d | 0xbf | 0xbf
[OK ]  |  8094 | 0x00003a9e | 0x00 | 0x00
[OK ]  |  8095 | 0x00003a9f | 0x00 | 0x00
[OK ]  |  8096 | 0x00003aa0 | 0x7b | 0x7b
[OK ]  |  8097 | 0x00003aa1 | 0xb4 | 0xb4
[OK ]  |  8098 | 0x00003aa2 | 0xfe | 0xfe
[OK ]  |  8099 | 0x00003aa3 | 0xff | 0xff
[OK ]  |  8100 | 0x00003aa4 | 0x09 | 0x09
[OK ]  |  8101 | 0x00003aa5 | 0x78 | 0x78
[OK ]  |  8102 | 0x00003aa6 | 0x00 | 0x00
[OK ]  |  8103 | 0x00003aa7 | 0x00 | 0x00
[OK ]  |  8104 | 0x00003aa8 | 0xdb | 0xdb
[OK ]  |  8105 | 0x00003aa9 | 0x0c | 0x0c
[OK ]  |  8106 | 0x00003aaa | 0xff | 0xff
[OK ]  |  8107 | 0x00003aab | 0xff | 0xff
[OK ]  |  8108 | 0x00003aac | 0x7d | 0x7d
[OK ]  |  8109 | 0x00003aad | 0x5f | 0x5f
[OK ]  |  8110 | 0x00003aae | 0xff | 0xff
[OK ]  |  8111 | 0x00003aaf | 0xff | 0xff
[OK ]  |  8112 | 0x00003ab0 | 0x1f | 0x1f
[OK ]  |  8113 | 0x00003ab1 | 0xd5 | 0xd5
[OK ]  |  8114 | 0x00003ab2 | 0xff | 0xff
[OK ]  |  8115 | 0x00003ab3 | 0xff | 0xff
[OK ]  |  8116 | 0x00003ab4 | 0xb6 | 0xb6
[OK ]  |  8117 | 0x00003ab5 | 0x12 | 0x12
[OK ]  |  8118 | 0x00003ab6 | 0xff | 0xff
[OK ]  |  8119 | 0x00003ab7 | 0xff | 0xff
[OK ]  |  8120 | 0x00003ab8 | 0xc5 | 0xc5
[OK ]  |  8121 | 0x00003ab9 | 0x04 | 0x04
[OK ]  |  8122 | 0x00003aba | 0x01 | 0x01
[OK ]  |  8123 | 0x00003abb | 0x00 | 0x00
[OK ]  |  8124 | 0x00003abc | 0x90 | 0x90
[OK ]  |  8125 | 0x00003abd | 0x69 | 0x69
[OK ]  |  8126 | 0x00003abe | 0xff | 0xff
[OK ]  |  8127 | 0x00003abf | 0xff | 0xff
[OK ]  |  8128 | 0x00003ac0 | 0x97 | 0x97
[OK ]  |  8129 | 0x00003ac1 | 0xfe | 0xfe
[OK ]  |  8130 | 0x00003ac2 | 0xff | 0xff
[OK ]  |  8131 | 0x00003ac3 | 0xff | 0xff
[OK ]  |  8132 | 0x00003ac4 | 0xe4 | 0xe4
[OK ]  |  8133 | 0x00003ac5 | 0xbd | 0xbd
[OK ]  |  8134 | 0x00003ac6 | 0xff | 0xff
[OK ]  |  8135 | 0x00003ac7 | 0xff | 0xff
[OK ]  |  8136 | 0x00003ac8 | 0xcf | 0xcf
[OK ]  |  8137 | 0x00003ac9 | 0xc6 | 0xc6
[OK ]  |  8138 | 0x00003aca | 0x00 | 0x00
[OK ]  |  8139 | 0x00003acb | 0x00 | 0x00
[OK ]  |  8140 | 0x00003acc | 0xc8 | 0xc8
[OK ]  |  8141 | 0x00003acd | 0xa9 | 0xa9
[OK ]  |  8142 | 0x00003ace | 0xff | 0xff
[OK ]  |  8143 | 0x00003acf | 0xff | 0xff
[OK ]  |  8144 | 0x00003ad0 | 0x42 | 0x42
[OK ]  |  8145 | 0x00003ad1 | 0x20 | 0x20
[OK ]  |  8146 | 0x00003ad2 | 0xff | 0xff
[OK ]  |  8147 | 0x00003ad3 | 0xff | 0xff
[OK ]  |  8148 | 0x00003ad4 | 0xfd | 0xfd
[OK ]  |  8149 | 0x00003ad5 | 0x54 | 0x54
[OK ]  |  8150 | 0x00003ad6 | 0xff | 0xff
[OK ]  |  8151 | 0x00003ad7 | 0xff | 0xff
[OK ]  |  8152 | 0x00003ad8 | 0xa4 | 0xa4
[OK ]  |  8153 | 0x00003ad9 | 0x05 | 0x05
[OK ]  |  8154 | 0x00003ada | 0x01 | 0x01
[OK ]  |  8155 | 0x00003adb | 0x00 | 0x00
[OK ]  |  8156 | 0x00003adc | 0xa9 | 0xa9
[OK ]  |  8157 | 0x00003add | 0x19 | 0x19
[OK ]  |  8158 | 0x00003ade | 0xff | 0xff
[OK ]  |  8159 | 0x00003adf | 0xff | 0xff
[OK ]  |  8160 | 0x00003ae0 | 0x56 | 0x56
[OK ]  |  8161 | 0x00003ae1 | 0x62 | 0x62
[OK ]  |  8162 | 0x00003ae2 | 0xff | 0xff
[OK ]  |  8163 | 0x00003ae3 | 0xff | 0xff
[OK ]  |  8164 | 0x00003ae4 | 0x37 | 0x37
[OK ]  |  8165 | 0x00003ae5 | 0x36 | 0x36
[OK ]  |  8166 | 0x00003ae6 | 0xff | 0xff
[OK ]  |  8167 | 0x00003ae7 | 0xff | 0xff
[OK ]  |  8168 | 0x00003ae8 | 0xf6 | 0xf6
[OK ]  |  8169 | 0x00003ae9 | 0x2b | 0x2b
[OK ]  |  8170 | 0x00003aea | 0x01 | 0x01
[OK ]  |  8171 | 0x00003aeb | 0x00 | 0x00
[OK ]  |  8172 | 0x00003aec | 0xb3 | 0xb3
[OK ]  |  8173 | 0x00003aed | 0xd0 | 0xd0
[OK ]  |  8174 | 0x00003aee | 0x00 | 0x00
[OK ]  |  8175 | 0x00003aef | 0x00 | 0x00
[OK ]  |  8176 | 0x00003af0 | 0x36 | 0x36
[OK ]  |  8177 | 0x00003af1 | 0xaf | 0xaf
[OK ]  |  8178 | 0x00003af2 | 0xff | 0xff
[OK ]  |  8179 | 0x00003af3 | 0xff | 0xff
[OK ]  |  8180 | 0x00003af4 | 0x7d | 0x7d
[OK ]  |  8181 | 0x00003af5 | 0xf3 | 0xf3
[OK ]  |  8182 | 0x00003af6 | 0xff | 0xff
[OK ]  |  8183 | 0x00003af7 | 0xff | 0xff
[OK ]  |  8184 | 0x00003af8 | 0x77 | 0x77
[OK ]  |  8185 | 0x00003af9 | 0xde | 0xde
[OK ]  |  8186 | 0x00003afa | 0x00 | 0x00
[OK ]  |  8187 | 0x00003afb | 0x00 | 0x00
[OK ]  |  8188 | 0x00003afc | 0xa3 | 0xa3
[OK ]  |  8189 | 0x00003afd | 0xf8 | 0xf8
[OK ]  |  8190 | 0x00003afe | 0x00 | 0x00
[OK ]  |  8191 | 0x00003aff | 0x00 | 0x00
--------------------------------------------------
[PASS] All 8192 bytes matched.
--------------------------------------------------
