--------------------------------------------------
[TB] Compare DRAM OFMAP vs GOLDEN
[TB] ofmap_base = 0x00004800, bytes = 16384
--------------------------------------------------
Result | Index | Address    | DUT  | Golden
-------|-------|------------|------|-------
[OK ]  |     0 | 0x00004800 | 0x31 | 0x31
[OK ]  |     1 | 0x00004801 | 0x8b | 0x8b
[OK ]  |     2 | 0x00004802 | 0xff | 0xff
[OK ]  |     3 | 0x00004803 | 0xff | 0xff
[OK ]  |     4 | 0x00004804 | 0x9c | 0x9c
[OK ]  |     5 | 0x00004805 | 0x91 | 0x91
[OK ]  |     6 | 0x00004806 | 0x00 | 0x00
[OK ]  |     7 | 0x00004807 | 0x00 | 0x00
[OK ]  |     8 | 0x00004808 | 0x8f | 0x8f
[OK ]  |     9 | 0x00004809 | 0xfd | 0xfd
[OK ]  |    10 | 0x0000480a | 0xff | 0xff
[OK ]  |    11 | 0x0000480b | 0xff | 0xff
[OK ]  |    12 | 0x0000480c | 0xdd | 0xdd
[OK ]  |    13 | 0x0000480d | 0xe4 | 0xe4
[OK ]  |    14 | 0x0000480e | 0x00 | 0x00
[OK ]  |    15 | 0x0000480f | 0x00 | 0x00
[OK ]  |    16 | 0x00004810 | 0x9b | 0x9b
[OK ]  |    17 | 0x00004811 | 0xb0 | 0xb0
[OK ]  |    18 | 0x00004812 | 0xff | 0xff
[OK ]  |    19 | 0x00004813 | 0xff | 0xff
[OK ]  |    20 | 0x00004814 | 0x81 | 0x81
[OK ]  |    21 | 0x00004815 | 0xc7 | 0xc7
[OK ]  |    22 | 0x00004816 | 0x00 | 0x00
[OK ]  |    23 | 0x00004817 | 0x00 | 0x00
[OK ]  |    24 | 0x00004818 | 0x2f | 0x2f
[OK ]  |    25 | 0x00004819 | 0xc8 | 0xc8
[OK ]  |    26 | 0x0000481a | 0xff | 0xff
[OK ]  |    27 | 0x0000481b | 0xff | 0xff
[OK ]  |    28 | 0x0000481c | 0xfe | 0xfe
[OK ]  |    29 | 0x0000481d | 0x5e | 0x5e
[OK ]  |    30 | 0x0000481e | 0x00 | 0x00
[OK ]  |    31 | 0x0000481f | 0x00 | 0x00
[OK ]  |    32 | 0x00004820 | 0xf9 | 0xf9
[OK ]  |    33 | 0x00004821 | 0x8e | 0x8e
[OK ]  |    34 | 0x00004822 | 0xff | 0xff
[OK ]  |    35 | 0x00004823 | 0xff | 0xff
[OK ]  |    36 | 0x00004824 | 0x6a | 0x6a
[OK ]  |    37 | 0x00004825 | 0x9b | 0x9b
[OK ]  |    38 | 0x00004826 | 0xfe | 0xfe
[OK ]  |    39 | 0x00004827 | 0xff | 0xff
[OK ]  |    40 | 0x00004828 | 0xa9 | 0xa9
[OK ]  |    41 | 0x00004829 | 0x2e | 0x2e
[OK ]  |    42 | 0x0000482a | 0x00 | 0x00
[OK ]  |    43 | 0x0000482b | 0x00 | 0x00
[OK ]  |    44 | 0x0000482c | 0xcf | 0xcf
[OK ]  |    45 | 0x0000482d | 0xe6 | 0xe6
[OK ]  |    46 | 0x0000482e | 0xfe | 0xfe
[OK ]  |    47 | 0x0000482f | 0xff | 0xff
[OK ]  |    48 | 0x00004830 | 0xac | 0xac
[OK ]  |    49 | 0x00004831 | 0xb3 | 0xb3
[OK ]  |    50 | 0x00004832 | 0xfe | 0xfe
[OK ]  |    51 | 0x00004833 | 0xff | 0xff
[OK ]  |    52 | 0x00004834 | 0x3e | 0x3e
[OK ]  |    53 | 0x00004835 | 0xaa | 0xaa
[OK ]  |    54 | 0x00004836 | 0x00 | 0x00
[OK ]  |    55 | 0x00004837 | 0x00 | 0x00
[OK ]  |    56 | 0x00004838 | 0x66 | 0x66
[OK ]  |    57 | 0x00004839 | 0x25 | 0x25
[OK ]  |    58 | 0x0000483a | 0x00 | 0x00
[OK ]  |    59 | 0x0000483b | 0x00 | 0x00
[OK ]  |    60 | 0x0000483c | 0xd6 | 0xd6
[OK ]  |    61 | 0x0000483d | 0x8f | 0x8f
[OK ]  |    62 | 0x0000483e | 0x01 | 0x01
[OK ]  |    63 | 0x0000483f | 0x00 | 0x00
[OK ]  |    64 | 0x00004840 | 0x1a | 0x1a
[OK ]  |    65 | 0x00004841 | 0x8a | 0x8a
[OK ]  |    66 | 0x00004842 | 0xff | 0xff
[OK ]  |    67 | 0x00004843 | 0xff | 0xff
[OK ]  |    68 | 0x00004844 | 0xa1 | 0xa1
[OK ]  |    69 | 0x00004845 | 0xd6 | 0xd6
[OK ]  |    70 | 0x00004846 | 0xfe | 0xfe
[OK ]  |    71 | 0x00004847 | 0xff | 0xff
[OK ]  |    72 | 0x00004848 | 0xb0 | 0xb0
[OK ]  |    73 | 0x00004849 | 0x4a | 0x4a
[OK ]  |    74 | 0x0000484a | 0x00 | 0x00
[OK ]  |    75 | 0x0000484b | 0x00 | 0x00
[OK ]  |    76 | 0x0000484c | 0xef | 0xef
[OK ]  |    77 | 0x0000484d | 0x1e | 0x1e
[OK ]  |    78 | 0x0000484e | 0xff | 0xff
[OK ]  |    79 | 0x0000484f | 0xff | 0xff
[OK ]  |    80 | 0x00004850 | 0x25 | 0x25
[OK ]  |    81 | 0x00004851 | 0xc8 | 0xc8
[OK ]  |    82 | 0x00004852 | 0xfe | 0xfe
[OK ]  |    83 | 0x00004853 | 0xff | 0xff
[OK ]  |    84 | 0x00004854 | 0xa3 | 0xa3
[OK ]  |    85 | 0x00004855 | 0x43 | 0x43
[OK ]  |    86 | 0x00004856 | 0x00 | 0x00
[OK ]  |    87 | 0x00004857 | 0x00 | 0x00
[OK ]  |    88 | 0x00004858 | 0x84 | 0x84
[OK ]  |    89 | 0x00004859 | 0xa4 | 0xa4
[OK ]  |    90 | 0x0000485a | 0xff | 0xff
[OK ]  |    91 | 0x0000485b | 0xff | 0xff
[OK ]  |    92 | 0x0000485c | 0x4c | 0x4c
[OK ]  |    93 | 0x0000485d | 0xce | 0xce
[OK ]  |    94 | 0x0000485e | 0xff | 0xff
[OK ]  |    95 | 0x0000485f | 0xff | 0xff
[OK ]  |    96 | 0x00004860 | 0xab | 0xab
[OK ]  |    97 | 0x00004861 | 0x45 | 0x45
[OK ]  |    98 | 0x00004862 | 0x01 | 0x01
[OK ]  |    99 | 0x00004863 | 0x00 | 0x00
[OK ]  |   100 | 0x00004864 | 0x5f | 0x5f
[OK ]  |   101 | 0x00004865 | 0xf1 | 0xf1
[OK ]  |   102 | 0x00004866 | 0xfe | 0xfe
[OK ]  |   103 | 0x00004867 | 0xff | 0xff
[OK ]  |   104 | 0x00004868 | 0xd3 | 0xd3
[OK ]  |   105 | 0x00004869 | 0xa2 | 0xa2
[OK ]  |   106 | 0x0000486a | 0xff | 0xff
[OK ]  |   107 | 0x0000486b | 0xff | 0xff
[OK ]  |   108 | 0x0000486c | 0x2d | 0x2d
[OK ]  |   109 | 0x0000486d | 0x13 | 0x13
[OK ]  |   110 | 0x0000486e | 0xfe | 0xfe
[OK ]  |   111 | 0x0000486f | 0xff | 0xff
[OK ]  |   112 | 0x00004870 | 0x2f | 0x2f
[OK ]  |   113 | 0x00004871 | 0x96 | 0x96
[OK ]  |   114 | 0x00004872 | 0xff | 0xff
[OK ]  |   115 | 0x00004873 | 0xff | 0xff
[OK ]  |   116 | 0x00004874 | 0x11 | 0x11
[OK ]  |   117 | 0x00004875 | 0xe7 | 0xe7
[OK ]  |   118 | 0x00004876 | 0xfe | 0xfe
[OK ]  |   119 | 0x00004877 | 0xff | 0xff
[OK ]  |   120 | 0x00004878 | 0x25 | 0x25
[OK ]  |   121 | 0x00004879 | 0x04 | 0x04
[OK ]  |   122 | 0x0000487a | 0x00 | 0x00
[OK ]  |   123 | 0x0000487b | 0x00 | 0x00
[OK ]  |   124 | 0x0000487c | 0x33 | 0x33
[OK ]  |   125 | 0x0000487d | 0x7b | 0x7b
[OK ]  |   126 | 0x0000487e | 0x00 | 0x00
[OK ]  |   127 | 0x0000487f | 0x00 | 0x00
[OK ]  |   128 | 0x00004880 | 0x5e | 0x5e
[OK ]  |   129 | 0x00004881 | 0xe1 | 0xe1
[OK ]  |   130 | 0x00004882 | 0xfe | 0xfe
[OK ]  |   131 | 0x00004883 | 0xff | 0xff
[OK ]  |   132 | 0x00004884 | 0xbe | 0xbe
[OK ]  |   133 | 0x00004885 | 0x75 | 0x75
[OK ]  |   134 | 0x00004886 | 0xfd | 0xfd
[OK ]  |   135 | 0x00004887 | 0xff | 0xff
[OK ]  |   136 | 0x00004888 | 0x9c | 0x9c
[OK ]  |   137 | 0x00004889 | 0x26 | 0x26
[OK ]  |   138 | 0x0000488a | 0xff | 0xff
[OK ]  |   139 | 0x0000488b | 0xff | 0xff
[OK ]  |   140 | 0x0000488c | 0x88 | 0x88
[OK ]  |   141 | 0x0000488d | 0xe0 | 0xe0
[OK ]  |   142 | 0x0000488e | 0xff | 0xff
[OK ]  |   143 | 0x0000488f | 0xff | 0xff
[OK ]  |   144 | 0x00004890 | 0xee | 0xee
[OK ]  |   145 | 0x00004891 | 0xcd | 0xcd
[OK ]  |   146 | 0x00004892 | 0x00 | 0x00
[OK ]  |   147 | 0x00004893 | 0x00 | 0x00
[OK ]  |   148 | 0x00004894 | 0x61 | 0x61
[OK ]  |   149 | 0x00004895 | 0xfe | 0xfe
[OK ]  |   150 | 0x00004896 | 0xfe | 0xfe
[OK ]  |   151 | 0x00004897 | 0xff | 0xff
[OK ]  |   152 | 0x00004898 | 0x32 | 0x32
[OK ]  |   153 | 0x00004899 | 0x94 | 0x94
[OK ]  |   154 | 0x0000489a | 0x00 | 0x00
[OK ]  |   155 | 0x0000489b | 0x00 | 0x00
[OK ]  |   156 | 0x0000489c | 0x95 | 0x95
[OK ]  |   157 | 0x0000489d | 0x6d | 0x6d
[OK ]  |   158 | 0x0000489e | 0xff | 0xff
[OK ]  |   159 | 0x0000489f | 0xff | 0xff
[OK ]  |   160 | 0x000048a0 | 0x62 | 0x62
[OK ]  |   161 | 0x000048a1 | 0xc9 | 0xc9
[OK ]  |   162 | 0x000048a2 | 0x00 | 0x00
[OK ]  |   163 | 0x000048a3 | 0x00 | 0x00
[OK ]  |   164 | 0x000048a4 | 0x37 | 0x37
[OK ]  |   165 | 0x000048a5 | 0x38 | 0x38
[OK ]  |   166 | 0x000048a6 | 0x00 | 0x00
[OK ]  |   167 | 0x000048a7 | 0x00 | 0x00
[OK ]  |   168 | 0x000048a8 | 0xf8 | 0xf8
[OK ]  |   169 | 0x000048a9 | 0xd5 | 0xd5
[OK ]  |   170 | 0x000048aa | 0xff | 0xff
[OK ]  |   171 | 0x000048ab | 0xff | 0xff
[OK ]  |   172 | 0x000048ac | 0x5b | 0x5b
[OK ]  |   173 | 0x000048ad | 0x77 | 0x77
[OK ]  |   174 | 0x000048ae | 0xff | 0xff
[OK ]  |   175 | 0x000048af | 0xff | 0xff
[OK ]  |   176 | 0x000048b0 | 0xa4 | 0xa4
[OK ]  |   177 | 0x000048b1 | 0x89 | 0x89
[OK ]  |   178 | 0x000048b2 | 0xfe | 0xfe
[OK ]  |   179 | 0x000048b3 | 0xff | 0xff
[OK ]  |   180 | 0x000048b4 | 0x32 | 0x32
[OK ]  |   181 | 0x000048b5 | 0x93 | 0x93
[OK ]  |   182 | 0x000048b6 | 0xfe | 0xfe
[OK ]  |   183 | 0x000048b7 | 0xff | 0xff
[OK ]  |   184 | 0x000048b8 | 0x2e | 0x2e
[OK ]  |   185 | 0x000048b9 | 0xe6 | 0xe6
[OK ]  |   186 | 0x000048ba | 0xfd | 0xfd
[OK ]  |   187 | 0x000048bb | 0xff | 0xff
[OK ]  |   188 | 0x000048bc | 0x7e | 0x7e
[OK ]  |   189 | 0x000048bd | 0x81 | 0x81
[OK ]  |   190 | 0x000048be | 0xff | 0xff
[OK ]  |   191 | 0x000048bf | 0xff | 0xff
[OK ]  |   192 | 0x000048c0 | 0x29 | 0x29
[OK ]  |   193 | 0x000048c1 | 0x35 | 0x35
[OK ]  |   194 | 0x000048c2 | 0xfe | 0xfe
[OK ]  |   195 | 0x000048c3 | 0xff | 0xff
[OK ]  |   196 | 0x000048c4 | 0xd2 | 0xd2
[OK ]  |   197 | 0x000048c5 | 0x75 | 0x75
[OK ]  |   198 | 0x000048c6 | 0x00 | 0x00
[OK ]  |   199 | 0x000048c7 | 0x00 | 0x00
[OK ]  |   200 | 0x000048c8 | 0xd0 | 0xd0
[OK ]  |   201 | 0x000048c9 | 0x1d | 0x1d
[OK ]  |   202 | 0x000048ca | 0xff | 0xff
[OK ]  |   203 | 0x000048cb | 0xff | 0xff
[OK ]  |   204 | 0x000048cc | 0xd4 | 0xd4
[OK ]  |   205 | 0x000048cd | 0x3e | 0x3e
[OK ]  |   206 | 0x000048ce | 0x00 | 0x00
[OK ]  |   207 | 0x000048cf | 0x00 | 0x00
[OK ]  |   208 | 0x000048d0 | 0x28 | 0x28
[OK ]  |   209 | 0x000048d1 | 0x9c | 0x9c
[OK ]  |   210 | 0x000048d2 | 0xff | 0xff
[OK ]  |   211 | 0x000048d3 | 0xff | 0xff
[OK ]  |   212 | 0x000048d4 | 0x1e | 0x1e
[OK ]  |   213 | 0x000048d5 | 0xd1 | 0xd1
[OK ]  |   214 | 0x000048d6 | 0xfd | 0xfd
[OK ]  |   215 | 0x000048d7 | 0xff | 0xff
[OK ]  |   216 | 0x000048d8 | 0x6a | 0x6a
[OK ]  |   217 | 0x000048d9 | 0x80 | 0x80
[OK ]  |   218 | 0x000048da | 0x00 | 0x00
[OK ]  |   219 | 0x000048db | 0x00 | 0x00
[OK ]  |   220 | 0x000048dc | 0x6b | 0x6b
[OK ]  |   221 | 0x000048dd | 0xf4 | 0xf4
[OK ]  |   222 | 0x000048de | 0x01 | 0x01
[OK ]  |   223 | 0x000048df | 0x00 | 0x00
[OK ]  |   224 | 0x000048e0 | 0x99 | 0x99
[OK ]  |   225 | 0x000048e1 | 0xd6 | 0xd6
[OK ]  |   226 | 0x000048e2 | 0xfe | 0xfe
[OK ]  |   227 | 0x000048e3 | 0xff | 0xff
[OK ]  |   228 | 0x000048e4 | 0x1a | 0x1a
[OK ]  |   229 | 0x000048e5 | 0x7f | 0x7f
[OK ]  |   230 | 0x000048e6 | 0x00 | 0x00
[OK ]  |   231 | 0x000048e7 | 0x00 | 0x00
[OK ]  |   232 | 0x000048e8 | 0x09 | 0x09
[OK ]  |   233 | 0x000048e9 | 0x6a | 0x6a
[OK ]  |   234 | 0x000048ea | 0x00 | 0x00
[OK ]  |   235 | 0x000048eb | 0x00 | 0x00
[OK ]  |   236 | 0x000048ec | 0xc2 | 0xc2
[OK ]  |   237 | 0x000048ed | 0x19 | 0x19
[OK ]  |   238 | 0x000048ee | 0x00 | 0x00
[OK ]  |   239 | 0x000048ef | 0x00 | 0x00
[OK ]  |   240 | 0x000048f0 | 0x5c | 0x5c
[OK ]  |   241 | 0x000048f1 | 0xd6 | 0xd6
[OK ]  |   242 | 0x000048f2 | 0xff | 0xff
[OK ]  |   243 | 0x000048f3 | 0xff | 0xff
[OK ]  |   244 | 0x000048f4 | 0x97 | 0x97
[OK ]  |   245 | 0x000048f5 | 0x8e | 0x8e
[OK ]  |   246 | 0x000048f6 | 0xfe | 0xfe
[OK ]  |   247 | 0x000048f7 | 0xff | 0xff
[OK ]  |   248 | 0x000048f8 | 0x18 | 0x18
[OK ]  |   249 | 0x000048f9 | 0x76 | 0x76
[OK ]  |   250 | 0x000048fa | 0x00 | 0x00
[OK ]  |   251 | 0x000048fb | 0x00 | 0x00
[OK ]  |   252 | 0x000048fc | 0xe1 | 0xe1
[OK ]  |   253 | 0x000048fd | 0x75 | 0x75
[OK ]  |   254 | 0x000048fe | 0x01 | 0x01
[OK ]  |   255 | 0x000048ff | 0x00 | 0x00
[OK ]  |   256 | 0x00004900 | 0xf6 | 0xf6
[OK ]  |   257 | 0x00004901 | 0xed | 0xed
[OK ]  |   258 | 0x00004902 | 0xfd | 0xfd
[OK ]  |   259 | 0x00004903 | 0xff | 0xff
[OK ]  |   260 | 0x00004904 | 0xba | 0xba
[OK ]  |   261 | 0x00004905 | 0x4b | 0x4b
[OK ]  |   262 | 0x00004906 | 0xff | 0xff
[OK ]  |   263 | 0x00004907 | 0xff | 0xff
[OK ]  |   264 | 0x00004908 | 0xfe | 0xfe
[OK ]  |   265 | 0x00004909 | 0x05 | 0x05
[OK ]  |   266 | 0x0000490a | 0x01 | 0x01
[OK ]  |   267 | 0x0000490b | 0x00 | 0x00
[OK ]  |   268 | 0x0000490c | 0x9c | 0x9c
[OK ]  |   269 | 0x0000490d | 0x63 | 0x63
[OK ]  |   270 | 0x0000490e | 0xff | 0xff
[OK ]  |   271 | 0x0000490f | 0xff | 0xff
[OK ]  |   272 | 0x00004910 | 0xea | 0xea
[OK ]  |   273 | 0x00004911 | 0x74 | 0x74
[OK ]  |   274 | 0x00004912 | 0x00 | 0x00
[OK ]  |   275 | 0x00004913 | 0x00 | 0x00
[OK ]  |   276 | 0x00004914 | 0x1b | 0x1b
[OK ]  |   277 | 0x00004915 | 0x92 | 0x92
[OK ]  |   278 | 0x00004916 | 0x00 | 0x00
[OK ]  |   279 | 0x00004917 | 0x00 | 0x00
[OK ]  |   280 | 0x00004918 | 0x29 | 0x29
[OK ]  |   281 | 0x00004919 | 0xdf | 0xdf
[OK ]  |   282 | 0x0000491a | 0x01 | 0x01
[OK ]  |   283 | 0x0000491b | 0x00 | 0x00
[OK ]  |   284 | 0x0000491c | 0x9e | 0x9e
[OK ]  |   285 | 0x0000491d | 0xa8 | 0xa8
[OK ]  |   286 | 0x0000491e | 0xfe | 0xfe
[OK ]  |   287 | 0x0000491f | 0xff | 0xff
[OK ]  |   288 | 0x00004920 | 0xfb | 0xfb
[OK ]  |   289 | 0x00004921 | 0x2a | 0x2a
[OK ]  |   290 | 0x00004922 | 0xff | 0xff
[OK ]  |   291 | 0x00004923 | 0xff | 0xff
[OK ]  |   292 | 0x00004924 | 0x17 | 0x17
[OK ]  |   293 | 0x00004925 | 0x80 | 0x80
[OK ]  |   294 | 0x00004926 | 0xff | 0xff
[OK ]  |   295 | 0x00004927 | 0xff | 0xff
[OK ]  |   296 | 0x00004928 | 0xad | 0xad
[OK ]  |   297 | 0x00004929 | 0xa0 | 0xa0
[OK ]  |   298 | 0x0000492a | 0x00 | 0x00
[OK ]  |   299 | 0x0000492b | 0x00 | 0x00
[OK ]  |   300 | 0x0000492c | 0x1d | 0x1d
[OK ]  |   301 | 0x0000492d | 0x0f | 0x0f
[OK ]  |   302 | 0x0000492e | 0x00 | 0x00
[OK ]  |   303 | 0x0000492f | 0x00 | 0x00
[OK ]  |   304 | 0x00004930 | 0xbd | 0xbd
[OK ]  |   305 | 0x00004931 | 0xf7 | 0xf7
[OK ]  |   306 | 0x00004932 | 0xfd | 0xfd
[OK ]  |   307 | 0x00004933 | 0xff | 0xff
[OK ]  |   308 | 0x00004934 | 0x8b | 0x8b
[OK ]  |   309 | 0x00004935 | 0x13 | 0x13
[OK ]  |   310 | 0x00004936 | 0x00 | 0x00
[OK ]  |   311 | 0x00004937 | 0x00 | 0x00
[OK ]  |   312 | 0x00004938 | 0xb8 | 0xb8
[OK ]  |   313 | 0x00004939 | 0xae | 0xae
[OK ]  |   314 | 0x0000493a | 0x00 | 0x00
[OK ]  |   315 | 0x0000493b | 0x00 | 0x00
[OK ]  |   316 | 0x0000493c | 0xa2 | 0xa2
[OK ]  |   317 | 0x0000493d | 0xe6 | 0xe6
[OK ]  |   318 | 0x0000493e | 0xfe | 0xfe
[OK ]  |   319 | 0x0000493f | 0xff | 0xff
[OK ]  |   320 | 0x00004940 | 0xa4 | 0xa4
[OK ]  |   321 | 0x00004941 | 0xae | 0xae
[OK ]  |   322 | 0x00004942 | 0x01 | 0x01
[OK ]  |   323 | 0x00004943 | 0x00 | 0x00
[OK ]  |   324 | 0x00004944 | 0x25 | 0x25
[OK ]  |   325 | 0x00004945 | 0xf0 | 0xf0
[OK ]  |   326 | 0x00004946 | 0xfd | 0xfd
[OK ]  |   327 | 0x00004947 | 0xff | 0xff
[OK ]  |   328 | 0x00004948 | 0x3d | 0x3d
[OK ]  |   329 | 0x00004949 | 0xf3 | 0xf3
[OK ]  |   330 | 0x0000494a | 0xff | 0xff
[OK ]  |   331 | 0x0000494b | 0xff | 0xff
[OK ]  |   332 | 0x0000494c | 0x6c | 0x6c
[OK ]  |   333 | 0x0000494d | 0x90 | 0x90
[OK ]  |   334 | 0x0000494e | 0x01 | 0x01
[OK ]  |   335 | 0x0000494f | 0x00 | 0x00
[OK ]  |   336 | 0x00004950 | 0x66 | 0x66
[OK ]  |   337 | 0x00004951 | 0xe2 | 0xe2
[OK ]  |   338 | 0x00004952 | 0x00 | 0x00
[OK ]  |   339 | 0x00004953 | 0x00 | 0x00
[OK ]  |   340 | 0x00004954 | 0x4b | 0x4b
[OK ]  |   341 | 0x00004955 | 0x6a | 0x6a
[OK ]  |   342 | 0x00004956 | 0xff | 0xff
[OK ]  |   343 | 0x00004957 | 0xff | 0xff
[OK ]  |   344 | 0x00004958 | 0x81 | 0x81
[OK ]  |   345 | 0x00004959 | 0x3f | 0x3f
[OK ]  |   346 | 0x0000495a | 0xff | 0xff
[OK ]  |   347 | 0x0000495b | 0xff | 0xff
[OK ]  |   348 | 0x0000495c | 0x5b | 0x5b
[OK ]  |   349 | 0x0000495d | 0xc9 | 0xc9
[OK ]  |   350 | 0x0000495e | 0xff | 0xff
[OK ]  |   351 | 0x0000495f | 0xff | 0xff
[OK ]  |   352 | 0x00004960 | 0x6f | 0x6f
[OK ]  |   353 | 0x00004961 | 0xe9 | 0xe9
[OK ]  |   354 | 0x00004962 | 0xff | 0xff
[OK ]  |   355 | 0x00004963 | 0xff | 0xff
[OK ]  |   356 | 0x00004964 | 0xe8 | 0xe8
[OK ]  |   357 | 0x00004965 | 0xf9 | 0xf9
[OK ]  |   358 | 0x00004966 | 0xff | 0xff
[OK ]  |   359 | 0x00004967 | 0xff | 0xff
[OK ]  |   360 | 0x00004968 | 0x9d | 0x9d
[OK ]  |   361 | 0x00004969 | 0x95 | 0x95
[OK ]  |   362 | 0x0000496a | 0xfe | 0xfe
[OK ]  |   363 | 0x0000496b | 0xff | 0xff
[OK ]  |   364 | 0x0000496c | 0x46 | 0x46
[OK ]  |   365 | 0x0000496d | 0x4a | 0x4a
[OK ]  |   366 | 0x0000496e | 0x02 | 0x02
[OK ]  |   367 | 0x0000496f | 0x00 | 0x00
[OK ]  |   368 | 0x00004970 | 0xb3 | 0xb3
[OK ]  |   369 | 0x00004971 | 0x5b | 0x5b
[OK ]  |   370 | 0x00004972 | 0x01 | 0x01
[OK ]  |   371 | 0x00004973 | 0x00 | 0x00
[OK ]  |   372 | 0x00004974 | 0xd7 | 0xd7
[OK ]  |   373 | 0x00004975 | 0xf7 | 0xf7
[OK ]  |   374 | 0x00004976 | 0x00 | 0x00
[OK ]  |   375 | 0x00004977 | 0x00 | 0x00
[OK ]  |   376 | 0x00004978 | 0xd9 | 0xd9
[OK ]  |   377 | 0x00004979 | 0x1c | 0x1c
[OK ]  |   378 | 0x0000497a | 0x01 | 0x01
[OK ]  |   379 | 0x0000497b | 0x00 | 0x00
[OK ]  |   380 | 0x0000497c | 0x49 | 0x49
[OK ]  |   381 | 0x0000497d | 0x17 | 0x17
[OK ]  |   382 | 0x0000497e | 0xff | 0xff
[OK ]  |   383 | 0x0000497f | 0xff | 0xff
[OK ]  |   384 | 0x00004980 | 0x07 | 0x07
[OK ]  |   385 | 0x00004981 | 0x51 | 0x51
[OK ]  |   386 | 0x00004982 | 0x00 | 0x00
[OK ]  |   387 | 0x00004983 | 0x00 | 0x00
[OK ]  |   388 | 0x00004984 | 0xa7 | 0xa7
[OK ]  |   389 | 0x00004985 | 0xee | 0xee
[OK ]  |   390 | 0x00004986 | 0x00 | 0x00
[OK ]  |   391 | 0x00004987 | 0x00 | 0x00
[OK ]  |   392 | 0x00004988 | 0xfe | 0xfe
[OK ]  |   393 | 0x00004989 | 0xbd | 0xbd
[OK ]  |   394 | 0x0000498a | 0xff | 0xff
[OK ]  |   395 | 0x0000498b | 0xff | 0xff
[OK ]  |   396 | 0x0000498c | 0xd8 | 0xd8
[OK ]  |   397 | 0x0000498d | 0xd0 | 0xd0
[OK ]  |   398 | 0x0000498e | 0x00 | 0x00
[OK ]  |   399 | 0x0000498f | 0x00 | 0x00
[OK ]  |   400 | 0x00004990 | 0x2b | 0x2b
[OK ]  |   401 | 0x00004991 | 0x2b | 0x2b
[OK ]  |   402 | 0x00004992 | 0x01 | 0x01
[OK ]  |   403 | 0x00004993 | 0x00 | 0x00
[OK ]  |   404 | 0x00004994 | 0xa6 | 0xa6
[OK ]  |   405 | 0x00004995 | 0x81 | 0x81
[OK ]  |   406 | 0x00004996 | 0xff | 0xff
[OK ]  |   407 | 0x00004997 | 0xff | 0xff
[OK ]  |   408 | 0x00004998 | 0x02 | 0x02
[OK ]  |   409 | 0x00004999 | 0x52 | 0x52
[OK ]  |   410 | 0x0000499a | 0x00 | 0x00
[OK ]  |   411 | 0x0000499b | 0x00 | 0x00
[OK ]  |   412 | 0x0000499c | 0xf9 | 0xf9
[OK ]  |   413 | 0x0000499d | 0xad | 0xad
[OK ]  |   414 | 0x0000499e | 0xff | 0xff
[OK ]  |   415 | 0x0000499f | 0xff | 0xff
[OK ]  |   416 | 0x000049a0 | 0x90 | 0x90
[OK ]  |   417 | 0x000049a1 | 0x3f | 0x3f
[OK ]  |   418 | 0x000049a2 | 0x00 | 0x00
[OK ]  |   419 | 0x000049a3 | 0x00 | 0x00
[OK ]  |   420 | 0x000049a4 | 0xb5 | 0xb5
[OK ]  |   421 | 0x000049a5 | 0x7a | 0x7a
[OK ]  |   422 | 0x000049a6 | 0xfe | 0xfe
[OK ]  |   423 | 0x000049a7 | 0xff | 0xff
[OK ]  |   424 | 0x000049a8 | 0xc7 | 0xc7
[OK ]  |   425 | 0x000049a9 | 0x98 | 0x98
[OK ]  |   426 | 0x000049aa | 0xfe | 0xfe
[OK ]  |   427 | 0x000049ab | 0xff | 0xff
[OK ]  |   428 | 0x000049ac | 0xe0 | 0xe0
[OK ]  |   429 | 0x000049ad | 0x8c | 0x8c
[OK ]  |   430 | 0x000049ae | 0xff | 0xff
[OK ]  |   431 | 0x000049af | 0xff | 0xff
[OK ]  |   432 | 0x000049b0 | 0x63 | 0x63
[OK ]  |   433 | 0x000049b1 | 0x79 | 0x79
[OK ]  |   434 | 0x000049b2 | 0x00 | 0x00
[OK ]  |   435 | 0x000049b3 | 0x00 | 0x00
[OK ]  |   436 | 0x000049b4 | 0x75 | 0x75
[OK ]  |   437 | 0x000049b5 | 0x92 | 0x92
[OK ]  |   438 | 0x000049b6 | 0xfd | 0xfd
[OK ]  |   439 | 0x000049b7 | 0xff | 0xff
[OK ]  |   440 | 0x000049b8 | 0x98 | 0x98
[OK ]  |   441 | 0x000049b9 | 0x82 | 0x82
[OK ]  |   442 | 0x000049ba | 0xfe | 0xfe
[OK ]  |   443 | 0x000049bb | 0xff | 0xff
[OK ]  |   444 | 0x000049bc | 0x5b | 0x5b
[OK ]  |   445 | 0x000049bd | 0x57 | 0x57
[OK ]  |   446 | 0x000049be | 0xff | 0xff
[OK ]  |   447 | 0x000049bf | 0xff | 0xff
[OK ]  |   448 | 0x000049c0 | 0x48 | 0x48
[OK ]  |   449 | 0x000049c1 | 0x98 | 0x98
[OK ]  |   450 | 0x000049c2 | 0x00 | 0x00
[OK ]  |   451 | 0x000049c3 | 0x00 | 0x00
[OK ]  |   452 | 0x000049c4 | 0x61 | 0x61
[OK ]  |   453 | 0x000049c5 | 0xe0 | 0xe0
[OK ]  |   454 | 0x000049c6 | 0xff | 0xff
[OK ]  |   455 | 0x000049c7 | 0xff | 0xff
[OK ]  |   456 | 0x000049c8 | 0x2b | 0x2b
[OK ]  |   457 | 0x000049c9 | 0xa7 | 0xa7
[OK ]  |   458 | 0x000049ca | 0xff | 0xff
[OK ]  |   459 | 0x000049cb | 0xff | 0xff
[OK ]  |   460 | 0x000049cc | 0xe5 | 0xe5
[OK ]  |   461 | 0x000049cd | 0xda | 0xda
[OK ]  |   462 | 0x000049ce | 0x01 | 0x01
[OK ]  |   463 | 0x000049cf | 0x00 | 0x00
[OK ]  |   464 | 0x000049d0 | 0xbf | 0xbf
[OK ]  |   465 | 0x000049d1 | 0x79 | 0x79
[OK ]  |   466 | 0x000049d2 | 0x00 | 0x00
[OK ]  |   467 | 0x000049d3 | 0x00 | 0x00
[OK ]  |   468 | 0x000049d4 | 0xad | 0xad
[OK ]  |   469 | 0x000049d5 | 0x94 | 0x94
[OK ]  |   470 | 0x000049d6 | 0xfe | 0xfe
[OK ]  |   471 | 0x000049d7 | 0xff | 0xff
[OK ]  |   472 | 0x000049d8 | 0xba | 0xba
[OK ]  |   473 | 0x000049d9 | 0x97 | 0x97
[OK ]  |   474 | 0x000049da | 0xff | 0xff
[OK ]  |   475 | 0x000049db | 0xff | 0xff
[OK ]  |   476 | 0x000049dc | 0xcc | 0xcc
[OK ]  |   477 | 0x000049dd | 0x04 | 0x04
[OK ]  |   478 | 0x000049de | 0xff | 0xff
[OK ]  |   479 | 0x000049df | 0xff | 0xff
[OK ]  |   480 | 0x000049e0 | 0x80 | 0x80
[OK ]  |   481 | 0x000049e1 | 0xb9 | 0xb9
[OK ]  |   482 | 0x000049e2 | 0xff | 0xff
[OK ]  |   483 | 0x000049e3 | 0xff | 0xff
[OK ]  |   484 | 0x000049e4 | 0x5b | 0x5b
[OK ]  |   485 | 0x000049e5 | 0x91 | 0x91
[OK ]  |   486 | 0x000049e6 | 0xff | 0xff
[OK ]  |   487 | 0x000049e7 | 0xff | 0xff
[OK ]  |   488 | 0x000049e8 | 0x84 | 0x84
[OK ]  |   489 | 0x000049e9 | 0xf6 | 0xf6
[OK ]  |   490 | 0x000049ea | 0xfe | 0xfe
[OK ]  |   491 | 0x000049eb | 0xff | 0xff
[OK ]  |   492 | 0x000049ec | 0x51 | 0x51
[OK ]  |   493 | 0x000049ed | 0xbc | 0xbc
[OK ]  |   494 | 0x000049ee | 0x00 | 0x00
[OK ]  |   495 | 0x000049ef | 0x00 | 0x00
[OK ]  |   496 | 0x000049f0 | 0xb7 | 0xb7
[OK ]  |   497 | 0x000049f1 | 0xee | 0xee
[OK ]  |   498 | 0x000049f2 | 0x00 | 0x00
[OK ]  |   499 | 0x000049f3 | 0x00 | 0x00
[OK ]  |   500 | 0x000049f4 | 0xb4 | 0xb4
[OK ]  |   501 | 0x000049f5 | 0x05 | 0x05
[OK ]  |   502 | 0x000049f6 | 0x02 | 0x02
[OK ]  |   503 | 0x000049f7 | 0x00 | 0x00
[OK ]  |   504 | 0x000049f8 | 0xea | 0xea
[OK ]  |   505 | 0x000049f9 | 0xf6 | 0xf6
[OK ]  |   506 | 0x000049fa | 0x00 | 0x00
[OK ]  |   507 | 0x000049fb | 0x00 | 0x00
[OK ]  |   508 | 0x000049fc | 0xdf | 0xdf
[OK ]  |   509 | 0x000049fd | 0x03 | 0x03
[OK ]  |   510 | 0x000049fe | 0x00 | 0x00
[OK ]  |   511 | 0x000049ff | 0x00 | 0x00
[OK ]  |   512 | 0x00004a00 | 0x95 | 0x95
[OK ]  |   513 | 0x00004a01 | 0xb9 | 0xb9
[OK ]  |   514 | 0x00004a02 | 0xff | 0xff
[OK ]  |   515 | 0x00004a03 | 0xff | 0xff
[OK ]  |   516 | 0x00004a04 | 0x53 | 0x53
[OK ]  |   517 | 0x00004a05 | 0x59 | 0x59
[OK ]  |   518 | 0x00004a06 | 0x00 | 0x00
[OK ]  |   519 | 0x00004a07 | 0x00 | 0x00
[OK ]  |   520 | 0x00004a08 | 0x59 | 0x59
[OK ]  |   521 | 0x00004a09 | 0xa2 | 0xa2
[OK ]  |   522 | 0x00004a0a | 0xff | 0xff
[OK ]  |   523 | 0x00004a0b | 0xff | 0xff
[OK ]  |   524 | 0x00004a0c | 0x86 | 0x86
[OK ]  |   525 | 0x00004a0d | 0xa1 | 0xa1
[OK ]  |   526 | 0x00004a0e | 0x00 | 0x00
[OK ]  |   527 | 0x00004a0f | 0x00 | 0x00
[OK ]  |   528 | 0x00004a10 | 0x60 | 0x60
[OK ]  |   529 | 0x00004a11 | 0xf1 | 0xf1
[OK ]  |   530 | 0x00004a12 | 0xff | 0xff
[OK ]  |   531 | 0x00004a13 | 0xff | 0xff
[OK ]  |   532 | 0x00004a14 | 0xa9 | 0xa9
[OK ]  |   533 | 0x00004a15 | 0xc4 | 0xc4
[OK ]  |   534 | 0x00004a16 | 0xff | 0xff
[OK ]  |   535 | 0x00004a17 | 0xff | 0xff
[OK ]  |   536 | 0x00004a18 | 0x06 | 0x06
[OK ]  |   537 | 0x00004a19 | 0xe9 | 0xe9
[OK ]  |   538 | 0x00004a1a | 0xff | 0xff
[OK ]  |   539 | 0x00004a1b | 0xff | 0xff
[OK ]  |   540 | 0x00004a1c | 0x2f | 0x2f
[OK ]  |   541 | 0x00004a1d | 0x59 | 0x59
[OK ]  |   542 | 0x00004a1e | 0x00 | 0x00
[OK ]  |   543 | 0x00004a1f | 0x00 | 0x00
[OK ]  |   544 | 0x00004a20 | 0x23 | 0x23
[OK ]  |   545 | 0x00004a21 | 0xfe | 0xfe
[OK ]  |   546 | 0x00004a22 | 0xfe | 0xfe
[OK ]  |   547 | 0x00004a23 | 0xff | 0xff
[OK ]  |   548 | 0x00004a24 | 0xda | 0xda
[OK ]  |   549 | 0x00004a25 | 0x38 | 0x38
[OK ]  |   550 | 0x00004a26 | 0xfd | 0xfd
[OK ]  |   551 | 0x00004a27 | 0xff | 0xff
[OK ]  |   552 | 0x00004a28 | 0x08 | 0x08
[OK ]  |   553 | 0x00004a29 | 0x32 | 0x32
[OK ]  |   554 | 0x00004a2a | 0x01 | 0x01
[OK ]  |   555 | 0x00004a2b | 0x00 | 0x00
[OK ]  |   556 | 0x00004a2c | 0x5f | 0x5f
[OK ]  |   557 | 0x00004a2d | 0xae | 0xae
[OK ]  |   558 | 0x00004a2e | 0xfe | 0xfe
[OK ]  |   559 | 0x00004a2f | 0xff | 0xff
[OK ]  |   560 | 0x00004a30 | 0x71 | 0x71
[OK ]  |   561 | 0x00004a31 | 0x3d | 0x3d
[OK ]  |   562 | 0x00004a32 | 0x00 | 0x00
[OK ]  |   563 | 0x00004a33 | 0x00 | 0x00
[OK ]  |   564 | 0x00004a34 | 0x42 | 0x42
[OK ]  |   565 | 0x00004a35 | 0x19 | 0x19
[OK ]  |   566 | 0x00004a36 | 0x00 | 0x00
[OK ]  |   567 | 0x00004a37 | 0x00 | 0x00
[OK ]  |   568 | 0x00004a38 | 0xc0 | 0xc0
[OK ]  |   569 | 0x00004a39 | 0x64 | 0x64
[OK ]  |   570 | 0x00004a3a | 0x01 | 0x01
[OK ]  |   571 | 0x00004a3b | 0x00 | 0x00
[OK ]  |   572 | 0x00004a3c | 0x62 | 0x62
[OK ]  |   573 | 0x00004a3d | 0x4a | 0x4a
[OK ]  |   574 | 0x00004a3e | 0x00 | 0x00
[OK ]  |   575 | 0x00004a3f | 0x00 | 0x00
[OK ]  |   576 | 0x00004a40 | 0xac | 0xac
[OK ]  |   577 | 0x00004a41 | 0xf0 | 0xf0
[OK ]  |   578 | 0x00004a42 | 0x00 | 0x00
[OK ]  |   579 | 0x00004a43 | 0x00 | 0x00
[OK ]  |   580 | 0x00004a44 | 0x2f | 0x2f
[OK ]  |   581 | 0x00004a45 | 0xb9 | 0xb9
[OK ]  |   582 | 0x00004a46 | 0xff | 0xff
[OK ]  |   583 | 0x00004a47 | 0xff | 0xff
[OK ]  |   584 | 0x00004a48 | 0x45 | 0x45
[OK ]  |   585 | 0x00004a49 | 0xbd | 0xbd
[OK ]  |   586 | 0x00004a4a | 0x00 | 0x00
[OK ]  |   587 | 0x00004a4b | 0x00 | 0x00
[OK ]  |   588 | 0x00004a4c | 0x33 | 0x33
[OK ]  |   589 | 0x00004a4d | 0x41 | 0x41
[OK ]  |   590 | 0x00004a4e | 0xff | 0xff
[OK ]  |   591 | 0x00004a4f | 0xff | 0xff
[OK ]  |   592 | 0x00004a50 | 0xc8 | 0xc8
[OK ]  |   593 | 0x00004a51 | 0x2a | 0x2a
[OK ]  |   594 | 0x00004a52 | 0x01 | 0x01
[OK ]  |   595 | 0x00004a53 | 0x00 | 0x00
[OK ]  |   596 | 0x00004a54 | 0xd2 | 0xd2
[OK ]  |   597 | 0x00004a55 | 0x36 | 0x36
[OK ]  |   598 | 0x00004a56 | 0x00 | 0x00
[OK ]  |   599 | 0x00004a57 | 0x00 | 0x00
[OK ]  |   600 | 0x00004a58 | 0x38 | 0x38
[OK ]  |   601 | 0x00004a59 | 0x87 | 0x87
[OK ]  |   602 | 0x00004a5a | 0xfc | 0xfc
[OK ]  |   603 | 0x00004a5b | 0xff | 0xff
[OK ]  |   604 | 0x00004a5c | 0x0a | 0x0a
[OK ]  |   605 | 0x00004a5d | 0xc4 | 0xc4
[OK ]  |   606 | 0x00004a5e | 0xff | 0xff
[OK ]  |   607 | 0x00004a5f | 0xff | 0xff
[OK ]  |   608 | 0x00004a60 | 0x68 | 0x68
[OK ]  |   609 | 0x00004a61 | 0x11 | 0x11
[OK ]  |   610 | 0x00004a62 | 0xff | 0xff
[OK ]  |   611 | 0x00004a63 | 0xff | 0xff
[OK ]  |   612 | 0x00004a64 | 0x23 | 0x23
[OK ]  |   613 | 0x00004a65 | 0x94 | 0x94
[OK ]  |   614 | 0x00004a66 | 0x01 | 0x01
[OK ]  |   615 | 0x00004a67 | 0x00 | 0x00
[OK ]  |   616 | 0x00004a68 | 0x03 | 0x03
[OK ]  |   617 | 0x00004a69 | 0x2a | 0x2a
[OK ]  |   618 | 0x00004a6a | 0x00 | 0x00
[OK ]  |   619 | 0x00004a6b | 0x00 | 0x00
[OK ]  |   620 | 0x00004a6c | 0x60 | 0x60
[OK ]  |   621 | 0x00004a6d | 0x6c | 0x6c
[OK ]  |   622 | 0x00004a6e | 0x00 | 0x00
[OK ]  |   623 | 0x00004a6f | 0x00 | 0x00
[OK ]  |   624 | 0x00004a70 | 0xb4 | 0xb4
[OK ]  |   625 | 0x00004a71 | 0x7a | 0x7a
[OK ]  |   626 | 0x00004a72 | 0x01 | 0x01
[OK ]  |   627 | 0x00004a73 | 0x00 | 0x00
[OK ]  |   628 | 0x00004a74 | 0x8d | 0x8d
[OK ]  |   629 | 0x00004a75 | 0xb4 | 0xb4
[OK ]  |   630 | 0x00004a76 | 0x01 | 0x01
[OK ]  |   631 | 0x00004a77 | 0x00 | 0x00
[OK ]  |   632 | 0x00004a78 | 0xec | 0xec
[OK ]  |   633 | 0x00004a79 | 0x7b | 0x7b
[OK ]  |   634 | 0x00004a7a | 0x00 | 0x00
[OK ]  |   635 | 0x00004a7b | 0x00 | 0x00
[OK ]  |   636 | 0x00004a7c | 0xfb | 0xfb
[OK ]  |   637 | 0x00004a7d | 0xd1 | 0xd1
[OK ]  |   638 | 0x00004a7e | 0xff | 0xff
[OK ]  |   639 | 0x00004a7f | 0xff | 0xff
[OK ]  |   640 | 0x00004a80 | 0x65 | 0x65
[OK ]  |   641 | 0x00004a81 | 0x6d | 0x6d
[OK ]  |   642 | 0x00004a82 | 0xfe | 0xfe
[OK ]  |   643 | 0x00004a83 | 0xff | 0xff
[OK ]  |   644 | 0x00004a84 | 0xe3 | 0xe3
[OK ]  |   645 | 0x00004a85 | 0x6e | 0x6e
[OK ]  |   646 | 0x00004a86 | 0x00 | 0x00
[OK ]  |   647 | 0x00004a87 | 0x00 | 0x00
[OK ]  |   648 | 0x00004a88 | 0x8e | 0x8e
[OK ]  |   649 | 0x00004a89 | 0xfb | 0xfb
[OK ]  |   650 | 0x00004a8a | 0x00 | 0x00
[OK ]  |   651 | 0x00004a8b | 0x00 | 0x00
[OK ]  |   652 | 0x00004a8c | 0x43 | 0x43
[OK ]  |   653 | 0x00004a8d | 0x2b | 0x2b
[OK ]  |   654 | 0x00004a8e | 0x00 | 0x00
[OK ]  |   655 | 0x00004a8f | 0x00 | 0x00
[OK ]  |   656 | 0x00004a90 | 0x3e | 0x3e
[OK ]  |   657 | 0x00004a91 | 0xe5 | 0xe5
[OK ]  |   658 | 0x00004a92 | 0x00 | 0x00
[OK ]  |   659 | 0x00004a93 | 0x00 | 0x00
[OK ]  |   660 | 0x00004a94 | 0xf8 | 0xf8
[OK ]  |   661 | 0x00004a95 | 0x87 | 0x87
[OK ]  |   662 | 0x00004a96 | 0xff | 0xff
[OK ]  |   663 | 0x00004a97 | 0xff | 0xff
[OK ]  |   664 | 0x00004a98 | 0xeb | 0xeb
[OK ]  |   665 | 0x00004a99 | 0xa4 | 0xa4
[OK ]  |   666 | 0x00004a9a | 0x00 | 0x00
[OK ]  |   667 | 0x00004a9b | 0x00 | 0x00
[OK ]  |   668 | 0x00004a9c | 0xe8 | 0xe8
[OK ]  |   669 | 0x00004a9d | 0xec | 0xec
[OK ]  |   670 | 0x00004a9e | 0x00 | 0x00
[OK ]  |   671 | 0x00004a9f | 0x00 | 0x00
[OK ]  |   672 | 0x00004aa0 | 0x58 | 0x58
[OK ]  |   673 | 0x00004aa1 | 0x3d | 0x3d
[OK ]  |   674 | 0x00004aa2 | 0x00 | 0x00
[OK ]  |   675 | 0x00004aa3 | 0x00 | 0x00
[OK ]  |   676 | 0x00004aa4 | 0xbe | 0xbe
[OK ]  |   677 | 0x00004aa5 | 0x2a | 0x2a
[OK ]  |   678 | 0x00004aa6 | 0x00 | 0x00
[OK ]  |   679 | 0x00004aa7 | 0x00 | 0x00
[OK ]  |   680 | 0x00004aa8 | 0x13 | 0x13
[OK ]  |   681 | 0x00004aa9 | 0xa9 | 0xa9
[OK ]  |   682 | 0x00004aaa | 0x00 | 0x00
[OK ]  |   683 | 0x00004aab | 0x00 | 0x00
[OK ]  |   684 | 0x00004aac | 0x48 | 0x48
[OK ]  |   685 | 0x00004aad | 0x37 | 0x37
[OK ]  |   686 | 0x00004aae | 0xff | 0xff
[OK ]  |   687 | 0x00004aaf | 0xff | 0xff
[OK ]  |   688 | 0x00004ab0 | 0x5e | 0x5e
[OK ]  |   689 | 0x00004ab1 | 0x8a | 0x8a
[OK ]  |   690 | 0x00004ab2 | 0x00 | 0x00
[OK ]  |   691 | 0x00004ab3 | 0x00 | 0x00
[OK ]  |   692 | 0x00004ab4 | 0xe1 | 0xe1
[OK ]  |   693 | 0x00004ab5 | 0x85 | 0x85
[OK ]  |   694 | 0x00004ab6 | 0xff | 0xff
[OK ]  |   695 | 0x00004ab7 | 0xff | 0xff
[OK ]  |   696 | 0x00004ab8 | 0xfb | 0xfb
[OK ]  |   697 | 0x00004ab9 | 0xaa | 0xaa
[OK ]  |   698 | 0x00004aba | 0x00 | 0x00
[OK ]  |   699 | 0x00004abb | 0x00 | 0x00
[OK ]  |   700 | 0x00004abc | 0x17 | 0x17
[OK ]  |   701 | 0x00004abd | 0xb4 | 0xb4
[OK ]  |   702 | 0x00004abe | 0x00 | 0x00
[OK ]  |   703 | 0x00004abf | 0x00 | 0x00
[OK ]  |   704 | 0x00004ac0 | 0xae | 0xae
[OK ]  |   705 | 0x00004ac1 | 0x73 | 0x73
[OK ]  |   706 | 0x00004ac2 | 0xff | 0xff
[OK ]  |   707 | 0x00004ac3 | 0xff | 0xff
[OK ]  |   708 | 0x00004ac4 | 0xd0 | 0xd0
[OK ]  |   709 | 0x00004ac5 | 0x46 | 0x46
[OK ]  |   710 | 0x00004ac6 | 0x00 | 0x00
[OK ]  |   711 | 0x00004ac7 | 0x00 | 0x00
[OK ]  |   712 | 0x00004ac8 | 0x40 | 0x40
[OK ]  |   713 | 0x00004ac9 | 0xe6 | 0xe6
[OK ]  |   714 | 0x00004aca | 0xff | 0xff
[OK ]  |   715 | 0x00004acb | 0xff | 0xff
[OK ]  |   716 | 0x00004acc | 0x52 | 0x52
[OK ]  |   717 | 0x00004acd | 0xb2 | 0xb2
[OK ]  |   718 | 0x00004ace | 0x00 | 0x00
[OK ]  |   719 | 0x00004acf | 0x00 | 0x00
[OK ]  |   720 | 0x00004ad0 | 0xf2 | 0xf2
[OK ]  |   721 | 0x00004ad1 | 0x86 | 0x86
[OK ]  |   722 | 0x00004ad2 | 0xfe | 0xfe
[OK ]  |   723 | 0x00004ad3 | 0xff | 0xff
[OK ]  |   724 | 0x00004ad4 | 0x91 | 0x91
[OK ]  |   725 | 0x00004ad5 | 0x93 | 0x93
[OK ]  |   726 | 0x00004ad6 | 0x00 | 0x00
[OK ]  |   727 | 0x00004ad7 | 0x00 | 0x00
[OK ]  |   728 | 0x00004ad8 | 0xb8 | 0xb8
[OK ]  |   729 | 0x00004ad9 | 0xeb | 0xeb
[OK ]  |   730 | 0x00004ada | 0x00 | 0x00
[OK ]  |   731 | 0x00004adb | 0x00 | 0x00
[OK ]  |   732 | 0x00004adc | 0x9b | 0x9b
[OK ]  |   733 | 0x00004add | 0xad | 0xad
[OK ]  |   734 | 0x00004ade | 0x00 | 0x00
[OK ]  |   735 | 0x00004adf | 0x00 | 0x00
[OK ]  |   736 | 0x00004ae0 | 0xb0 | 0xb0
[OK ]  |   737 | 0x00004ae1 | 0xd5 | 0xd5
[OK ]  |   738 | 0x00004ae2 | 0xfe | 0xfe
[OK ]  |   739 | 0x00004ae3 | 0xff | 0xff
[OK ]  |   740 | 0x00004ae4 | 0x41 | 0x41
[OK ]  |   741 | 0x00004ae5 | 0xf3 | 0xf3
[OK ]  |   742 | 0x00004ae6 | 0xfe | 0xfe
[OK ]  |   743 | 0x00004ae7 | 0xff | 0xff
[OK ]  |   744 | 0x00004ae8 | 0x7f | 0x7f
[OK ]  |   745 | 0x00004ae9 | 0x8d | 0x8d
[OK ]  |   746 | 0x00004aea | 0x00 | 0x00
[OK ]  |   747 | 0x00004aeb | 0x00 | 0x00
[OK ]  |   748 | 0x00004aec | 0x7f | 0x7f
[OK ]  |   749 | 0x00004aed | 0x7e | 0x7e
[OK ]  |   750 | 0x00004aee | 0xff | 0xff
[OK ]  |   751 | 0x00004aef | 0xff | 0xff
[OK ]  |   752 | 0x00004af0 | 0x90 | 0x90
[OK ]  |   753 | 0x00004af1 | 0xf0 | 0xf0
[OK ]  |   754 | 0x00004af2 | 0x01 | 0x01
[OK ]  |   755 | 0x00004af3 | 0x00 | 0x00
[OK ]  |   756 | 0x00004af4 | 0x9e | 0x9e
[OK ]  |   757 | 0x00004af5 | 0x3b | 0x3b
[OK ]  |   758 | 0x00004af6 | 0xff | 0xff
[OK ]  |   759 | 0x00004af7 | 0xff | 0xff
[OK ]  |   760 | 0x00004af8 | 0xf7 | 0xf7
[OK ]  |   761 | 0x00004af9 | 0xca | 0xca
[OK ]  |   762 | 0x00004afa | 0x00 | 0x00
[OK ]  |   763 | 0x00004afb | 0x00 | 0x00
[OK ]  |   764 | 0x00004afc | 0xf9 | 0xf9
[OK ]  |   765 | 0x00004afd | 0x54 | 0x54
[OK ]  |   766 | 0x00004afe | 0x00 | 0x00
[OK ]  |   767 | 0x00004aff | 0x00 | 0x00
[OK ]  |   768 | 0x00004b00 | 0x0c | 0x0c
[OK ]  |   769 | 0x00004b01 | 0x2b | 0x2b
[OK ]  |   770 | 0x00004b02 | 0x01 | 0x01
[OK ]  |   771 | 0x00004b03 | 0x00 | 0x00
[OK ]  |   772 | 0x00004b04 | 0x9c | 0x9c
[OK ]  |   773 | 0x00004b05 | 0x19 | 0x19
[OK ]  |   774 | 0x00004b06 | 0x02 | 0x02
[OK ]  |   775 | 0x00004b07 | 0x00 | 0x00
[OK ]  |   776 | 0x00004b08 | 0x74 | 0x74
[OK ]  |   777 | 0x00004b09 | 0x62 | 0x62
[OK ]  |   778 | 0x00004b0a | 0x00 | 0x00
[OK ]  |   779 | 0x00004b0b | 0x00 | 0x00
[OK ]  |   780 | 0x00004b0c | 0x05 | 0x05
[OK ]  |   781 | 0x00004b0d | 0xbb | 0xbb
[OK ]  |   782 | 0x00004b0e | 0xff | 0xff
[OK ]  |   783 | 0x00004b0f | 0xff | 0xff
[OK ]  |   784 | 0x00004b10 | 0x3e | 0x3e
[OK ]  |   785 | 0x00004b11 | 0x68 | 0x68
[OK ]  |   786 | 0x00004b12 | 0xff | 0xff
[OK ]  |   787 | 0x00004b13 | 0xff | 0xff
[OK ]  |   788 | 0x00004b14 | 0xa2 | 0xa2
[OK ]  |   789 | 0x00004b15 | 0x60 | 0x60
[OK ]  |   790 | 0x00004b16 | 0x00 | 0x00
[OK ]  |   791 | 0x00004b17 | 0x00 | 0x00
[OK ]  |   792 | 0x00004b18 | 0x51 | 0x51
[OK ]  |   793 | 0x00004b19 | 0x19 | 0x19
[OK ]  |   794 | 0x00004b1a | 0x01 | 0x01
[OK ]  |   795 | 0x00004b1b | 0x00 | 0x00
[OK ]  |   796 | 0x00004b1c | 0xd6 | 0xd6
[OK ]  |   797 | 0x00004b1d | 0x60 | 0x60
[OK ]  |   798 | 0x00004b1e | 0x00 | 0x00
[OK ]  |   799 | 0x00004b1f | 0x00 | 0x00
[OK ]  |   800 | 0x00004b20 | 0xfd | 0xfd
[OK ]  |   801 | 0x00004b21 | 0x57 | 0x57
[OK ]  |   802 | 0x00004b22 | 0xff | 0xff
[OK ]  |   803 | 0x00004b23 | 0xff | 0xff
[OK ]  |   804 | 0x00004b24 | 0x06 | 0x06
[OK ]  |   805 | 0x00004b25 | 0x0c | 0x0c
[OK ]  |   806 | 0x00004b26 | 0x01 | 0x01
[OK ]  |   807 | 0x00004b27 | 0x00 | 0x00
[OK ]  |   808 | 0x00004b28 | 0x7a | 0x7a
[OK ]  |   809 | 0x00004b29 | 0x98 | 0x98
[OK ]  |   810 | 0x00004b2a | 0xff | 0xff
[OK ]  |   811 | 0x00004b2b | 0xff | 0xff
[OK ]  |   812 | 0x00004b2c | 0x8d | 0x8d
[OK ]  |   813 | 0x00004b2d | 0x2a | 0x2a
[OK ]  |   814 | 0x00004b2e | 0xfe | 0xfe
[OK ]  |   815 | 0x00004b2f | 0xff | 0xff
[OK ]  |   816 | 0x00004b30 | 0xf0 | 0xf0
[OK ]  |   817 | 0x00004b31 | 0xff | 0xff
[OK ]  |   818 | 0x00004b32 | 0xfc | 0xfc
[OK ]  |   819 | 0x00004b33 | 0xff | 0xff
[OK ]  |   820 | 0x00004b34 | 0x57 | 0x57
[OK ]  |   821 | 0x00004b35 | 0x92 | 0x92
[OK ]  |   822 | 0x00004b36 | 0xfd | 0xfd
[OK ]  |   823 | 0x00004b37 | 0xff | 0xff
[OK ]  |   824 | 0x00004b38 | 0xbc | 0xbc
[OK ]  |   825 | 0x00004b39 | 0xf4 | 0xf4
[OK ]  |   826 | 0x00004b3a | 0x01 | 0x01
[OK ]  |   827 | 0x00004b3b | 0x00 | 0x00
[OK ]  |   828 | 0x00004b3c | 0x17 | 0x17
[OK ]  |   829 | 0x00004b3d | 0x6c | 0x6c
[OK ]  |   830 | 0x00004b3e | 0x00 | 0x00
[OK ]  |   831 | 0x00004b3f | 0x00 | 0x00
[OK ]  |   832 | 0x00004b40 | 0x7d | 0x7d
[OK ]  |   833 | 0x00004b41 | 0xb1 | 0xb1
[OK ]  |   834 | 0x00004b42 | 0x00 | 0x00
[OK ]  |   835 | 0x00004b43 | 0x00 | 0x00
[OK ]  |   836 | 0x00004b44 | 0x09 | 0x09
[OK ]  |   837 | 0x00004b45 | 0x19 | 0x19
[OK ]  |   838 | 0x00004b46 | 0x00 | 0x00
[OK ]  |   839 | 0x00004b47 | 0x00 | 0x00
[OK ]  |   840 | 0x00004b48 | 0x7d | 0x7d
[OK ]  |   841 | 0x00004b49 | 0xcb | 0xcb
[OK ]  |   842 | 0x00004b4a | 0x00 | 0x00
[OK ]  |   843 | 0x00004b4b | 0x00 | 0x00
[OK ]  |   844 | 0x00004b4c | 0x87 | 0x87
[OK ]  |   845 | 0x00004b4d | 0xa0 | 0xa0
[OK ]  |   846 | 0x00004b4e | 0xff | 0xff
[OK ]  |   847 | 0x00004b4f | 0xff | 0xff
[OK ]  |   848 | 0x00004b50 | 0xbc | 0xbc
[OK ]  |   849 | 0x00004b51 | 0x24 | 0x24
[OK ]  |   850 | 0x00004b52 | 0x00 | 0x00
[OK ]  |   851 | 0x00004b53 | 0x00 | 0x00
[OK ]  |   852 | 0x00004b54 | 0x68 | 0x68
[OK ]  |   853 | 0x00004b55 | 0x31 | 0x31
[OK ]  |   854 | 0x00004b56 | 0x00 | 0x00
[OK ]  |   855 | 0x00004b57 | 0x00 | 0x00
[OK ]  |   856 | 0x00004b58 | 0x86 | 0x86
[OK ]  |   857 | 0x00004b59 | 0xc1 | 0xc1
[OK ]  |   858 | 0x00004b5a | 0x00 | 0x00
[OK ]  |   859 | 0x00004b5b | 0x00 | 0x00
[OK ]  |   860 | 0x00004b5c | 0x85 | 0x85
[OK ]  |   861 | 0x00004b5d | 0x3c | 0x3c
[OK ]  |   862 | 0x00004b5e | 0x00 | 0x00
[OK ]  |   863 | 0x00004b5f | 0x00 | 0x00
[OK ]  |   864 | 0x00004b60 | 0xf8 | 0xf8
[OK ]  |   865 | 0x00004b61 | 0xa1 | 0xa1
[OK ]  |   866 | 0x00004b62 | 0x01 | 0x01
[OK ]  |   867 | 0x00004b63 | 0x00 | 0x00
[OK ]  |   868 | 0x00004b64 | 0xf2 | 0xf2
[OK ]  |   869 | 0x00004b65 | 0x54 | 0x54
[OK ]  |   870 | 0x00004b66 | 0x00 | 0x00
[OK ]  |   871 | 0x00004b67 | 0x00 | 0x00
[OK ]  |   872 | 0x00004b68 | 0xe1 | 0xe1
[OK ]  |   873 | 0x00004b69 | 0xd5 | 0xd5
[OK ]  |   874 | 0x00004b6a | 0xfe | 0xfe
[OK ]  |   875 | 0x00004b6b | 0xff | 0xff
[OK ]  |   876 | 0x00004b6c | 0x8f | 0x8f
[OK ]  |   877 | 0x00004b6d | 0x5d | 0x5d
[OK ]  |   878 | 0x00004b6e | 0x00 | 0x00
[OK ]  |   879 | 0x00004b6f | 0x00 | 0x00
[OK ]  |   880 | 0x00004b70 | 0xd7 | 0xd7
[OK ]  |   881 | 0x00004b71 | 0x9b | 0x9b
[OK ]  |   882 | 0x00004b72 | 0xff | 0xff
[OK ]  |   883 | 0x00004b73 | 0xff | 0xff
[OK ]  |   884 | 0x00004b74 | 0xc8 | 0xc8
[OK ]  |   885 | 0x00004b75 | 0xae | 0xae
[OK ]  |   886 | 0x00004b76 | 0xff | 0xff
[OK ]  |   887 | 0x00004b77 | 0xff | 0xff
[OK ]  |   888 | 0x00004b78 | 0xc1 | 0xc1
[OK ]  |   889 | 0x00004b79 | 0xac | 0xac
[OK ]  |   890 | 0x00004b7a | 0x01 | 0x01
[OK ]  |   891 | 0x00004b7b | 0x00 | 0x00
[OK ]  |   892 | 0x00004b7c | 0x4a | 0x4a
[OK ]  |   893 | 0x00004b7d | 0xa7 | 0xa7
[OK ]  |   894 | 0x00004b7e | 0x00 | 0x00
[OK ]  |   895 | 0x00004b7f | 0x00 | 0x00
[OK ]  |   896 | 0x00004b80 | 0x58 | 0x58
[OK ]  |   897 | 0x00004b81 | 0xe2 | 0xe2
[OK ]  |   898 | 0x00004b82 | 0x00 | 0x00
[OK ]  |   899 | 0x00004b83 | 0x00 | 0x00
[OK ]  |   900 | 0x00004b84 | 0x33 | 0x33
[OK ]  |   901 | 0x00004b85 | 0x95 | 0x95
[OK ]  |   902 | 0x00004b86 | 0x02 | 0x02
[OK ]  |   903 | 0x00004b87 | 0x00 | 0x00
[OK ]  |   904 | 0x00004b88 | 0xda | 0xda
[OK ]  |   905 | 0x00004b89 | 0x80 | 0x80
[OK ]  |   906 | 0x00004b8a | 0xfe | 0xfe
[OK ]  |   907 | 0x00004b8b | 0xff | 0xff
[OK ]  |   908 | 0x00004b8c | 0x48 | 0x48
[OK ]  |   909 | 0x00004b8d | 0x84 | 0x84
[OK ]  |   910 | 0x00004b8e | 0xfe | 0xfe
[OK ]  |   911 | 0x00004b8f | 0xff | 0xff
[OK ]  |   912 | 0x00004b90 | 0xfc | 0xfc
[OK ]  |   913 | 0x00004b91 | 0xbe | 0xbe
[OK ]  |   914 | 0x00004b92 | 0xff | 0xff
[OK ]  |   915 | 0x00004b93 | 0xff | 0xff
[OK ]  |   916 | 0x00004b94 | 0x6c | 0x6c
[OK ]  |   917 | 0x00004b95 | 0x48 | 0x48
[OK ]  |   918 | 0x00004b96 | 0x02 | 0x02
[OK ]  |   919 | 0x00004b97 | 0x00 | 0x00
[OK ]  |   920 | 0x00004b98 | 0x10 | 0x10
[OK ]  |   921 | 0x00004b99 | 0x2b | 0x2b
[OK ]  |   922 | 0x00004b9a | 0xff | 0xff
[OK ]  |   923 | 0x00004b9b | 0xff | 0xff
[OK ]  |   924 | 0x00004b9c | 0x93 | 0x93
[OK ]  |   925 | 0x00004b9d | 0x37 | 0x37
[OK ]  |   926 | 0x00004b9e | 0xfe | 0xfe
[OK ]  |   927 | 0x00004b9f | 0xff | 0xff
[OK ]  |   928 | 0x00004ba0 | 0x61 | 0x61
[OK ]  |   929 | 0x00004ba1 | 0x38 | 0x38
[OK ]  |   930 | 0x00004ba2 | 0x00 | 0x00
[OK ]  |   931 | 0x00004ba3 | 0x00 | 0x00
[OK ]  |   932 | 0x00004ba4 | 0x84 | 0x84
[OK ]  |   933 | 0x00004ba5 | 0x2e | 0x2e
[OK ]  |   934 | 0x00004ba6 | 0x00 | 0x00
[OK ]  |   935 | 0x00004ba7 | 0x00 | 0x00
[OK ]  |   936 | 0x00004ba8 | 0xf7 | 0xf7
[OK ]  |   937 | 0x00004ba9 | 0x23 | 0x23
[OK ]  |   938 | 0x00004baa | 0x00 | 0x00
[OK ]  |   939 | 0x00004bab | 0x00 | 0x00
[OK ]  |   940 | 0x00004bac | 0x7a | 0x7a
[OK ]  |   941 | 0x00004bad | 0x8a | 0x8a
[OK ]  |   942 | 0x00004bae | 0x00 | 0x00
[OK ]  |   943 | 0x00004baf | 0x00 | 0x00
[OK ]  |   944 | 0x00004bb0 | 0x88 | 0x88
[OK ]  |   945 | 0x00004bb1 | 0xf9 | 0xf9
[OK ]  |   946 | 0x00004bb2 | 0x01 | 0x01
[OK ]  |   947 | 0x00004bb3 | 0x00 | 0x00
[OK ]  |   948 | 0x00004bb4 | 0x80 | 0x80
[OK ]  |   949 | 0x00004bb5 | 0x2f | 0x2f
[OK ]  |   950 | 0x00004bb6 | 0xff | 0xff
[OK ]  |   951 | 0x00004bb7 | 0xff | 0xff
[OK ]  |   952 | 0x00004bb8 | 0x14 | 0x14
[OK ]  |   953 | 0x00004bb9 | 0x21 | 0x21
[OK ]  |   954 | 0x00004bba | 0x01 | 0x01
[OK ]  |   955 | 0x00004bbb | 0x00 | 0x00
[OK ]  |   956 | 0x00004bbc | 0xae | 0xae
[OK ]  |   957 | 0x00004bbd | 0xee | 0xee
[OK ]  |   958 | 0x00004bbe | 0x00 | 0x00
[OK ]  |   959 | 0x00004bbf | 0x00 | 0x00
[OK ]  |   960 | 0x00004bc0 | 0x34 | 0x34
[OK ]  |   961 | 0x00004bc1 | 0x30 | 0x30
[OK ]  |   962 | 0x00004bc2 | 0x00 | 0x00
[OK ]  |   963 | 0x00004bc3 | 0x00 | 0x00
[OK ]  |   964 | 0x00004bc4 | 0x3a | 0x3a
[OK ]  |   965 | 0x00004bc5 | 0xc2 | 0xc2
[OK ]  |   966 | 0x00004bc6 | 0x00 | 0x00
[OK ]  |   967 | 0x00004bc7 | 0x00 | 0x00
[OK ]  |   968 | 0x00004bc8 | 0x3b | 0x3b
[OK ]  |   969 | 0x00004bc9 | 0x51 | 0x51
[OK ]  |   970 | 0x00004bca | 0xff | 0xff
[OK ]  |   971 | 0x00004bcb | 0xff | 0xff
[OK ]  |   972 | 0x00004bcc | 0x8c | 0x8c
[OK ]  |   973 | 0x00004bcd | 0x15 | 0x15
[OK ]  |   974 | 0x00004bce | 0xff | 0xff
[OK ]  |   975 | 0x00004bcf | 0xff | 0xff
[OK ]  |   976 | 0x00004bd0 | 0x5b | 0x5b
[OK ]  |   977 | 0x00004bd1 | 0x8f | 0x8f
[OK ]  |   978 | 0x00004bd2 | 0x00 | 0x00
[OK ]  |   979 | 0x00004bd3 | 0x00 | 0x00
[OK ]  |   980 | 0x00004bd4 | 0xd6 | 0xd6
[OK ]  |   981 | 0x00004bd5 | 0x64 | 0x64
[OK ]  |   982 | 0x00004bd6 | 0xff | 0xff
[OK ]  |   983 | 0x00004bd7 | 0xff | 0xff
[OK ]  |   984 | 0x00004bd8 | 0x87 | 0x87
[OK ]  |   985 | 0x00004bd9 | 0xe8 | 0xe8
[OK ]  |   986 | 0x00004bda | 0x00 | 0x00
[OK ]  |   987 | 0x00004bdb | 0x00 | 0x00
[OK ]  |   988 | 0x00004bdc | 0xc1 | 0xc1
[OK ]  |   989 | 0x00004bdd | 0xad | 0xad
[OK ]  |   990 | 0x00004bde | 0x00 | 0x00
[OK ]  |   991 | 0x00004bdf | 0x00 | 0x00
[OK ]  |   992 | 0x00004be0 | 0x0f | 0x0f
[OK ]  |   993 | 0x00004be1 | 0xbc | 0xbc
[OK ]  |   994 | 0x00004be2 | 0x00 | 0x00
[OK ]  |   995 | 0x00004be3 | 0x00 | 0x00
[OK ]  |   996 | 0x00004be4 | 0x17 | 0x17
[OK ]  |   997 | 0x00004be5 | 0x57 | 0x57
[OK ]  |   998 | 0x00004be6 | 0xff | 0xff
[OK ]  |   999 | 0x00004be7 | 0xff | 0xff
[OK ]  |  1000 | 0x00004be8 | 0x42 | 0x42
[OK ]  |  1001 | 0x00004be9 | 0x58 | 0x58
[OK ]  |  1002 | 0x00004bea | 0xfe | 0xfe
[OK ]  |  1003 | 0x00004beb | 0xff | 0xff
[OK ]  |  1004 | 0x00004bec | 0xf8 | 0xf8
[OK ]  |  1005 | 0x00004bed | 0xb4 | 0xb4
[OK ]  |  1006 | 0x00004bee | 0x00 | 0x00
[OK ]  |  1007 | 0x00004bef | 0x00 | 0x00
[OK ]  |  1008 | 0x00004bf0 | 0xb3 | 0xb3
[OK ]  |  1009 | 0x00004bf1 | 0xcb | 0xcb
[OK ]  |  1010 | 0x00004bf2 | 0x01 | 0x01
[OK ]  |  1011 | 0x00004bf3 | 0x00 | 0x00
[OK ]  |  1012 | 0x00004bf4 | 0x14 | 0x14
[OK ]  |  1013 | 0x00004bf5 | 0xd3 | 0xd3
[OK ]  |  1014 | 0x00004bf6 | 0xfd | 0xfd
[OK ]  |  1015 | 0x00004bf7 | 0xff | 0xff
[OK ]  |  1016 | 0x00004bf8 | 0x59 | 0x59
[OK ]  |  1017 | 0x00004bf9 | 0xb3 | 0xb3
[OK ]  |  1018 | 0x00004bfa | 0xff | 0xff
[OK ]  |  1019 | 0x00004bfb | 0xff | 0xff
[OK ]  |  1020 | 0x00004bfc | 0xf5 | 0xf5
[OK ]  |  1021 | 0x00004bfd | 0x4c | 0x4c
[OK ]  |  1022 | 0x00004bfe | 0xff | 0xff
[OK ]  |  1023 | 0x00004bff | 0xff | 0xff
[OK ]  |  1024 | 0x00004c00 | 0xf1 | 0xf1
[OK ]  |  1025 | 0x00004c01 | 0xb1 | 0xb1
[OK ]  |  1026 | 0x00004c02 | 0x00 | 0x00
[OK ]  |  1027 | 0x00004c03 | 0x00 | 0x00
[OK ]  |  1028 | 0x00004c04 | 0x46 | 0x46
[OK ]  |  1029 | 0x00004c05 | 0xb9 | 0xb9
[OK ]  |  1030 | 0x00004c06 | 0x00 | 0x00
[OK ]  |  1031 | 0x00004c07 | 0x00 | 0x00
[OK ]  |  1032 | 0x00004c08 | 0x72 | 0x72
[OK ]  |  1033 | 0x00004c09 | 0x76 | 0x76
[OK ]  |  1034 | 0x00004c0a | 0xfe | 0xfe
[OK ]  |  1035 | 0x00004c0b | 0xff | 0xff
[OK ]  |  1036 | 0x00004c0c | 0xa2 | 0xa2
[OK ]  |  1037 | 0x00004c0d | 0x01 | 0x01
[OK ]  |  1038 | 0x00004c0e | 0xff | 0xff
[OK ]  |  1039 | 0x00004c0f | 0xff | 0xff
[OK ]  |  1040 | 0x00004c10 | 0x12 | 0x12
[OK ]  |  1041 | 0x00004c11 | 0x0f | 0x0f
[OK ]  |  1042 | 0x00004c12 | 0x00 | 0x00
[OK ]  |  1043 | 0x00004c13 | 0x00 | 0x00
[OK ]  |  1044 | 0x00004c14 | 0x41 | 0x41
[OK ]  |  1045 | 0x00004c15 | 0xdc | 0xdc
[OK ]  |  1046 | 0x00004c16 | 0x00 | 0x00
[OK ]  |  1047 | 0x00004c17 | 0x00 | 0x00
[OK ]  |  1048 | 0x00004c18 | 0x69 | 0x69
[OK ]  |  1049 | 0x00004c19 | 0x7e | 0x7e
[OK ]  |  1050 | 0x00004c1a | 0x02 | 0x02
[OK ]  |  1051 | 0x00004c1b | 0x00 | 0x00
[OK ]  |  1052 | 0x00004c1c | 0xa1 | 0xa1
[OK ]  |  1053 | 0x00004c1d | 0x8d | 0x8d
[OK ]  |  1054 | 0x00004c1e | 0xfe | 0xfe
[OK ]  |  1055 | 0x00004c1f | 0xff | 0xff
[OK ]  |  1056 | 0x00004c20 | 0x04 | 0x04
[OK ]  |  1057 | 0x00004c21 | 0x66 | 0x66
[OK ]  |  1058 | 0x00004c22 | 0xff | 0xff
[OK ]  |  1059 | 0x00004c23 | 0xff | 0xff
[OK ]  |  1060 | 0x00004c24 | 0xfe | 0xfe
[OK ]  |  1061 | 0x00004c25 | 0x5d | 0x5d
[OK ]  |  1062 | 0x00004c26 | 0x00 | 0x00
[OK ]  |  1063 | 0x00004c27 | 0x00 | 0x00
[OK ]  |  1064 | 0x00004c28 | 0x1b | 0x1b
[OK ]  |  1065 | 0x00004c29 | 0xd9 | 0xd9
[OK ]  |  1066 | 0x00004c2a | 0x00 | 0x00
[OK ]  |  1067 | 0x00004c2b | 0x00 | 0x00
[OK ]  |  1068 | 0x00004c2c | 0xa9 | 0xa9
[OK ]  |  1069 | 0x00004c2d | 0x53 | 0x53
[OK ]  |  1070 | 0x00004c2e | 0x00 | 0x00
[OK ]  |  1071 | 0x00004c2f | 0x00 | 0x00
[OK ]  |  1072 | 0x00004c30 | 0x6a | 0x6a
[OK ]  |  1073 | 0x00004c31 | 0x80 | 0x80
[OK ]  |  1074 | 0x00004c32 | 0x01 | 0x01
[OK ]  |  1075 | 0x00004c33 | 0x00 | 0x00
[OK ]  |  1076 | 0x00004c34 | 0xc1 | 0xc1
[OK ]  |  1077 | 0x00004c35 | 0x18 | 0x18
[OK ]  |  1078 | 0x00004c36 | 0x01 | 0x01
[OK ]  |  1079 | 0x00004c37 | 0x00 | 0x00
[OK ]  |  1080 | 0x00004c38 | 0x38 | 0x38
[OK ]  |  1081 | 0x00004c39 | 0x0c | 0x0c
[OK ]  |  1082 | 0x00004c3a | 0xff | 0xff
[OK ]  |  1083 | 0x00004c3b | 0xff | 0xff
[OK ]  |  1084 | 0x00004c3c | 0xaf | 0xaf
[OK ]  |  1085 | 0x00004c3d | 0x25 | 0x25
[OK ]  |  1086 | 0x00004c3e | 0x00 | 0x00
[OK ]  |  1087 | 0x00004c3f | 0x00 | 0x00
[OK ]  |  1088 | 0x00004c40 | 0x58 | 0x58
[OK ]  |  1089 | 0x00004c41 | 0x5b | 0x5b
[OK ]  |  1090 | 0x00004c42 | 0xff | 0xff
[OK ]  |  1091 | 0x00004c43 | 0xff | 0xff
[OK ]  |  1092 | 0x00004c44 | 0x91 | 0x91
[OK ]  |  1093 | 0x00004c45 | 0x60 | 0x60
[OK ]  |  1094 | 0x00004c46 | 0x01 | 0x01
[OK ]  |  1095 | 0x00004c47 | 0x00 | 0x00
[OK ]  |  1096 | 0x00004c48 | 0xec | 0xec
[OK ]  |  1097 | 0x00004c49 | 0xf0 | 0xf0
[OK ]  |  1098 | 0x00004c4a | 0xff | 0xff
[OK ]  |  1099 | 0x00004c4b | 0xff | 0xff
[OK ]  |  1100 | 0x00004c4c | 0xc6 | 0xc6
[OK ]  |  1101 | 0x00004c4d | 0xea | 0xea
[OK ]  |  1102 | 0x00004c4e | 0xff | 0xff
[OK ]  |  1103 | 0x00004c4f | 0xff | 0xff
[OK ]  |  1104 | 0x00004c50 | 0x92 | 0x92
[OK ]  |  1105 | 0x00004c51 | 0x2c | 0x2c
[OK ]  |  1106 | 0x00004c52 | 0x01 | 0x01
[OK ]  |  1107 | 0x00004c53 | 0x00 | 0x00
[OK ]  |  1108 | 0x00004c54 | 0x70 | 0x70
[OK ]  |  1109 | 0x00004c55 | 0x71 | 0x71
[OK ]  |  1110 | 0x00004c56 | 0xff | 0xff
[OK ]  |  1111 | 0x00004c57 | 0xff | 0xff
[OK ]  |  1112 | 0x00004c58 | 0x69 | 0x69
[OK ]  |  1113 | 0x00004c59 | 0xcf | 0xcf
[OK ]  |  1114 | 0x00004c5a | 0xff | 0xff
[OK ]  |  1115 | 0x00004c5b | 0xff | 0xff
[OK ]  |  1116 | 0x00004c5c | 0x3c | 0x3c
[OK ]  |  1117 | 0x00004c5d | 0x79 | 0x79
[OK ]  |  1118 | 0x00004c5e | 0x00 | 0x00
[OK ]  |  1119 | 0x00004c5f | 0x00 | 0x00
[OK ]  |  1120 | 0x00004c60 | 0x99 | 0x99
[OK ]  |  1121 | 0x00004c61 | 0x51 | 0x51
[OK ]  |  1122 | 0x00004c62 | 0x00 | 0x00
[OK ]  |  1123 | 0x00004c63 | 0x00 | 0x00
[OK ]  |  1124 | 0x00004c64 | 0x3e | 0x3e
[OK ]  |  1125 | 0x00004c65 | 0x7b | 0x7b
[OK ]  |  1126 | 0x00004c66 | 0x00 | 0x00
[OK ]  |  1127 | 0x00004c67 | 0x00 | 0x00
[OK ]  |  1128 | 0x00004c68 | 0xf9 | 0xf9
[OK ]  |  1129 | 0x00004c69 | 0x8d | 0x8d
[OK ]  |  1130 | 0x00004c6a | 0xff | 0xff
[OK ]  |  1131 | 0x00004c6b | 0xff | 0xff
[OK ]  |  1132 | 0x00004c6c | 0x2c | 0x2c
[OK ]  |  1133 | 0x00004c6d | 0x5a | 0x5a
[OK ]  |  1134 | 0x00004c6e | 0x01 | 0x01
[OK ]  |  1135 | 0x00004c6f | 0x00 | 0x00
[OK ]  |  1136 | 0x00004c70 | 0x39 | 0x39
[OK ]  |  1137 | 0x00004c71 | 0xd2 | 0xd2
[OK ]  |  1138 | 0x00004c72 | 0x00 | 0x00
[OK ]  |  1139 | 0x00004c73 | 0x00 | 0x00
[OK ]  |  1140 | 0x00004c74 | 0xff | 0xff
[OK ]  |  1141 | 0x00004c75 | 0x12 | 0x12
[OK ]  |  1142 | 0x00004c76 | 0x00 | 0x00
[OK ]  |  1143 | 0x00004c77 | 0x00 | 0x00
[OK ]  |  1144 | 0x00004c78 | 0xea | 0xea
[OK ]  |  1145 | 0x00004c79 | 0x97 | 0x97
[OK ]  |  1146 | 0x00004c7a | 0x01 | 0x01
[OK ]  |  1147 | 0x00004c7b | 0x00 | 0x00
[OK ]  |  1148 | 0x00004c7c | 0x88 | 0x88
[OK ]  |  1149 | 0x00004c7d | 0x5f | 0x5f
[OK ]  |  1150 | 0x00004c7e | 0x00 | 0x00
[OK ]  |  1151 | 0x00004c7f | 0x00 | 0x00
[OK ]  |  1152 | 0x00004c80 | 0x24 | 0x24
[OK ]  |  1153 | 0x00004c81 | 0x4b | 0x4b
[OK ]  |  1154 | 0x00004c82 | 0x00 | 0x00
[OK ]  |  1155 | 0x00004c83 | 0x00 | 0x00
[OK ]  |  1156 | 0x00004c84 | 0x8e | 0x8e
[OK ]  |  1157 | 0x00004c85 | 0x41 | 0x41
[OK ]  |  1158 | 0x00004c86 | 0x00 | 0x00
[OK ]  |  1159 | 0x00004c87 | 0x00 | 0x00
[OK ]  |  1160 | 0x00004c88 | 0xa1 | 0xa1
[OK ]  |  1161 | 0x00004c89 | 0x94 | 0x94
[OK ]  |  1162 | 0x00004c8a | 0x00 | 0x00
[OK ]  |  1163 | 0x00004c8b | 0x00 | 0x00
[OK ]  |  1164 | 0x00004c8c | 0xe4 | 0xe4
[OK ]  |  1165 | 0x00004c8d | 0x9f | 0x9f
[OK ]  |  1166 | 0x00004c8e | 0x00 | 0x00
[OK ]  |  1167 | 0x00004c8f | 0x00 | 0x00
[OK ]  |  1168 | 0x00004c90 | 0x76 | 0x76
[OK ]  |  1169 | 0x00004c91 | 0xc3 | 0xc3
[OK ]  |  1170 | 0x00004c92 | 0xfe | 0xfe
[OK ]  |  1171 | 0x00004c93 | 0xff | 0xff
[OK ]  |  1172 | 0x00004c94 | 0x1e | 0x1e
[OK ]  |  1173 | 0x00004c95 | 0x5c | 0x5c
[OK ]  |  1174 | 0x00004c96 | 0xff | 0xff
[OK ]  |  1175 | 0x00004c97 | 0xff | 0xff
[OK ]  |  1176 | 0x00004c98 | 0xc5 | 0xc5
[OK ]  |  1177 | 0x00004c99 | 0x93 | 0x93
[OK ]  |  1178 | 0x00004c9a | 0xff | 0xff
[OK ]  |  1179 | 0x00004c9b | 0xff | 0xff
[OK ]  |  1180 | 0x00004c9c | 0x46 | 0x46
[OK ]  |  1181 | 0x00004c9d | 0x90 | 0x90
[OK ]  |  1182 | 0x00004c9e | 0x00 | 0x00
[OK ]  |  1183 | 0x00004c9f | 0x00 | 0x00
[OK ]  |  1184 | 0x00004ca0 | 0x2b | 0x2b
[OK ]  |  1185 | 0x00004ca1 | 0x6e | 0x6e
[OK ]  |  1186 | 0x00004ca2 | 0xff | 0xff
[OK ]  |  1187 | 0x00004ca3 | 0xff | 0xff
[OK ]  |  1188 | 0x00004ca4 | 0xf6 | 0xf6
[OK ]  |  1189 | 0x00004ca5 | 0x02 | 0x02
[OK ]  |  1190 | 0x00004ca6 | 0xfe | 0xfe
[OK ]  |  1191 | 0x00004ca7 | 0xff | 0xff
[OK ]  |  1192 | 0x00004ca8 | 0xb0 | 0xb0
[OK ]  |  1193 | 0x00004ca9 | 0x22 | 0x22
[OK ]  |  1194 | 0x00004caa | 0xff | 0xff
[OK ]  |  1195 | 0x00004cab | 0xff | 0xff
[OK ]  |  1196 | 0x00004cac | 0x79 | 0x79
[OK ]  |  1197 | 0x00004cad | 0x9d | 0x9d
[OK ]  |  1198 | 0x00004cae | 0xff | 0xff
[OK ]  |  1199 | 0x00004caf | 0xff | 0xff
[OK ]  |  1200 | 0x00004cb0 | 0x8b | 0x8b
[OK ]  |  1201 | 0x00004cb1 | 0xb3 | 0xb3
[OK ]  |  1202 | 0x00004cb2 | 0x00 | 0x00
[OK ]  |  1203 | 0x00004cb3 | 0x00 | 0x00
[OK ]  |  1204 | 0x00004cb4 | 0xba | 0xba
[OK ]  |  1205 | 0x00004cb5 | 0xd8 | 0xd8
[OK ]  |  1206 | 0x00004cb6 | 0xff | 0xff
[OK ]  |  1207 | 0x00004cb7 | 0xff | 0xff
[OK ]  |  1208 | 0x00004cb8 | 0x3c | 0x3c
[OK ]  |  1209 | 0x00004cb9 | 0x62 | 0x62
[OK ]  |  1210 | 0x00004cba | 0x00 | 0x00
[OK ]  |  1211 | 0x00004cbb | 0x00 | 0x00
[OK ]  |  1212 | 0x00004cbc | 0x71 | 0x71
[OK ]  |  1213 | 0x00004cbd | 0x00 | 0x00
[OK ]  |  1214 | 0x00004cbe | 0xff | 0xff
[OK ]  |  1215 | 0x00004cbf | 0xff | 0xff
[OK ]  |  1216 | 0x00004cc0 | 0x15 | 0x15
[OK ]  |  1217 | 0x00004cc1 | 0xa4 | 0xa4
[OK ]  |  1218 | 0x00004cc2 | 0xfe | 0xfe
[OK ]  |  1219 | 0x00004cc3 | 0xff | 0xff
[OK ]  |  1220 | 0x00004cc4 | 0xc2 | 0xc2
[OK ]  |  1221 | 0x00004cc5 | 0x49 | 0x49
[OK ]  |  1222 | 0x00004cc6 | 0xfe | 0xfe
[OK ]  |  1223 | 0x00004cc7 | 0xff | 0xff
[OK ]  |  1224 | 0x00004cc8 | 0xd6 | 0xd6
[OK ]  |  1225 | 0x00004cc9 | 0x13 | 0x13
[OK ]  |  1226 | 0x00004cca | 0x02 | 0x02
[OK ]  |  1227 | 0x00004ccb | 0x00 | 0x00
[OK ]  |  1228 | 0x00004ccc | 0x01 | 0x01
[OK ]  |  1229 | 0x00004ccd | 0x55 | 0x55
[OK ]  |  1230 | 0x00004cce | 0x00 | 0x00
[OK ]  |  1231 | 0x00004ccf | 0x00 | 0x00
[OK ]  |  1232 | 0x00004cd0 | 0xf0 | 0xf0
[OK ]  |  1233 | 0x00004cd1 | 0x9f | 0x9f
[OK ]  |  1234 | 0x00004cd2 | 0x00 | 0x00
[OK ]  |  1235 | 0x00004cd3 | 0x00 | 0x00
[OK ]  |  1236 | 0x00004cd4 | 0x8e | 0x8e
[OK ]  |  1237 | 0x00004cd5 | 0x18 | 0x18
[OK ]  |  1238 | 0x00004cd6 | 0x01 | 0x01
[OK ]  |  1239 | 0x00004cd7 | 0x00 | 0x00
[OK ]  |  1240 | 0x00004cd8 | 0x5d | 0x5d
[OK ]  |  1241 | 0x00004cd9 | 0xb5 | 0xb5
[OK ]  |  1242 | 0x00004cda | 0xfe | 0xfe
[OK ]  |  1243 | 0x00004cdb | 0xff | 0xff
[OK ]  |  1244 | 0x00004cdc | 0xb2 | 0xb2
[OK ]  |  1245 | 0x00004cdd | 0x36 | 0x36
[OK ]  |  1246 | 0x00004cde | 0xff | 0xff
[OK ]  |  1247 | 0x00004cdf | 0xff | 0xff
[OK ]  |  1248 | 0x00004ce0 | 0x20 | 0x20
[OK ]  |  1249 | 0x00004ce1 | 0xd8 | 0xd8
[OK ]  |  1250 | 0x00004ce2 | 0xff | 0xff
[OK ]  |  1251 | 0x00004ce3 | 0xff | 0xff
[OK ]  |  1252 | 0x00004ce4 | 0xe3 | 0xe3
[OK ]  |  1253 | 0x00004ce5 | 0xb6 | 0xb6
[OK ]  |  1254 | 0x00004ce6 | 0xff | 0xff
[OK ]  |  1255 | 0x00004ce7 | 0xff | 0xff
[OK ]  |  1256 | 0x00004ce8 | 0x91 | 0x91
[OK ]  |  1257 | 0x00004ce9 | 0x31 | 0x31
[OK ]  |  1258 | 0x00004cea | 0xff | 0xff
[OK ]  |  1259 | 0x00004ceb | 0xff | 0xff
[OK ]  |  1260 | 0x00004cec | 0x20 | 0x20
[OK ]  |  1261 | 0x00004ced | 0x43 | 0x43
[OK ]  |  1262 | 0x00004cee | 0x00 | 0x00
[OK ]  |  1263 | 0x00004cef | 0x00 | 0x00
[OK ]  |  1264 | 0x00004cf0 | 0xc3 | 0xc3
[OK ]  |  1265 | 0x00004cf1 | 0xcc | 0xcc
[OK ]  |  1266 | 0x00004cf2 | 0xff | 0xff
[OK ]  |  1267 | 0x00004cf3 | 0xff | 0xff
[OK ]  |  1268 | 0x00004cf4 | 0x30 | 0x30
[OK ]  |  1269 | 0x00004cf5 | 0xd5 | 0xd5
[OK ]  |  1270 | 0x00004cf6 | 0xfe | 0xfe
[OK ]  |  1271 | 0x00004cf7 | 0xff | 0xff
[OK ]  |  1272 | 0x00004cf8 | 0xd5 | 0xd5
[OK ]  |  1273 | 0x00004cf9 | 0xb0 | 0xb0
[OK ]  |  1274 | 0x00004cfa | 0x01 | 0x01
[OK ]  |  1275 | 0x00004cfb | 0x00 | 0x00
[OK ]  |  1276 | 0x00004cfc | 0x38 | 0x38
[OK ]  |  1277 | 0x00004cfd | 0x0e | 0x0e
[OK ]  |  1278 | 0x00004cfe | 0x00 | 0x00
[OK ]  |  1279 | 0x00004cff | 0x00 | 0x00
[OK ]  |  1280 | 0x00004d00 | 0xf6 | 0xf6
[OK ]  |  1281 | 0x00004d01 | 0x6f | 0x6f
[OK ]  |  1282 | 0x00004d02 | 0xfe | 0xfe
[OK ]  |  1283 | 0x00004d03 | 0xff | 0xff
[OK ]  |  1284 | 0x00004d04 | 0x47 | 0x47
[OK ]  |  1285 | 0x00004d05 | 0xb2 | 0xb2
[OK ]  |  1286 | 0x00004d06 | 0xfe | 0xfe
[OK ]  |  1287 | 0x00004d07 | 0xff | 0xff
[OK ]  |  1288 | 0x00004d08 | 0x77 | 0x77
[OK ]  |  1289 | 0x00004d09 | 0x97 | 0x97
[OK ]  |  1290 | 0x00004d0a | 0xff | 0xff
[OK ]  |  1291 | 0x00004d0b | 0xff | 0xff
[OK ]  |  1292 | 0x00004d0c | 0x56 | 0x56
[OK ]  |  1293 | 0x00004d0d | 0x44 | 0x44
[OK ]  |  1294 | 0x00004d0e | 0x01 | 0x01
[OK ]  |  1295 | 0x00004d0f | 0x00 | 0x00
[OK ]  |  1296 | 0x00004d10 | 0xc0 | 0xc0
[OK ]  |  1297 | 0x00004d11 | 0xea | 0xea
[OK ]  |  1298 | 0x00004d12 | 0xff | 0xff
[OK ]  |  1299 | 0x00004d13 | 0xff | 0xff
[OK ]  |  1300 | 0x00004d14 | 0x32 | 0x32
[OK ]  |  1301 | 0x00004d15 | 0x3f | 0x3f
[OK ]  |  1302 | 0x00004d16 | 0x00 | 0x00
[OK ]  |  1303 | 0x00004d17 | 0x00 | 0x00
[OK ]  |  1304 | 0x00004d18 | 0x50 | 0x50
[OK ]  |  1305 | 0x00004d19 | 0xdd | 0xdd
[OK ]  |  1306 | 0x00004d1a | 0xff | 0xff
[OK ]  |  1307 | 0x00004d1b | 0xff | 0xff
[OK ]  |  1308 | 0x00004d1c | 0xab | 0xab
[OK ]  |  1309 | 0x00004d1d | 0xed | 0xed
[OK ]  |  1310 | 0x00004d1e | 0xfe | 0xfe
[OK ]  |  1311 | 0x00004d1f | 0xff | 0xff
[OK ]  |  1312 | 0x00004d20 | 0xc0 | 0xc0
[OK ]  |  1313 | 0x00004d21 | 0x6c | 0x6c
[OK ]  |  1314 | 0x00004d22 | 0x00 | 0x00
[OK ]  |  1315 | 0x00004d23 | 0x00 | 0x00
[OK ]  |  1316 | 0x00004d24 | 0x47 | 0x47
[OK ]  |  1317 | 0x00004d25 | 0x85 | 0x85
[OK ]  |  1318 | 0x00004d26 | 0x01 | 0x01
[OK ]  |  1319 | 0x00004d27 | 0x00 | 0x00
[OK ]  |  1320 | 0x00004d28 | 0x94 | 0x94
[OK ]  |  1321 | 0x00004d29 | 0x2c | 0x2c
[OK ]  |  1322 | 0x00004d2a | 0x00 | 0x00
[OK ]  |  1323 | 0x00004d2b | 0x00 | 0x00
[OK ]  |  1324 | 0x00004d2c | 0x13 | 0x13
[OK ]  |  1325 | 0x00004d2d | 0xa7 | 0xa7
[OK ]  |  1326 | 0x00004d2e | 0xfe | 0xfe
[OK ]  |  1327 | 0x00004d2f | 0xff | 0xff
[OK ]  |  1328 | 0x00004d30 | 0xa1 | 0xa1
[OK ]  |  1329 | 0x00004d31 | 0xf0 | 0xf0
[OK ]  |  1330 | 0x00004d32 | 0xfe | 0xfe
[OK ]  |  1331 | 0x00004d33 | 0xff | 0xff
[OK ]  |  1332 | 0x00004d34 | 0x8f | 0x8f
[OK ]  |  1333 | 0x00004d35 | 0x10 | 0x10
[OK ]  |  1334 | 0x00004d36 | 0x01 | 0x01
[OK ]  |  1335 | 0x00004d37 | 0x00 | 0x00
[OK ]  |  1336 | 0x00004d38 | 0x6f | 0x6f
[OK ]  |  1337 | 0x00004d39 | 0x73 | 0x73
[OK ]  |  1338 | 0x00004d3a | 0xff | 0xff
[OK ]  |  1339 | 0x00004d3b | 0xff | 0xff
[OK ]  |  1340 | 0x00004d3c | 0x17 | 0x17
[OK ]  |  1341 | 0x00004d3d | 0xf8 | 0xf8
[OK ]  |  1342 | 0x00004d3e | 0x00 | 0x00
[OK ]  |  1343 | 0x00004d3f | 0x00 | 0x00
[OK ]  |  1344 | 0x00004d40 | 0x3d | 0x3d
[OK ]  |  1345 | 0x00004d41 | 0x12 | 0x12
[OK ]  |  1346 | 0x00004d42 | 0x00 | 0x00
[OK ]  |  1347 | 0x00004d43 | 0x00 | 0x00
[OK ]  |  1348 | 0x00004d44 | 0x0e | 0x0e
[OK ]  |  1349 | 0x00004d45 | 0xc4 | 0xc4
[OK ]  |  1350 | 0x00004d46 | 0x00 | 0x00
[OK ]  |  1351 | 0x00004d47 | 0x00 | 0x00
[OK ]  |  1352 | 0x00004d48 | 0x19 | 0x19
[OK ]  |  1353 | 0x00004d49 | 0xfe | 0xfe
[OK ]  |  1354 | 0x00004d4a | 0x00 | 0x00
[OK ]  |  1355 | 0x00004d4b | 0x00 | 0x00
[OK ]  |  1356 | 0x00004d4c | 0x53 | 0x53
[OK ]  |  1357 | 0x00004d4d | 0x2b | 0x2b
[OK ]  |  1358 | 0x00004d4e | 0x01 | 0x01
[OK ]  |  1359 | 0x00004d4f | 0x00 | 0x00
[OK ]  |  1360 | 0x00004d50 | 0x10 | 0x10
[OK ]  |  1361 | 0x00004d51 | 0x4f | 0x4f
[OK ]  |  1362 | 0x00004d52 | 0x01 | 0x01
[OK ]  |  1363 | 0x00004d53 | 0x00 | 0x00
[OK ]  |  1364 | 0x00004d54 | 0x03 | 0x03
[OK ]  |  1365 | 0x00004d55 | 0x89 | 0x89
[OK ]  |  1366 | 0x00004d56 | 0x00 | 0x00
[OK ]  |  1367 | 0x00004d57 | 0x00 | 0x00
[OK ]  |  1368 | 0x00004d58 | 0x3d | 0x3d
[OK ]  |  1369 | 0x00004d59 | 0xd0 | 0xd0
[OK ]  |  1370 | 0x00004d5a | 0x00 | 0x00
[OK ]  |  1371 | 0x00004d5b | 0x00 | 0x00
[OK ]  |  1372 | 0x00004d5c | 0xc0 | 0xc0
[OK ]  |  1373 | 0x00004d5d | 0xbe | 0xbe
[OK ]  |  1374 | 0x00004d5e | 0xff | 0xff
[OK ]  |  1375 | 0x00004d5f | 0xff | 0xff
[OK ]  |  1376 | 0x00004d60 | 0xdd | 0xdd
[OK ]  |  1377 | 0x00004d61 | 0x1d | 0x1d
[OK ]  |  1378 | 0x00004d62 | 0x00 | 0x00
[OK ]  |  1379 | 0x00004d63 | 0x00 | 0x00
[OK ]  |  1380 | 0x00004d64 | 0x58 | 0x58
[OK ]  |  1381 | 0x00004d65 | 0x88 | 0x88
[OK ]  |  1382 | 0x00004d66 | 0x00 | 0x00
[OK ]  |  1383 | 0x00004d67 | 0x00 | 0x00
[OK ]  |  1384 | 0x00004d68 | 0xb7 | 0xb7
[OK ]  |  1385 | 0x00004d69 | 0x11 | 0x11
[OK ]  |  1386 | 0x00004d6a | 0x01 | 0x01
[OK ]  |  1387 | 0x00004d6b | 0x00 | 0x00
[OK ]  |  1388 | 0x00004d6c | 0x02 | 0x02
[OK ]  |  1389 | 0x00004d6d | 0x29 | 0x29
[OK ]  |  1390 | 0x00004d6e | 0x01 | 0x01
[OK ]  |  1391 | 0x00004d6f | 0x00 | 0x00
[OK ]  |  1392 | 0x00004d70 | 0xfc | 0xfc
[OK ]  |  1393 | 0x00004d71 | 0x55 | 0x55
[OK ]  |  1394 | 0x00004d72 | 0xff | 0xff
[OK ]  |  1395 | 0x00004d73 | 0xff | 0xff
[OK ]  |  1396 | 0x00004d74 | 0xf7 | 0xf7
[OK ]  |  1397 | 0x00004d75 | 0x22 | 0x22
[OK ]  |  1398 | 0x00004d76 | 0xfe | 0xfe
[OK ]  |  1399 | 0x00004d77 | 0xff | 0xff
[OK ]  |  1400 | 0x00004d78 | 0xe5 | 0xe5
[OK ]  |  1401 | 0x00004d79 | 0x54 | 0x54
[OK ]  |  1402 | 0x00004d7a | 0x00 | 0x00
[OK ]  |  1403 | 0x00004d7b | 0x00 | 0x00
[OK ]  |  1404 | 0x00004d7c | 0xf7 | 0xf7
[OK ]  |  1405 | 0x00004d7d | 0xa8 | 0xa8
[OK ]  |  1406 | 0x00004d7e | 0x00 | 0x00
[OK ]  |  1407 | 0x00004d7f | 0x00 | 0x00
[OK ]  |  1408 | 0x00004d80 | 0xc6 | 0xc6
[OK ]  |  1409 | 0x00004d81 | 0x15 | 0x15
[OK ]  |  1410 | 0x00004d82 | 0x01 | 0x01
[OK ]  |  1411 | 0x00004d83 | 0x00 | 0x00
[OK ]  |  1412 | 0x00004d84 | 0x0d | 0x0d
[OK ]  |  1413 | 0x00004d85 | 0x77 | 0x77
[OK ]  |  1414 | 0x00004d86 | 0xff | 0xff
[OK ]  |  1415 | 0x00004d87 | 0xff | 0xff
[OK ]  |  1416 | 0x00004d88 | 0x57 | 0x57
[OK ]  |  1417 | 0x00004d89 | 0x7b | 0x7b
[OK ]  |  1418 | 0x00004d8a | 0x00 | 0x00
[OK ]  |  1419 | 0x00004d8b | 0x00 | 0x00
[OK ]  |  1420 | 0x00004d8c | 0x70 | 0x70
[OK ]  |  1421 | 0x00004d8d | 0x84 | 0x84
[OK ]  |  1422 | 0x00004d8e | 0xfe | 0xfe
[OK ]  |  1423 | 0x00004d8f | 0xff | 0xff
[OK ]  |  1424 | 0x00004d90 | 0xe6 | 0xe6
[OK ]  |  1425 | 0x00004d91 | 0x5c | 0x5c
[OK ]  |  1426 | 0x00004d92 | 0x00 | 0x00
[OK ]  |  1427 | 0x00004d93 | 0x00 | 0x00
[OK ]  |  1428 | 0x00004d94 | 0x5c | 0x5c
[OK ]  |  1429 | 0x00004d95 | 0x1e | 0x1e
[OK ]  |  1430 | 0x00004d96 | 0x00 | 0x00
[OK ]  |  1431 | 0x00004d97 | 0x00 | 0x00
[OK ]  |  1432 | 0x00004d98 | 0x40 | 0x40
[OK ]  |  1433 | 0x00004d99 | 0x89 | 0x89
[OK ]  |  1434 | 0x00004d9a | 0x00 | 0x00
[OK ]  |  1435 | 0x00004d9b | 0x00 | 0x00
[OK ]  |  1436 | 0x00004d9c | 0x91 | 0x91
[OK ]  |  1437 | 0x00004d9d | 0x69 | 0x69
[OK ]  |  1438 | 0x00004d9e | 0x00 | 0x00
[OK ]  |  1439 | 0x00004d9f | 0x00 | 0x00
[OK ]  |  1440 | 0x00004da0 | 0xc8 | 0xc8
[OK ]  |  1441 | 0x00004da1 | 0x8b | 0x8b
[OK ]  |  1442 | 0x00004da2 | 0xff | 0xff
[OK ]  |  1443 | 0x00004da3 | 0xff | 0xff
[OK ]  |  1444 | 0x00004da4 | 0x6c | 0x6c
[OK ]  |  1445 | 0x00004da5 | 0x00 | 0x00
[OK ]  |  1446 | 0x00004da6 | 0x00 | 0x00
[OK ]  |  1447 | 0x00004da7 | 0x00 | 0x00
[OK ]  |  1448 | 0x00004da8 | 0x3c | 0x3c
[OK ]  |  1449 | 0x00004da9 | 0x5b | 0x5b
[OK ]  |  1450 | 0x00004daa | 0x00 | 0x00
[OK ]  |  1451 | 0x00004dab | 0x00 | 0x00
[OK ]  |  1452 | 0x00004dac | 0x14 | 0x14
[OK ]  |  1453 | 0x00004dad | 0x66 | 0x66
[OK ]  |  1454 | 0x00004dae | 0xff | 0xff
[OK ]  |  1455 | 0x00004daf | 0xff | 0xff
[OK ]  |  1456 | 0x00004db0 | 0xcc | 0xcc
[OK ]  |  1457 | 0x00004db1 | 0xd7 | 0xd7
[OK ]  |  1458 | 0x00004db2 | 0xff | 0xff
[OK ]  |  1459 | 0x00004db3 | 0xff | 0xff
[OK ]  |  1460 | 0x00004db4 | 0xed | 0xed
[OK ]  |  1461 | 0x00004db5 | 0x57 | 0x57
[OK ]  |  1462 | 0x00004db6 | 0xff | 0xff
[OK ]  |  1463 | 0x00004db7 | 0xff | 0xff
[OK ]  |  1464 | 0x00004db8 | 0x59 | 0x59
[OK ]  |  1465 | 0x00004db9 | 0xc6 | 0xc6
[OK ]  |  1466 | 0x00004dba | 0xfd | 0xfd
[OK ]  |  1467 | 0x00004dbb | 0xff | 0xff
[OK ]  |  1468 | 0x00004dbc | 0x10 | 0x10
[OK ]  |  1469 | 0x00004dbd | 0x3c | 0x3c
[OK ]  |  1470 | 0x00004dbe | 0xff | 0xff
[OK ]  |  1471 | 0x00004dbf | 0xff | 0xff
[OK ]  |  1472 | 0x00004dc0 | 0x79 | 0x79
[OK ]  |  1473 | 0x00004dc1 | 0x6b | 0x6b
[OK ]  |  1474 | 0x00004dc2 | 0xff | 0xff
[OK ]  |  1475 | 0x00004dc3 | 0xff | 0xff
[OK ]  |  1476 | 0x00004dc4 | 0x61 | 0x61
[OK ]  |  1477 | 0x00004dc5 | 0x95 | 0x95
[OK ]  |  1478 | 0x00004dc6 | 0xff | 0xff
[OK ]  |  1479 | 0x00004dc7 | 0xff | 0xff
[OK ]  |  1480 | 0x00004dc8 | 0x54 | 0x54
[OK ]  |  1481 | 0x00004dc9 | 0x55 | 0x55
[OK ]  |  1482 | 0x00004dca | 0xff | 0xff
[OK ]  |  1483 | 0x00004dcb | 0xff | 0xff
[OK ]  |  1484 | 0x00004dcc | 0x49 | 0x49
[OK ]  |  1485 | 0x00004dcd | 0xec | 0xec
[OK ]  |  1486 | 0x00004dce | 0xfe | 0xfe
[OK ]  |  1487 | 0x00004dcf | 0xff | 0xff
[OK ]  |  1488 | 0x00004dd0 | 0x5c | 0x5c
[OK ]  |  1489 | 0x00004dd1 | 0x5e | 0x5e
[OK ]  |  1490 | 0x00004dd2 | 0xff | 0xff
[OK ]  |  1491 | 0x00004dd3 | 0xff | 0xff
[OK ]  |  1492 | 0x00004dd4 | 0x54 | 0x54
[OK ]  |  1493 | 0x00004dd5 | 0x73 | 0x73
[OK ]  |  1494 | 0x00004dd6 | 0x00 | 0x00
[OK ]  |  1495 | 0x00004dd7 | 0x00 | 0x00
[OK ]  |  1496 | 0x00004dd8 | 0x71 | 0x71
[OK ]  |  1497 | 0x00004dd9 | 0x3a | 0x3a
[OK ]  |  1498 | 0x00004dda | 0x00 | 0x00
[OK ]  |  1499 | 0x00004ddb | 0x00 | 0x00
[OK ]  |  1500 | 0x00004ddc | 0xd1 | 0xd1
[OK ]  |  1501 | 0x00004ddd | 0xa6 | 0xa6
[OK ]  |  1502 | 0x00004dde | 0x00 | 0x00
[OK ]  |  1503 | 0x00004ddf | 0x00 | 0x00
[OK ]  |  1504 | 0x00004de0 | 0x51 | 0x51
[OK ]  |  1505 | 0x00004de1 | 0xc3 | 0xc3
[OK ]  |  1506 | 0x00004de2 | 0xfc | 0xfc
[OK ]  |  1507 | 0x00004de3 | 0xff | 0xff
[OK ]  |  1508 | 0x00004de4 | 0xe4 | 0xe4
[OK ]  |  1509 | 0x00004de5 | 0xb8 | 0xb8
[OK ]  |  1510 | 0x00004de6 | 0xff | 0xff
[OK ]  |  1511 | 0x00004de7 | 0xff | 0xff
[OK ]  |  1512 | 0x00004de8 | 0x8c | 0x8c
[OK ]  |  1513 | 0x00004de9 | 0x2f | 0x2f
[OK ]  |  1514 | 0x00004dea | 0x02 | 0x02
[OK ]  |  1515 | 0x00004deb | 0x00 | 0x00
[OK ]  |  1516 | 0x00004dec | 0xe2 | 0xe2
[OK ]  |  1517 | 0x00004ded | 0xae | 0xae
[OK ]  |  1518 | 0x00004dee | 0xff | 0xff
[OK ]  |  1519 | 0x00004def | 0xff | 0xff
[OK ]  |  1520 | 0x00004df0 | 0xdc | 0xdc
[OK ]  |  1521 | 0x00004df1 | 0xa1 | 0xa1
[OK ]  |  1522 | 0x00004df2 | 0xff | 0xff
[OK ]  |  1523 | 0x00004df3 | 0xff | 0xff
[OK ]  |  1524 | 0x00004df4 | 0x72 | 0x72
[OK ]  |  1525 | 0x00004df5 | 0xc7 | 0xc7
[OK ]  |  1526 | 0x00004df6 | 0x00 | 0x00
[OK ]  |  1527 | 0x00004df7 | 0x00 | 0x00
[OK ]  |  1528 | 0x00004df8 | 0x11 | 0x11
[OK ]  |  1529 | 0x00004df9 | 0x68 | 0x68
[OK ]  |  1530 | 0x00004dfa | 0x00 | 0x00
[OK ]  |  1531 | 0x00004dfb | 0x00 | 0x00
[OK ]  |  1532 | 0x00004dfc | 0x56 | 0x56
[OK ]  |  1533 | 0x00004dfd | 0x37 | 0x37
[OK ]  |  1534 | 0x00004dfe | 0xff | 0xff
[OK ]  |  1535 | 0x00004dff | 0xff | 0xff
[OK ]  |  1536 | 0x00004e00 | 0xe8 | 0xe8
[OK ]  |  1537 | 0x00004e01 | 0xe7 | 0xe7
[OK ]  |  1538 | 0x00004e02 | 0x00 | 0x00
[OK ]  |  1539 | 0x00004e03 | 0x00 | 0x00
[OK ]  |  1540 | 0x00004e04 | 0x96 | 0x96
[OK ]  |  1541 | 0x00004e05 | 0x2f | 0x2f
[OK ]  |  1542 | 0x00004e06 | 0x01 | 0x01
[OK ]  |  1543 | 0x00004e07 | 0x00 | 0x00
[OK ]  |  1544 | 0x00004e08 | 0xf4 | 0xf4
[OK ]  |  1545 | 0x00004e09 | 0x9f | 0x9f
[OK ]  |  1546 | 0x00004e0a | 0x01 | 0x01
[OK ]  |  1547 | 0x00004e0b | 0x00 | 0x00
[OK ]  |  1548 | 0x00004e0c | 0x4f | 0x4f
[OK ]  |  1549 | 0x00004e0d | 0x0f | 0x0f
[OK ]  |  1550 | 0x00004e0e | 0xff | 0xff
[OK ]  |  1551 | 0x00004e0f | 0xff | 0xff
[OK ]  |  1552 | 0x00004e10 | 0xbc | 0xbc
[OK ]  |  1553 | 0x00004e11 | 0x54 | 0x54
[OK ]  |  1554 | 0x00004e12 | 0x00 | 0x00
[OK ]  |  1555 | 0x00004e13 | 0x00 | 0x00
[OK ]  |  1556 | 0x00004e14 | 0x57 | 0x57
[OK ]  |  1557 | 0x00004e15 | 0x94 | 0x94
[OK ]  |  1558 | 0x00004e16 | 0x00 | 0x00
[OK ]  |  1559 | 0x00004e17 | 0x00 | 0x00
[OK ]  |  1560 | 0x00004e18 | 0x53 | 0x53
[OK ]  |  1561 | 0x00004e19 | 0xee | 0xee
[OK ]  |  1562 | 0x00004e1a | 0x01 | 0x01
[OK ]  |  1563 | 0x00004e1b | 0x00 | 0x00
[OK ]  |  1564 | 0x00004e1c | 0x57 | 0x57
[OK ]  |  1565 | 0x00004e1d | 0xef | 0xef
[OK ]  |  1566 | 0x00004e1e | 0x00 | 0x00
[OK ]  |  1567 | 0x00004e1f | 0x00 | 0x00
[OK ]  |  1568 | 0x00004e20 | 0x81 | 0x81
[OK ]  |  1569 | 0x00004e21 | 0xbc | 0xbc
[OK ]  |  1570 | 0x00004e22 | 0xff | 0xff
[OK ]  |  1571 | 0x00004e23 | 0xff | 0xff
[OK ]  |  1572 | 0x00004e24 | 0x98 | 0x98
[OK ]  |  1573 | 0x00004e25 | 0x8b | 0x8b
[OK ]  |  1574 | 0x00004e26 | 0xff | 0xff
[OK ]  |  1575 | 0x00004e27 | 0xff | 0xff
[OK ]  |  1576 | 0x00004e28 | 0x2f | 0x2f
[OK ]  |  1577 | 0x00004e29 | 0x42 | 0x42
[OK ]  |  1578 | 0x00004e2a | 0xfe | 0xfe
[OK ]  |  1579 | 0x00004e2b | 0xff | 0xff
[OK ]  |  1580 | 0x00004e2c | 0x71 | 0x71
[OK ]  |  1581 | 0x00004e2d | 0xc2 | 0xc2
[OK ]  |  1582 | 0x00004e2e | 0x00 | 0x00
[OK ]  |  1583 | 0x00004e2f | 0x00 | 0x00
[OK ]  |  1584 | 0x00004e30 | 0xa6 | 0xa6
[OK ]  |  1585 | 0x00004e31 | 0x5f | 0x5f
[OK ]  |  1586 | 0x00004e32 | 0xff | 0xff
[OK ]  |  1587 | 0x00004e33 | 0xff | 0xff
[OK ]  |  1588 | 0x00004e34 | 0xe5 | 0xe5
[OK ]  |  1589 | 0x00004e35 | 0x20 | 0x20
[OK ]  |  1590 | 0x00004e36 | 0xff | 0xff
[OK ]  |  1591 | 0x00004e37 | 0xff | 0xff
[OK ]  |  1592 | 0x00004e38 | 0x80 | 0x80
[OK ]  |  1593 | 0x00004e39 | 0xc2 | 0xc2
[OK ]  |  1594 | 0x00004e3a | 0xfd | 0xfd
[OK ]  |  1595 | 0x00004e3b | 0xff | 0xff
[OK ]  |  1596 | 0x00004e3c | 0x36 | 0x36
[OK ]  |  1597 | 0x00004e3d | 0xb8 | 0xb8
[OK ]  |  1598 | 0x00004e3e | 0xfe | 0xfe
[OK ]  |  1599 | 0x00004e3f | 0xff | 0xff
[OK ]  |  1600 | 0x00004e40 | 0x0a | 0x0a
[OK ]  |  1601 | 0x00004e41 | 0xf8 | 0xf8
[OK ]  |  1602 | 0x00004e42 | 0xff | 0xff
[OK ]  |  1603 | 0x00004e43 | 0xff | 0xff
[OK ]  |  1604 | 0x00004e44 | 0xc8 | 0xc8
[OK ]  |  1605 | 0x00004e45 | 0x15 | 0x15
[OK ]  |  1606 | 0x00004e46 | 0x02 | 0x02
[OK ]  |  1607 | 0x00004e47 | 0x00 | 0x00
[OK ]  |  1608 | 0x00004e48 | 0x08 | 0x08
[OK ]  |  1609 | 0x00004e49 | 0xef | 0xef
[OK ]  |  1610 | 0x00004e4a | 0xfe | 0xfe
[OK ]  |  1611 | 0x00004e4b | 0xff | 0xff
[OK ]  |  1612 | 0x00004e4c | 0xa4 | 0xa4
[OK ]  |  1613 | 0x00004e4d | 0x78 | 0x78
[OK ]  |  1614 | 0x00004e4e | 0x00 | 0x00
[OK ]  |  1615 | 0x00004e4f | 0x00 | 0x00
[OK ]  |  1616 | 0x00004e50 | 0x89 | 0x89
[OK ]  |  1617 | 0x00004e51 | 0xb3 | 0xb3
[OK ]  |  1618 | 0x00004e52 | 0x01 | 0x01
[OK ]  |  1619 | 0x00004e53 | 0x00 | 0x00
[OK ]  |  1620 | 0x00004e54 | 0x5c | 0x5c
[OK ]  |  1621 | 0x00004e55 | 0xd1 | 0xd1
[OK ]  |  1622 | 0x00004e56 | 0xfe | 0xfe
[OK ]  |  1623 | 0x00004e57 | 0xff | 0xff
[OK ]  |  1624 | 0x00004e58 | 0x34 | 0x34
[OK ]  |  1625 | 0x00004e59 | 0xd1 | 0xd1
[OK ]  |  1626 | 0x00004e5a | 0xff | 0xff
[OK ]  |  1627 | 0x00004e5b | 0xff | 0xff
[OK ]  |  1628 | 0x00004e5c | 0x20 | 0x20
[OK ]  |  1629 | 0x00004e5d | 0xd2 | 0xd2
[OK ]  |  1630 | 0x00004e5e | 0xff | 0xff
[OK ]  |  1631 | 0x00004e5f | 0xff | 0xff
[OK ]  |  1632 | 0x00004e60 | 0x19 | 0x19
[OK ]  |  1633 | 0x00004e61 | 0xd3 | 0xd3
[OK ]  |  1634 | 0x00004e62 | 0x00 | 0x00
[OK ]  |  1635 | 0x00004e63 | 0x00 | 0x00
[OK ]  |  1636 | 0x00004e64 | 0x18 | 0x18
[OK ]  |  1637 | 0x00004e65 | 0x5c | 0x5c
[OK ]  |  1638 | 0x00004e66 | 0xfd | 0xfd
[OK ]  |  1639 | 0x00004e67 | 0xff | 0xff
[OK ]  |  1640 | 0x00004e68 | 0x90 | 0x90
[OK ]  |  1641 | 0x00004e69 | 0x75 | 0x75
[OK ]  |  1642 | 0x00004e6a | 0x00 | 0x00
[OK ]  |  1643 | 0x00004e6b | 0x00 | 0x00
[OK ]  |  1644 | 0x00004e6c | 0xa5 | 0xa5
[OK ]  |  1645 | 0x00004e6d | 0xd6 | 0xd6
[OK ]  |  1646 | 0x00004e6e | 0xfe | 0xfe
[OK ]  |  1647 | 0x00004e6f | 0xff | 0xff
[OK ]  |  1648 | 0x00004e70 | 0x6c | 0x6c
[OK ]  |  1649 | 0x00004e71 | 0xb3 | 0xb3
[OK ]  |  1650 | 0x00004e72 | 0x00 | 0x00
[OK ]  |  1651 | 0x00004e73 | 0x00 | 0x00
[OK ]  |  1652 | 0x00004e74 | 0x99 | 0x99
[OK ]  |  1653 | 0x00004e75 | 0xa3 | 0xa3
[OK ]  |  1654 | 0x00004e76 | 0x00 | 0x00
[OK ]  |  1655 | 0x00004e77 | 0x00 | 0x00
[OK ]  |  1656 | 0x00004e78 | 0x18 | 0x18
[OK ]  |  1657 | 0x00004e79 | 0xeb | 0xeb
[OK ]  |  1658 | 0x00004e7a | 0xfe | 0xfe
[OK ]  |  1659 | 0x00004e7b | 0xff | 0xff
[OK ]  |  1660 | 0x00004e7c | 0xe3 | 0xe3
[OK ]  |  1661 | 0x00004e7d | 0x6a | 0x6a
[OK ]  |  1662 | 0x00004e7e | 0xff | 0xff
[OK ]  |  1663 | 0x00004e7f | 0xff | 0xff
[OK ]  |  1664 | 0x00004e80 | 0xa5 | 0xa5
[OK ]  |  1665 | 0x00004e81 | 0xae | 0xae
[OK ]  |  1666 | 0x00004e82 | 0xff | 0xff
[OK ]  |  1667 | 0x00004e83 | 0xff | 0xff
[OK ]  |  1668 | 0x00004e84 | 0xa0 | 0xa0
[OK ]  |  1669 | 0x00004e85 | 0x44 | 0x44
[OK ]  |  1670 | 0x00004e86 | 0x00 | 0x00
[OK ]  |  1671 | 0x00004e87 | 0x00 | 0x00
[OK ]  |  1672 | 0x00004e88 | 0xb1 | 0xb1
[OK ]  |  1673 | 0x00004e89 | 0x31 | 0x31
[OK ]  |  1674 | 0x00004e8a | 0x01 | 0x01
[OK ]  |  1675 | 0x00004e8b | 0x00 | 0x00
[OK ]  |  1676 | 0x00004e8c | 0xea | 0xea
[OK ]  |  1677 | 0x00004e8d | 0x51 | 0x51
[OK ]  |  1678 | 0x00004e8e | 0x00 | 0x00
[OK ]  |  1679 | 0x00004e8f | 0x00 | 0x00
[OK ]  |  1680 | 0x00004e90 | 0x3a | 0x3a
[OK ]  |  1681 | 0x00004e91 | 0xb7 | 0xb7
[OK ]  |  1682 | 0x00004e92 | 0xfd | 0xfd
[OK ]  |  1683 | 0x00004e93 | 0xff | 0xff
[OK ]  |  1684 | 0x00004e94 | 0x3f | 0x3f
[OK ]  |  1685 | 0x00004e95 | 0x9a | 0x9a
[OK ]  |  1686 | 0x00004e96 | 0x00 | 0x00
[OK ]  |  1687 | 0x00004e97 | 0x00 | 0x00
[OK ]  |  1688 | 0x00004e98 | 0x90 | 0x90
[OK ]  |  1689 | 0x00004e99 | 0xd7 | 0xd7
[OK ]  |  1690 | 0x00004e9a | 0xff | 0xff
[OK ]  |  1691 | 0x00004e9b | 0xff | 0xff
[OK ]  |  1692 | 0x00004e9c | 0x49 | 0x49
[OK ]  |  1693 | 0x00004e9d | 0xb5 | 0xb5
[OK ]  |  1694 | 0x00004e9e | 0x00 | 0x00
[OK ]  |  1695 | 0x00004e9f | 0x00 | 0x00
[OK ]  |  1696 | 0x00004ea0 | 0xe7 | 0xe7
[OK ]  |  1697 | 0x00004ea1 | 0x9d | 0x9d
[OK ]  |  1698 | 0x00004ea2 | 0x00 | 0x00
[OK ]  |  1699 | 0x00004ea3 | 0x00 | 0x00
[OK ]  |  1700 | 0x00004ea4 | 0xe9 | 0xe9
[OK ]  |  1701 | 0x00004ea5 | 0xcb | 0xcb
[OK ]  |  1702 | 0x00004ea6 | 0xff | 0xff
[OK ]  |  1703 | 0x00004ea7 | 0xff | 0xff
[OK ]  |  1704 | 0x00004ea8 | 0x90 | 0x90
[OK ]  |  1705 | 0x00004ea9 | 0x8b | 0x8b
[OK ]  |  1706 | 0x00004eaa | 0xff | 0xff
[OK ]  |  1707 | 0x00004eab | 0xff | 0xff
[OK ]  |  1708 | 0x00004eac | 0x10 | 0x10
[OK ]  |  1709 | 0x00004ead | 0x15 | 0x15
[OK ]  |  1710 | 0x00004eae | 0x01 | 0x01
[OK ]  |  1711 | 0x00004eaf | 0x00 | 0x00
[OK ]  |  1712 | 0x00004eb0 | 0x08 | 0x08
[OK ]  |  1713 | 0x00004eb1 | 0xe3 | 0xe3
[OK ]  |  1714 | 0x00004eb2 | 0xff | 0xff
[OK ]  |  1715 | 0x00004eb3 | 0xff | 0xff
[OK ]  |  1716 | 0x00004eb4 | 0xc4 | 0xc4
[OK ]  |  1717 | 0x00004eb5 | 0x2e | 0x2e
[OK ]  |  1718 | 0x00004eb6 | 0x00 | 0x00
[OK ]  |  1719 | 0x00004eb7 | 0x00 | 0x00
[OK ]  |  1720 | 0x00004eb8 | 0x7c | 0x7c
[OK ]  |  1721 | 0x00004eb9 | 0x45 | 0x45
[OK ]  |  1722 | 0x00004eba | 0xfe | 0xfe
[OK ]  |  1723 | 0x00004ebb | 0xff | 0xff
[OK ]  |  1724 | 0x00004ebc | 0xb1 | 0xb1
[OK ]  |  1725 | 0x00004ebd | 0xa4 | 0xa4
[OK ]  |  1726 | 0x00004ebe | 0xff | 0xff
[OK ]  |  1727 | 0x00004ebf | 0xff | 0xff
[OK ]  |  1728 | 0x00004ec0 | 0x2e | 0x2e
[OK ]  |  1729 | 0x00004ec1 | 0x36 | 0x36
[OK ]  |  1730 | 0x00004ec2 | 0xff | 0xff
[OK ]  |  1731 | 0x00004ec3 | 0xff | 0xff
[OK ]  |  1732 | 0x00004ec4 | 0xf3 | 0xf3
[OK ]  |  1733 | 0x00004ec5 | 0x3e | 0x3e
[OK ]  |  1734 | 0x00004ec6 | 0xff | 0xff
[OK ]  |  1735 | 0x00004ec7 | 0xff | 0xff
[OK ]  |  1736 | 0x00004ec8 | 0x33 | 0x33
[OK ]  |  1737 | 0x00004ec9 | 0x32 | 0x32
[OK ]  |  1738 | 0x00004eca | 0x00 | 0x00
[OK ]  |  1739 | 0x00004ecb | 0x00 | 0x00
[OK ]  |  1740 | 0x00004ecc | 0xfa | 0xfa
[OK ]  |  1741 | 0x00004ecd | 0xdd | 0xdd
[OK ]  |  1742 | 0x00004ece | 0xfe | 0xfe
[OK ]  |  1743 | 0x00004ecf | 0xff | 0xff
[OK ]  |  1744 | 0x00004ed0 | 0xec | 0xec
[OK ]  |  1745 | 0x00004ed1 | 0x0d | 0x0d
[OK ]  |  1746 | 0x00004ed2 | 0x01 | 0x01
[OK ]  |  1747 | 0x00004ed3 | 0x00 | 0x00
[OK ]  |  1748 | 0x00004ed4 | 0x5f | 0x5f
[OK ]  |  1749 | 0x00004ed5 | 0xb8 | 0xb8
[OK ]  |  1750 | 0x00004ed6 | 0x00 | 0x00
[OK ]  |  1751 | 0x00004ed7 | 0x00 | 0x00
[OK ]  |  1752 | 0x00004ed8 | 0x55 | 0x55
[OK ]  |  1753 | 0x00004ed9 | 0x2f | 0x2f
[OK ]  |  1754 | 0x00004eda | 0x00 | 0x00
[OK ]  |  1755 | 0x00004edb | 0x00 | 0x00
[OK ]  |  1756 | 0x00004edc | 0x57 | 0x57
[OK ]  |  1757 | 0x00004edd | 0x7d | 0x7d
[OK ]  |  1758 | 0x00004ede | 0x00 | 0x00
[OK ]  |  1759 | 0x00004edf | 0x00 | 0x00
[OK ]  |  1760 | 0x00004ee0 | 0x84 | 0x84
[OK ]  |  1761 | 0x00004ee1 | 0x68 | 0x68
[OK ]  |  1762 | 0x00004ee2 | 0x00 | 0x00
[OK ]  |  1763 | 0x00004ee3 | 0x00 | 0x00
[OK ]  |  1764 | 0x00004ee4 | 0x5e | 0x5e
[OK ]  |  1765 | 0x00004ee5 | 0x6a | 0x6a
[OK ]  |  1766 | 0x00004ee6 | 0x00 | 0x00
[OK ]  |  1767 | 0x00004ee7 | 0x00 | 0x00
[OK ]  |  1768 | 0x00004ee8 | 0x4b | 0x4b
[OK ]  |  1769 | 0x00004ee9 | 0x97 | 0x97
[OK ]  |  1770 | 0x00004eea | 0xff | 0xff
[OK ]  |  1771 | 0x00004eeb | 0xff | 0xff
[OK ]  |  1772 | 0x00004eec | 0x59 | 0x59
[OK ]  |  1773 | 0x00004eed | 0x68 | 0x68
[OK ]  |  1774 | 0x00004eee | 0x01 | 0x01
[OK ]  |  1775 | 0x00004eef | 0x00 | 0x00
[OK ]  |  1776 | 0x00004ef0 | 0xe0 | 0xe0
[OK ]  |  1777 | 0x00004ef1 | 0xea | 0xea
[OK ]  |  1778 | 0x00004ef2 | 0x00 | 0x00
[OK ]  |  1779 | 0x00004ef3 | 0x00 | 0x00
[OK ]  |  1780 | 0x00004ef4 | 0xa6 | 0xa6
[OK ]  |  1781 | 0x00004ef5 | 0xef | 0xef
[OK ]  |  1782 | 0x00004ef6 | 0x00 | 0x00
[OK ]  |  1783 | 0x00004ef7 | 0x00 | 0x00
[OK ]  |  1784 | 0x00004ef8 | 0xba | 0xba
[OK ]  |  1785 | 0x00004ef9 | 0x92 | 0x92
[OK ]  |  1786 | 0x00004efa | 0x00 | 0x00
[OK ]  |  1787 | 0x00004efb | 0x00 | 0x00
[OK ]  |  1788 | 0x00004efc | 0x7d | 0x7d
[OK ]  |  1789 | 0x00004efd | 0xc2 | 0xc2
[OK ]  |  1790 | 0x00004efe | 0xff | 0xff
[OK ]  |  1791 | 0x00004eff | 0xff | 0xff
[OK ]  |  1792 | 0x00004f00 | 0xc9 | 0xc9
[OK ]  |  1793 | 0x00004f01 | 0xdb | 0xdb
[OK ]  |  1794 | 0x00004f02 | 0x00 | 0x00
[OK ]  |  1795 | 0x00004f03 | 0x00 | 0x00
[OK ]  |  1796 | 0x00004f04 | 0x23 | 0x23
[OK ]  |  1797 | 0x00004f05 | 0xa0 | 0xa0
[OK ]  |  1798 | 0x00004f06 | 0xff | 0xff
[OK ]  |  1799 | 0x00004f07 | 0xff | 0xff
[OK ]  |  1800 | 0x00004f08 | 0x99 | 0x99
[OK ]  |  1801 | 0x00004f09 | 0xb0 | 0xb0
[OK ]  |  1802 | 0x00004f0a | 0x00 | 0x00
[OK ]  |  1803 | 0x00004f0b | 0x00 | 0x00
[OK ]  |  1804 | 0x00004f0c | 0x74 | 0x74
[OK ]  |  1805 | 0x00004f0d | 0x04 | 0x04
[OK ]  |  1806 | 0x00004f0e | 0x01 | 0x01
[OK ]  |  1807 | 0x00004f0f | 0x00 | 0x00
[OK ]  |  1808 | 0x00004f10 | 0x39 | 0x39
[OK ]  |  1809 | 0x00004f11 | 0x27 | 0x27
[OK ]  |  1810 | 0x00004f12 | 0x00 | 0x00
[OK ]  |  1811 | 0x00004f13 | 0x00 | 0x00
[OK ]  |  1812 | 0x00004f14 | 0x65 | 0x65
[OK ]  |  1813 | 0x00004f15 | 0x0c | 0x0c
[OK ]  |  1814 | 0x00004f16 | 0xff | 0xff
[OK ]  |  1815 | 0x00004f17 | 0xff | 0xff
[OK ]  |  1816 | 0x00004f18 | 0xb1 | 0xb1
[OK ]  |  1817 | 0x00004f19 | 0x65 | 0x65
[OK ]  |  1818 | 0x00004f1a | 0x01 | 0x01
[OK ]  |  1819 | 0x00004f1b | 0x00 | 0x00
[OK ]  |  1820 | 0x00004f1c | 0x96 | 0x96
[OK ]  |  1821 | 0x00004f1d | 0x3f | 0x3f
[OK ]  |  1822 | 0x00004f1e | 0xff | 0xff
[OK ]  |  1823 | 0x00004f1f | 0xff | 0xff
[OK ]  |  1824 | 0x00004f20 | 0xbc | 0xbc
[OK ]  |  1825 | 0x00004f21 | 0xd3 | 0xd3
[OK ]  |  1826 | 0x00004f22 | 0x00 | 0x00
[OK ]  |  1827 | 0x00004f23 | 0x00 | 0x00
[OK ]  |  1828 | 0x00004f24 | 0x2f | 0x2f
[OK ]  |  1829 | 0x00004f25 | 0x6d | 0x6d
[OK ]  |  1830 | 0x00004f26 | 0x02 | 0x02
[OK ]  |  1831 | 0x00004f27 | 0x00 | 0x00
[OK ]  |  1832 | 0x00004f28 | 0x75 | 0x75
[OK ]  |  1833 | 0x00004f29 | 0x7f | 0x7f
[OK ]  |  1834 | 0x00004f2a | 0xff | 0xff
[OK ]  |  1835 | 0x00004f2b | 0xff | 0xff
[OK ]  |  1836 | 0x00004f2c | 0xd8 | 0xd8
[OK ]  |  1837 | 0x00004f2d | 0x0a | 0x0a
[OK ]  |  1838 | 0x00004f2e | 0x01 | 0x01
[OK ]  |  1839 | 0x00004f2f | 0x00 | 0x00
[OK ]  |  1840 | 0x00004f30 | 0x1b | 0x1b
[OK ]  |  1841 | 0x00004f31 | 0x98 | 0x98
[OK ]  |  1842 | 0x00004f32 | 0xff | 0xff
[OK ]  |  1843 | 0x00004f33 | 0xff | 0xff
[OK ]  |  1844 | 0x00004f34 | 0x40 | 0x40
[OK ]  |  1845 | 0x00004f35 | 0xc8 | 0xc8
[OK ]  |  1846 | 0x00004f36 | 0x00 | 0x00
[OK ]  |  1847 | 0x00004f37 | 0x00 | 0x00
[OK ]  |  1848 | 0x00004f38 | 0x9f | 0x9f
[OK ]  |  1849 | 0x00004f39 | 0x37 | 0x37
[OK ]  |  1850 | 0x00004f3a | 0xfd | 0xfd
[OK ]  |  1851 | 0x00004f3b | 0xff | 0xff
[OK ]  |  1852 | 0x00004f3c | 0x1b | 0x1b
[OK ]  |  1853 | 0x00004f3d | 0x02 | 0x02
[OK ]  |  1854 | 0x00004f3e | 0x00 | 0x00
[OK ]  |  1855 | 0x00004f3f | 0x00 | 0x00
[OK ]  |  1856 | 0x00004f40 | 0xd9 | 0xd9
[OK ]  |  1857 | 0x00004f41 | 0xb4 | 0xb4
[OK ]  |  1858 | 0x00004f42 | 0xff | 0xff
[OK ]  |  1859 | 0x00004f43 | 0xff | 0xff
[OK ]  |  1860 | 0x00004f44 | 0x54 | 0x54
[OK ]  |  1861 | 0x00004f45 | 0xd8 | 0xd8
[OK ]  |  1862 | 0x00004f46 | 0xff | 0xff
[OK ]  |  1863 | 0x00004f47 | 0xff | 0xff
[OK ]  |  1864 | 0x00004f48 | 0x6d | 0x6d
[OK ]  |  1865 | 0x00004f49 | 0x7f | 0x7f
[OK ]  |  1866 | 0x00004f4a | 0x02 | 0x02
[OK ]  |  1867 | 0x00004f4b | 0x00 | 0x00
[OK ]  |  1868 | 0x00004f4c | 0xfb | 0xfb
[OK ]  |  1869 | 0x00004f4d | 0x90 | 0x90
[OK ]  |  1870 | 0x00004f4e | 0xff | 0xff
[OK ]  |  1871 | 0x00004f4f | 0xff | 0xff
[OK ]  |  1872 | 0x00004f50 | 0x13 | 0x13
[OK ]  |  1873 | 0x00004f51 | 0xd9 | 0xd9
[OK ]  |  1874 | 0x00004f52 | 0x00 | 0x00
[OK ]  |  1875 | 0x00004f53 | 0x00 | 0x00
[OK ]  |  1876 | 0x00004f54 | 0x35 | 0x35
[OK ]  |  1877 | 0x00004f55 | 0x5f | 0x5f
[OK ]  |  1878 | 0x00004f56 | 0x00 | 0x00
[OK ]  |  1879 | 0x00004f57 | 0x00 | 0x00
[OK ]  |  1880 | 0x00004f58 | 0xbe | 0xbe
[OK ]  |  1881 | 0x00004f59 | 0xa7 | 0xa7
[OK ]  |  1882 | 0x00004f5a | 0xff | 0xff
[OK ]  |  1883 | 0x00004f5b | 0xff | 0xff
[OK ]  |  1884 | 0x00004f5c | 0x9d | 0x9d
[OK ]  |  1885 | 0x00004f5d | 0x99 | 0x99
[OK ]  |  1886 | 0x00004f5e | 0x01 | 0x01
[OK ]  |  1887 | 0x00004f5f | 0x00 | 0x00
[OK ]  |  1888 | 0x00004f60 | 0x5e | 0x5e
[OK ]  |  1889 | 0x00004f61 | 0xa2 | 0xa2
[OK ]  |  1890 | 0x00004f62 | 0xfe | 0xfe
[OK ]  |  1891 | 0x00004f63 | 0xff | 0xff
[OK ]  |  1892 | 0x00004f64 | 0xb4 | 0xb4
[OK ]  |  1893 | 0x00004f65 | 0x20 | 0x20
[OK ]  |  1894 | 0x00004f66 | 0xfe | 0xfe
[OK ]  |  1895 | 0x00004f67 | 0xff | 0xff
[OK ]  |  1896 | 0x00004f68 | 0x45 | 0x45
[OK ]  |  1897 | 0x00004f69 | 0x62 | 0x62
[OK ]  |  1898 | 0x00004f6a | 0xff | 0xff
[OK ]  |  1899 | 0x00004f6b | 0xff | 0xff
[OK ]  |  1900 | 0x00004f6c | 0xdd | 0xdd
[OK ]  |  1901 | 0x00004f6d | 0x5c | 0x5c
[OK ]  |  1902 | 0x00004f6e | 0xff | 0xff
[OK ]  |  1903 | 0x00004f6f | 0xff | 0xff
[OK ]  |  1904 | 0x00004f70 | 0xb0 | 0xb0
[OK ]  |  1905 | 0x00004f71 | 0x13 | 0x13
[OK ]  |  1906 | 0x00004f72 | 0x00 | 0x00
[OK ]  |  1907 | 0x00004f73 | 0x00 | 0x00
[OK ]  |  1908 | 0x00004f74 | 0x8d | 0x8d
[OK ]  |  1909 | 0x00004f75 | 0x35 | 0x35
[OK ]  |  1910 | 0x00004f76 | 0xff | 0xff
[OK ]  |  1911 | 0x00004f77 | 0xff | 0xff
[OK ]  |  1912 | 0x00004f78 | 0xa3 | 0xa3
[OK ]  |  1913 | 0x00004f79 | 0xc1 | 0xc1
[OK ]  |  1914 | 0x00004f7a | 0xfe | 0xfe
[OK ]  |  1915 | 0x00004f7b | 0xff | 0xff
[OK ]  |  1916 | 0x00004f7c | 0x55 | 0x55
[OK ]  |  1917 | 0x00004f7d | 0xad | 0xad
[OK ]  |  1918 | 0x00004f7e | 0x00 | 0x00
[OK ]  |  1919 | 0x00004f7f | 0x00 | 0x00
[OK ]  |  1920 | 0x00004f80 | 0x95 | 0x95
[OK ]  |  1921 | 0x00004f81 | 0x0f | 0x0f
[OK ]  |  1922 | 0x00004f82 | 0x00 | 0x00
[OK ]  |  1923 | 0x00004f83 | 0x00 | 0x00
[OK ]  |  1924 | 0x00004f84 | 0xcc | 0xcc
[OK ]  |  1925 | 0x00004f85 | 0xd5 | 0xd5
[OK ]  |  1926 | 0x00004f86 | 0x00 | 0x00
[OK ]  |  1927 | 0x00004f87 | 0x00 | 0x00
[OK ]  |  1928 | 0x00004f88 | 0x60 | 0x60
[OK ]  |  1929 | 0x00004f89 | 0x28 | 0x28
[OK ]  |  1930 | 0x00004f8a | 0x00 | 0x00
[OK ]  |  1931 | 0x00004f8b | 0x00 | 0x00
[OK ]  |  1932 | 0x00004f8c | 0x94 | 0x94
[OK ]  |  1933 | 0x00004f8d | 0xf8 | 0xf8
[OK ]  |  1934 | 0x00004f8e | 0xff | 0xff
[OK ]  |  1935 | 0x00004f8f | 0xff | 0xff
[OK ]  |  1936 | 0x00004f90 | 0xa5 | 0xa5
[OK ]  |  1937 | 0x00004f91 | 0x21 | 0x21
[OK ]  |  1938 | 0x00004f92 | 0xff | 0xff
[OK ]  |  1939 | 0x00004f93 | 0xff | 0xff
[OK ]  |  1940 | 0x00004f94 | 0x07 | 0x07
[OK ]  |  1941 | 0x00004f95 | 0x99 | 0x99
[OK ]  |  1942 | 0x00004f96 | 0x00 | 0x00
[OK ]  |  1943 | 0x00004f97 | 0x00 | 0x00
[OK ]  |  1944 | 0x00004f98 | 0x4f | 0x4f
[OK ]  |  1945 | 0x00004f99 | 0x00 | 0x00
[OK ]  |  1946 | 0x00004f9a | 0x02 | 0x02
[OK ]  |  1947 | 0x00004f9b | 0x00 | 0x00
[OK ]  |  1948 | 0x00004f9c | 0x05 | 0x05
[OK ]  |  1949 | 0x00004f9d | 0x0a | 0x0a
[OK ]  |  1950 | 0x00004f9e | 0x01 | 0x01
[OK ]  |  1951 | 0x00004f9f | 0x00 | 0x00
[OK ]  |  1952 | 0x00004fa0 | 0x99 | 0x99
[OK ]  |  1953 | 0x00004fa1 | 0x24 | 0x24
[OK ]  |  1954 | 0x00004fa2 | 0x00 | 0x00
[OK ]  |  1955 | 0x00004fa3 | 0x00 | 0x00
[OK ]  |  1956 | 0x00004fa4 | 0xa8 | 0xa8
[OK ]  |  1957 | 0x00004fa5 | 0x78 | 0x78
[OK ]  |  1958 | 0x00004fa6 | 0xff | 0xff
[OK ]  |  1959 | 0x00004fa7 | 0xff | 0xff
[OK ]  |  1960 | 0x00004fa8 | 0xf4 | 0xf4
[OK ]  |  1961 | 0x00004fa9 | 0x1d | 0x1d
[OK ]  |  1962 | 0x00004faa | 0xfe | 0xfe
[OK ]  |  1963 | 0x00004fab | 0xff | 0xff
[OK ]  |  1964 | 0x00004fac | 0x06 | 0x06
[OK ]  |  1965 | 0x00004fad | 0x54 | 0x54
[OK ]  |  1966 | 0x00004fae | 0x01 | 0x01
[OK ]  |  1967 | 0x00004faf | 0x00 | 0x00
[OK ]  |  1968 | 0x00004fb0 | 0x88 | 0x88
[OK ]  |  1969 | 0x00004fb1 | 0x04 | 0x04
[OK ]  |  1970 | 0x00004fb2 | 0xfe | 0xfe
[OK ]  |  1971 | 0x00004fb3 | 0xff | 0xff
[OK ]  |  1972 | 0x00004fb4 | 0xaf | 0xaf
[OK ]  |  1973 | 0x00004fb5 | 0x98 | 0x98
[OK ]  |  1974 | 0x00004fb6 | 0xfe | 0xfe
[OK ]  |  1975 | 0x00004fb7 | 0xff | 0xff
[OK ]  |  1976 | 0x00004fb8 | 0xec | 0xec
[OK ]  |  1977 | 0x00004fb9 | 0x11 | 0x11
[OK ]  |  1978 | 0x00004fba | 0xfe | 0xfe
[OK ]  |  1979 | 0x00004fbb | 0xff | 0xff
[OK ]  |  1980 | 0x00004fbc | 0xa4 | 0xa4
[OK ]  |  1981 | 0x00004fbd | 0x84 | 0x84
[OK ]  |  1982 | 0x00004fbe | 0xff | 0xff
[OK ]  |  1983 | 0x00004fbf | 0xff | 0xff
[OK ]  |  1984 | 0x00004fc0 | 0x0e | 0x0e
[OK ]  |  1985 | 0x00004fc1 | 0x23 | 0x23
[OK ]  |  1986 | 0x00004fc2 | 0xff | 0xff
[OK ]  |  1987 | 0x00004fc3 | 0xff | 0xff
[OK ]  |  1988 | 0x00004fc4 | 0x02 | 0x02
[OK ]  |  1989 | 0x00004fc5 | 0x5a | 0x5a
[OK ]  |  1990 | 0x00004fc6 | 0xfe | 0xfe
[OK ]  |  1991 | 0x00004fc7 | 0xff | 0xff
[OK ]  |  1992 | 0x00004fc8 | 0x9e | 0x9e
[OK ]  |  1993 | 0x00004fc9 | 0x07 | 0x07
[OK ]  |  1994 | 0x00004fca | 0x00 | 0x00
[OK ]  |  1995 | 0x00004fcb | 0x00 | 0x00
[OK ]  |  1996 | 0x00004fcc | 0xe2 | 0xe2
[OK ]  |  1997 | 0x00004fcd | 0x15 | 0x15
[OK ]  |  1998 | 0x00004fce | 0xff | 0xff
[OK ]  |  1999 | 0x00004fcf | 0xff | 0xff
[OK ]  |  2000 | 0x00004fd0 | 0xa5 | 0xa5
[OK ]  |  2001 | 0x00004fd1 | 0x97 | 0x97
[OK ]  |  2002 | 0x00004fd2 | 0x01 | 0x01
[OK ]  |  2003 | 0x00004fd3 | 0x00 | 0x00
[OK ]  |  2004 | 0x00004fd4 | 0x9c | 0x9c
[OK ]  |  2005 | 0x00004fd5 | 0x34 | 0x34
[OK ]  |  2006 | 0x00004fd6 | 0x00 | 0x00
[OK ]  |  2007 | 0x00004fd7 | 0x00 | 0x00
[OK ]  |  2008 | 0x00004fd8 | 0x7b | 0x7b
[OK ]  |  2009 | 0x00004fd9 | 0xdf | 0xdf
[OK ]  |  2010 | 0x00004fda | 0xff | 0xff
[OK ]  |  2011 | 0x00004fdb | 0xff | 0xff
[OK ]  |  2012 | 0x00004fdc | 0x15 | 0x15
[OK ]  |  2013 | 0x00004fdd | 0x7d | 0x7d
[OK ]  |  2014 | 0x00004fde | 0xff | 0xff
[OK ]  |  2015 | 0x00004fdf | 0xff | 0xff
[OK ]  |  2016 | 0x00004fe0 | 0x4d | 0x4d
[OK ]  |  2017 | 0x00004fe1 | 0x5c | 0x5c
[OK ]  |  2018 | 0x00004fe2 | 0x00 | 0x00
[OK ]  |  2019 | 0x00004fe3 | 0x00 | 0x00
[OK ]  |  2020 | 0x00004fe4 | 0xc0 | 0xc0
[OK ]  |  2021 | 0x00004fe5 | 0x7c | 0x7c
[OK ]  |  2022 | 0x00004fe6 | 0xff | 0xff
[OK ]  |  2023 | 0x00004fe7 | 0xff | 0xff
[OK ]  |  2024 | 0x00004fe8 | 0x7e | 0x7e
[OK ]  |  2025 | 0x00004fe9 | 0x2e | 0x2e
[OK ]  |  2026 | 0x00004fea | 0xff | 0xff
[OK ]  |  2027 | 0x00004feb | 0xff | 0xff
[OK ]  |  2028 | 0x00004fec | 0xcd | 0xcd
[OK ]  |  2029 | 0x00004fed | 0x17 | 0x17
[OK ]  |  2030 | 0x00004fee | 0x00 | 0x00
[OK ]  |  2031 | 0x00004fef | 0x00 | 0x00
[OK ]  |  2032 | 0x00004ff0 | 0xb7 | 0xb7
[OK ]  |  2033 | 0x00004ff1 | 0x3c | 0x3c
[OK ]  |  2034 | 0x00004ff2 | 0x00 | 0x00
[OK ]  |  2035 | 0x00004ff3 | 0x00 | 0x00
[OK ]  |  2036 | 0x00004ff4 | 0x30 | 0x30
[OK ]  |  2037 | 0x00004ff5 | 0x90 | 0x90
[OK ]  |  2038 | 0x00004ff6 | 0xff | 0xff
[OK ]  |  2039 | 0x00004ff7 | 0xff | 0xff
[OK ]  |  2040 | 0x00004ff8 | 0x84 | 0x84
[OK ]  |  2041 | 0x00004ff9 | 0x06 | 0x06
[OK ]  |  2042 | 0x00004ffa | 0x01 | 0x01
[OK ]  |  2043 | 0x00004ffb | 0x00 | 0x00
[OK ]  |  2044 | 0x00004ffc | 0x7c | 0x7c
[OK ]  |  2045 | 0x00004ffd | 0x41 | 0x41
[OK ]  |  2046 | 0x00004ffe | 0x00 | 0x00
[OK ]  |  2047 | 0x00004fff | 0x00 | 0x00
[OK ]  |  2048 | 0x00005000 | 0x41 | 0x41
[OK ]  |  2049 | 0x00005001 | 0x48 | 0x48
[OK ]  |  2050 | 0x00005002 | 0x00 | 0x00
[OK ]  |  2051 | 0x00005003 | 0x00 | 0x00
[OK ]  |  2052 | 0x00005004 | 0x96 | 0x96
[OK ]  |  2053 | 0x00005005 | 0x86 | 0x86
[OK ]  |  2054 | 0x00005006 | 0x01 | 0x01
[OK ]  |  2055 | 0x00005007 | 0x00 | 0x00
[OK ]  |  2056 | 0x00005008 | 0x43 | 0x43
[OK ]  |  2057 | 0x00005009 | 0xe8 | 0xe8
[OK ]  |  2058 | 0x0000500a | 0xfd | 0xfd
[OK ]  |  2059 | 0x0000500b | 0xff | 0xff
[OK ]  |  2060 | 0x0000500c | 0xc2 | 0xc2
[OK ]  |  2061 | 0x0000500d | 0xad | 0xad
[OK ]  |  2062 | 0x0000500e | 0x00 | 0x00
[OK ]  |  2063 | 0x0000500f | 0x00 | 0x00
[OK ]  |  2064 | 0x00005010 | 0xa8 | 0xa8
[OK ]  |  2065 | 0x00005011 | 0xd2 | 0xd2
[OK ]  |  2066 | 0x00005012 | 0xff | 0xff
[OK ]  |  2067 | 0x00005013 | 0xff | 0xff
[OK ]  |  2068 | 0x00005014 | 0x2d | 0x2d
[OK ]  |  2069 | 0x00005015 | 0x34 | 0x34
[OK ]  |  2070 | 0x00005016 | 0xff | 0xff
[OK ]  |  2071 | 0x00005017 | 0xff | 0xff
[OK ]  |  2072 | 0x00005018 | 0xb4 | 0xb4
[OK ]  |  2073 | 0x00005019 | 0x8b | 0x8b
[OK ]  |  2074 | 0x0000501a | 0xff | 0xff
[OK ]  |  2075 | 0x0000501b | 0xff | 0xff
[OK ]  |  2076 | 0x0000501c | 0xce | 0xce
[OK ]  |  2077 | 0x0000501d | 0xc6 | 0xc6
[OK ]  |  2078 | 0x0000501e | 0x00 | 0x00
[OK ]  |  2079 | 0x0000501f | 0x00 | 0x00
[OK ]  |  2080 | 0x00005020 | 0xbc | 0xbc
[OK ]  |  2081 | 0x00005021 | 0xe4 | 0xe4
[OK ]  |  2082 | 0x00005022 | 0xff | 0xff
[OK ]  |  2083 | 0x00005023 | 0xff | 0xff
[OK ]  |  2084 | 0x00005024 | 0x1b | 0x1b
[OK ]  |  2085 | 0x00005025 | 0x47 | 0x47
[OK ]  |  2086 | 0x00005026 | 0xff | 0xff
[OK ]  |  2087 | 0x00005027 | 0xff | 0xff
[OK ]  |  2088 | 0x00005028 | 0x74 | 0x74
[OK ]  |  2089 | 0x00005029 | 0x40 | 0x40
[OK ]  |  2090 | 0x0000502a | 0x01 | 0x01
[OK ]  |  2091 | 0x0000502b | 0x00 | 0x00
[OK ]  |  2092 | 0x0000502c | 0xd1 | 0xd1
[OK ]  |  2093 | 0x0000502d | 0xc7 | 0xc7
[OK ]  |  2094 | 0x0000502e | 0xff | 0xff
[OK ]  |  2095 | 0x0000502f | 0xff | 0xff
[OK ]  |  2096 | 0x00005030 | 0xd8 | 0xd8
[OK ]  |  2097 | 0x00005031 | 0x78 | 0x78
[OK ]  |  2098 | 0x00005032 | 0x01 | 0x01
[OK ]  |  2099 | 0x00005033 | 0x00 | 0x00
[OK ]  |  2100 | 0x00005034 | 0x24 | 0x24
[OK ]  |  2101 | 0x00005035 | 0x7a | 0x7a
[OK ]  |  2102 | 0x00005036 | 0x00 | 0x00
[OK ]  |  2103 | 0x00005037 | 0x00 | 0x00
[OK ]  |  2104 | 0x00005038 | 0x4f | 0x4f
[OK ]  |  2105 | 0x00005039 | 0xb1 | 0xb1
[OK ]  |  2106 | 0x0000503a | 0xfe | 0xfe
[OK ]  |  2107 | 0x0000503b | 0xff | 0xff
[OK ]  |  2108 | 0x0000503c | 0xcc | 0xcc
[OK ]  |  2109 | 0x0000503d | 0xa4 | 0xa4
[OK ]  |  2110 | 0x0000503e | 0xfe | 0xfe
[OK ]  |  2111 | 0x0000503f | 0xff | 0xff
[OK ]  |  2112 | 0x00005040 | 0xd9 | 0xd9
[OK ]  |  2113 | 0x00005041 | 0x1e | 0x1e
[OK ]  |  2114 | 0x00005042 | 0x00 | 0x00
[OK ]  |  2115 | 0x00005043 | 0x00 | 0x00
[OK ]  |  2116 | 0x00005044 | 0x82 | 0x82
[OK ]  |  2117 | 0x00005045 | 0xa1 | 0xa1
[OK ]  |  2118 | 0x00005046 | 0xff | 0xff
[OK ]  |  2119 | 0x00005047 | 0xff | 0xff
[OK ]  |  2120 | 0x00005048 | 0xfe | 0xfe
[OK ]  |  2121 | 0x00005049 | 0xa7 | 0xa7
[OK ]  |  2122 | 0x0000504a | 0x00 | 0x00
[OK ]  |  2123 | 0x0000504b | 0x00 | 0x00
[OK ]  |  2124 | 0x0000504c | 0x96 | 0x96
[OK ]  |  2125 | 0x0000504d | 0xb0 | 0xb0
[OK ]  |  2126 | 0x0000504e | 0xfe | 0xfe
[OK ]  |  2127 | 0x0000504f | 0xff | 0xff
[OK ]  |  2128 | 0x00005050 | 0xf4 | 0xf4
[OK ]  |  2129 | 0x00005051 | 0x1e | 0x1e
[OK ]  |  2130 | 0x00005052 | 0x02 | 0x02
[OK ]  |  2131 | 0x00005053 | 0x00 | 0x00
[OK ]  |  2132 | 0x00005054 | 0x55 | 0x55
[OK ]  |  2133 | 0x00005055 | 0x7c | 0x7c
[OK ]  |  2134 | 0x00005056 | 0x00 | 0x00
[OK ]  |  2135 | 0x00005057 | 0x00 | 0x00
[OK ]  |  2136 | 0x00005058 | 0xcc | 0xcc
[OK ]  |  2137 | 0x00005059 | 0xd6 | 0xd6
[OK ]  |  2138 | 0x0000505a | 0x00 | 0x00
[OK ]  |  2139 | 0x0000505b | 0x00 | 0x00
[OK ]  |  2140 | 0x0000505c | 0xb5 | 0xb5
[OK ]  |  2141 | 0x0000505d | 0xa2 | 0xa2
[OK ]  |  2142 | 0x0000505e | 0xff | 0xff
[OK ]  |  2143 | 0x0000505f | 0xff | 0xff
[OK ]  |  2144 | 0x00005060 | 0x7d | 0x7d
[OK ]  |  2145 | 0x00005061 | 0x82 | 0x82
[OK ]  |  2146 | 0x00005062 | 0x01 | 0x01
[OK ]  |  2147 | 0x00005063 | 0x00 | 0x00
[OK ]  |  2148 | 0x00005064 | 0x5a | 0x5a
[OK ]  |  2149 | 0x00005065 | 0xa1 | 0xa1
[OK ]  |  2150 | 0x00005066 | 0xfe | 0xfe
[OK ]  |  2151 | 0x00005067 | 0xff | 0xff
[OK ]  |  2152 | 0x00005068 | 0x88 | 0x88
[OK ]  |  2153 | 0x00005069 | 0xa6 | 0xa6
[OK ]  |  2154 | 0x0000506a | 0x01 | 0x01
[OK ]  |  2155 | 0x0000506b | 0x00 | 0x00
[OK ]  |  2156 | 0x0000506c | 0xc9 | 0xc9
[OK ]  |  2157 | 0x0000506d | 0x5a | 0x5a
[OK ]  |  2158 | 0x0000506e | 0x01 | 0x01
[OK ]  |  2159 | 0x0000506f | 0x00 | 0x00
[OK ]  |  2160 | 0x00005070 | 0x30 | 0x30
[OK ]  |  2161 | 0x00005071 | 0x26 | 0x26
[OK ]  |  2162 | 0x00005072 | 0x01 | 0x01
[OK ]  |  2163 | 0x00005073 | 0x00 | 0x00
[OK ]  |  2164 | 0x00005074 | 0x32 | 0x32
[OK ]  |  2165 | 0x00005075 | 0xd7 | 0xd7
[OK ]  |  2166 | 0x00005076 | 0xff | 0xff
[OK ]  |  2167 | 0x00005077 | 0xff | 0xff
[OK ]  |  2168 | 0x00005078 | 0x0c | 0x0c
[OK ]  |  2169 | 0x00005079 | 0x72 | 0x72
[OK ]  |  2170 | 0x0000507a | 0x00 | 0x00
[OK ]  |  2171 | 0x0000507b | 0x00 | 0x00
[OK ]  |  2172 | 0x0000507c | 0x1f | 0x1f
[OK ]  |  2173 | 0x0000507d | 0xd4 | 0xd4
[OK ]  |  2174 | 0x0000507e | 0x00 | 0x00
[OK ]  |  2175 | 0x0000507f | 0x00 | 0x00
[OK ]  |  2176 | 0x00005080 | 0xbb | 0xbb
[OK ]  |  2177 | 0x00005081 | 0xaa | 0xaa
[OK ]  |  2178 | 0x00005082 | 0xfe | 0xfe
[OK ]  |  2179 | 0x00005083 | 0xff | 0xff
[OK ]  |  2180 | 0x00005084 | 0x18 | 0x18
[OK ]  |  2181 | 0x00005085 | 0xeb | 0xeb
[OK ]  |  2182 | 0x00005086 | 0x01 | 0x01
[OK ]  |  2183 | 0x00005087 | 0x00 | 0x00
[OK ]  |  2184 | 0x00005088 | 0x05 | 0x05
[OK ]  |  2185 | 0x00005089 | 0x27 | 0x27
[OK ]  |  2186 | 0x0000508a | 0x00 | 0x00
[OK ]  |  2187 | 0x0000508b | 0x00 | 0x00
[OK ]  |  2188 | 0x0000508c | 0x45 | 0x45
[OK ]  |  2189 | 0x0000508d | 0x2d | 0x2d
[OK ]  |  2190 | 0x0000508e | 0x00 | 0x00
[OK ]  |  2191 | 0x0000508f | 0x00 | 0x00
[OK ]  |  2192 | 0x00005090 | 0xa8 | 0xa8
[OK ]  |  2193 | 0x00005091 | 0x41 | 0x41
[OK ]  |  2194 | 0x00005092 | 0x01 | 0x01
[OK ]  |  2195 | 0x00005093 | 0x00 | 0x00
[OK ]  |  2196 | 0x00005094 | 0x18 | 0x18
[OK ]  |  2197 | 0x00005095 | 0xce | 0xce
[OK ]  |  2198 | 0x00005096 | 0xff | 0xff
[OK ]  |  2199 | 0x00005097 | 0xff | 0xff
[OK ]  |  2200 | 0x00005098 | 0xda | 0xda
[OK ]  |  2201 | 0x00005099 | 0x19 | 0x19
[OK ]  |  2202 | 0x0000509a | 0x00 | 0x00
[OK ]  |  2203 | 0x0000509b | 0x00 | 0x00
[OK ]  |  2204 | 0x0000509c | 0xc1 | 0xc1
[OK ]  |  2205 | 0x0000509d | 0xd0 | 0xd0
[OK ]  |  2206 | 0x0000509e | 0x00 | 0x00
[OK ]  |  2207 | 0x0000509f | 0x00 | 0x00
[OK ]  |  2208 | 0x000050a0 | 0x07 | 0x07
[OK ]  |  2209 | 0x000050a1 | 0x06 | 0x06
[OK ]  |  2210 | 0x000050a2 | 0x01 | 0x01
[OK ]  |  2211 | 0x000050a3 | 0x00 | 0x00
[OK ]  |  2212 | 0x000050a4 | 0xbb | 0xbb
[OK ]  |  2213 | 0x000050a5 | 0x64 | 0x64
[OK ]  |  2214 | 0x000050a6 | 0xff | 0xff
[OK ]  |  2215 | 0x000050a7 | 0xff | 0xff
[OK ]  |  2216 | 0x000050a8 | 0x5e | 0x5e
[OK ]  |  2217 | 0x000050a9 | 0xd7 | 0xd7
[OK ]  |  2218 | 0x000050aa | 0xff | 0xff
[OK ]  |  2219 | 0x000050ab | 0xff | 0xff
[OK ]  |  2220 | 0x000050ac | 0x62 | 0x62
[OK ]  |  2221 | 0x000050ad | 0x40 | 0x40
[OK ]  |  2222 | 0x000050ae | 0x00 | 0x00
[OK ]  |  2223 | 0x000050af | 0x00 | 0x00
[OK ]  |  2224 | 0x000050b0 | 0xfa | 0xfa
[OK ]  |  2225 | 0x000050b1 | 0x94 | 0x94
[OK ]  |  2226 | 0x000050b2 | 0x01 | 0x01
[OK ]  |  2227 | 0x000050b3 | 0x00 | 0x00
[OK ]  |  2228 | 0x000050b4 | 0x4d | 0x4d
[OK ]  |  2229 | 0x000050b5 | 0xb5 | 0xb5
[OK ]  |  2230 | 0x000050b6 | 0x00 | 0x00
[OK ]  |  2231 | 0x000050b7 | 0x00 | 0x00
[OK ]  |  2232 | 0x000050b8 | 0x32 | 0x32
[OK ]  |  2233 | 0x000050b9 | 0xf6 | 0xf6
[OK ]  |  2234 | 0x000050ba | 0xff | 0xff
[OK ]  |  2235 | 0x000050bb | 0xff | 0xff
[OK ]  |  2236 | 0x000050bc | 0x89 | 0x89
[OK ]  |  2237 | 0x000050bd | 0x69 | 0x69
[OK ]  |  2238 | 0x000050be | 0xff | 0xff
[OK ]  |  2239 | 0x000050bf | 0xff | 0xff
[OK ]  |  2240 | 0x000050c0 | 0xcb | 0xcb
[OK ]  |  2241 | 0x000050c1 | 0xad | 0xad
[OK ]  |  2242 | 0x000050c2 | 0x00 | 0x00
[OK ]  |  2243 | 0x000050c3 | 0x00 | 0x00
[OK ]  |  2244 | 0x000050c4 | 0x1d | 0x1d
[OK ]  |  2245 | 0x000050c5 | 0x09 | 0x09
[OK ]  |  2246 | 0x000050c6 | 0x00 | 0x00
[OK ]  |  2247 | 0x000050c7 | 0x00 | 0x00
[OK ]  |  2248 | 0x000050c8 | 0x7e | 0x7e
[OK ]  |  2249 | 0x000050c9 | 0x05 | 0x05
[OK ]  |  2250 | 0x000050ca | 0x01 | 0x01
[OK ]  |  2251 | 0x000050cb | 0x00 | 0x00
[OK ]  |  2252 | 0x000050cc | 0x33 | 0x33
[OK ]  |  2253 | 0x000050cd | 0x9c | 0x9c
[OK ]  |  2254 | 0x000050ce | 0xff | 0xff
[OK ]  |  2255 | 0x000050cf | 0xff | 0xff
[OK ]  |  2256 | 0x000050d0 | 0xce | 0xce
[OK ]  |  2257 | 0x000050d1 | 0x59 | 0x59
[OK ]  |  2258 | 0x000050d2 | 0xfe | 0xfe
[OK ]  |  2259 | 0x000050d3 | 0xff | 0xff
[OK ]  |  2260 | 0x000050d4 | 0xb0 | 0xb0
[OK ]  |  2261 | 0x000050d5 | 0xa1 | 0xa1
[OK ]  |  2262 | 0x000050d6 | 0x00 | 0x00
[OK ]  |  2263 | 0x000050d7 | 0x00 | 0x00
[OK ]  |  2264 | 0x000050d8 | 0x04 | 0x04
[OK ]  |  2265 | 0x000050d9 | 0x2e | 0x2e
[OK ]  |  2266 | 0x000050da | 0x02 | 0x02
[OK ]  |  2267 | 0x000050db | 0x00 | 0x00
[OK ]  |  2268 | 0x000050dc | 0x41 | 0x41
[OK ]  |  2269 | 0x000050dd | 0x24 | 0x24
[OK ]  |  2270 | 0x000050de | 0x00 | 0x00
[OK ]  |  2271 | 0x000050df | 0x00 | 0x00
[OK ]  |  2272 | 0x000050e0 | 0x47 | 0x47
[OK ]  |  2273 | 0x000050e1 | 0x0b | 0x0b
[OK ]  |  2274 | 0x000050e2 | 0xff | 0xff
[OK ]  |  2275 | 0x000050e3 | 0xff | 0xff
[OK ]  |  2276 | 0x000050e4 | 0x41 | 0x41
[OK ]  |  2277 | 0x000050e5 | 0xd7 | 0xd7
[OK ]  |  2278 | 0x000050e6 | 0xff | 0xff
[OK ]  |  2279 | 0x000050e7 | 0xff | 0xff
[OK ]  |  2280 | 0x000050e8 | 0x2d | 0x2d
[OK ]  |  2281 | 0x000050e9 | 0x3b | 0x3b
[OK ]  |  2282 | 0x000050ea | 0xff | 0xff
[OK ]  |  2283 | 0x000050eb | 0xff | 0xff
[OK ]  |  2284 | 0x000050ec | 0x97 | 0x97
[OK ]  |  2285 | 0x000050ed | 0x85 | 0x85
[OK ]  |  2286 | 0x000050ee | 0x01 | 0x01
[OK ]  |  2287 | 0x000050ef | 0x00 | 0x00
[OK ]  |  2288 | 0x000050f0 | 0x34 | 0x34
[OK ]  |  2289 | 0x000050f1 | 0x57 | 0x57
[OK ]  |  2290 | 0x000050f2 | 0x00 | 0x00
[OK ]  |  2291 | 0x000050f3 | 0x00 | 0x00
[OK ]  |  2292 | 0x000050f4 | 0x99 | 0x99
[OK ]  |  2293 | 0x000050f5 | 0x3b | 0x3b
[OK ]  |  2294 | 0x000050f6 | 0xff | 0xff
[OK ]  |  2295 | 0x000050f7 | 0xff | 0xff
[OK ]  |  2296 | 0x000050f8 | 0xec | 0xec
[OK ]  |  2297 | 0x000050f9 | 0xaa | 0xaa
[OK ]  |  2298 | 0x000050fa | 0xff | 0xff
[OK ]  |  2299 | 0x000050fb | 0xff | 0xff
[OK ]  |  2300 | 0x000050fc | 0x17 | 0x17
[OK ]  |  2301 | 0x000050fd | 0xa1 | 0xa1
[OK ]  |  2302 | 0x000050fe | 0x00 | 0x00
[OK ]  |  2303 | 0x000050ff | 0x00 | 0x00
[OK ]  |  2304 | 0x00005100 | 0x5a | 0x5a
[OK ]  |  2305 | 0x00005101 | 0x3d | 0x3d
[OK ]  |  2306 | 0x00005102 | 0xff | 0xff
[OK ]  |  2307 | 0x00005103 | 0xff | 0xff
[OK ]  |  2308 | 0x00005104 | 0xb4 | 0xb4
[OK ]  |  2309 | 0x00005105 | 0xc0 | 0xc0
[OK ]  |  2310 | 0x00005106 | 0x01 | 0x01
[OK ]  |  2311 | 0x00005107 | 0x00 | 0x00
[OK ]  |  2312 | 0x00005108 | 0x33 | 0x33
[OK ]  |  2313 | 0x00005109 | 0xa0 | 0xa0
[OK ]  |  2314 | 0x0000510a | 0xff | 0xff
[OK ]  |  2315 | 0x0000510b | 0xff | 0xff
[OK ]  |  2316 | 0x0000510c | 0xc3 | 0xc3
[OK ]  |  2317 | 0x0000510d | 0x42 | 0x42
[OK ]  |  2318 | 0x0000510e | 0xff | 0xff
[OK ]  |  2319 | 0x0000510f | 0xff | 0xff
[OK ]  |  2320 | 0x00005110 | 0xf7 | 0xf7
[OK ]  |  2321 | 0x00005111 | 0xed | 0xed
[OK ]  |  2322 | 0x00005112 | 0x01 | 0x01
[OK ]  |  2323 | 0x00005113 | 0x00 | 0x00
[OK ]  |  2324 | 0x00005114 | 0x95 | 0x95
[OK ]  |  2325 | 0x00005115 | 0xbe | 0xbe
[OK ]  |  2326 | 0x00005116 | 0xfe | 0xfe
[OK ]  |  2327 | 0x00005117 | 0xff | 0xff
[OK ]  |  2328 | 0x00005118 | 0xc9 | 0xc9
[OK ]  |  2329 | 0x00005119 | 0x6e | 0x6e
[OK ]  |  2330 | 0x0000511a | 0x02 | 0x02
[OK ]  |  2331 | 0x0000511b | 0x00 | 0x00
[OK ]  |  2332 | 0x0000511c | 0xb0 | 0xb0
[OK ]  |  2333 | 0x0000511d | 0xb6 | 0xb6
[OK ]  |  2334 | 0x0000511e | 0xfe | 0xfe
[OK ]  |  2335 | 0x0000511f | 0xff | 0xff
[OK ]  |  2336 | 0x00005120 | 0xef | 0xef
[OK ]  |  2337 | 0x00005121 | 0x7e | 0x7e
[OK ]  |  2338 | 0x00005122 | 0xff | 0xff
[OK ]  |  2339 | 0x00005123 | 0xff | 0xff
[OK ]  |  2340 | 0x00005124 | 0xb1 | 0xb1
[OK ]  |  2341 | 0x00005125 | 0x0a | 0x0a
[OK ]  |  2342 | 0x00005126 | 0x01 | 0x01
[OK ]  |  2343 | 0x00005127 | 0x00 | 0x00
[OK ]  |  2344 | 0x00005128 | 0xe1 | 0xe1
[OK ]  |  2345 | 0x00005129 | 0x29 | 0x29
[OK ]  |  2346 | 0x0000512a | 0x00 | 0x00
[OK ]  |  2347 | 0x0000512b | 0x00 | 0x00
[OK ]  |  2348 | 0x0000512c | 0x9a | 0x9a
[OK ]  |  2349 | 0x0000512d | 0x14 | 0x14
[OK ]  |  2350 | 0x0000512e | 0x00 | 0x00
[OK ]  |  2351 | 0x0000512f | 0x00 | 0x00
[OK ]  |  2352 | 0x00005130 | 0x2b | 0x2b
[OK ]  |  2353 | 0x00005131 | 0xbe | 0xbe
[OK ]  |  2354 | 0x00005132 | 0xfc | 0xfc
[OK ]  |  2355 | 0x00005133 | 0xff | 0xff
[OK ]  |  2356 | 0x00005134 | 0x19 | 0x19
[OK ]  |  2357 | 0x00005135 | 0xa1 | 0xa1
[OK ]  |  2358 | 0x00005136 | 0xff | 0xff
[OK ]  |  2359 | 0x00005137 | 0xff | 0xff
[OK ]  |  2360 | 0x00005138 | 0xe1 | 0xe1
[OK ]  |  2361 | 0x00005139 | 0xda | 0xda
[OK ]  |  2362 | 0x0000513a | 0xfe | 0xfe
[OK ]  |  2363 | 0x0000513b | 0xff | 0xff
[OK ]  |  2364 | 0x0000513c | 0xaf | 0xaf
[OK ]  |  2365 | 0x0000513d | 0x00 | 0x00
[OK ]  |  2366 | 0x0000513e | 0xff | 0xff
[OK ]  |  2367 | 0x0000513f | 0xff | 0xff
[OK ]  |  2368 | 0x00005140 | 0xd9 | 0xd9
[OK ]  |  2369 | 0x00005141 | 0x23 | 0x23
[OK ]  |  2370 | 0x00005142 | 0x01 | 0x01
[OK ]  |  2371 | 0x00005143 | 0x00 | 0x00
[OK ]  |  2372 | 0x00005144 | 0xfe | 0xfe
[OK ]  |  2373 | 0x00005145 | 0x67 | 0x67
[OK ]  |  2374 | 0x00005146 | 0x00 | 0x00
[OK ]  |  2375 | 0x00005147 | 0x00 | 0x00
[OK ]  |  2376 | 0x00005148 | 0xfb | 0xfb
[OK ]  |  2377 | 0x00005149 | 0x9a | 0x9a
[OK ]  |  2378 | 0x0000514a | 0x01 | 0x01
[OK ]  |  2379 | 0x0000514b | 0x00 | 0x00
[OK ]  |  2380 | 0x0000514c | 0x98 | 0x98
[OK ]  |  2381 | 0x0000514d | 0xf4 | 0xf4
[OK ]  |  2382 | 0x0000514e | 0x01 | 0x01
[OK ]  |  2383 | 0x0000514f | 0x00 | 0x00
[OK ]  |  2384 | 0x00005150 | 0x3a | 0x3a
[OK ]  |  2385 | 0x00005151 | 0x5b | 0x5b
[OK ]  |  2386 | 0x00005152 | 0x02 | 0x02
[OK ]  |  2387 | 0x00005153 | 0x00 | 0x00
[OK ]  |  2388 | 0x00005154 | 0xa3 | 0xa3
[OK ]  |  2389 | 0x00005155 | 0xe4 | 0xe4
[OK ]  |  2390 | 0x00005156 | 0xfe | 0xfe
[OK ]  |  2391 | 0x00005157 | 0xff | 0xff
[OK ]  |  2392 | 0x00005158 | 0xbb | 0xbb
[OK ]  |  2393 | 0x00005159 | 0x20 | 0x20
[OK ]  |  2394 | 0x0000515a | 0x00 | 0x00
[OK ]  |  2395 | 0x0000515b | 0x00 | 0x00
[OK ]  |  2396 | 0x0000515c | 0xdf | 0xdf
[OK ]  |  2397 | 0x0000515d | 0x74 | 0x74
[OK ]  |  2398 | 0x0000515e | 0xfe | 0xfe
[OK ]  |  2399 | 0x0000515f | 0xff | 0xff
[OK ]  |  2400 | 0x00005160 | 0x39 | 0x39
[OK ]  |  2401 | 0x00005161 | 0x71 | 0x71
[OK ]  |  2402 | 0x00005162 | 0x01 | 0x01
[OK ]  |  2403 | 0x00005163 | 0x00 | 0x00
[OK ]  |  2404 | 0x00005164 | 0x81 | 0x81
[OK ]  |  2405 | 0x00005165 | 0x29 | 0x29
[OK ]  |  2406 | 0x00005166 | 0xff | 0xff
[OK ]  |  2407 | 0x00005167 | 0xff | 0xff
[OK ]  |  2408 | 0x00005168 | 0x2d | 0x2d
[OK ]  |  2409 | 0x00005169 | 0x8d | 0x8d
[OK ]  |  2410 | 0x0000516a | 0xff | 0xff
[OK ]  |  2411 | 0x0000516b | 0xff | 0xff
[OK ]  |  2412 | 0x0000516c | 0xa1 | 0xa1
[OK ]  |  2413 | 0x0000516d | 0x9d | 0x9d
[OK ]  |  2414 | 0x0000516e | 0x00 | 0x00
[OK ]  |  2415 | 0x0000516f | 0x00 | 0x00
[OK ]  |  2416 | 0x00005170 | 0x33 | 0x33
[OK ]  |  2417 | 0x00005171 | 0x82 | 0x82
[OK ]  |  2418 | 0x00005172 | 0x00 | 0x00
[OK ]  |  2419 | 0x00005173 | 0x00 | 0x00
[OK ]  |  2420 | 0x00005174 | 0x1d | 0x1d
[OK ]  |  2421 | 0x00005175 | 0x3e | 0x3e
[OK ]  |  2422 | 0x00005176 | 0x00 | 0x00
[OK ]  |  2423 | 0x00005177 | 0x00 | 0x00
[OK ]  |  2424 | 0x00005178 | 0x3d | 0x3d
[OK ]  |  2425 | 0x00005179 | 0x2f | 0x2f
[OK ]  |  2426 | 0x0000517a | 0x01 | 0x01
[OK ]  |  2427 | 0x0000517b | 0x00 | 0x00
[OK ]  |  2428 | 0x0000517c | 0xe9 | 0xe9
[OK ]  |  2429 | 0x0000517d | 0x9b | 0x9b
[OK ]  |  2430 | 0x0000517e | 0xff | 0xff
[OK ]  |  2431 | 0x0000517f | 0xff | 0xff
[OK ]  |  2432 | 0x00005180 | 0x7b | 0x7b
[OK ]  |  2433 | 0x00005181 | 0x48 | 0x48
[OK ]  |  2434 | 0x00005182 | 0x00 | 0x00
[OK ]  |  2435 | 0x00005183 | 0x00 | 0x00
[OK ]  |  2436 | 0x00005184 | 0xbb | 0xbb
[OK ]  |  2437 | 0x00005185 | 0xde | 0xde
[OK ]  |  2438 | 0x00005186 | 0x01 | 0x01
[OK ]  |  2439 | 0x00005187 | 0x00 | 0x00
[OK ]  |  2440 | 0x00005188 | 0xc7 | 0xc7
[OK ]  |  2441 | 0x00005189 | 0x34 | 0x34
[OK ]  |  2442 | 0x0000518a | 0x00 | 0x00
[OK ]  |  2443 | 0x0000518b | 0x00 | 0x00
[OK ]  |  2444 | 0x0000518c | 0x24 | 0x24
[OK ]  |  2445 | 0x0000518d | 0xfa | 0xfa
[OK ]  |  2446 | 0x0000518e | 0xff | 0xff
[OK ]  |  2447 | 0x0000518f | 0xff | 0xff
[OK ]  |  2448 | 0x00005190 | 0xb9 | 0xb9
[OK ]  |  2449 | 0x00005191 | 0xe5 | 0xe5
[OK ]  |  2450 | 0x00005192 | 0xff | 0xff
[OK ]  |  2451 | 0x00005193 | 0xff | 0xff
[OK ]  |  2452 | 0x00005194 | 0x97 | 0x97
[OK ]  |  2453 | 0x00005195 | 0xf5 | 0xf5
[OK ]  |  2454 | 0x00005196 | 0x00 | 0x00
[OK ]  |  2455 | 0x00005197 | 0x00 | 0x00
[OK ]  |  2456 | 0x00005198 | 0xa5 | 0xa5
[OK ]  |  2457 | 0x00005199 | 0x25 | 0x25
[OK ]  |  2458 | 0x0000519a | 0xff | 0xff
[OK ]  |  2459 | 0x0000519b | 0xff | 0xff
[OK ]  |  2460 | 0x0000519c | 0xd1 | 0xd1
[OK ]  |  2461 | 0x0000519d | 0x94 | 0x94
[OK ]  |  2462 | 0x0000519e | 0x00 | 0x00
[OK ]  |  2463 | 0x0000519f | 0x00 | 0x00
[OK ]  |  2464 | 0x000051a0 | 0x22 | 0x22
[OK ]  |  2465 | 0x000051a1 | 0x52 | 0x52
[OK ]  |  2466 | 0x000051a2 | 0xff | 0xff
[OK ]  |  2467 | 0x000051a3 | 0xff | 0xff
[OK ]  |  2468 | 0x000051a4 | 0x29 | 0x29
[OK ]  |  2469 | 0x000051a5 | 0x9f | 0x9f
[OK ]  |  2470 | 0x000051a6 | 0x00 | 0x00
[OK ]  |  2471 | 0x000051a7 | 0x00 | 0x00
[OK ]  |  2472 | 0x000051a8 | 0x16 | 0x16
[OK ]  |  2473 | 0x000051a9 | 0xc4 | 0xc4
[OK ]  |  2474 | 0x000051aa | 0xff | 0xff
[OK ]  |  2475 | 0x000051ab | 0xff | 0xff
[OK ]  |  2476 | 0x000051ac | 0x5b | 0x5b
[OK ]  |  2477 | 0x000051ad | 0xd3 | 0xd3
[OK ]  |  2478 | 0x000051ae | 0x00 | 0x00
[OK ]  |  2479 | 0x000051af | 0x00 | 0x00
[OK ]  |  2480 | 0x000051b0 | 0xf9 | 0xf9
[OK ]  |  2481 | 0x000051b1 | 0x31 | 0x31
[OK ]  |  2482 | 0x000051b2 | 0x00 | 0x00
[OK ]  |  2483 | 0x000051b3 | 0x00 | 0x00
[OK ]  |  2484 | 0x000051b4 | 0x39 | 0x39
[OK ]  |  2485 | 0x000051b5 | 0x8d | 0x8d
[OK ]  |  2486 | 0x000051b6 | 0xff | 0xff
[OK ]  |  2487 | 0x000051b7 | 0xff | 0xff
[OK ]  |  2488 | 0x000051b8 | 0x0a | 0x0a
[OK ]  |  2489 | 0x000051b9 | 0x12 | 0x12
[OK ]  |  2490 | 0x000051ba | 0x02 | 0x02
[OK ]  |  2491 | 0x000051bb | 0x00 | 0x00
[OK ]  |  2492 | 0x000051bc | 0xdd | 0xdd
[OK ]  |  2493 | 0x000051bd | 0x3f | 0x3f
[OK ]  |  2494 | 0x000051be | 0xfe | 0xfe
[OK ]  |  2495 | 0x000051bf | 0xff | 0xff
[OK ]  |  2496 | 0x000051c0 | 0x8b | 0x8b
[OK ]  |  2497 | 0x000051c1 | 0x7b | 0x7b
[OK ]  |  2498 | 0x000051c2 | 0x00 | 0x00
[OK ]  |  2499 | 0x000051c3 | 0x00 | 0x00
[OK ]  |  2500 | 0x000051c4 | 0x38 | 0x38
[OK ]  |  2501 | 0x000051c5 | 0x9f | 0x9f
[OK ]  |  2502 | 0x000051c6 | 0xfe | 0xfe
[OK ]  |  2503 | 0x000051c7 | 0xff | 0xff
[OK ]  |  2504 | 0x000051c8 | 0xaf | 0xaf
[OK ]  |  2505 | 0x000051c9 | 0x49 | 0x49
[OK ]  |  2506 | 0x000051ca | 0x00 | 0x00
[OK ]  |  2507 | 0x000051cb | 0x00 | 0x00
[OK ]  |  2508 | 0x000051cc | 0xd8 | 0xd8
[OK ]  |  2509 | 0x000051cd | 0x01 | 0x01
[OK ]  |  2510 | 0x000051ce | 0x00 | 0x00
[OK ]  |  2511 | 0x000051cf | 0x00 | 0x00
[OK ]  |  2512 | 0x000051d0 | 0x21 | 0x21
[OK ]  |  2513 | 0x000051d1 | 0xb4 | 0xb4
[OK ]  |  2514 | 0x000051d2 | 0x00 | 0x00
[OK ]  |  2515 | 0x000051d3 | 0x00 | 0x00
[OK ]  |  2516 | 0x000051d4 | 0x14 | 0x14
[OK ]  |  2517 | 0x000051d5 | 0x25 | 0x25
[OK ]  |  2518 | 0x000051d6 | 0xff | 0xff
[OK ]  |  2519 | 0x000051d7 | 0xff | 0xff
[OK ]  |  2520 | 0x000051d8 | 0x1a | 0x1a
[OK ]  |  2521 | 0x000051d9 | 0x5f | 0x5f
[OK ]  |  2522 | 0x000051da | 0xff | 0xff
[OK ]  |  2523 | 0x000051db | 0xff | 0xff
[OK ]  |  2524 | 0x000051dc | 0x22 | 0x22
[OK ]  |  2525 | 0x000051dd | 0x49 | 0x49
[OK ]  |  2526 | 0x000051de | 0xfe | 0xfe
[OK ]  |  2527 | 0x000051df | 0xff | 0xff
[OK ]  |  2528 | 0x000051e0 | 0x10 | 0x10
[OK ]  |  2529 | 0x000051e1 | 0x6d | 0x6d
[OK ]  |  2530 | 0x000051e2 | 0xff | 0xff
[OK ]  |  2531 | 0x000051e3 | 0xff | 0xff
[OK ]  |  2532 | 0x000051e4 | 0xd2 | 0xd2
[OK ]  |  2533 | 0x000051e5 | 0xa5 | 0xa5
[OK ]  |  2534 | 0x000051e6 | 0x00 | 0x00
[OK ]  |  2535 | 0x000051e7 | 0x00 | 0x00
[OK ]  |  2536 | 0x000051e8 | 0xd4 | 0xd4
[OK ]  |  2537 | 0x000051e9 | 0x7b | 0x7b
[OK ]  |  2538 | 0x000051ea | 0xfd | 0xfd
[OK ]  |  2539 | 0x000051eb | 0xff | 0xff
[OK ]  |  2540 | 0x000051ec | 0x1a | 0x1a
[OK ]  |  2541 | 0x000051ed | 0x69 | 0x69
[OK ]  |  2542 | 0x000051ee | 0xff | 0xff
[OK ]  |  2543 | 0x000051ef | 0xff | 0xff
[OK ]  |  2544 | 0x000051f0 | 0x4a | 0x4a
[OK ]  |  2545 | 0x000051f1 | 0x62 | 0x62
[OK ]  |  2546 | 0x000051f2 | 0x00 | 0x00
[OK ]  |  2547 | 0x000051f3 | 0x00 | 0x00
[OK ]  |  2548 | 0x000051f4 | 0x57 | 0x57
[OK ]  |  2549 | 0x000051f5 | 0x19 | 0x19
[OK ]  |  2550 | 0x000051f6 | 0x01 | 0x01
[OK ]  |  2551 | 0x000051f7 | 0x00 | 0x00
[OK ]  |  2552 | 0x000051f8 | 0xc7 | 0xc7
[OK ]  |  2553 | 0x000051f9 | 0x33 | 0x33
[OK ]  |  2554 | 0x000051fa | 0x00 | 0x00
[OK ]  |  2555 | 0x000051fb | 0x00 | 0x00
[OK ]  |  2556 | 0x000051fc | 0x7e | 0x7e
[OK ]  |  2557 | 0x000051fd | 0xbf | 0xbf
[OK ]  |  2558 | 0x000051fe | 0x00 | 0x00
[OK ]  |  2559 | 0x000051ff | 0x00 | 0x00
[OK ]  |  2560 | 0x00005200 | 0x66 | 0x66
[OK ]  |  2561 | 0x00005201 | 0x75 | 0x75
[OK ]  |  2562 | 0x00005202 | 0xfe | 0xfe
[OK ]  |  2563 | 0x00005203 | 0xff | 0xff
[OK ]  |  2564 | 0x00005204 | 0xa6 | 0xa6
[OK ]  |  2565 | 0x00005205 | 0xeb | 0xeb
[OK ]  |  2566 | 0x00005206 | 0x01 | 0x01
[OK ]  |  2567 | 0x00005207 | 0x00 | 0x00
[OK ]  |  2568 | 0x00005208 | 0x64 | 0x64
[OK ]  |  2569 | 0x00005209 | 0x34 | 0x34
[OK ]  |  2570 | 0x0000520a | 0x00 | 0x00
[OK ]  |  2571 | 0x0000520b | 0x00 | 0x00
[OK ]  |  2572 | 0x0000520c | 0xf2 | 0xf2
[OK ]  |  2573 | 0x0000520d | 0x0a | 0x0a
[OK ]  |  2574 | 0x0000520e | 0x01 | 0x01
[OK ]  |  2575 | 0x0000520f | 0x00 | 0x00
[OK ]  |  2576 | 0x00005210 | 0xc2 | 0xc2
[OK ]  |  2577 | 0x00005211 | 0xd6 | 0xd6
[OK ]  |  2578 | 0x00005212 | 0xff | 0xff
[OK ]  |  2579 | 0x00005213 | 0xff | 0xff
[OK ]  |  2580 | 0x00005214 | 0xae | 0xae
[OK ]  |  2581 | 0x00005215 | 0xce | 0xce
[OK ]  |  2582 | 0x00005216 | 0xff | 0xff
[OK ]  |  2583 | 0x00005217 | 0xff | 0xff
[OK ]  |  2584 | 0x00005218 | 0xd3 | 0xd3
[OK ]  |  2585 | 0x00005219 | 0xeb | 0xeb
[OK ]  |  2586 | 0x0000521a | 0x00 | 0x00
[OK ]  |  2587 | 0x0000521b | 0x00 | 0x00
[OK ]  |  2588 | 0x0000521c | 0x7d | 0x7d
[OK ]  |  2589 | 0x0000521d | 0x6e | 0x6e
[OK ]  |  2590 | 0x0000521e | 0x01 | 0x01
[OK ]  |  2591 | 0x0000521f | 0x00 | 0x00
[OK ]  |  2592 | 0x00005220 | 0x4b | 0x4b
[OK ]  |  2593 | 0x00005221 | 0x37 | 0x37
[OK ]  |  2594 | 0x00005222 | 0xff | 0xff
[OK ]  |  2595 | 0x00005223 | 0xff | 0xff
[OK ]  |  2596 | 0x00005224 | 0x8a | 0x8a
[OK ]  |  2597 | 0x00005225 | 0xbe | 0xbe
[OK ]  |  2598 | 0x00005226 | 0x00 | 0x00
[OK ]  |  2599 | 0x00005227 | 0x00 | 0x00
[OK ]  |  2600 | 0x00005228 | 0x0f | 0x0f
[OK ]  |  2601 | 0x00005229 | 0xbb | 0xbb
[OK ]  |  2602 | 0x0000522a | 0x00 | 0x00
[OK ]  |  2603 | 0x0000522b | 0x00 | 0x00
[OK ]  |  2604 | 0x0000522c | 0x1b | 0x1b
[OK ]  |  2605 | 0x0000522d | 0xf8 | 0xf8
[OK ]  |  2606 | 0x0000522e | 0xfe | 0xfe
[OK ]  |  2607 | 0x0000522f | 0xff | 0xff
[OK ]  |  2608 | 0x00005230 | 0x74 | 0x74
[OK ]  |  2609 | 0x00005231 | 0x6d | 0x6d
[OK ]  |  2610 | 0x00005232 | 0xfe | 0xfe
[OK ]  |  2611 | 0x00005233 | 0xff | 0xff
[OK ]  |  2612 | 0x00005234 | 0x77 | 0x77
[OK ]  |  2613 | 0x00005235 | 0x13 | 0x13
[OK ]  |  2614 | 0x00005236 | 0x01 | 0x01
[OK ]  |  2615 | 0x00005237 | 0x00 | 0x00
[OK ]  |  2616 | 0x00005238 | 0xd5 | 0xd5
[OK ]  |  2617 | 0x00005239 | 0x2a | 0x2a
[OK ]  |  2618 | 0x0000523a | 0x02 | 0x02
[OK ]  |  2619 | 0x0000523b | 0x00 | 0x00
[OK ]  |  2620 | 0x0000523c | 0x3d | 0x3d
[OK ]  |  2621 | 0x0000523d | 0x1a | 0x1a
[OK ]  |  2622 | 0x0000523e | 0xff | 0xff
[OK ]  |  2623 | 0x0000523f | 0xff | 0xff
[OK ]  |  2624 | 0x00005240 | 0xa1 | 0xa1
[OK ]  |  2625 | 0x00005241 | 0x2f | 0x2f
[OK ]  |  2626 | 0x00005242 | 0xff | 0xff
[OK ]  |  2627 | 0x00005243 | 0xff | 0xff
[OK ]  |  2628 | 0x00005244 | 0xe1 | 0xe1
[OK ]  |  2629 | 0x00005245 | 0x65 | 0x65
[OK ]  |  2630 | 0x00005246 | 0xfe | 0xfe
[OK ]  |  2631 | 0x00005247 | 0xff | 0xff
[OK ]  |  2632 | 0x00005248 | 0xba | 0xba
[OK ]  |  2633 | 0x00005249 | 0xf8 | 0xf8
[OK ]  |  2634 | 0x0000524a | 0xfe | 0xfe
[OK ]  |  2635 | 0x0000524b | 0xff | 0xff
[OK ]  |  2636 | 0x0000524c | 0x18 | 0x18
[OK ]  |  2637 | 0x0000524d | 0x2b | 0x2b
[OK ]  |  2638 | 0x0000524e | 0x00 | 0x00
[OK ]  |  2639 | 0x0000524f | 0x00 | 0x00
[OK ]  |  2640 | 0x00005250 | 0x81 | 0x81
[OK ]  |  2641 | 0x00005251 | 0x21 | 0x21
[OK ]  |  2642 | 0x00005252 | 0xfe | 0xfe
[OK ]  |  2643 | 0x00005253 | 0xff | 0xff
[OK ]  |  2644 | 0x00005254 | 0x6d | 0x6d
[OK ]  |  2645 | 0x00005255 | 0x9a | 0x9a
[OK ]  |  2646 | 0x00005256 | 0xff | 0xff
[OK ]  |  2647 | 0x00005257 | 0xff | 0xff
[OK ]  |  2648 | 0x00005258 | 0x45 | 0x45
[OK ]  |  2649 | 0x00005259 | 0x10 | 0x10
[OK ]  |  2650 | 0x0000525a | 0x02 | 0x02
[OK ]  |  2651 | 0x0000525b | 0x00 | 0x00
[OK ]  |  2652 | 0x0000525c | 0x7f | 0x7f
[OK ]  |  2653 | 0x0000525d | 0x70 | 0x70
[OK ]  |  2654 | 0x0000525e | 0x02 | 0x02
[OK ]  |  2655 | 0x0000525f | 0x00 | 0x00
[OK ]  |  2656 | 0x00005260 | 0x04 | 0x04
[OK ]  |  2657 | 0x00005261 | 0x4f | 0x4f
[OK ]  |  2658 | 0x00005262 | 0x00 | 0x00
[OK ]  |  2659 | 0x00005263 | 0x00 | 0x00
[OK ]  |  2660 | 0x00005264 | 0x0d | 0x0d
[OK ]  |  2661 | 0x00005265 | 0x05 | 0x05
[OK ]  |  2662 | 0x00005266 | 0x00 | 0x00
[OK ]  |  2663 | 0x00005267 | 0x00 | 0x00
[OK ]  |  2664 | 0x00005268 | 0xf3 | 0xf3
[OK ]  |  2665 | 0x00005269 | 0x91 | 0x91
[OK ]  |  2666 | 0x0000526a | 0x01 | 0x01
[OK ]  |  2667 | 0x0000526b | 0x00 | 0x00
[OK ]  |  2668 | 0x0000526c | 0xaf | 0xaf
[OK ]  |  2669 | 0x0000526d | 0xf0 | 0xf0
[OK ]  |  2670 | 0x0000526e | 0x00 | 0x00
[OK ]  |  2671 | 0x0000526f | 0x00 | 0x00
[OK ]  |  2672 | 0x00005270 | 0xe6 | 0xe6
[OK ]  |  2673 | 0x00005271 | 0x64 | 0x64
[OK ]  |  2674 | 0x00005272 | 0x00 | 0x00
[OK ]  |  2675 | 0x00005273 | 0x00 | 0x00
[OK ]  |  2676 | 0x00005274 | 0xeb | 0xeb
[OK ]  |  2677 | 0x00005275 | 0x40 | 0x40
[OK ]  |  2678 | 0x00005276 | 0x01 | 0x01
[OK ]  |  2679 | 0x00005277 | 0x00 | 0x00
[OK ]  |  2680 | 0x00005278 | 0x74 | 0x74
[OK ]  |  2681 | 0x00005279 | 0x58 | 0x58
[OK ]  |  2682 | 0x0000527a | 0xff | 0xff
[OK ]  |  2683 | 0x0000527b | 0xff | 0xff
[OK ]  |  2684 | 0x0000527c | 0x66 | 0x66
[OK ]  |  2685 | 0x0000527d | 0xca | 0xca
[OK ]  |  2686 | 0x0000527e | 0x00 | 0x00
[OK ]  |  2687 | 0x0000527f | 0x00 | 0x00
[OK ]  |  2688 | 0x00005280 | 0x58 | 0x58
[OK ]  |  2689 | 0x00005281 | 0x68 | 0x68
[OK ]  |  2690 | 0x00005282 | 0xfe | 0xfe
[OK ]  |  2691 | 0x00005283 | 0xff | 0xff
[OK ]  |  2692 | 0x00005284 | 0x40 | 0x40
[OK ]  |  2693 | 0x00005285 | 0xc0 | 0xc0
[OK ]  |  2694 | 0x00005286 | 0x00 | 0x00
[OK ]  |  2695 | 0x00005287 | 0x00 | 0x00
[OK ]  |  2696 | 0x00005288 | 0xb6 | 0xb6
[OK ]  |  2697 | 0x00005289 | 0x09 | 0x09
[OK ]  |  2698 | 0x0000528a | 0xff | 0xff
[OK ]  |  2699 | 0x0000528b | 0xff | 0xff
[OK ]  |  2700 | 0x0000528c | 0x6d | 0x6d
[OK ]  |  2701 | 0x0000528d | 0x4f | 0x4f
[OK ]  |  2702 | 0x0000528e | 0x00 | 0x00
[OK ]  |  2703 | 0x0000528f | 0x00 | 0x00
[OK ]  |  2704 | 0x00005290 | 0x92 | 0x92
[OK ]  |  2705 | 0x00005291 | 0xbf | 0xbf
[OK ]  |  2706 | 0x00005292 | 0xff | 0xff
[OK ]  |  2707 | 0x00005293 | 0xff | 0xff
[OK ]  |  2708 | 0x00005294 | 0x52 | 0x52
[OK ]  |  2709 | 0x00005295 | 0x91 | 0x91
[OK ]  |  2710 | 0x00005296 | 0xff | 0xff
[OK ]  |  2711 | 0x00005297 | 0xff | 0xff
[OK ]  |  2712 | 0x00005298 | 0x4b | 0x4b
[OK ]  |  2713 | 0x00005299 | 0xf9 | 0xf9
[OK ]  |  2714 | 0x0000529a | 0x00 | 0x00
[OK ]  |  2715 | 0x0000529b | 0x00 | 0x00
[OK ]  |  2716 | 0x0000529c | 0xbb | 0xbb
[OK ]  |  2717 | 0x0000529d | 0xc1 | 0xc1
[OK ]  |  2718 | 0x0000529e | 0xfe | 0xfe
[OK ]  |  2719 | 0x0000529f | 0xff | 0xff
[OK ]  |  2720 | 0x000052a0 | 0x58 | 0x58
[OK ]  |  2721 | 0x000052a1 | 0x95 | 0x95
[OK ]  |  2722 | 0x000052a2 | 0xff | 0xff
[OK ]  |  2723 | 0x000052a3 | 0xff | 0xff
[OK ]  |  2724 | 0x000052a4 | 0x5d | 0x5d
[OK ]  |  2725 | 0x000052a5 | 0xe1 | 0xe1
[OK ]  |  2726 | 0x000052a6 | 0xfd | 0xfd
[OK ]  |  2727 | 0x000052a7 | 0xff | 0xff
[OK ]  |  2728 | 0x000052a8 | 0xcd | 0xcd
[OK ]  |  2729 | 0x000052a9 | 0x49 | 0x49
[OK ]  |  2730 | 0x000052aa | 0xff | 0xff
[OK ]  |  2731 | 0x000052ab | 0xff | 0xff
[OK ]  |  2732 | 0x000052ac | 0x87 | 0x87
[OK ]  |  2733 | 0x000052ad | 0x88 | 0x88
[OK ]  |  2734 | 0x000052ae | 0xff | 0xff
[OK ]  |  2735 | 0x000052af | 0xff | 0xff
[OK ]  |  2736 | 0x000052b0 | 0xe1 | 0xe1
[OK ]  |  2737 | 0x000052b1 | 0x62 | 0x62
[OK ]  |  2738 | 0x000052b2 | 0xff | 0xff
[OK ]  |  2739 | 0x000052b3 | 0xff | 0xff
[OK ]  |  2740 | 0x000052b4 | 0x06 | 0x06
[OK ]  |  2741 | 0x000052b5 | 0x0a | 0x0a
[OK ]  |  2742 | 0x000052b6 | 0xff | 0xff
[OK ]  |  2743 | 0x000052b7 | 0xff | 0xff
[OK ]  |  2744 | 0x000052b8 | 0x29 | 0x29
[OK ]  |  2745 | 0x000052b9 | 0x18 | 0x18
[OK ]  |  2746 | 0x000052ba | 0xff | 0xff
[OK ]  |  2747 | 0x000052bb | 0xff | 0xff
[OK ]  |  2748 | 0x000052bc | 0xe0 | 0xe0
[OK ]  |  2749 | 0x000052bd | 0xc2 | 0xc2
[OK ]  |  2750 | 0x000052be | 0xff | 0xff
[OK ]  |  2751 | 0x000052bf | 0xff | 0xff
[OK ]  |  2752 | 0x000052c0 | 0xdf | 0xdf
[OK ]  |  2753 | 0x000052c1 | 0xea | 0xea
[OK ]  |  2754 | 0x000052c2 | 0xfe | 0xfe
[OK ]  |  2755 | 0x000052c3 | 0xff | 0xff
[OK ]  |  2756 | 0x000052c4 | 0x8f | 0x8f
[OK ]  |  2757 | 0x000052c5 | 0x36 | 0x36
[OK ]  |  2758 | 0x000052c6 | 0x00 | 0x00
[OK ]  |  2759 | 0x000052c7 | 0x00 | 0x00
[OK ]  |  2760 | 0x000052c8 | 0x13 | 0x13
[OK ]  |  2761 | 0x000052c9 | 0x9c | 0x9c
[OK ]  |  2762 | 0x000052ca | 0xff | 0xff
[OK ]  |  2763 | 0x000052cb | 0xff | 0xff
[OK ]  |  2764 | 0x000052cc | 0xa8 | 0xa8
[OK ]  |  2765 | 0x000052cd | 0x6c | 0x6c
[OK ]  |  2766 | 0x000052ce | 0xfe | 0xfe
[OK ]  |  2767 | 0x000052cf | 0xff | 0xff
[OK ]  |  2768 | 0x000052d0 | 0x8d | 0x8d
[OK ]  |  2769 | 0x000052d1 | 0x05 | 0x05
[OK ]  |  2770 | 0x000052d2 | 0xff | 0xff
[OK ]  |  2771 | 0x000052d3 | 0xff | 0xff
[OK ]  |  2772 | 0x000052d4 | 0x85 | 0x85
[OK ]  |  2773 | 0x000052d5 | 0x44 | 0x44
[OK ]  |  2774 | 0x000052d6 | 0xff | 0xff
[OK ]  |  2775 | 0x000052d7 | 0xff | 0xff
[OK ]  |  2776 | 0x000052d8 | 0xd7 | 0xd7
[OK ]  |  2777 | 0x000052d9 | 0xca | 0xca
[OK ]  |  2778 | 0x000052da | 0xff | 0xff
[OK ]  |  2779 | 0x000052db | 0xff | 0xff
[OK ]  |  2780 | 0x000052dc | 0xc0 | 0xc0
[OK ]  |  2781 | 0x000052dd | 0xc2 | 0xc2
[OK ]  |  2782 | 0x000052de | 0xff | 0xff
[OK ]  |  2783 | 0x000052df | 0xff | 0xff
[OK ]  |  2784 | 0x000052e0 | 0x68 | 0x68
[OK ]  |  2785 | 0x000052e1 | 0x49 | 0x49
[OK ]  |  2786 | 0x000052e2 | 0x00 | 0x00
[OK ]  |  2787 | 0x000052e3 | 0x00 | 0x00
[OK ]  |  2788 | 0x000052e4 | 0xaf | 0xaf
[OK ]  |  2789 | 0x000052e5 | 0x42 | 0x42
[OK ]  |  2790 | 0x000052e6 | 0x01 | 0x01
[OK ]  |  2791 | 0x000052e7 | 0x00 | 0x00
[OK ]  |  2792 | 0x000052e8 | 0xfc | 0xfc
[OK ]  |  2793 | 0x000052e9 | 0x05 | 0x05
[OK ]  |  2794 | 0x000052ea | 0x01 | 0x01
[OK ]  |  2795 | 0x000052eb | 0x00 | 0x00
[OK ]  |  2796 | 0x000052ec | 0xf5 | 0xf5
[OK ]  |  2797 | 0x000052ed | 0x9d | 0x9d
[OK ]  |  2798 | 0x000052ee | 0x00 | 0x00
[OK ]  |  2799 | 0x000052ef | 0x00 | 0x00
[OK ]  |  2800 | 0x000052f0 | 0xc7 | 0xc7
[OK ]  |  2801 | 0x000052f1 | 0x55 | 0x55
[OK ]  |  2802 | 0x000052f2 | 0xff | 0xff
[OK ]  |  2803 | 0x000052f3 | 0xff | 0xff
[OK ]  |  2804 | 0x000052f4 | 0x32 | 0x32
[OK ]  |  2805 | 0x000052f5 | 0x38 | 0x38
[OK ]  |  2806 | 0x000052f6 | 0x00 | 0x00
[OK ]  |  2807 | 0x000052f7 | 0x00 | 0x00
[OK ]  |  2808 | 0x000052f8 | 0xc4 | 0xc4
[OK ]  |  2809 | 0x000052f9 | 0xb0 | 0xb0
[OK ]  |  2810 | 0x000052fa | 0xff | 0xff
[OK ]  |  2811 | 0x000052fb | 0xff | 0xff
[OK ]  |  2812 | 0x000052fc | 0xed | 0xed
[OK ]  |  2813 | 0x000052fd | 0x0a | 0x0a
[OK ]  |  2814 | 0x000052fe | 0x00 | 0x00
[OK ]  |  2815 | 0x000052ff | 0x00 | 0x00
[OK ]  |  2816 | 0x00005300 | 0x94 | 0x94
[OK ]  |  2817 | 0x00005301 | 0xd2 | 0xd2
[OK ]  |  2818 | 0x00005302 | 0xff | 0xff
[OK ]  |  2819 | 0x00005303 | 0xff | 0xff
[OK ]  |  2820 | 0x00005304 | 0xd6 | 0xd6
[OK ]  |  2821 | 0x00005305 | 0x6d | 0x6d
[OK ]  |  2822 | 0x00005306 | 0x00 | 0x00
[OK ]  |  2823 | 0x00005307 | 0x00 | 0x00
[OK ]  |  2824 | 0x00005308 | 0xc3 | 0xc3
[OK ]  |  2825 | 0x00005309 | 0xac | 0xac
[OK ]  |  2826 | 0x0000530a | 0x00 | 0x00
[OK ]  |  2827 | 0x0000530b | 0x00 | 0x00
[OK ]  |  2828 | 0x0000530c | 0x8c | 0x8c
[OK ]  |  2829 | 0x0000530d | 0xfa | 0xfa
[OK ]  |  2830 | 0x0000530e | 0x00 | 0x00
[OK ]  |  2831 | 0x0000530f | 0x00 | 0x00
[OK ]  |  2832 | 0x00005310 | 0xbb | 0xbb
[OK ]  |  2833 | 0x00005311 | 0xb3 | 0xb3
[OK ]  |  2834 | 0x00005312 | 0xff | 0xff
[OK ]  |  2835 | 0x00005313 | 0xff | 0xff
[OK ]  |  2836 | 0x00005314 | 0x92 | 0x92
[OK ]  |  2837 | 0x00005315 | 0x9d | 0x9d
[OK ]  |  2838 | 0x00005316 | 0xff | 0xff
[OK ]  |  2839 | 0x00005317 | 0xff | 0xff
[OK ]  |  2840 | 0x00005318 | 0x64 | 0x64
[OK ]  |  2841 | 0x00005319 | 0xf8 | 0xf8
[OK ]  |  2842 | 0x0000531a | 0xff | 0xff
[OK ]  |  2843 | 0x0000531b | 0xff | 0xff
[OK ]  |  2844 | 0x0000531c | 0xaa | 0xaa
[OK ]  |  2845 | 0x0000531d | 0x9f | 0x9f
[OK ]  |  2846 | 0x0000531e | 0x00 | 0x00
[OK ]  |  2847 | 0x0000531f | 0x00 | 0x00
[OK ]  |  2848 | 0x00005320 | 0xf5 | 0xf5
[OK ]  |  2849 | 0x00005321 | 0xb1 | 0xb1
[OK ]  |  2850 | 0x00005322 | 0x00 | 0x00
[OK ]  |  2851 | 0x00005323 | 0x00 | 0x00
[OK ]  |  2852 | 0x00005324 | 0x0d | 0x0d
[OK ]  |  2853 | 0x00005325 | 0xcd | 0xcd
[OK ]  |  2854 | 0x00005326 | 0x00 | 0x00
[OK ]  |  2855 | 0x00005327 | 0x00 | 0x00
[OK ]  |  2856 | 0x00005328 | 0xd3 | 0xd3
[OK ]  |  2857 | 0x00005329 | 0x64 | 0x64
[OK ]  |  2858 | 0x0000532a | 0x01 | 0x01
[OK ]  |  2859 | 0x0000532b | 0x00 | 0x00
[OK ]  |  2860 | 0x0000532c | 0xc3 | 0xc3
[OK ]  |  2861 | 0x0000532d | 0x12 | 0x12
[OK ]  |  2862 | 0x0000532e | 0x00 | 0x00
[OK ]  |  2863 | 0x0000532f | 0x00 | 0x00
[OK ]  |  2864 | 0x00005330 | 0x30 | 0x30
[OK ]  |  2865 | 0x00005331 | 0xfd | 0xfd
[OK ]  |  2866 | 0x00005332 | 0xfe | 0xfe
[OK ]  |  2867 | 0x00005333 | 0xff | 0xff
[OK ]  |  2868 | 0x00005334 | 0x57 | 0x57
[OK ]  |  2869 | 0x00005335 | 0x81 | 0x81
[OK ]  |  2870 | 0x00005336 | 0x00 | 0x00
[OK ]  |  2871 | 0x00005337 | 0x00 | 0x00
[OK ]  |  2872 | 0x00005338 | 0x1a | 0x1a
[OK ]  |  2873 | 0x00005339 | 0x17 | 0x17
[OK ]  |  2874 | 0x0000533a | 0x01 | 0x01
[OK ]  |  2875 | 0x0000533b | 0x00 | 0x00
[OK ]  |  2876 | 0x0000533c | 0x30 | 0x30
[OK ]  |  2877 | 0x0000533d | 0x29 | 0x29
[OK ]  |  2878 | 0x0000533e | 0x01 | 0x01
[OK ]  |  2879 | 0x0000533f | 0x00 | 0x00
[OK ]  |  2880 | 0x00005340 | 0xf7 | 0xf7
[OK ]  |  2881 | 0x00005341 | 0xa5 | 0xa5
[OK ]  |  2882 | 0x00005342 | 0xff | 0xff
[OK ]  |  2883 | 0x00005343 | 0xff | 0xff
[OK ]  |  2884 | 0x00005344 | 0xe1 | 0xe1
[OK ]  |  2885 | 0x00005345 | 0x2b | 0x2b
[OK ]  |  2886 | 0x00005346 | 0x00 | 0x00
[OK ]  |  2887 | 0x00005347 | 0x00 | 0x00
[OK ]  |  2888 | 0x00005348 | 0xf6 | 0xf6
[OK ]  |  2889 | 0x00005349 | 0x0f | 0x0f
[OK ]  |  2890 | 0x0000534a | 0xfe | 0xfe
[OK ]  |  2891 | 0x0000534b | 0xff | 0xff
[OK ]  |  2892 | 0x0000534c | 0x4f | 0x4f
[OK ]  |  2893 | 0x0000534d | 0xea | 0xea
[OK ]  |  2894 | 0x0000534e | 0xfd | 0xfd
[OK ]  |  2895 | 0x0000534f | 0xff | 0xff
[OK ]  |  2896 | 0x00005350 | 0xa4 | 0xa4
[OK ]  |  2897 | 0x00005351 | 0xe2 | 0xe2
[OK ]  |  2898 | 0x00005352 | 0xfe | 0xfe
[OK ]  |  2899 | 0x00005353 | 0xff | 0xff
[OK ]  |  2900 | 0x00005354 | 0xa0 | 0xa0
[OK ]  |  2901 | 0x00005355 | 0xaf | 0xaf
[OK ]  |  2902 | 0x00005356 | 0x00 | 0x00
[OK ]  |  2903 | 0x00005357 | 0x00 | 0x00
[OK ]  |  2904 | 0x00005358 | 0xc8 | 0xc8
[OK ]  |  2905 | 0x00005359 | 0x81 | 0x81
[OK ]  |  2906 | 0x0000535a | 0x02 | 0x02
[OK ]  |  2907 | 0x0000535b | 0x00 | 0x00
[OK ]  |  2908 | 0x0000535c | 0x3a | 0x3a
[OK ]  |  2909 | 0x0000535d | 0x8c | 0x8c
[OK ]  |  2910 | 0x0000535e | 0x01 | 0x01
[OK ]  |  2911 | 0x0000535f | 0x00 | 0x00
[OK ]  |  2912 | 0x00005360 | 0xe5 | 0xe5
[OK ]  |  2913 | 0x00005361 | 0x88 | 0x88
[OK ]  |  2914 | 0x00005362 | 0x00 | 0x00
[OK ]  |  2915 | 0x00005363 | 0x00 | 0x00
[OK ]  |  2916 | 0x00005364 | 0xfe | 0xfe
[OK ]  |  2917 | 0x00005365 | 0xda | 0xda
[OK ]  |  2918 | 0x00005366 | 0xff | 0xff
[OK ]  |  2919 | 0x00005367 | 0xff | 0xff
[OK ]  |  2920 | 0x00005368 | 0x41 | 0x41
[OK ]  |  2921 | 0x00005369 | 0xf1 | 0xf1
[OK ]  |  2922 | 0x0000536a | 0xff | 0xff
[OK ]  |  2923 | 0x0000536b | 0xff | 0xff
[OK ]  |  2924 | 0x0000536c | 0x02 | 0x02
[OK ]  |  2925 | 0x0000536d | 0x67 | 0x67
[OK ]  |  2926 | 0x0000536e | 0xfe | 0xfe
[OK ]  |  2927 | 0x0000536f | 0xff | 0xff
[OK ]  |  2928 | 0x00005370 | 0xb9 | 0xb9
[OK ]  |  2929 | 0x00005371 | 0x12 | 0x12
[OK ]  |  2930 | 0x00005372 | 0x00 | 0x00
[OK ]  |  2931 | 0x00005373 | 0x00 | 0x00
[OK ]  |  2932 | 0x00005374 | 0xbe | 0xbe
[OK ]  |  2933 | 0x00005375 | 0x92 | 0x92
[OK ]  |  2934 | 0x00005376 | 0x00 | 0x00
[OK ]  |  2935 | 0x00005377 | 0x00 | 0x00
[OK ]  |  2936 | 0x00005378 | 0x66 | 0x66
[OK ]  |  2937 | 0x00005379 | 0xa2 | 0xa2
[OK ]  |  2938 | 0x0000537a | 0xfe | 0xfe
[OK ]  |  2939 | 0x0000537b | 0xff | 0xff
[OK ]  |  2940 | 0x0000537c | 0xf1 | 0xf1
[OK ]  |  2941 | 0x0000537d | 0xca | 0xca
[OK ]  |  2942 | 0x0000537e | 0xff | 0xff
[OK ]  |  2943 | 0x0000537f | 0xff | 0xff
[OK ]  |  2944 | 0x00005380 | 0xa9 | 0xa9
[OK ]  |  2945 | 0x00005381 | 0xf2 | 0xf2
[OK ]  |  2946 | 0x00005382 | 0xfe | 0xfe
[OK ]  |  2947 | 0x00005383 | 0xff | 0xff
[OK ]  |  2948 | 0x00005384 | 0x60 | 0x60
[OK ]  |  2949 | 0x00005385 | 0xc2 | 0xc2
[OK ]  |  2950 | 0x00005386 | 0xfe | 0xfe
[OK ]  |  2951 | 0x00005387 | 0xff | 0xff
[OK ]  |  2952 | 0x00005388 | 0x6f | 0x6f
[OK ]  |  2953 | 0x00005389 | 0xf9 | 0xf9
[OK ]  |  2954 | 0x0000538a | 0xfe | 0xfe
[OK ]  |  2955 | 0x0000538b | 0xff | 0xff
[OK ]  |  2956 | 0x0000538c | 0xf9 | 0xf9
[OK ]  |  2957 | 0x0000538d | 0xbe | 0xbe
[OK ]  |  2958 | 0x0000538e | 0xfe | 0xfe
[OK ]  |  2959 | 0x0000538f | 0xff | 0xff
[OK ]  |  2960 | 0x00005390 | 0x20 | 0x20
[OK ]  |  2961 | 0x00005391 | 0x01 | 0x01
[OK ]  |  2962 | 0x00005392 | 0x01 | 0x01
[OK ]  |  2963 | 0x00005393 | 0x00 | 0x00
[OK ]  |  2964 | 0x00005394 | 0x69 | 0x69
[OK ]  |  2965 | 0x00005395 | 0x41 | 0x41
[OK ]  |  2966 | 0x00005396 | 0xfe | 0xfe
[OK ]  |  2967 | 0x00005397 | 0xff | 0xff
[OK ]  |  2968 | 0x00005398 | 0x3a | 0x3a
[OK ]  |  2969 | 0x00005399 | 0xc0 | 0xc0
[OK ]  |  2970 | 0x0000539a | 0xff | 0xff
[OK ]  |  2971 | 0x0000539b | 0xff | 0xff
[OK ]  |  2972 | 0x0000539c | 0x8b | 0x8b
[OK ]  |  2973 | 0x0000539d | 0x2b | 0x2b
[OK ]  |  2974 | 0x0000539e | 0x00 | 0x00
[OK ]  |  2975 | 0x0000539f | 0x00 | 0x00
[OK ]  |  2976 | 0x000053a0 | 0xe0 | 0xe0
[OK ]  |  2977 | 0x000053a1 | 0x01 | 0x01
[OK ]  |  2978 | 0x000053a2 | 0x00 | 0x00
[OK ]  |  2979 | 0x000053a3 | 0x00 | 0x00
[OK ]  |  2980 | 0x000053a4 | 0x36 | 0x36
[OK ]  |  2981 | 0x000053a5 | 0x29 | 0x29
[OK ]  |  2982 | 0x000053a6 | 0x02 | 0x02
[OK ]  |  2983 | 0x000053a7 | 0x00 | 0x00
[OK ]  |  2984 | 0x000053a8 | 0xc8 | 0xc8
[OK ]  |  2985 | 0x000053a9 | 0x42 | 0x42
[OK ]  |  2986 | 0x000053aa | 0xfe | 0xfe
[OK ]  |  2987 | 0x000053ab | 0xff | 0xff
[OK ]  |  2988 | 0x000053ac | 0x93 | 0x93
[OK ]  |  2989 | 0x000053ad | 0x8f | 0x8f
[OK ]  |  2990 | 0x000053ae | 0x00 | 0x00
[OK ]  |  2991 | 0x000053af | 0x00 | 0x00
[OK ]  |  2992 | 0x000053b0 | 0xc6 | 0xc6
[OK ]  |  2993 | 0x000053b1 | 0x45 | 0x45
[OK ]  |  2994 | 0x000053b2 | 0xfd | 0xfd
[OK ]  |  2995 | 0x000053b3 | 0xff | 0xff
[OK ]  |  2996 | 0x000053b4 | 0x54 | 0x54
[OK ]  |  2997 | 0x000053b5 | 0xdb | 0xdb
[OK ]  |  2998 | 0x000053b6 | 0xff | 0xff
[OK ]  |  2999 | 0x000053b7 | 0xff | 0xff
[OK ]  |  3000 | 0x000053b8 | 0x33 | 0x33
[OK ]  |  3001 | 0x000053b9 | 0x47 | 0x47
[OK ]  |  3002 | 0x000053ba | 0xff | 0xff
[OK ]  |  3003 | 0x000053bb | 0xff | 0xff
[OK ]  |  3004 | 0x000053bc | 0x57 | 0x57
[OK ]  |  3005 | 0x000053bd | 0xca | 0xca
[OK ]  |  3006 | 0x000053be | 0x00 | 0x00
[OK ]  |  3007 | 0x000053bf | 0x00 | 0x00
[OK ]  |  3008 | 0x000053c0 | 0x1f | 0x1f
[OK ]  |  3009 | 0x000053c1 | 0x0f | 0x0f
[OK ]  |  3010 | 0x000053c2 | 0xff | 0xff
[OK ]  |  3011 | 0x000053c3 | 0xff | 0xff
[OK ]  |  3012 | 0x000053c4 | 0x9d | 0x9d
[OK ]  |  3013 | 0x000053c5 | 0x16 | 0x16
[OK ]  |  3014 | 0x000053c6 | 0x00 | 0x00
[OK ]  |  3015 | 0x000053c7 | 0x00 | 0x00
[OK ]  |  3016 | 0x000053c8 | 0x62 | 0x62
[OK ]  |  3017 | 0x000053c9 | 0x27 | 0x27
[OK ]  |  3018 | 0x000053ca | 0x00 | 0x00
[OK ]  |  3019 | 0x000053cb | 0x00 | 0x00
[OK ]  |  3020 | 0x000053cc | 0xef | 0xef
[OK ]  |  3021 | 0x000053cd | 0xd9 | 0xd9
[OK ]  |  3022 | 0x000053ce | 0xff | 0xff
[OK ]  |  3023 | 0x000053cf | 0xff | 0xff
[OK ]  |  3024 | 0x000053d0 | 0x8f | 0x8f
[OK ]  |  3025 | 0x000053d1 | 0x27 | 0x27
[OK ]  |  3026 | 0x000053d2 | 0xff | 0xff
[OK ]  |  3027 | 0x000053d3 | 0xff | 0xff
[OK ]  |  3028 | 0x000053d4 | 0xa2 | 0xa2
[OK ]  |  3029 | 0x000053d5 | 0xca | 0xca
[OK ]  |  3030 | 0x000053d6 | 0xfe | 0xfe
[OK ]  |  3031 | 0x000053d7 | 0xff | 0xff
[OK ]  |  3032 | 0x000053d8 | 0xbf | 0xbf
[OK ]  |  3033 | 0x000053d9 | 0xec | 0xec
[OK ]  |  3034 | 0x000053da | 0xff | 0xff
[OK ]  |  3035 | 0x000053db | 0xff | 0xff
[OK ]  |  3036 | 0x000053dc | 0xaa | 0xaa
[OK ]  |  3037 | 0x000053dd | 0x6e | 0x6e
[OK ]  |  3038 | 0x000053de | 0x00 | 0x00
[OK ]  |  3039 | 0x000053df | 0x00 | 0x00
[OK ]  |  3040 | 0x000053e0 | 0x91 | 0x91
[OK ]  |  3041 | 0x000053e1 | 0x23 | 0x23
[OK ]  |  3042 | 0x000053e2 | 0x00 | 0x00
[OK ]  |  3043 | 0x000053e3 | 0x00 | 0x00
[OK ]  |  3044 | 0x000053e4 | 0x50 | 0x50
[OK ]  |  3045 | 0x000053e5 | 0xf1 | 0xf1
[OK ]  |  3046 | 0x000053e6 | 0x01 | 0x01
[OK ]  |  3047 | 0x000053e7 | 0x00 | 0x00
[OK ]  |  3048 | 0x000053e8 | 0x24 | 0x24
[OK ]  |  3049 | 0x000053e9 | 0xcf | 0xcf
[OK ]  |  3050 | 0x000053ea | 0x00 | 0x00
[OK ]  |  3051 | 0x000053eb | 0x00 | 0x00
[OK ]  |  3052 | 0x000053ec | 0x48 | 0x48
[OK ]  |  3053 | 0x000053ed | 0x92 | 0x92
[OK ]  |  3054 | 0x000053ee | 0x00 | 0x00
[OK ]  |  3055 | 0x000053ef | 0x00 | 0x00
[OK ]  |  3056 | 0x000053f0 | 0xe9 | 0xe9
[OK ]  |  3057 | 0x000053f1 | 0x91 | 0x91
[OK ]  |  3058 | 0x000053f2 | 0x00 | 0x00
[OK ]  |  3059 | 0x000053f3 | 0x00 | 0x00
[OK ]  |  3060 | 0x000053f4 | 0xce | 0xce
[OK ]  |  3061 | 0x000053f5 | 0xc4 | 0xc4
[OK ]  |  3062 | 0x000053f6 | 0x00 | 0x00
[OK ]  |  3063 | 0x000053f7 | 0x00 | 0x00
[OK ]  |  3064 | 0x000053f8 | 0x67 | 0x67
[OK ]  |  3065 | 0x000053f9 | 0xa8 | 0xa8
[OK ]  |  3066 | 0x000053fa | 0xff | 0xff
[OK ]  |  3067 | 0x000053fb | 0xff | 0xff
[OK ]  |  3068 | 0x000053fc | 0xf3 | 0xf3
[OK ]  |  3069 | 0x000053fd | 0x14 | 0x14
[OK ]  |  3070 | 0x000053fe | 0x00 | 0x00
[OK ]  |  3071 | 0x000053ff | 0x00 | 0x00
[OK ]  |  3072 | 0x00005400 | 0x11 | 0x11
[OK ]  |  3073 | 0x00005401 | 0x7c | 0x7c
[OK ]  |  3074 | 0x00005402 | 0x00 | 0x00
[OK ]  |  3075 | 0x00005403 | 0x00 | 0x00
[OK ]  |  3076 | 0x00005404 | 0xb5 | 0xb5
[OK ]  |  3077 | 0x00005405 | 0xb4 | 0xb4
[OK ]  |  3078 | 0x00005406 | 0x00 | 0x00
[OK ]  |  3079 | 0x00005407 | 0x00 | 0x00
[OK ]  |  3080 | 0x00005408 | 0xb5 | 0xb5
[OK ]  |  3081 | 0x00005409 | 0xe1 | 0xe1
[OK ]  |  3082 | 0x0000540a | 0x02 | 0x02
[OK ]  |  3083 | 0x0000540b | 0x00 | 0x00
[OK ]  |  3084 | 0x0000540c | 0x90 | 0x90
[OK ]  |  3085 | 0x0000540d | 0x16 | 0x16
[OK ]  |  3086 | 0x0000540e | 0x01 | 0x01
[OK ]  |  3087 | 0x0000540f | 0x00 | 0x00
[OK ]  |  3088 | 0x00005410 | 0x83 | 0x83
[OK ]  |  3089 | 0x00005411 | 0x64 | 0x64
[OK ]  |  3090 | 0x00005412 | 0xff | 0xff
[OK ]  |  3091 | 0x00005413 | 0xff | 0xff
[OK ]  |  3092 | 0x00005414 | 0x63 | 0x63
[OK ]  |  3093 | 0x00005415 | 0x69 | 0x69
[OK ]  |  3094 | 0x00005416 | 0xfd | 0xfd
[OK ]  |  3095 | 0x00005417 | 0xff | 0xff
[OK ]  |  3096 | 0x00005418 | 0x94 | 0x94
[OK ]  |  3097 | 0x00005419 | 0xfe | 0xfe
[OK ]  |  3098 | 0x0000541a | 0xff | 0xff
[OK ]  |  3099 | 0x0000541b | 0xff | 0xff
[OK ]  |  3100 | 0x0000541c | 0x34 | 0x34
[OK ]  |  3101 | 0x0000541d | 0xdb | 0xdb
[OK ]  |  3102 | 0x0000541e | 0xfe | 0xfe
[OK ]  |  3103 | 0x0000541f | 0xff | 0xff
[OK ]  |  3104 | 0x00005420 | 0x2d | 0x2d
[OK ]  |  3105 | 0x00005421 | 0xdc | 0xdc
[OK ]  |  3106 | 0x00005422 | 0xfe | 0xfe
[OK ]  |  3107 | 0x00005423 | 0xff | 0xff
[OK ]  |  3108 | 0x00005424 | 0x58 | 0x58
[OK ]  |  3109 | 0x00005425 | 0x80 | 0x80
[OK ]  |  3110 | 0x00005426 | 0xff | 0xff
[OK ]  |  3111 | 0x00005427 | 0xff | 0xff
[OK ]  |  3112 | 0x00005428 | 0x3a | 0x3a
[OK ]  |  3113 | 0x00005429 | 0xb7 | 0xb7
[OK ]  |  3114 | 0x0000542a | 0x00 | 0x00
[OK ]  |  3115 | 0x0000542b | 0x00 | 0x00
[OK ]  |  3116 | 0x0000542c | 0x1f | 0x1f
[OK ]  |  3117 | 0x0000542d | 0x31 | 0x31
[OK ]  |  3118 | 0x0000542e | 0x01 | 0x01
[OK ]  |  3119 | 0x0000542f | 0x00 | 0x00
[OK ]  |  3120 | 0x00005430 | 0x32 | 0x32
[OK ]  |  3121 | 0x00005431 | 0x70 | 0x70
[OK ]  |  3122 | 0x00005432 | 0xff | 0xff
[OK ]  |  3123 | 0x00005433 | 0xff | 0xff
[OK ]  |  3124 | 0x00005434 | 0x37 | 0x37
[OK ]  |  3125 | 0x00005435 | 0x9a | 0x9a
[OK ]  |  3126 | 0x00005436 | 0x02 | 0x02
[OK ]  |  3127 | 0x00005437 | 0x00 | 0x00
[OK ]  |  3128 | 0x00005438 | 0xf3 | 0xf3
[OK ]  |  3129 | 0x00005439 | 0xc2 | 0xc2
[OK ]  |  3130 | 0x0000543a | 0x00 | 0x00
[OK ]  |  3131 | 0x0000543b | 0x00 | 0x00
[OK ]  |  3132 | 0x0000543c | 0x9b | 0x9b
[OK ]  |  3133 | 0x0000543d | 0x70 | 0x70
[OK ]  |  3134 | 0x0000543e | 0x00 | 0x00
[OK ]  |  3135 | 0x0000543f | 0x00 | 0x00
[OK ]  |  3136 | 0x00005440 | 0x47 | 0x47
[OK ]  |  3137 | 0x00005441 | 0xb1 | 0xb1
[OK ]  |  3138 | 0x00005442 | 0xff | 0xff
[OK ]  |  3139 | 0x00005443 | 0xff | 0xff
[OK ]  |  3140 | 0x00005444 | 0x6a | 0x6a
[OK ]  |  3141 | 0x00005445 | 0x53 | 0x53
[OK ]  |  3142 | 0x00005446 | 0xfe | 0xfe
[OK ]  |  3143 | 0x00005447 | 0xff | 0xff
[OK ]  |  3144 | 0x00005448 | 0xe5 | 0xe5
[OK ]  |  3145 | 0x00005449 | 0xc4 | 0xc4
[OK ]  |  3146 | 0x0000544a | 0x00 | 0x00
[OK ]  |  3147 | 0x0000544b | 0x00 | 0x00
[OK ]  |  3148 | 0x0000544c | 0xec | 0xec
[OK ]  |  3149 | 0x0000544d | 0xbc | 0xbc
[OK ]  |  3150 | 0x0000544e | 0xff | 0xff
[OK ]  |  3151 | 0x0000544f | 0xff | 0xff
[OK ]  |  3152 | 0x00005450 | 0xbd | 0xbd
[OK ]  |  3153 | 0x00005451 | 0x2e | 0x2e
[OK ]  |  3154 | 0x00005452 | 0xff | 0xff
[OK ]  |  3155 | 0x00005453 | 0xff | 0xff
[OK ]  |  3156 | 0x00005454 | 0xde | 0xde
[OK ]  |  3157 | 0x00005455 | 0xf5 | 0xf5
[OK ]  |  3158 | 0x00005456 | 0x00 | 0x00
[OK ]  |  3159 | 0x00005457 | 0x00 | 0x00
[OK ]  |  3160 | 0x00005458 | 0x8a | 0x8a
[OK ]  |  3161 | 0x00005459 | 0xdc | 0xdc
[OK ]  |  3162 | 0x0000545a | 0xfe | 0xfe
[OK ]  |  3163 | 0x0000545b | 0xff | 0xff
[OK ]  |  3164 | 0x0000545c | 0x1e | 0x1e
[OK ]  |  3165 | 0x0000545d | 0x8f | 0x8f
[OK ]  |  3166 | 0x0000545e | 0xff | 0xff
[OK ]  |  3167 | 0x0000545f | 0xff | 0xff
[OK ]  |  3168 | 0x00005460 | 0xd2 | 0xd2
[OK ]  |  3169 | 0x00005461 | 0x9e | 0x9e
[OK ]  |  3170 | 0x00005462 | 0x00 | 0x00
[OK ]  |  3171 | 0x00005463 | 0x00 | 0x00
[OK ]  |  3172 | 0x00005464 | 0xf4 | 0xf4
[OK ]  |  3173 | 0x00005465 | 0xd7 | 0xd7
[OK ]  |  3174 | 0x00005466 | 0x00 | 0x00
[OK ]  |  3175 | 0x00005467 | 0x00 | 0x00
[OK ]  |  3176 | 0x00005468 | 0xcb | 0xcb
[OK ]  |  3177 | 0x00005469 | 0x3e | 0x3e
[OK ]  |  3178 | 0x0000546a | 0x01 | 0x01
[OK ]  |  3179 | 0x0000546b | 0x00 | 0x00
[OK ]  |  3180 | 0x0000546c | 0x76 | 0x76
[OK ]  |  3181 | 0x0000546d | 0xd5 | 0xd5
[OK ]  |  3182 | 0x0000546e | 0x00 | 0x00
[OK ]  |  3183 | 0x0000546f | 0x00 | 0x00
[OK ]  |  3184 | 0x00005470 | 0x10 | 0x10
[OK ]  |  3185 | 0x00005471 | 0xde | 0xde
[OK ]  |  3186 | 0x00005472 | 0x00 | 0x00
[OK ]  |  3187 | 0x00005473 | 0x00 | 0x00
[OK ]  |  3188 | 0x00005474 | 0x0b | 0x0b
[OK ]  |  3189 | 0x00005475 | 0x16 | 0x16
[OK ]  |  3190 | 0x00005476 | 0xff | 0xff
[OK ]  |  3191 | 0x00005477 | 0xff | 0xff
[OK ]  |  3192 | 0x00005478 | 0xf7 | 0xf7
[OK ]  |  3193 | 0x00005479 | 0x52 | 0x52
[OK ]  |  3194 | 0x0000547a | 0x00 | 0x00
[OK ]  |  3195 | 0x0000547b | 0x00 | 0x00
[OK ]  |  3196 | 0x0000547c | 0xf2 | 0xf2
[OK ]  |  3197 | 0x0000547d | 0xfa | 0xfa
[OK ]  |  3198 | 0x0000547e | 0x00 | 0x00
[OK ]  |  3199 | 0x0000547f | 0x00 | 0x00
[OK ]  |  3200 | 0x00005480 | 0x5d | 0x5d
[OK ]  |  3201 | 0x00005481 | 0x4d | 0x4d
[OK ]  |  3202 | 0x00005482 | 0x01 | 0x01
[OK ]  |  3203 | 0x00005483 | 0x00 | 0x00
[OK ]  |  3204 | 0x00005484 | 0xb8 | 0xb8
[OK ]  |  3205 | 0x00005485 | 0x79 | 0x79
[OK ]  |  3206 | 0x00005486 | 0xff | 0xff
[OK ]  |  3207 | 0x00005487 | 0xff | 0xff
[OK ]  |  3208 | 0x00005488 | 0xe8 | 0xe8
[OK ]  |  3209 | 0x00005489 | 0x6f | 0x6f
[OK ]  |  3210 | 0x0000548a | 0x00 | 0x00
[OK ]  |  3211 | 0x0000548b | 0x00 | 0x00
[OK ]  |  3212 | 0x0000548c | 0xad | 0xad
[OK ]  |  3213 | 0x0000548d | 0x7f | 0x7f
[OK ]  |  3214 | 0x0000548e | 0x00 | 0x00
[OK ]  |  3215 | 0x0000548f | 0x00 | 0x00
[OK ]  |  3216 | 0x00005490 | 0x91 | 0x91
[OK ]  |  3217 | 0x00005491 | 0x6c | 0x6c
[OK ]  |  3218 | 0x00005492 | 0x01 | 0x01
[OK ]  |  3219 | 0x00005493 | 0x00 | 0x00
[OK ]  |  3220 | 0x00005494 | 0x22 | 0x22
[OK ]  |  3221 | 0x00005495 | 0x17 | 0x17
[OK ]  |  3222 | 0x00005496 | 0x00 | 0x00
[OK ]  |  3223 | 0x00005497 | 0x00 | 0x00
[OK ]  |  3224 | 0x00005498 | 0x9b | 0x9b
[OK ]  |  3225 | 0x00005499 | 0xda | 0xda
[OK ]  |  3226 | 0x0000549a | 0xff | 0xff
[OK ]  |  3227 | 0x0000549b | 0xff | 0xff
[OK ]  |  3228 | 0x0000549c | 0x1e | 0x1e
[OK ]  |  3229 | 0x0000549d | 0x19 | 0x19
[OK ]  |  3230 | 0x0000549e | 0x02 | 0x02
[OK ]  |  3231 | 0x0000549f | 0x00 | 0x00
[OK ]  |  3232 | 0x000054a0 | 0xca | 0xca
[OK ]  |  3233 | 0x000054a1 | 0x25 | 0x25
[OK ]  |  3234 | 0x000054a2 | 0xfe | 0xfe
[OK ]  |  3235 | 0x000054a3 | 0xff | 0xff
[OK ]  |  3236 | 0x000054a4 | 0x12 | 0x12
[OK ]  |  3237 | 0x000054a5 | 0x07 | 0x07
[OK ]  |  3238 | 0x000054a6 | 0xfe | 0xfe
[OK ]  |  3239 | 0x000054a7 | 0xff | 0xff
[OK ]  |  3240 | 0x000054a8 | 0x11 | 0x11
[OK ]  |  3241 | 0x000054a9 | 0x49 | 0x49
[OK ]  |  3242 | 0x000054aa | 0x00 | 0x00
[OK ]  |  3243 | 0x000054ab | 0x00 | 0x00
[OK ]  |  3244 | 0x000054ac | 0x67 | 0x67
[OK ]  |  3245 | 0x000054ad | 0x46 | 0x46
[OK ]  |  3246 | 0x000054ae | 0x00 | 0x00
[OK ]  |  3247 | 0x000054af | 0x00 | 0x00
[OK ]  |  3248 | 0x000054b0 | 0xe7 | 0xe7
[OK ]  |  3249 | 0x000054b1 | 0x3c | 0x3c
[OK ]  |  3250 | 0x000054b2 | 0x02 | 0x02
[OK ]  |  3251 | 0x000054b3 | 0x00 | 0x00
[OK ]  |  3252 | 0x000054b4 | 0x05 | 0x05
[OK ]  |  3253 | 0x000054b5 | 0xad | 0xad
[OK ]  |  3254 | 0x000054b6 | 0xff | 0xff
[OK ]  |  3255 | 0x000054b7 | 0xff | 0xff
[OK ]  |  3256 | 0x000054b8 | 0x08 | 0x08
[OK ]  |  3257 | 0x000054b9 | 0x85 | 0x85
[OK ]  |  3258 | 0x000054ba | 0xff | 0xff
[OK ]  |  3259 | 0x000054bb | 0xff | 0xff
[OK ]  |  3260 | 0x000054bc | 0x52 | 0x52
[OK ]  |  3261 | 0x000054bd | 0xb5 | 0xb5
[OK ]  |  3262 | 0x000054be | 0xfe | 0xfe
[OK ]  |  3263 | 0x000054bf | 0xff | 0xff
[OK ]  |  3264 | 0x000054c0 | 0xc0 | 0xc0
[OK ]  |  3265 | 0x000054c1 | 0xbc | 0xbc
[OK ]  |  3266 | 0x000054c2 | 0x00 | 0x00
[OK ]  |  3267 | 0x000054c3 | 0x00 | 0x00
[OK ]  |  3268 | 0x000054c4 | 0xee | 0xee
[OK ]  |  3269 | 0x000054c5 | 0x68 | 0x68
[OK ]  |  3270 | 0x000054c6 | 0x00 | 0x00
[OK ]  |  3271 | 0x000054c7 | 0x00 | 0x00
[OK ]  |  3272 | 0x000054c8 | 0x53 | 0x53
[OK ]  |  3273 | 0x000054c9 | 0xce | 0xce
[OK ]  |  3274 | 0x000054ca | 0x00 | 0x00
[OK ]  |  3275 | 0x000054cb | 0x00 | 0x00
[OK ]  |  3276 | 0x000054cc | 0x15 | 0x15
[OK ]  |  3277 | 0x000054cd | 0xa9 | 0xa9
[OK ]  |  3278 | 0x000054ce | 0x01 | 0x01
[OK ]  |  3279 | 0x000054cf | 0x00 | 0x00
[OK ]  |  3280 | 0x000054d0 | 0xdb | 0xdb
[OK ]  |  3281 | 0x000054d1 | 0xeb | 0xeb
[OK ]  |  3282 | 0x000054d2 | 0x00 | 0x00
[OK ]  |  3283 | 0x000054d3 | 0x00 | 0x00
[OK ]  |  3284 | 0x000054d4 | 0xf7 | 0xf7
[OK ]  |  3285 | 0x000054d5 | 0xac | 0xac
[OK ]  |  3286 | 0x000054d6 | 0xfe | 0xfe
[OK ]  |  3287 | 0x000054d7 | 0xff | 0xff
[OK ]  |  3288 | 0x000054d8 | 0xd8 | 0xd8
[OK ]  |  3289 | 0x000054d9 | 0x83 | 0x83
[OK ]  |  3290 | 0x000054da | 0x00 | 0x00
[OK ]  |  3291 | 0x000054db | 0x00 | 0x00
[OK ]  |  3292 | 0x000054dc | 0xe2 | 0xe2
[OK ]  |  3293 | 0x000054dd | 0xc9 | 0xc9
[OK ]  |  3294 | 0x000054de | 0x01 | 0x01
[OK ]  |  3295 | 0x000054df | 0x00 | 0x00
[OK ]  |  3296 | 0x000054e0 | 0x90 | 0x90
[OK ]  |  3297 | 0x000054e1 | 0x59 | 0x59
[OK ]  |  3298 | 0x000054e2 | 0x00 | 0x00
[OK ]  |  3299 | 0x000054e3 | 0x00 | 0x00
[OK ]  |  3300 | 0x000054e4 | 0xbe | 0xbe
[OK ]  |  3301 | 0x000054e5 | 0xdb | 0xdb
[OK ]  |  3302 | 0x000054e6 | 0xff | 0xff
[OK ]  |  3303 | 0x000054e7 | 0xff | 0xff
[OK ]  |  3304 | 0x000054e8 | 0x4f | 0x4f
[OK ]  |  3305 | 0x000054e9 | 0x1e | 0x1e
[OK ]  |  3306 | 0x000054ea | 0x00 | 0x00
[OK ]  |  3307 | 0x000054eb | 0x00 | 0x00
[OK ]  |  3308 | 0x000054ec | 0x73 | 0x73
[OK ]  |  3309 | 0x000054ed | 0xad | 0xad
[OK ]  |  3310 | 0x000054ee | 0xff | 0xff
[OK ]  |  3311 | 0x000054ef | 0xff | 0xff
[OK ]  |  3312 | 0x000054f0 | 0x5f | 0x5f
[OK ]  |  3313 | 0x000054f1 | 0xa5 | 0xa5
[OK ]  |  3314 | 0x000054f2 | 0x00 | 0x00
[OK ]  |  3315 | 0x000054f3 | 0x00 | 0x00
[OK ]  |  3316 | 0x000054f4 | 0x0f | 0x0f
[OK ]  |  3317 | 0x000054f5 | 0x3e | 0x3e
[OK ]  |  3318 | 0x000054f6 | 0xff | 0xff
[OK ]  |  3319 | 0x000054f7 | 0xff | 0xff
[OK ]  |  3320 | 0x000054f8 | 0xeb | 0xeb
[OK ]  |  3321 | 0x000054f9 | 0x55 | 0x55
[OK ]  |  3322 | 0x000054fa | 0x00 | 0x00
[OK ]  |  3323 | 0x000054fb | 0x00 | 0x00
[OK ]  |  3324 | 0x000054fc | 0xd0 | 0xd0
[OK ]  |  3325 | 0x000054fd | 0xa8 | 0xa8
[OK ]  |  3326 | 0x000054fe | 0x00 | 0x00
[OK ]  |  3327 | 0x000054ff | 0x00 | 0x00
[OK ]  |  3328 | 0x00005500 | 0xa4 | 0xa4
[OK ]  |  3329 | 0x00005501 | 0x37 | 0x37
[OK ]  |  3330 | 0x00005502 | 0xfe | 0xfe
[OK ]  |  3331 | 0x00005503 | 0xff | 0xff
[OK ]  |  3332 | 0x00005504 | 0xb5 | 0xb5
[OK ]  |  3333 | 0x00005505 | 0x48 | 0x48
[OK ]  |  3334 | 0x00005506 | 0x00 | 0x00
[OK ]  |  3335 | 0x00005507 | 0x00 | 0x00
[OK ]  |  3336 | 0x00005508 | 0x8b | 0x8b
[OK ]  |  3337 | 0x00005509 | 0x12 | 0x12
[OK ]  |  3338 | 0x0000550a | 0xfe | 0xfe
[OK ]  |  3339 | 0x0000550b | 0xff | 0xff
[OK ]  |  3340 | 0x0000550c | 0x35 | 0x35
[OK ]  |  3341 | 0x0000550d | 0x5c | 0x5c
[OK ]  |  3342 | 0x0000550e | 0x00 | 0x00
[OK ]  |  3343 | 0x0000550f | 0x00 | 0x00
[OK ]  |  3344 | 0x00005510 | 0x27 | 0x27
[OK ]  |  3345 | 0x00005511 | 0x6e | 0x6e
[OK ]  |  3346 | 0x00005512 | 0x00 | 0x00
[OK ]  |  3347 | 0x00005513 | 0x00 | 0x00
[OK ]  |  3348 | 0x00005514 | 0xa5 | 0xa5
[OK ]  |  3349 | 0x00005515 | 0x61 | 0x61
[OK ]  |  3350 | 0x00005516 | 0x00 | 0x00
[OK ]  |  3351 | 0x00005517 | 0x00 | 0x00
[OK ]  |  3352 | 0x00005518 | 0xb1 | 0xb1
[OK ]  |  3353 | 0x00005519 | 0x7a | 0x7a
[OK ]  |  3354 | 0x0000551a | 0xfe | 0xfe
[OK ]  |  3355 | 0x0000551b | 0xff | 0xff
[OK ]  |  3356 | 0x0000551c | 0x9a | 0x9a
[OK ]  |  3357 | 0x0000551d | 0xbf | 0xbf
[OK ]  |  3358 | 0x0000551e | 0x01 | 0x01
[OK ]  |  3359 | 0x0000551f | 0x00 | 0x00
[OK ]  |  3360 | 0x00005520 | 0x60 | 0x60
[OK ]  |  3361 | 0x00005521 | 0x33 | 0x33
[OK ]  |  3362 | 0x00005522 | 0x00 | 0x00
[OK ]  |  3363 | 0x00005523 | 0x00 | 0x00
[OK ]  |  3364 | 0x00005524 | 0xf4 | 0xf4
[OK ]  |  3365 | 0x00005525 | 0xb3 | 0xb3
[OK ]  |  3366 | 0x00005526 | 0xff | 0xff
[OK ]  |  3367 | 0x00005527 | 0xff | 0xff
[OK ]  |  3368 | 0x00005528 | 0x86 | 0x86
[OK ]  |  3369 | 0x00005529 | 0x14 | 0x14
[OK ]  |  3370 | 0x0000552a | 0x01 | 0x01
[OK ]  |  3371 | 0x0000552b | 0x00 | 0x00
[OK ]  |  3372 | 0x0000552c | 0xc1 | 0xc1
[OK ]  |  3373 | 0x0000552d | 0x59 | 0x59
[OK ]  |  3374 | 0x0000552e | 0xff | 0xff
[OK ]  |  3375 | 0x0000552f | 0xff | 0xff
[OK ]  |  3376 | 0x00005530 | 0x74 | 0x74
[OK ]  |  3377 | 0x00005531 | 0xa5 | 0xa5
[OK ]  |  3378 | 0x00005532 | 0xff | 0xff
[OK ]  |  3379 | 0x00005533 | 0xff | 0xff
[OK ]  |  3380 | 0x00005534 | 0x86 | 0x86
[OK ]  |  3381 | 0x00005535 | 0xa3 | 0xa3
[OK ]  |  3382 | 0x00005536 | 0x00 | 0x00
[OK ]  |  3383 | 0x00005537 | 0x00 | 0x00
[OK ]  |  3384 | 0x00005538 | 0x51 | 0x51
[OK ]  |  3385 | 0x00005539 | 0x66 | 0x66
[OK ]  |  3386 | 0x0000553a | 0x02 | 0x02
[OK ]  |  3387 | 0x0000553b | 0x00 | 0x00
[OK ]  |  3388 | 0x0000553c | 0xe6 | 0xe6
[OK ]  |  3389 | 0x0000553d | 0x32 | 0x32
[OK ]  |  3390 | 0x0000553e | 0x00 | 0x00
[OK ]  |  3391 | 0x0000553f | 0x00 | 0x00
[OK ]  |  3392 | 0x00005540 | 0x80 | 0x80
[OK ]  |  3393 | 0x00005541 | 0x0c | 0x0c
[OK ]  |  3394 | 0x00005542 | 0xff | 0xff
[OK ]  |  3395 | 0x00005543 | 0xff | 0xff
[OK ]  |  3396 | 0x00005544 | 0xec | 0xec
[OK ]  |  3397 | 0x00005545 | 0x3a | 0x3a
[OK ]  |  3398 | 0x00005546 | 0xff | 0xff
[OK ]  |  3399 | 0x00005547 | 0xff | 0xff
[OK ]  |  3400 | 0x00005548 | 0xdb | 0xdb
[OK ]  |  3401 | 0x00005549 | 0xf0 | 0xf0
[OK ]  |  3402 | 0x0000554a | 0x01 | 0x01
[OK ]  |  3403 | 0x0000554b | 0x00 | 0x00
[OK ]  |  3404 | 0x0000554c | 0xb2 | 0xb2
[OK ]  |  3405 | 0x0000554d | 0x29 | 0x29
[OK ]  |  3406 | 0x0000554e | 0x01 | 0x01
[OK ]  |  3407 | 0x0000554f | 0x00 | 0x00
[OK ]  |  3408 | 0x00005550 | 0x9b | 0x9b
[OK ]  |  3409 | 0x00005551 | 0x36 | 0x36
[OK ]  |  3410 | 0x00005552 | 0x01 | 0x01
[OK ]  |  3411 | 0x00005553 | 0x00 | 0x00
[OK ]  |  3412 | 0x00005554 | 0x0b | 0x0b
[OK ]  |  3413 | 0x00005555 | 0xff | 0xff
[OK ]  |  3414 | 0x00005556 | 0xff | 0xff
[OK ]  |  3415 | 0x00005557 | 0xff | 0xff
[OK ]  |  3416 | 0x00005558 | 0xf9 | 0xf9
[OK ]  |  3417 | 0x00005559 | 0x99 | 0x99
[OK ]  |  3418 | 0x0000555a | 0x00 | 0x00
[OK ]  |  3419 | 0x0000555b | 0x00 | 0x00
[OK ]  |  3420 | 0x0000555c | 0x13 | 0x13
[OK ]  |  3421 | 0x0000555d | 0xd9 | 0xd9
[OK ]  |  3422 | 0x0000555e | 0xfe | 0xfe
[OK ]  |  3423 | 0x0000555f | 0xff | 0xff
[OK ]  |  3424 | 0x00005560 | 0x06 | 0x06
[OK ]  |  3425 | 0x00005561 | 0x0b | 0x0b
[OK ]  |  3426 | 0x00005562 | 0x01 | 0x01
[OK ]  |  3427 | 0x00005563 | 0x00 | 0x00
[OK ]  |  3428 | 0x00005564 | 0xee | 0xee
[OK ]  |  3429 | 0x00005565 | 0x0b | 0x0b
[OK ]  |  3430 | 0x00005566 | 0x01 | 0x01
[OK ]  |  3431 | 0x00005567 | 0x00 | 0x00
[OK ]  |  3432 | 0x00005568 | 0x9d | 0x9d
[OK ]  |  3433 | 0x00005569 | 0x1c | 0x1c
[OK ]  |  3434 | 0x0000556a | 0x01 | 0x01
[OK ]  |  3435 | 0x0000556b | 0x00 | 0x00
[OK ]  |  3436 | 0x0000556c | 0x3a | 0x3a
[OK ]  |  3437 | 0x0000556d | 0x02 | 0x02
[OK ]  |  3438 | 0x0000556e | 0xff | 0xff
[OK ]  |  3439 | 0x0000556f | 0xff | 0xff
[OK ]  |  3440 | 0x00005570 | 0xfc | 0xfc
[OK ]  |  3441 | 0x00005571 | 0xcd | 0xcd
[OK ]  |  3442 | 0x00005572 | 0x00 | 0x00
[OK ]  |  3443 | 0x00005573 | 0x00 | 0x00
[OK ]  |  3444 | 0x00005574 | 0x0a | 0x0a
[OK ]  |  3445 | 0x00005575 | 0x77 | 0x77
[OK ]  |  3446 | 0x00005576 | 0xff | 0xff
[OK ]  |  3447 | 0x00005577 | 0xff | 0xff
[OK ]  |  3448 | 0x00005578 | 0x32 | 0x32
[OK ]  |  3449 | 0x00005579 | 0xa4 | 0xa4
[OK ]  |  3450 | 0x0000557a | 0xff | 0xff
[OK ]  |  3451 | 0x0000557b | 0xff | 0xff
[OK ]  |  3452 | 0x0000557c | 0xae | 0xae
[OK ]  |  3453 | 0x0000557d | 0x18 | 0x18
[OK ]  |  3454 | 0x0000557e | 0xff | 0xff
[OK ]  |  3455 | 0x0000557f | 0xff | 0xff
[OK ]  |  3456 | 0x00005580 | 0x32 | 0x32
[OK ]  |  3457 | 0x00005581 | 0xa5 | 0xa5
[OK ]  |  3458 | 0x00005582 | 0x01 | 0x01
[OK ]  |  3459 | 0x00005583 | 0x00 | 0x00
[OK ]  |  3460 | 0x00005584 | 0x80 | 0x80
[OK ]  |  3461 | 0x00005585 | 0x18 | 0x18
[OK ]  |  3462 | 0x00005586 | 0x00 | 0x00
[OK ]  |  3463 | 0x00005587 | 0x00 | 0x00
[OK ]  |  3464 | 0x00005588 | 0x30 | 0x30
[OK ]  |  3465 | 0x00005589 | 0x53 | 0x53
[OK ]  |  3466 | 0x0000558a | 0xff | 0xff
[OK ]  |  3467 | 0x0000558b | 0xff | 0xff
[OK ]  |  3468 | 0x0000558c | 0x8c | 0x8c
[OK ]  |  3469 | 0x0000558d | 0xc8 | 0xc8
[OK ]  |  3470 | 0x0000558e | 0xff | 0xff
[OK ]  |  3471 | 0x0000558f | 0xff | 0xff
[OK ]  |  3472 | 0x00005590 | 0x02 | 0x02
[OK ]  |  3473 | 0x00005591 | 0x6b | 0x6b
[OK ]  |  3474 | 0x00005592 | 0x01 | 0x01
[OK ]  |  3475 | 0x00005593 | 0x00 | 0x00
[OK ]  |  3476 | 0x00005594 | 0x32 | 0x32
[OK ]  |  3477 | 0x00005595 | 0x25 | 0x25
[OK ]  |  3478 | 0x00005596 | 0x01 | 0x01
[OK ]  |  3479 | 0x00005597 | 0x00 | 0x00
[OK ]  |  3480 | 0x00005598 | 0x16 | 0x16
[OK ]  |  3481 | 0x00005599 | 0xfa | 0xfa
[OK ]  |  3482 | 0x0000559a | 0xfe | 0xfe
[OK ]  |  3483 | 0x0000559b | 0xff | 0xff
[OK ]  |  3484 | 0x0000559c | 0xcf | 0xcf
[OK ]  |  3485 | 0x0000559d | 0x2e | 0x2e
[OK ]  |  3486 | 0x0000559e | 0xff | 0xff
[OK ]  |  3487 | 0x0000559f | 0xff | 0xff
[OK ]  |  3488 | 0x000055a0 | 0x00 | 0x00
[OK ]  |  3489 | 0x000055a1 | 0x41 | 0x41
[OK ]  |  3490 | 0x000055a2 | 0x01 | 0x01
[OK ]  |  3491 | 0x000055a3 | 0x00 | 0x00
[OK ]  |  3492 | 0x000055a4 | 0x28 | 0x28
[OK ]  |  3493 | 0x000055a5 | 0x7e | 0x7e
[OK ]  |  3494 | 0x000055a6 | 0x00 | 0x00
[OK ]  |  3495 | 0x000055a7 | 0x00 | 0x00
[OK ]  |  3496 | 0x000055a8 | 0xe5 | 0xe5
[OK ]  |  3497 | 0x000055a9 | 0xe8 | 0xe8
[OK ]  |  3498 | 0x000055aa | 0xff | 0xff
[OK ]  |  3499 | 0x000055ab | 0xff | 0xff
[OK ]  |  3500 | 0x000055ac | 0xaa | 0xaa
[OK ]  |  3501 | 0x000055ad | 0x9a | 0x9a
[OK ]  |  3502 | 0x000055ae | 0xfe | 0xfe
[OK ]  |  3503 | 0x000055af | 0xff | 0xff
[OK ]  |  3504 | 0x000055b0 | 0x22 | 0x22
[OK ]  |  3505 | 0x000055b1 | 0x54 | 0x54
[OK ]  |  3506 | 0x000055b2 | 0x02 | 0x02
[OK ]  |  3507 | 0x000055b3 | 0x00 | 0x00
[OK ]  |  3508 | 0x000055b4 | 0xcd | 0xcd
[OK ]  |  3509 | 0x000055b5 | 0x0b | 0x0b
[OK ]  |  3510 | 0x000055b6 | 0x00 | 0x00
[OK ]  |  3511 | 0x000055b7 | 0x00 | 0x00
[OK ]  |  3512 | 0x000055b8 | 0xe9 | 0xe9
[OK ]  |  3513 | 0x000055b9 | 0xcc | 0xcc
[OK ]  |  3514 | 0x000055ba | 0x01 | 0x01
[OK ]  |  3515 | 0x000055bb | 0x00 | 0x00
[OK ]  |  3516 | 0x000055bc | 0xfe | 0xfe
[OK ]  |  3517 | 0x000055bd | 0xd1 | 0xd1
[OK ]  |  3518 | 0x000055be | 0xff | 0xff
[OK ]  |  3519 | 0x000055bf | 0xff | 0xff
[OK ]  |  3520 | 0x000055c0 | 0xd2 | 0xd2
[OK ]  |  3521 | 0x000055c1 | 0x6f | 0x6f
[OK ]  |  3522 | 0x000055c2 | 0xff | 0xff
[OK ]  |  3523 | 0x000055c3 | 0xff | 0xff
[OK ]  |  3524 | 0x000055c4 | 0xa5 | 0xa5
[OK ]  |  3525 | 0x000055c5 | 0x06 | 0x06
[OK ]  |  3526 | 0x000055c6 | 0x00 | 0x00
[OK ]  |  3527 | 0x000055c7 | 0x00 | 0x00
[OK ]  |  3528 | 0x000055c8 | 0x3b | 0x3b
[OK ]  |  3529 | 0x000055c9 | 0xe5 | 0xe5
[OK ]  |  3530 | 0x000055ca | 0x00 | 0x00
[OK ]  |  3531 | 0x000055cb | 0x00 | 0x00
[OK ]  |  3532 | 0x000055cc | 0x52 | 0x52
[OK ]  |  3533 | 0x000055cd | 0x94 | 0x94
[OK ]  |  3534 | 0x000055ce | 0xff | 0xff
[OK ]  |  3535 | 0x000055cf | 0xff | 0xff
[OK ]  |  3536 | 0x000055d0 | 0x96 | 0x96
[OK ]  |  3537 | 0x000055d1 | 0xd4 | 0xd4
[OK ]  |  3538 | 0x000055d2 | 0x03 | 0x03
[OK ]  |  3539 | 0x000055d3 | 0x00 | 0x00
[OK ]  |  3540 | 0x000055d4 | 0x3b | 0x3b
[OK ]  |  3541 | 0x000055d5 | 0xc4 | 0xc4
[OK ]  |  3542 | 0x000055d6 | 0xff | 0xff
[OK ]  |  3543 | 0x000055d7 | 0xff | 0xff
[OK ]  |  3544 | 0x000055d8 | 0x24 | 0x24
[OK ]  |  3545 | 0x000055d9 | 0xed | 0xed
[OK ]  |  3546 | 0x000055da | 0xfd | 0xfd
[OK ]  |  3547 | 0x000055db | 0xff | 0xff
[OK ]  |  3548 | 0x000055dc | 0xbe | 0xbe
[OK ]  |  3549 | 0x000055dd | 0x92 | 0x92
[OK ]  |  3550 | 0x000055de | 0xff | 0xff
[OK ]  |  3551 | 0x000055df | 0xff | 0xff
[OK ]  |  3552 | 0x000055e0 | 0x6d | 0x6d
[OK ]  |  3553 | 0x000055e1 | 0x61 | 0x61
[OK ]  |  3554 | 0x000055e2 | 0xfe | 0xfe
[OK ]  |  3555 | 0x000055e3 | 0xff | 0xff
[OK ]  |  3556 | 0x000055e4 | 0x86 | 0x86
[OK ]  |  3557 | 0x000055e5 | 0xc5 | 0xc5
[OK ]  |  3558 | 0x000055e6 | 0xff | 0xff
[OK ]  |  3559 | 0x000055e7 | 0xff | 0xff
[OK ]  |  3560 | 0x000055e8 | 0x2f | 0x2f
[OK ]  |  3561 | 0x000055e9 | 0x05 | 0x05
[OK ]  |  3562 | 0x000055ea | 0x02 | 0x02
[OK ]  |  3563 | 0x000055eb | 0x00 | 0x00
[OK ]  |  3564 | 0x000055ec | 0x40 | 0x40
[OK ]  |  3565 | 0x000055ed | 0x32 | 0x32
[OK ]  |  3566 | 0x000055ee | 0x01 | 0x01
[OK ]  |  3567 | 0x000055ef | 0x00 | 0x00
[OK ]  |  3568 | 0x000055f0 | 0x8b | 0x8b
[OK ]  |  3569 | 0x000055f1 | 0x56 | 0x56
[OK ]  |  3570 | 0x000055f2 | 0x01 | 0x01
[OK ]  |  3571 | 0x000055f3 | 0x00 | 0x00
[OK ]  |  3572 | 0x000055f4 | 0x27 | 0x27
[OK ]  |  3573 | 0x000055f5 | 0x30 | 0x30
[OK ]  |  3574 | 0x000055f6 | 0xff | 0xff
[OK ]  |  3575 | 0x000055f7 | 0xff | 0xff
[OK ]  |  3576 | 0x000055f8 | 0x51 | 0x51
[OK ]  |  3577 | 0x000055f9 | 0xb1 | 0xb1
[OK ]  |  3578 | 0x000055fa | 0xff | 0xff
[OK ]  |  3579 | 0x000055fb | 0xff | 0xff
[OK ]  |  3580 | 0x000055fc | 0xdb | 0xdb
[OK ]  |  3581 | 0x000055fd | 0x7c | 0x7c
[OK ]  |  3582 | 0x000055fe | 0xff | 0xff
[OK ]  |  3583 | 0x000055ff | 0xff | 0xff
[OK ]  |  3584 | 0x00005600 | 0x13 | 0x13
[OK ]  |  3585 | 0x00005601 | 0x9b | 0x9b
[OK ]  |  3586 | 0x00005602 | 0xfe | 0xfe
[OK ]  |  3587 | 0x00005603 | 0xff | 0xff
[OK ]  |  3588 | 0x00005604 | 0x89 | 0x89
[OK ]  |  3589 | 0x00005605 | 0x2c | 0x2c
[OK ]  |  3590 | 0x00005606 | 0x00 | 0x00
[OK ]  |  3591 | 0x00005607 | 0x00 | 0x00
[OK ]  |  3592 | 0x00005608 | 0x4d | 0x4d
[OK ]  |  3593 | 0x00005609 | 0x89 | 0x89
[OK ]  |  3594 | 0x0000560a | 0xfe | 0xfe
[OK ]  |  3595 | 0x0000560b | 0xff | 0xff
[OK ]  |  3596 | 0x0000560c | 0x6d | 0x6d
[OK ]  |  3597 | 0x0000560d | 0x05 | 0x05
[OK ]  |  3598 | 0x0000560e | 0x00 | 0x00
[OK ]  |  3599 | 0x0000560f | 0x00 | 0x00
[OK ]  |  3600 | 0x00005610 | 0xb5 | 0xb5
[OK ]  |  3601 | 0x00005611 | 0xc1 | 0xc1
[OK ]  |  3602 | 0x00005612 | 0x00 | 0x00
[OK ]  |  3603 | 0x00005613 | 0x00 | 0x00
[OK ]  |  3604 | 0x00005614 | 0x93 | 0x93
[OK ]  |  3605 | 0x00005615 | 0x31 | 0x31
[OK ]  |  3606 | 0x00005616 | 0xff | 0xff
[OK ]  |  3607 | 0x00005617 | 0xff | 0xff
[OK ]  |  3608 | 0x00005618 | 0x43 | 0x43
[OK ]  |  3609 | 0x00005619 | 0xcc | 0xcc
[OK ]  |  3610 | 0x0000561a | 0x00 | 0x00
[OK ]  |  3611 | 0x0000561b | 0x00 | 0x00
[OK ]  |  3612 | 0x0000561c | 0xe8 | 0xe8
[OK ]  |  3613 | 0x0000561d | 0x0c | 0x0c
[OK ]  |  3614 | 0x0000561e | 0xff | 0xff
[OK ]  |  3615 | 0x0000561f | 0xff | 0xff
[OK ]  |  3616 | 0x00005620 | 0x28 | 0x28
[OK ]  |  3617 | 0x00005621 | 0x6f | 0x6f
[OK ]  |  3618 | 0x00005622 | 0x02 | 0x02
[OK ]  |  3619 | 0x00005623 | 0x00 | 0x00
[OK ]  |  3620 | 0x00005624 | 0x45 | 0x45
[OK ]  |  3621 | 0x00005625 | 0xce | 0xce
[OK ]  |  3622 | 0x00005626 | 0xff | 0xff
[OK ]  |  3623 | 0x00005627 | 0xff | 0xff
[OK ]  |  3624 | 0x00005628 | 0x93 | 0x93
[OK ]  |  3625 | 0x00005629 | 0x0f | 0x0f
[OK ]  |  3626 | 0x0000562a | 0x00 | 0x00
[OK ]  |  3627 | 0x0000562b | 0x00 | 0x00
[OK ]  |  3628 | 0x0000562c | 0x7d | 0x7d
[OK ]  |  3629 | 0x0000562d | 0xce | 0xce
[OK ]  |  3630 | 0x0000562e | 0xfe | 0xfe
[OK ]  |  3631 | 0x0000562f | 0xff | 0xff
[OK ]  |  3632 | 0x00005630 | 0x2a | 0x2a
[OK ]  |  3633 | 0x00005631 | 0x67 | 0x67
[OK ]  |  3634 | 0x00005632 | 0x02 | 0x02
[OK ]  |  3635 | 0x00005633 | 0x00 | 0x00
[OK ]  |  3636 | 0x00005634 | 0x0a | 0x0a
[OK ]  |  3637 | 0x00005635 | 0x25 | 0x25
[OK ]  |  3638 | 0x00005636 | 0x01 | 0x01
[OK ]  |  3639 | 0x00005637 | 0x00 | 0x00
[OK ]  |  3640 | 0x00005638 | 0x84 | 0x84
[OK ]  |  3641 | 0x00005639 | 0xe7 | 0xe7
[OK ]  |  3642 | 0x0000563a | 0xff | 0xff
[OK ]  |  3643 | 0x0000563b | 0xff | 0xff
[OK ]  |  3644 | 0x0000563c | 0xa4 | 0xa4
[OK ]  |  3645 | 0x0000563d | 0x4c | 0x4c
[OK ]  |  3646 | 0x0000563e | 0x00 | 0x00
[OK ]  |  3647 | 0x0000563f | 0x00 | 0x00
[OK ]  |  3648 | 0x00005640 | 0xb9 | 0xb9
[OK ]  |  3649 | 0x00005641 | 0x69 | 0x69
[OK ]  |  3650 | 0x00005642 | 0xff | 0xff
[OK ]  |  3651 | 0x00005643 | 0xff | 0xff
[OK ]  |  3652 | 0x00005644 | 0xeb | 0xeb
[OK ]  |  3653 | 0x00005645 | 0x4c | 0x4c
[OK ]  |  3654 | 0x00005646 | 0x00 | 0x00
[OK ]  |  3655 | 0x00005647 | 0x00 | 0x00
[OK ]  |  3656 | 0x00005648 | 0xbe | 0xbe
[OK ]  |  3657 | 0x00005649 | 0xb9 | 0xb9
[OK ]  |  3658 | 0x0000564a | 0x00 | 0x00
[OK ]  |  3659 | 0x0000564b | 0x00 | 0x00
[OK ]  |  3660 | 0x0000564c | 0x97 | 0x97
[OK ]  |  3661 | 0x0000564d | 0x5f | 0x5f
[OK ]  |  3662 | 0x0000564e | 0x02 | 0x02
[OK ]  |  3663 | 0x0000564f | 0x00 | 0x00
[OK ]  |  3664 | 0x00005650 | 0xe4 | 0xe4
[OK ]  |  3665 | 0x00005651 | 0xb2 | 0xb2
[OK ]  |  3666 | 0x00005652 | 0x00 | 0x00
[OK ]  |  3667 | 0x00005653 | 0x00 | 0x00
[OK ]  |  3668 | 0x00005654 | 0x5a | 0x5a
[OK ]  |  3669 | 0x00005655 | 0x2c | 0x2c
[OK ]  |  3670 | 0x00005656 | 0x01 | 0x01
[OK ]  |  3671 | 0x00005657 | 0x00 | 0x00
[OK ]  |  3672 | 0x00005658 | 0xde | 0xde
[OK ]  |  3673 | 0x00005659 | 0x15 | 0x15
[OK ]  |  3674 | 0x0000565a | 0x00 | 0x00
[OK ]  |  3675 | 0x0000565b | 0x00 | 0x00
[OK ]  |  3676 | 0x0000565c | 0x83 | 0x83
[OK ]  |  3677 | 0x0000565d | 0x62 | 0x62
[OK ]  |  3678 | 0x0000565e | 0xff | 0xff
[OK ]  |  3679 | 0x0000565f | 0xff | 0xff
[OK ]  |  3680 | 0x00005660 | 0x25 | 0x25
[OK ]  |  3681 | 0x00005661 | 0xa7 | 0xa7
[OK ]  |  3682 | 0x00005662 | 0x00 | 0x00
[OK ]  |  3683 | 0x00005663 | 0x00 | 0x00
[OK ]  |  3684 | 0x00005664 | 0x49 | 0x49
[OK ]  |  3685 | 0x00005665 | 0xe7 | 0xe7
[OK ]  |  3686 | 0x00005666 | 0xfe | 0xfe
[OK ]  |  3687 | 0x00005667 | 0xff | 0xff
[OK ]  |  3688 | 0x00005668 | 0x3c | 0x3c
[OK ]  |  3689 | 0x00005669 | 0xbb | 0xbb
[OK ]  |  3690 | 0x0000566a | 0x00 | 0x00
[OK ]  |  3691 | 0x0000566b | 0x00 | 0x00
[OK ]  |  3692 | 0x0000566c | 0xea | 0xea
[OK ]  |  3693 | 0x0000566d | 0x95 | 0x95
[OK ]  |  3694 | 0x0000566e | 0x01 | 0x01
[OK ]  |  3695 | 0x0000566f | 0x00 | 0x00
[OK ]  |  3696 | 0x00005670 | 0xca | 0xca
[OK ]  |  3697 | 0x00005671 | 0x01 | 0x01
[OK ]  |  3698 | 0x00005672 | 0x01 | 0x01
[OK ]  |  3699 | 0x00005673 | 0x00 | 0x00
[OK ]  |  3700 | 0x00005674 | 0xd5 | 0xd5
[OK ]  |  3701 | 0x00005675 | 0xf7 | 0xf7
[OK ]  |  3702 | 0x00005676 | 0x00 | 0x00
[OK ]  |  3703 | 0x00005677 | 0x00 | 0x00
[OK ]  |  3704 | 0x00005678 | 0x01 | 0x01
[OK ]  |  3705 | 0x00005679 | 0x2f | 0x2f
[OK ]  |  3706 | 0x0000567a | 0xff | 0xff
[OK ]  |  3707 | 0x0000567b | 0xff | 0xff
[OK ]  |  3708 | 0x0000567c | 0x1f | 0x1f
[OK ]  |  3709 | 0x0000567d | 0xf3 | 0xf3
[OK ]  |  3710 | 0x0000567e | 0x00 | 0x00
[OK ]  |  3711 | 0x0000567f | 0x00 | 0x00
[OK ]  |  3712 | 0x00005680 | 0x20 | 0x20
[OK ]  |  3713 | 0x00005681 | 0x68 | 0x68
[OK ]  |  3714 | 0x00005682 | 0x00 | 0x00
[OK ]  |  3715 | 0x00005683 | 0x00 | 0x00
[OK ]  |  3716 | 0x00005684 | 0xe2 | 0xe2
[OK ]  |  3717 | 0x00005685 | 0xa7 | 0xa7
[OK ]  |  3718 | 0x00005686 | 0xfe | 0xfe
[OK ]  |  3719 | 0x00005687 | 0xff | 0xff
[OK ]  |  3720 | 0x00005688 | 0xe9 | 0xe9
[OK ]  |  3721 | 0x00005689 | 0x29 | 0x29
[OK ]  |  3722 | 0x0000568a | 0x00 | 0x00
[OK ]  |  3723 | 0x0000568b | 0x00 | 0x00
[OK ]  |  3724 | 0x0000568c | 0x61 | 0x61
[OK ]  |  3725 | 0x0000568d | 0x4c | 0x4c
[OK ]  |  3726 | 0x0000568e | 0xfe | 0xfe
[OK ]  |  3727 | 0x0000568f | 0xff | 0xff
[OK ]  |  3728 | 0x00005690 | 0x82 | 0x82
[OK ]  |  3729 | 0x00005691 | 0x38 | 0x38
[OK ]  |  3730 | 0x00005692 | 0x02 | 0x02
[OK ]  |  3731 | 0x00005693 | 0x00 | 0x00
[OK ]  |  3732 | 0x00005694 | 0xdc | 0xdc
[OK ]  |  3733 | 0x00005695 | 0x9b | 0x9b
[OK ]  |  3734 | 0x00005696 | 0x00 | 0x00
[OK ]  |  3735 | 0x00005697 | 0x00 | 0x00
[OK ]  |  3736 | 0x00005698 | 0x0a | 0x0a
[OK ]  |  3737 | 0x00005699 | 0x4c | 0x4c
[OK ]  |  3738 | 0x0000569a | 0x01 | 0x01
[OK ]  |  3739 | 0x0000569b | 0x00 | 0x00
[OK ]  |  3740 | 0x0000569c | 0xd2 | 0xd2
[OK ]  |  3741 | 0x0000569d | 0x26 | 0x26
[OK ]  |  3742 | 0x0000569e | 0x02 | 0x02
[OK ]  |  3743 | 0x0000569f | 0x00 | 0x00
[OK ]  |  3744 | 0x000056a0 | 0x1a | 0x1a
[OK ]  |  3745 | 0x000056a1 | 0xe3 | 0xe3
[OK ]  |  3746 | 0x000056a2 | 0xfe | 0xfe
[OK ]  |  3747 | 0x000056a3 | 0xff | 0xff
[OK ]  |  3748 | 0x000056a4 | 0x7d | 0x7d
[OK ]  |  3749 | 0x000056a5 | 0xd4 | 0xd4
[OK ]  |  3750 | 0x000056a6 | 0x00 | 0x00
[OK ]  |  3751 | 0x000056a7 | 0x00 | 0x00
[OK ]  |  3752 | 0x000056a8 | 0xe8 | 0xe8
[OK ]  |  3753 | 0x000056a9 | 0xf9 | 0xf9
[OK ]  |  3754 | 0x000056aa | 0xfc | 0xfc
[OK ]  |  3755 | 0x000056ab | 0xff | 0xff
[OK ]  |  3756 | 0x000056ac | 0xd5 | 0xd5
[OK ]  |  3757 | 0x000056ad | 0xb9 | 0xb9
[OK ]  |  3758 | 0x000056ae | 0x00 | 0x00
[OK ]  |  3759 | 0x000056af | 0x00 | 0x00
[OK ]  |  3760 | 0x000056b0 | 0xbb | 0xbb
[OK ]  |  3761 | 0x000056b1 | 0xcc | 0xcc
[OK ]  |  3762 | 0x000056b2 | 0xff | 0xff
[OK ]  |  3763 | 0x000056b3 | 0xff | 0xff
[OK ]  |  3764 | 0x000056b4 | 0xe0 | 0xe0
[OK ]  |  3765 | 0x000056b5 | 0x08 | 0x08
[OK ]  |  3766 | 0x000056b6 | 0x01 | 0x01
[OK ]  |  3767 | 0x000056b7 | 0x00 | 0x00
[OK ]  |  3768 | 0x000056b8 | 0xfc | 0xfc
[OK ]  |  3769 | 0x000056b9 | 0x2a | 0x2a
[OK ]  |  3770 | 0x000056ba | 0xfe | 0xfe
[OK ]  |  3771 | 0x000056bb | 0xff | 0xff
[OK ]  |  3772 | 0x000056bc | 0x8b | 0x8b
[OK ]  |  3773 | 0x000056bd | 0x60 | 0x60
[OK ]  |  3774 | 0x000056be | 0x01 | 0x01
[OK ]  |  3775 | 0x000056bf | 0x00 | 0x00
[OK ]  |  3776 | 0x000056c0 | 0xab | 0xab
[OK ]  |  3777 | 0x000056c1 | 0x40 | 0x40
[OK ]  |  3778 | 0x000056c2 | 0x02 | 0x02
[OK ]  |  3779 | 0x000056c3 | 0x00 | 0x00
[OK ]  |  3780 | 0x000056c4 | 0x29 | 0x29
[OK ]  |  3781 | 0x000056c5 | 0x7c | 0x7c
[OK ]  |  3782 | 0x000056c6 | 0x00 | 0x00
[OK ]  |  3783 | 0x000056c7 | 0x00 | 0x00
[OK ]  |  3784 | 0x000056c8 | 0x24 | 0x24
[OK ]  |  3785 | 0x000056c9 | 0x53 | 0x53
[OK ]  |  3786 | 0x000056ca | 0x01 | 0x01
[OK ]  |  3787 | 0x000056cb | 0x00 | 0x00
[OK ]  |  3788 | 0x000056cc | 0x09 | 0x09
[OK ]  |  3789 | 0x000056cd | 0x0c | 0x0c
[OK ]  |  3790 | 0x000056ce | 0x00 | 0x00
[OK ]  |  3791 | 0x000056cf | 0x00 | 0x00
[OK ]  |  3792 | 0x000056d0 | 0x38 | 0x38
[OK ]  |  3793 | 0x000056d1 | 0x0d | 0x0d
[OK ]  |  3794 | 0x000056d2 | 0xff | 0xff
[OK ]  |  3795 | 0x000056d3 | 0xff | 0xff
[OK ]  |  3796 | 0x000056d4 | 0xa5 | 0xa5
[OK ]  |  3797 | 0x000056d5 | 0xa8 | 0xa8
[OK ]  |  3798 | 0x000056d6 | 0xfe | 0xfe
[OK ]  |  3799 | 0x000056d7 | 0xff | 0xff
[OK ]  |  3800 | 0x000056d8 | 0xfa | 0xfa
[OK ]  |  3801 | 0x000056d9 | 0x59 | 0x59
[OK ]  |  3802 | 0x000056da | 0xff | 0xff
[OK ]  |  3803 | 0x000056db | 0xff | 0xff
[OK ]  |  3804 | 0x000056dc | 0xb4 | 0xb4
[OK ]  |  3805 | 0x000056dd | 0x80 | 0x80
[OK ]  |  3806 | 0x000056de | 0xff | 0xff
[OK ]  |  3807 | 0x000056df | 0xff | 0xff
[OK ]  |  3808 | 0x000056e0 | 0x90 | 0x90
[OK ]  |  3809 | 0x000056e1 | 0x3e | 0x3e
[OK ]  |  3810 | 0x000056e2 | 0x01 | 0x01
[OK ]  |  3811 | 0x000056e3 | 0x00 | 0x00
[OK ]  |  3812 | 0x000056e4 | 0x52 | 0x52
[OK ]  |  3813 | 0x000056e5 | 0xeb | 0xeb
[OK ]  |  3814 | 0x000056e6 | 0xff | 0xff
[OK ]  |  3815 | 0x000056e7 | 0xff | 0xff
[OK ]  |  3816 | 0x000056e8 | 0xcf | 0xcf
[OK ]  |  3817 | 0x000056e9 | 0x8d | 0x8d
[OK ]  |  3818 | 0x000056ea | 0x00 | 0x00
[OK ]  |  3819 | 0x000056eb | 0x00 | 0x00
[OK ]  |  3820 | 0x000056ec | 0x0a | 0x0a
[OK ]  |  3821 | 0x000056ed | 0x10 | 0x10
[OK ]  |  3822 | 0x000056ee | 0xff | 0xff
[OK ]  |  3823 | 0x000056ef | 0xff | 0xff
[OK ]  |  3824 | 0x000056f0 | 0x99 | 0x99
[OK ]  |  3825 | 0x000056f1 | 0x35 | 0x35
[OK ]  |  3826 | 0x000056f2 | 0x00 | 0x00
[OK ]  |  3827 | 0x000056f3 | 0x00 | 0x00
[OK ]  |  3828 | 0x000056f4 | 0x0c | 0x0c
[OK ]  |  3829 | 0x000056f5 | 0x9d | 0x9d
[OK ]  |  3830 | 0x000056f6 | 0xff | 0xff
[OK ]  |  3831 | 0x000056f7 | 0xff | 0xff
[OK ]  |  3832 | 0x000056f8 | 0x8e | 0x8e
[OK ]  |  3833 | 0x000056f9 | 0x13 | 0x13
[OK ]  |  3834 | 0x000056fa | 0x01 | 0x01
[OK ]  |  3835 | 0x000056fb | 0x00 | 0x00
[OK ]  |  3836 | 0x000056fc | 0x2e | 0x2e
[OK ]  |  3837 | 0x000056fd | 0xfa | 0xfa
[OK ]  |  3838 | 0x000056fe | 0xfd | 0xfd
[OK ]  |  3839 | 0x000056ff | 0xff | 0xff
[OK ]  |  3840 | 0x00005700 | 0xee | 0xee
[OK ]  |  3841 | 0x00005701 | 0x2d | 0x2d
[OK ]  |  3842 | 0x00005702 | 0x01 | 0x01
[OK ]  |  3843 | 0x00005703 | 0x00 | 0x00
[OK ]  |  3844 | 0x00005704 | 0x7a | 0x7a
[OK ]  |  3845 | 0x00005705 | 0x5c | 0x5c
[OK ]  |  3846 | 0x00005706 | 0x00 | 0x00
[OK ]  |  3847 | 0x00005707 | 0x00 | 0x00
[OK ]  |  3848 | 0x00005708 | 0x40 | 0x40
[OK ]  |  3849 | 0x00005709 | 0x65 | 0x65
[OK ]  |  3850 | 0x0000570a | 0xff | 0xff
[OK ]  |  3851 | 0x0000570b | 0xff | 0xff
[OK ]  |  3852 | 0x0000570c | 0x22 | 0x22
[OK ]  |  3853 | 0x0000570d | 0xf9 | 0xf9
[OK ]  |  3854 | 0x0000570e | 0xff | 0xff
[OK ]  |  3855 | 0x0000570f | 0xff | 0xff
[OK ]  |  3856 | 0x00005710 | 0x20 | 0x20
[OK ]  |  3857 | 0x00005711 | 0xa3 | 0xa3
[OK ]  |  3858 | 0x00005712 | 0xfe | 0xfe
[OK ]  |  3859 | 0x00005713 | 0xff | 0xff
[OK ]  |  3860 | 0x00005714 | 0x75 | 0x75
[OK ]  |  3861 | 0x00005715 | 0x04 | 0x04
[OK ]  |  3862 | 0x00005716 | 0x01 | 0x01
[OK ]  |  3863 | 0x00005717 | 0x00 | 0x00
[OK ]  |  3864 | 0x00005718 | 0x79 | 0x79
[OK ]  |  3865 | 0x00005719 | 0x35 | 0x35
[OK ]  |  3866 | 0x0000571a | 0xfe | 0xfe
[OK ]  |  3867 | 0x0000571b | 0xff | 0xff
[OK ]  |  3868 | 0x0000571c | 0x71 | 0x71
[OK ]  |  3869 | 0x0000571d | 0x3a | 0x3a
[OK ]  |  3870 | 0x0000571e | 0xff | 0xff
[OK ]  |  3871 | 0x0000571f | 0xff | 0xff
[OK ]  |  3872 | 0x00005720 | 0x17 | 0x17
[OK ]  |  3873 | 0x00005721 | 0x29 | 0x29
[OK ]  |  3874 | 0x00005722 | 0xff | 0xff
[OK ]  |  3875 | 0x00005723 | 0xff | 0xff
[OK ]  |  3876 | 0x00005724 | 0x64 | 0x64
[OK ]  |  3877 | 0x00005725 | 0x56 | 0x56
[OK ]  |  3878 | 0x00005726 | 0x00 | 0x00
[OK ]  |  3879 | 0x00005727 | 0x00 | 0x00
[OK ]  |  3880 | 0x00005728 | 0x06 | 0x06
[OK ]  |  3881 | 0x00005729 | 0xc3 | 0xc3
[OK ]  |  3882 | 0x0000572a | 0x02 | 0x02
[OK ]  |  3883 | 0x0000572b | 0x00 | 0x00
[OK ]  |  3884 | 0x0000572c | 0xb1 | 0xb1
[OK ]  |  3885 | 0x0000572d | 0x54 | 0x54
[OK ]  |  3886 | 0x0000572e | 0xff | 0xff
[OK ]  |  3887 | 0x0000572f | 0xff | 0xff
[OK ]  |  3888 | 0x00005730 | 0xa5 | 0xa5
[OK ]  |  3889 | 0x00005731 | 0x74 | 0x74
[OK ]  |  3890 | 0x00005732 | 0xfe | 0xfe
[OK ]  |  3891 | 0x00005733 | 0xff | 0xff
[OK ]  |  3892 | 0x00005734 | 0xbb | 0xbb
[OK ]  |  3893 | 0x00005735 | 0x07 | 0x07
[OK ]  |  3894 | 0x00005736 | 0x00 | 0x00
[OK ]  |  3895 | 0x00005737 | 0x00 | 0x00
[OK ]  |  3896 | 0x00005738 | 0x8b | 0x8b
[OK ]  |  3897 | 0x00005739 | 0xa9 | 0xa9
[OK ]  |  3898 | 0x0000573a | 0x00 | 0x00
[OK ]  |  3899 | 0x0000573b | 0x00 | 0x00
[OK ]  |  3900 | 0x0000573c | 0x17 | 0x17
[OK ]  |  3901 | 0x0000573d | 0xba | 0xba
[OK ]  |  3902 | 0x0000573e | 0x01 | 0x01
[OK ]  |  3903 | 0x0000573f | 0x00 | 0x00
[OK ]  |  3904 | 0x00005740 | 0x2b | 0x2b
[OK ]  |  3905 | 0x00005741 | 0xbd | 0xbd
[OK ]  |  3906 | 0x00005742 | 0xff | 0xff
[OK ]  |  3907 | 0x00005743 | 0xff | 0xff
[OK ]  |  3908 | 0x00005744 | 0x44 | 0x44
[OK ]  |  3909 | 0x00005745 | 0xa4 | 0xa4
[OK ]  |  3910 | 0x00005746 | 0xfe | 0xfe
[OK ]  |  3911 | 0x00005747 | 0xff | 0xff
[OK ]  |  3912 | 0x00005748 | 0xc9 | 0xc9
[OK ]  |  3913 | 0x00005749 | 0x8e | 0x8e
[OK ]  |  3914 | 0x0000574a | 0x00 | 0x00
[OK ]  |  3915 | 0x0000574b | 0x00 | 0x00
[OK ]  |  3916 | 0x0000574c | 0x82 | 0x82
[OK ]  |  3917 | 0x0000574d | 0x7b | 0x7b
[OK ]  |  3918 | 0x0000574e | 0x00 | 0x00
[OK ]  |  3919 | 0x0000574f | 0x00 | 0x00
[OK ]  |  3920 | 0x00005750 | 0x74 | 0x74
[OK ]  |  3921 | 0x00005751 | 0x86 | 0x86
[OK ]  |  3922 | 0x00005752 | 0xfe | 0xfe
[OK ]  |  3923 | 0x00005753 | 0xff | 0xff
[OK ]  |  3924 | 0x00005754 | 0x2e | 0x2e
[OK ]  |  3925 | 0x00005755 | 0xca | 0xca
[OK ]  |  3926 | 0x00005756 | 0xfd | 0xfd
[OK ]  |  3927 | 0x00005757 | 0xff | 0xff
[OK ]  |  3928 | 0x00005758 | 0x87 | 0x87
[OK ]  |  3929 | 0x00005759 | 0xce | 0xce
[OK ]  |  3930 | 0x0000575a | 0xff | 0xff
[OK ]  |  3931 | 0x0000575b | 0xff | 0xff
[OK ]  |  3932 | 0x0000575c | 0x60 | 0x60
[OK ]  |  3933 | 0x0000575d | 0x9e | 0x9e
[OK ]  |  3934 | 0x0000575e | 0x00 | 0x00
[OK ]  |  3935 | 0x0000575f | 0x00 | 0x00
[OK ]  |  3936 | 0x00005760 | 0x9f | 0x9f
[OK ]  |  3937 | 0x00005761 | 0x96 | 0x96
[OK ]  |  3938 | 0x00005762 | 0xff | 0xff
[OK ]  |  3939 | 0x00005763 | 0xff | 0xff
[OK ]  |  3940 | 0x00005764 | 0x09 | 0x09
[OK ]  |  3941 | 0x00005765 | 0x0e | 0x0e
[OK ]  |  3942 | 0x00005766 | 0x00 | 0x00
[OK ]  |  3943 | 0x00005767 | 0x00 | 0x00
[OK ]  |  3944 | 0x00005768 | 0xd5 | 0xd5
[OK ]  |  3945 | 0x00005769 | 0xbc | 0xbc
[OK ]  |  3946 | 0x0000576a | 0xfe | 0xfe
[OK ]  |  3947 | 0x0000576b | 0xff | 0xff
[OK ]  |  3948 | 0x0000576c | 0xac | 0xac
[OK ]  |  3949 | 0x0000576d | 0x7d | 0x7d
[OK ]  |  3950 | 0x0000576e | 0x00 | 0x00
[OK ]  |  3951 | 0x0000576f | 0x00 | 0x00
[OK ]  |  3952 | 0x00005770 | 0x6d | 0x6d
[OK ]  |  3953 | 0x00005771 | 0x5b | 0x5b
[OK ]  |  3954 | 0x00005772 | 0x00 | 0x00
[OK ]  |  3955 | 0x00005773 | 0x00 | 0x00
[OK ]  |  3956 | 0x00005774 | 0xed | 0xed
[OK ]  |  3957 | 0x00005775 | 0xa4 | 0xa4
[OK ]  |  3958 | 0x00005776 | 0xff | 0xff
[OK ]  |  3959 | 0x00005777 | 0xff | 0xff
[OK ]  |  3960 | 0x00005778 | 0x8b | 0x8b
[OK ]  |  3961 | 0x00005779 | 0xd1 | 0xd1
[OK ]  |  3962 | 0x0000577a | 0xff | 0xff
[OK ]  |  3963 | 0x0000577b | 0xff | 0xff
[OK ]  |  3964 | 0x0000577c | 0x14 | 0x14
[OK ]  |  3965 | 0x0000577d | 0x4e | 0x4e
[OK ]  |  3966 | 0x0000577e | 0x01 | 0x01
[OK ]  |  3967 | 0x0000577f | 0x00 | 0x00
[OK ]  |  3968 | 0x00005780 | 0xd2 | 0xd2
[OK ]  |  3969 | 0x00005781 | 0x93 | 0x93
[OK ]  |  3970 | 0x00005782 | 0x00 | 0x00
[OK ]  |  3971 | 0x00005783 | 0x00 | 0x00
[OK ]  |  3972 | 0x00005784 | 0x15 | 0x15
[OK ]  |  3973 | 0x00005785 | 0xc2 | 0xc2
[OK ]  |  3974 | 0x00005786 | 0xff | 0xff
[OK ]  |  3975 | 0x00005787 | 0xff | 0xff
[OK ]  |  3976 | 0x00005788 | 0xeb | 0xeb
[OK ]  |  3977 | 0x00005789 | 0x45 | 0x45
[OK ]  |  3978 | 0x0000578a | 0xfe | 0xfe
[OK ]  |  3979 | 0x0000578b | 0xff | 0xff
[OK ]  |  3980 | 0x0000578c | 0xe4 | 0xe4
[OK ]  |  3981 | 0x0000578d | 0xbb | 0xbb
[OK ]  |  3982 | 0x0000578e | 0x00 | 0x00
[OK ]  |  3983 | 0x0000578f | 0x00 | 0x00
[OK ]  |  3984 | 0x00005790 | 0x6d | 0x6d
[OK ]  |  3985 | 0x00005791 | 0xa8 | 0xa8
[OK ]  |  3986 | 0x00005792 | 0xfd | 0xfd
[OK ]  |  3987 | 0x00005793 | 0xff | 0xff
[OK ]  |  3988 | 0x00005794 | 0xfc | 0xfc
[OK ]  |  3989 | 0x00005795 | 0xa9 | 0xa9
[OK ]  |  3990 | 0x00005796 | 0xfd | 0xfd
[OK ]  |  3991 | 0x00005797 | 0xff | 0xff
[OK ]  |  3992 | 0x00005798 | 0x79 | 0x79
[OK ]  |  3993 | 0x00005799 | 0x4f | 0x4f
[OK ]  |  3994 | 0x0000579a | 0x01 | 0x01
[OK ]  |  3995 | 0x0000579b | 0x00 | 0x00
[OK ]  |  3996 | 0x0000579c | 0x61 | 0x61
[OK ]  |  3997 | 0x0000579d | 0x4a | 0x4a
[OK ]  |  3998 | 0x0000579e | 0x00 | 0x00
[OK ]  |  3999 | 0x0000579f | 0x00 | 0x00
[OK ]  |  4000 | 0x000057a0 | 0xda | 0xda
[OK ]  |  4001 | 0x000057a1 | 0x31 | 0x31
[OK ]  |  4002 | 0x000057a2 | 0x00 | 0x00
[OK ]  |  4003 | 0x000057a3 | 0x00 | 0x00
[OK ]  |  4004 | 0x000057a4 | 0x18 | 0x18
[OK ]  |  4005 | 0x000057a5 | 0x84 | 0x84
[OK ]  |  4006 | 0x000057a6 | 0x00 | 0x00
[OK ]  |  4007 | 0x000057a7 | 0x00 | 0x00
[OK ]  |  4008 | 0x000057a8 | 0x5f | 0x5f
[OK ]  |  4009 | 0x000057a9 | 0xea | 0xea
[OK ]  |  4010 | 0x000057aa | 0x00 | 0x00
[OK ]  |  4011 | 0x000057ab | 0x00 | 0x00
[OK ]  |  4012 | 0x000057ac | 0x84 | 0x84
[OK ]  |  4013 | 0x000057ad | 0x9e | 0x9e
[OK ]  |  4014 | 0x000057ae | 0xfe | 0xfe
[OK ]  |  4015 | 0x000057af | 0xff | 0xff
[OK ]  |  4016 | 0x000057b0 | 0x40 | 0x40
[OK ]  |  4017 | 0x000057b1 | 0xd1 | 0xd1
[OK ]  |  4018 | 0x000057b2 | 0xff | 0xff
[OK ]  |  4019 | 0x000057b3 | 0xff | 0xff
[OK ]  |  4020 | 0x000057b4 | 0xba | 0xba
[OK ]  |  4021 | 0x000057b5 | 0xea | 0xea
[OK ]  |  4022 | 0x000057b6 | 0xfe | 0xfe
[OK ]  |  4023 | 0x000057b7 | 0xff | 0xff
[OK ]  |  4024 | 0x000057b8 | 0x47 | 0x47
[OK ]  |  4025 | 0x000057b9 | 0xb4 | 0xb4
[OK ]  |  4026 | 0x000057ba | 0x00 | 0x00
[OK ]  |  4027 | 0x000057bb | 0x00 | 0x00
[OK ]  |  4028 | 0x000057bc | 0x6e | 0x6e
[OK ]  |  4029 | 0x000057bd | 0x4e | 0x4e
[OK ]  |  4030 | 0x000057be | 0xff | 0xff
[OK ]  |  4031 | 0x000057bf | 0xff | 0xff
[OK ]  |  4032 | 0x000057c0 | 0xc9 | 0xc9
[OK ]  |  4033 | 0x000057c1 | 0x46 | 0x46
[OK ]  |  4034 | 0x000057c2 | 0x00 | 0x00
[OK ]  |  4035 | 0x000057c3 | 0x00 | 0x00
[OK ]  |  4036 | 0x000057c4 | 0x75 | 0x75
[OK ]  |  4037 | 0x000057c5 | 0x39 | 0x39
[OK ]  |  4038 | 0x000057c6 | 0xff | 0xff
[OK ]  |  4039 | 0x000057c7 | 0xff | 0xff
[OK ]  |  4040 | 0x000057c8 | 0xe1 | 0xe1
[OK ]  |  4041 | 0x000057c9 | 0x71 | 0x71
[OK ]  |  4042 | 0x000057ca | 0xff | 0xff
[OK ]  |  4043 | 0x000057cb | 0xff | 0xff
[OK ]  |  4044 | 0x000057cc | 0x26 | 0x26
[OK ]  |  4045 | 0x000057cd | 0xaa | 0xaa
[OK ]  |  4046 | 0x000057ce | 0x00 | 0x00
[OK ]  |  4047 | 0x000057cf | 0x00 | 0x00
[OK ]  |  4048 | 0x000057d0 | 0xbf | 0xbf
[OK ]  |  4049 | 0x000057d1 | 0xb4 | 0xb4
[OK ]  |  4050 | 0x000057d2 | 0x01 | 0x01
[OK ]  |  4051 | 0x000057d3 | 0x00 | 0x00
[OK ]  |  4052 | 0x000057d4 | 0x02 | 0x02
[OK ]  |  4053 | 0x000057d5 | 0x50 | 0x50
[OK ]  |  4054 | 0x000057d6 | 0x00 | 0x00
[OK ]  |  4055 | 0x000057d7 | 0x00 | 0x00
[OK ]  |  4056 | 0x000057d8 | 0xb9 | 0xb9
[OK ]  |  4057 | 0x000057d9 | 0xd7 | 0xd7
[OK ]  |  4058 | 0x000057da | 0xff | 0xff
[OK ]  |  4059 | 0x000057db | 0xff | 0xff
[OK ]  |  4060 | 0x000057dc | 0x57 | 0x57
[OK ]  |  4061 | 0x000057dd | 0x66 | 0x66
[OK ]  |  4062 | 0x000057de | 0x01 | 0x01
[OK ]  |  4063 | 0x000057df | 0x00 | 0x00
[OK ]  |  4064 | 0x000057e0 | 0x96 | 0x96
[OK ]  |  4065 | 0x000057e1 | 0xc9 | 0xc9
[OK ]  |  4066 | 0x000057e2 | 0xff | 0xff
[OK ]  |  4067 | 0x000057e3 | 0xff | 0xff
[OK ]  |  4068 | 0x000057e4 | 0x75 | 0x75
[OK ]  |  4069 | 0x000057e5 | 0xdd | 0xdd
[OK ]  |  4070 | 0x000057e6 | 0xfe | 0xfe
[OK ]  |  4071 | 0x000057e7 | 0xff | 0xff
[OK ]  |  4072 | 0x000057e8 | 0xb3 | 0xb3
[OK ]  |  4073 | 0x000057e9 | 0x47 | 0x47
[OK ]  |  4074 | 0x000057ea | 0xff | 0xff
[OK ]  |  4075 | 0x000057eb | 0xff | 0xff
[OK ]  |  4076 | 0x000057ec | 0xb7 | 0xb7
[OK ]  |  4077 | 0x000057ed | 0xfa | 0xfa
[OK ]  |  4078 | 0x000057ee | 0x00 | 0x00
[OK ]  |  4079 | 0x000057ef | 0x00 | 0x00
[OK ]  |  4080 | 0x000057f0 | 0x89 | 0x89
[OK ]  |  4081 | 0x000057f1 | 0xcc | 0xcc
[OK ]  |  4082 | 0x000057f2 | 0x00 | 0x00
[OK ]  |  4083 | 0x000057f3 | 0x00 | 0x00
[OK ]  |  4084 | 0x000057f4 | 0x57 | 0x57
[OK ]  |  4085 | 0x000057f5 | 0x4f | 0x4f
[OK ]  |  4086 | 0x000057f6 | 0xff | 0xff
[OK ]  |  4087 | 0x000057f7 | 0xff | 0xff
[OK ]  |  4088 | 0x000057f8 | 0x43 | 0x43
[OK ]  |  4089 | 0x000057f9 | 0x5b | 0x5b
[OK ]  |  4090 | 0x000057fa | 0xff | 0xff
[OK ]  |  4091 | 0x000057fb | 0xff | 0xff
[OK ]  |  4092 | 0x000057fc | 0x0d | 0x0d
[OK ]  |  4093 | 0x000057fd | 0xd9 | 0xd9
[OK ]  |  4094 | 0x000057fe | 0x00 | 0x00
[OK ]  |  4095 | 0x000057ff | 0x00 | 0x00
[OK ]  |  4096 | 0x00005800 | 0x5e | 0x5e
[OK ]  |  4097 | 0x00005801 | 0x83 | 0x83
[OK ]  |  4098 | 0x00005802 | 0x01 | 0x01
[OK ]  |  4099 | 0x00005803 | 0x00 | 0x00
[OK ]  |  4100 | 0x00005804 | 0x8c | 0x8c
[OK ]  |  4101 | 0x00005805 | 0x87 | 0x87
[OK ]  |  4102 | 0x00005806 | 0xfe | 0xfe
[OK ]  |  4103 | 0x00005807 | 0xff | 0xff
[OK ]  |  4104 | 0x00005808 | 0xbb | 0xbb
[OK ]  |  4105 | 0x00005809 | 0x7f | 0x7f
[OK ]  |  4106 | 0x0000580a | 0x00 | 0x00
[OK ]  |  4107 | 0x0000580b | 0x00 | 0x00
[OK ]  |  4108 | 0x0000580c | 0x31 | 0x31
[OK ]  |  4109 | 0x0000580d | 0x79 | 0x79
[OK ]  |  4110 | 0x0000580e | 0xff | 0xff
[OK ]  |  4111 | 0x0000580f | 0xff | 0xff
[OK ]  |  4112 | 0x00005810 | 0x52 | 0x52
[OK ]  |  4113 | 0x00005811 | 0x9c | 0x9c
[OK ]  |  4114 | 0x00005812 | 0xff | 0xff
[OK ]  |  4115 | 0x00005813 | 0xff | 0xff
[OK ]  |  4116 | 0x00005814 | 0x77 | 0x77
[OK ]  |  4117 | 0x00005815 | 0x45 | 0x45
[OK ]  |  4118 | 0x00005816 | 0x00 | 0x00
[OK ]  |  4119 | 0x00005817 | 0x00 | 0x00
[OK ]  |  4120 | 0x00005818 | 0xb2 | 0xb2
[OK ]  |  4121 | 0x00005819 | 0x43 | 0x43
[OK ]  |  4122 | 0x0000581a | 0x00 | 0x00
[OK ]  |  4123 | 0x0000581b | 0x00 | 0x00
[OK ]  |  4124 | 0x0000581c | 0x54 | 0x54
[OK ]  |  4125 | 0x0000581d | 0x95 | 0x95
[OK ]  |  4126 | 0x0000581e | 0xff | 0xff
[OK ]  |  4127 | 0x0000581f | 0xff | 0xff
[OK ]  |  4128 | 0x00005820 | 0x2f | 0x2f
[OK ]  |  4129 | 0x00005821 | 0xdb | 0xdb
[OK ]  |  4130 | 0x00005822 | 0xff | 0xff
[OK ]  |  4131 | 0x00005823 | 0xff | 0xff
[OK ]  |  4132 | 0x00005824 | 0xe8 | 0xe8
[OK ]  |  4133 | 0x00005825 | 0xfb | 0xfb
[OK ]  |  4134 | 0x00005826 | 0x00 | 0x00
[OK ]  |  4135 | 0x00005827 | 0x00 | 0x00
[OK ]  |  4136 | 0x00005828 | 0x7f | 0x7f
[OK ]  |  4137 | 0x00005829 | 0x3f | 0x3f
[OK ]  |  4138 | 0x0000582a | 0x00 | 0x00
[OK ]  |  4139 | 0x0000582b | 0x00 | 0x00
[OK ]  |  4140 | 0x0000582c | 0x1d | 0x1d
[OK ]  |  4141 | 0x0000582d | 0x2a | 0x2a
[OK ]  |  4142 | 0x0000582e | 0x01 | 0x01
[OK ]  |  4143 | 0x0000582f | 0x00 | 0x00
[OK ]  |  4144 | 0x00005830 | 0x71 | 0x71
[OK ]  |  4145 | 0x00005831 | 0x54 | 0x54
[OK ]  |  4146 | 0x00005832 | 0xff | 0xff
[OK ]  |  4147 | 0x00005833 | 0xff | 0xff
[OK ]  |  4148 | 0x00005834 | 0x57 | 0x57
[OK ]  |  4149 | 0x00005835 | 0x71 | 0x71
[OK ]  |  4150 | 0x00005836 | 0x01 | 0x01
[OK ]  |  4151 | 0x00005837 | 0x00 | 0x00
[OK ]  |  4152 | 0x00005838 | 0xc9 | 0xc9
[OK ]  |  4153 | 0x00005839 | 0x61 | 0x61
[OK ]  |  4154 | 0x0000583a | 0xff | 0xff
[OK ]  |  4155 | 0x0000583b | 0xff | 0xff
[OK ]  |  4156 | 0x0000583c | 0x32 | 0x32
[OK ]  |  4157 | 0x0000583d | 0x73 | 0x73
[OK ]  |  4158 | 0x0000583e | 0x01 | 0x01
[OK ]  |  4159 | 0x0000583f | 0x00 | 0x00
[OK ]  |  4160 | 0x00005840 | 0xe9 | 0xe9
[OK ]  |  4161 | 0x00005841 | 0xa1 | 0xa1
[OK ]  |  4162 | 0x00005842 | 0x00 | 0x00
[OK ]  |  4163 | 0x00005843 | 0x00 | 0x00
[OK ]  |  4164 | 0x00005844 | 0xb4 | 0xb4
[OK ]  |  4165 | 0x00005845 | 0x1e | 0x1e
[OK ]  |  4166 | 0x00005846 | 0x01 | 0x01
[OK ]  |  4167 | 0x00005847 | 0x00 | 0x00
[OK ]  |  4168 | 0x00005848 | 0xb3 | 0xb3
[OK ]  |  4169 | 0x00005849 | 0x21 | 0x21
[OK ]  |  4170 | 0x0000584a | 0xff | 0xff
[OK ]  |  4171 | 0x0000584b | 0xff | 0xff
[OK ]  |  4172 | 0x0000584c | 0x38 | 0x38
[OK ]  |  4173 | 0x0000584d | 0xb9 | 0xb9
[OK ]  |  4174 | 0x0000584e | 0xfe | 0xfe
[OK ]  |  4175 | 0x0000584f | 0xff | 0xff
[OK ]  |  4176 | 0x00005850 | 0x12 | 0x12
[OK ]  |  4177 | 0x00005851 | 0x22 | 0x22
[OK ]  |  4178 | 0x00005852 | 0x01 | 0x01
[OK ]  |  4179 | 0x00005853 | 0x00 | 0x00
[OK ]  |  4180 | 0x00005854 | 0x44 | 0x44
[OK ]  |  4181 | 0x00005855 | 0xb7 | 0xb7
[OK ]  |  4182 | 0x00005856 | 0x00 | 0x00
[OK ]  |  4183 | 0x00005857 | 0x00 | 0x00
[OK ]  |  4184 | 0x00005858 | 0x4d | 0x4d
[OK ]  |  4185 | 0x00005859 | 0x07 | 0x07
[OK ]  |  4186 | 0x0000585a | 0x00 | 0x00
[OK ]  |  4187 | 0x0000585b | 0x00 | 0x00
[OK ]  |  4188 | 0x0000585c | 0x50 | 0x50
[OK ]  |  4189 | 0x0000585d | 0xe2 | 0xe2
[OK ]  |  4190 | 0x0000585e | 0xfe | 0xfe
[OK ]  |  4191 | 0x0000585f | 0xff | 0xff
[OK ]  |  4192 | 0x00005860 | 0x16 | 0x16
[OK ]  |  4193 | 0x00005861 | 0xc3 | 0xc3
[OK ]  |  4194 | 0x00005862 | 0x00 | 0x00
[OK ]  |  4195 | 0x00005863 | 0x00 | 0x00
[OK ]  |  4196 | 0x00005864 | 0xcf | 0xcf
[OK ]  |  4197 | 0x00005865 | 0x91 | 0x91
[OK ]  |  4198 | 0x00005866 | 0x00 | 0x00
[OK ]  |  4199 | 0x00005867 | 0x00 | 0x00
[OK ]  |  4200 | 0x00005868 | 0x82 | 0x82
[OK ]  |  4201 | 0x00005869 | 0x28 | 0x28
[OK ]  |  4202 | 0x0000586a | 0xff | 0xff
[OK ]  |  4203 | 0x0000586b | 0xff | 0xff
[OK ]  |  4204 | 0x0000586c | 0x23 | 0x23
[OK ]  |  4205 | 0x0000586d | 0x0c | 0x0c
[OK ]  |  4206 | 0x0000586e | 0x01 | 0x01
[OK ]  |  4207 | 0x0000586f | 0x00 | 0x00
[OK ]  |  4208 | 0x00005870 | 0x4e | 0x4e
[OK ]  |  4209 | 0x00005871 | 0x13 | 0x13
[OK ]  |  4210 | 0x00005872 | 0x01 | 0x01
[OK ]  |  4211 | 0x00005873 | 0x00 | 0x00
[OK ]  |  4212 | 0x00005874 | 0xab | 0xab
[OK ]  |  4213 | 0x00005875 | 0xed | 0xed
[OK ]  |  4214 | 0x00005876 | 0xff | 0xff
[OK ]  |  4215 | 0x00005877 | 0xff | 0xff
[OK ]  |  4216 | 0x00005878 | 0x58 | 0x58
[OK ]  |  4217 | 0x00005879 | 0xac | 0xac
[OK ]  |  4218 | 0x0000587a | 0xfe | 0xfe
[OK ]  |  4219 | 0x0000587b | 0xff | 0xff
[OK ]  |  4220 | 0x0000587c | 0x03 | 0x03
[OK ]  |  4221 | 0x0000587d | 0x06 | 0x06
[OK ]  |  4222 | 0x0000587e | 0x03 | 0x03
[OK ]  |  4223 | 0x0000587f | 0x00 | 0x00
[OK ]  |  4224 | 0x00005880 | 0x42 | 0x42
[OK ]  |  4225 | 0x00005881 | 0xda | 0xda
[OK ]  |  4226 | 0x00005882 | 0x00 | 0x00
[OK ]  |  4227 | 0x00005883 | 0x00 | 0x00
[OK ]  |  4228 | 0x00005884 | 0xe1 | 0xe1
[OK ]  |  4229 | 0x00005885 | 0xef | 0xef
[OK ]  |  4230 | 0x00005886 | 0xff | 0xff
[OK ]  |  4231 | 0x00005887 | 0xff | 0xff
[OK ]  |  4232 | 0x00005888 | 0x73 | 0x73
[OK ]  |  4233 | 0x00005889 | 0xbf | 0xbf
[OK ]  |  4234 | 0x0000588a | 0x00 | 0x00
[OK ]  |  4235 | 0x0000588b | 0x00 | 0x00
[OK ]  |  4236 | 0x0000588c | 0xe5 | 0xe5
[OK ]  |  4237 | 0x0000588d | 0x72 | 0x72
[OK ]  |  4238 | 0x0000588e | 0x00 | 0x00
[OK ]  |  4239 | 0x0000588f | 0x00 | 0x00
[OK ]  |  4240 | 0x00005890 | 0x90 | 0x90
[OK ]  |  4241 | 0x00005891 | 0x81 | 0x81
[OK ]  |  4242 | 0x00005892 | 0x01 | 0x01
[OK ]  |  4243 | 0x00005893 | 0x00 | 0x00
[OK ]  |  4244 | 0x00005894 | 0xe2 | 0xe2
[OK ]  |  4245 | 0x00005895 | 0xf0 | 0xf0
[OK ]  |  4246 | 0x00005896 | 0x00 | 0x00
[OK ]  |  4247 | 0x00005897 | 0x00 | 0x00
[OK ]  |  4248 | 0x00005898 | 0xbf | 0xbf
[OK ]  |  4249 | 0x00005899 | 0x73 | 0x73
[OK ]  |  4250 | 0x0000589a | 0x00 | 0x00
[OK ]  |  4251 | 0x0000589b | 0x00 | 0x00
[OK ]  |  4252 | 0x0000589c | 0xb0 | 0xb0
[OK ]  |  4253 | 0x0000589d | 0x7f | 0x7f
[OK ]  |  4254 | 0x0000589e | 0x00 | 0x00
[OK ]  |  4255 | 0x0000589f | 0x00 | 0x00
[OK ]  |  4256 | 0x000058a0 | 0xf4 | 0xf4
[OK ]  |  4257 | 0x000058a1 | 0x9a | 0x9a
[OK ]  |  4258 | 0x000058a2 | 0x01 | 0x01
[OK ]  |  4259 | 0x000058a3 | 0x00 | 0x00
[OK ]  |  4260 | 0x000058a4 | 0xcb | 0xcb
[OK ]  |  4261 | 0x000058a5 | 0xab | 0xab
[OK ]  |  4262 | 0x000058a6 | 0xff | 0xff
[OK ]  |  4263 | 0x000058a7 | 0xff | 0xff
[OK ]  |  4264 | 0x000058a8 | 0x87 | 0x87
[OK ]  |  4265 | 0x000058a9 | 0x15 | 0x15
[OK ]  |  4266 | 0x000058aa | 0x00 | 0x00
[OK ]  |  4267 | 0x000058ab | 0x00 | 0x00
[OK ]  |  4268 | 0x000058ac | 0x28 | 0x28
[OK ]  |  4269 | 0x000058ad | 0x6d | 0x6d
[OK ]  |  4270 | 0x000058ae | 0x01 | 0x01
[OK ]  |  4271 | 0x000058af | 0x00 | 0x00
[OK ]  |  4272 | 0x000058b0 | 0x5d | 0x5d
[OK ]  |  4273 | 0x000058b1 | 0x3c | 0x3c
[OK ]  |  4274 | 0x000058b2 | 0x00 | 0x00
[OK ]  |  4275 | 0x000058b3 | 0x00 | 0x00
[OK ]  |  4276 | 0x000058b4 | 0x2f | 0x2f
[OK ]  |  4277 | 0x000058b5 | 0x8f | 0x8f
[OK ]  |  4278 | 0x000058b6 | 0x00 | 0x00
[OK ]  |  4279 | 0x000058b7 | 0x00 | 0x00
[OK ]  |  4280 | 0x000058b8 | 0xf6 | 0xf6
[OK ]  |  4281 | 0x000058b9 | 0x97 | 0x97
[OK ]  |  4282 | 0x000058ba | 0x00 | 0x00
[OK ]  |  4283 | 0x000058bb | 0x00 | 0x00
[OK ]  |  4284 | 0x000058bc | 0x80 | 0x80
[OK ]  |  4285 | 0x000058bd | 0xe9 | 0xe9
[OK ]  |  4286 | 0x000058be | 0xfe | 0xfe
[OK ]  |  4287 | 0x000058bf | 0xff | 0xff
[OK ]  |  4288 | 0x000058c0 | 0xcb | 0xcb
[OK ]  |  4289 | 0x000058c1 | 0xef | 0xef
[OK ]  |  4290 | 0x000058c2 | 0xff | 0xff
[OK ]  |  4291 | 0x000058c3 | 0xff | 0xff
[OK ]  |  4292 | 0x000058c4 | 0x2a | 0x2a
[OK ]  |  4293 | 0x000058c5 | 0x51 | 0x51
[OK ]  |  4294 | 0x000058c6 | 0x00 | 0x00
[OK ]  |  4295 | 0x000058c7 | 0x00 | 0x00
[OK ]  |  4296 | 0x000058c8 | 0x1d | 0x1d
[OK ]  |  4297 | 0x000058c9 | 0x1b | 0x1b
[OK ]  |  4298 | 0x000058ca | 0x01 | 0x01
[OK ]  |  4299 | 0x000058cb | 0x00 | 0x00
[OK ]  |  4300 | 0x000058cc | 0x77 | 0x77
[OK ]  |  4301 | 0x000058cd | 0xe3 | 0xe3
[OK ]  |  4302 | 0x000058ce | 0xfd | 0xfd
[OK ]  |  4303 | 0x000058cf | 0xff | 0xff
[OK ]  |  4304 | 0x000058d0 | 0x7a | 0x7a
[OK ]  |  4305 | 0x000058d1 | 0xb6 | 0xb6
[OK ]  |  4306 | 0x000058d2 | 0xff | 0xff
[OK ]  |  4307 | 0x000058d3 | 0xff | 0xff
[OK ]  |  4308 | 0x000058d4 | 0xc7 | 0xc7
[OK ]  |  4309 | 0x000058d5 | 0xf8 | 0xf8
[OK ]  |  4310 | 0x000058d6 | 0xfe | 0xfe
[OK ]  |  4311 | 0x000058d7 | 0xff | 0xff
[OK ]  |  4312 | 0x000058d8 | 0xd8 | 0xd8
[OK ]  |  4313 | 0x000058d9 | 0x2f | 0x2f
[OK ]  |  4314 | 0x000058da | 0x00 | 0x00
[OK ]  |  4315 | 0x000058db | 0x00 | 0x00
[OK ]  |  4316 | 0x000058dc | 0xc9 | 0xc9
[OK ]  |  4317 | 0x000058dd | 0x0c | 0x0c
[OK ]  |  4318 | 0x000058de | 0x00 | 0x00
[OK ]  |  4319 | 0x000058df | 0x00 | 0x00
[OK ]  |  4320 | 0x000058e0 | 0x3c | 0x3c
[OK ]  |  4321 | 0x000058e1 | 0x40 | 0x40
[OK ]  |  4322 | 0x000058e2 | 0x00 | 0x00
[OK ]  |  4323 | 0x000058e3 | 0x00 | 0x00
[OK ]  |  4324 | 0x000058e4 | 0xf5 | 0xf5
[OK ]  |  4325 | 0x000058e5 | 0xad | 0xad
[OK ]  |  4326 | 0x000058e6 | 0xff | 0xff
[OK ]  |  4327 | 0x000058e7 | 0xff | 0xff
[OK ]  |  4328 | 0x000058e8 | 0xfb | 0xfb
[OK ]  |  4329 | 0x000058e9 | 0x41 | 0x41
[OK ]  |  4330 | 0x000058ea | 0x00 | 0x00
[OK ]  |  4331 | 0x000058eb | 0x00 | 0x00
[OK ]  |  4332 | 0x000058ec | 0x6c | 0x6c
[OK ]  |  4333 | 0x000058ed | 0xbf | 0xbf
[OK ]  |  4334 | 0x000058ee | 0xff | 0xff
[OK ]  |  4335 | 0x000058ef | 0xff | 0xff
[OK ]  |  4336 | 0x000058f0 | 0x62 | 0x62
[OK ]  |  4337 | 0x000058f1 | 0xf0 | 0xf0
[OK ]  |  4338 | 0x000058f2 | 0xfe | 0xfe
[OK ]  |  4339 | 0x000058f3 | 0xff | 0xff
[OK ]  |  4340 | 0x000058f4 | 0x34 | 0x34
[OK ]  |  4341 | 0x000058f5 | 0x34 | 0x34
[OK ]  |  4342 | 0x000058f6 | 0xff | 0xff
[OK ]  |  4343 | 0x000058f7 | 0xff | 0xff
[OK ]  |  4344 | 0x000058f8 | 0x62 | 0x62
[OK ]  |  4345 | 0x000058f9 | 0xa4 | 0xa4
[OK ]  |  4346 | 0x000058fa | 0xff | 0xff
[OK ]  |  4347 | 0x000058fb | 0xff | 0xff
[OK ]  |  4348 | 0x000058fc | 0xff | 0xff
[OK ]  |  4349 | 0x000058fd | 0x69 | 0x69
[OK ]  |  4350 | 0x000058fe | 0xff | 0xff
[OK ]  |  4351 | 0x000058ff | 0xff | 0xff
[OK ]  |  4352 | 0x00005900 | 0x10 | 0x10
[OK ]  |  4353 | 0x00005901 | 0x1c | 0x1c
[OK ]  |  4354 | 0x00005902 | 0x01 | 0x01
[OK ]  |  4355 | 0x00005903 | 0x00 | 0x00
[OK ]  |  4356 | 0x00005904 | 0x4c | 0x4c
[OK ]  |  4357 | 0x00005905 | 0xad | 0xad
[OK ]  |  4358 | 0x00005906 | 0x00 | 0x00
[OK ]  |  4359 | 0x00005907 | 0x00 | 0x00
[OK ]  |  4360 | 0x00005908 | 0xaa | 0xaa
[OK ]  |  4361 | 0x00005909 | 0xbf | 0xbf
[OK ]  |  4362 | 0x0000590a | 0xfe | 0xfe
[OK ]  |  4363 | 0x0000590b | 0xff | 0xff
[OK ]  |  4364 | 0x0000590c | 0x01 | 0x01
[OK ]  |  4365 | 0x0000590d | 0xa7 | 0xa7
[OK ]  |  4366 | 0x0000590e | 0xfd | 0xfd
[OK ]  |  4367 | 0x0000590f | 0xff | 0xff
[OK ]  |  4368 | 0x00005910 | 0xb9 | 0xb9
[OK ]  |  4369 | 0x00005911 | 0x40 | 0x40
[OK ]  |  4370 | 0x00005912 | 0x00 | 0x00
[OK ]  |  4371 | 0x00005913 | 0x00 | 0x00
[OK ]  |  4372 | 0x00005914 | 0x68 | 0x68
[OK ]  |  4373 | 0x00005915 | 0xfb | 0xfb
[OK ]  |  4374 | 0x00005916 | 0xff | 0xff
[OK ]  |  4375 | 0x00005917 | 0xff | 0xff
[OK ]  |  4376 | 0x00005918 | 0xbc | 0xbc
[OK ]  |  4377 | 0x00005919 | 0xca | 0xca
[OK ]  |  4378 | 0x0000591a | 0xfe | 0xfe
[OK ]  |  4379 | 0x0000591b | 0xff | 0xff
[OK ]  |  4380 | 0x0000591c | 0xc7 | 0xc7
[OK ]  |  4381 | 0x0000591d | 0x54 | 0x54
[OK ]  |  4382 | 0x0000591e | 0x00 | 0x00
[OK ]  |  4383 | 0x0000591f | 0x00 | 0x00
[OK ]  |  4384 | 0x00005920 | 0x1d | 0x1d
[OK ]  |  4385 | 0x00005921 | 0x49 | 0x49
[OK ]  |  4386 | 0x00005922 | 0xff | 0xff
[OK ]  |  4387 | 0x00005923 | 0xff | 0xff
[OK ]  |  4388 | 0x00005924 | 0x08 | 0x08
[OK ]  |  4389 | 0x00005925 | 0x07 | 0x07
[OK ]  |  4390 | 0x00005926 | 0x00 | 0x00
[OK ]  |  4391 | 0x00005927 | 0x00 | 0x00
[OK ]  |  4392 | 0x00005928 | 0xc5 | 0xc5
[OK ]  |  4393 | 0x00005929 | 0xd9 | 0xd9
[OK ]  |  4394 | 0x0000592a | 0x00 | 0x00
[OK ]  |  4395 | 0x0000592b | 0x00 | 0x00
[OK ]  |  4396 | 0x0000592c | 0x4a | 0x4a
[OK ]  |  4397 | 0x0000592d | 0x62 | 0x62
[OK ]  |  4398 | 0x0000592e | 0xff | 0xff
[OK ]  |  4399 | 0x0000592f | 0xff | 0xff
[OK ]  |  4400 | 0x00005930 | 0xd4 | 0xd4
[OK ]  |  4401 | 0x00005931 | 0xe3 | 0xe3
[OK ]  |  4402 | 0x00005932 | 0x00 | 0x00
[OK ]  |  4403 | 0x00005933 | 0x00 | 0x00
[OK ]  |  4404 | 0x00005934 | 0x72 | 0x72
[OK ]  |  4405 | 0x00005935 | 0x65 | 0x65
[OK ]  |  4406 | 0x00005936 | 0x01 | 0x01
[OK ]  |  4407 | 0x00005937 | 0x00 | 0x00
[OK ]  |  4408 | 0x00005938 | 0xf2 | 0xf2
[OK ]  |  4409 | 0x00005939 | 0xc8 | 0xc8
[OK ]  |  4410 | 0x0000593a | 0xff | 0xff
[OK ]  |  4411 | 0x0000593b | 0xff | 0xff
[OK ]  |  4412 | 0x0000593c | 0xee | 0xee
[OK ]  |  4413 | 0x0000593d | 0x0f | 0x0f
[OK ]  |  4414 | 0x0000593e | 0x00 | 0x00
[OK ]  |  4415 | 0x0000593f | 0x00 | 0x00
[OK ]  |  4416 | 0x00005940 | 0x8f | 0x8f
[OK ]  |  4417 | 0x00005941 | 0x7f | 0x7f
[OK ]  |  4418 | 0x00005942 | 0x00 | 0x00
[OK ]  |  4419 | 0x00005943 | 0x00 | 0x00
[OK ]  |  4420 | 0x00005944 | 0x2b | 0x2b
[OK ]  |  4421 | 0x00005945 | 0x53 | 0x53
[OK ]  |  4422 | 0x00005946 | 0x00 | 0x00
[OK ]  |  4423 | 0x00005947 | 0x00 | 0x00
[OK ]  |  4424 | 0x00005948 | 0x0c | 0x0c
[OK ]  |  4425 | 0x00005949 | 0x9e | 0x9e
[OK ]  |  4426 | 0x0000594a | 0x00 | 0x00
[OK ]  |  4427 | 0x0000594b | 0x00 | 0x00
[OK ]  |  4428 | 0x0000594c | 0x49 | 0x49
[OK ]  |  4429 | 0x0000594d | 0x23 | 0x23
[OK ]  |  4430 | 0x0000594e | 0xfd | 0xfd
[OK ]  |  4431 | 0x0000594f | 0xff | 0xff
[OK ]  |  4432 | 0x00005950 | 0x1c | 0x1c
[OK ]  |  4433 | 0x00005951 | 0x32 | 0x32
[OK ]  |  4434 | 0x00005952 | 0xff | 0xff
[OK ]  |  4435 | 0x00005953 | 0xff | 0xff
[OK ]  |  4436 | 0x00005954 | 0xdd | 0xdd
[OK ]  |  4437 | 0x00005955 | 0x1d | 0x1d
[OK ]  |  4438 | 0x00005956 | 0xff | 0xff
[OK ]  |  4439 | 0x00005957 | 0xff | 0xff
[OK ]  |  4440 | 0x00005958 | 0x6d | 0x6d
[OK ]  |  4441 | 0x00005959 | 0x68 | 0x68
[OK ]  |  4442 | 0x0000595a | 0xff | 0xff
[OK ]  |  4443 | 0x0000595b | 0xff | 0xff
[OK ]  |  4444 | 0x0000595c | 0xdf | 0xdf
[OK ]  |  4445 | 0x0000595d | 0xac | 0xac
[OK ]  |  4446 | 0x0000595e | 0xff | 0xff
[OK ]  |  4447 | 0x0000595f | 0xff | 0xff
[OK ]  |  4448 | 0x00005960 | 0xa0 | 0xa0
[OK ]  |  4449 | 0x00005961 | 0xdb | 0xdb
[OK ]  |  4450 | 0x00005962 | 0xfe | 0xfe
[OK ]  |  4451 | 0x00005963 | 0xff | 0xff
[OK ]  |  4452 | 0x00005964 | 0x7b | 0x7b
[OK ]  |  4453 | 0x00005965 | 0xc6 | 0xc6
[OK ]  |  4454 | 0x00005966 | 0xff | 0xff
[OK ]  |  4455 | 0x00005967 | 0xff | 0xff
[OK ]  |  4456 | 0x00005968 | 0x1a | 0x1a
[OK ]  |  4457 | 0x00005969 | 0x16 | 0x16
[OK ]  |  4458 | 0x0000596a | 0x01 | 0x01
[OK ]  |  4459 | 0x0000596b | 0x00 | 0x00
[OK ]  |  4460 | 0x0000596c | 0xe6 | 0xe6
[OK ]  |  4461 | 0x0000596d | 0x62 | 0x62
[OK ]  |  4462 | 0x0000596e | 0x01 | 0x01
[OK ]  |  4463 | 0x0000596f | 0x00 | 0x00
[OK ]  |  4464 | 0x00005970 | 0x28 | 0x28
[OK ]  |  4465 | 0x00005971 | 0x10 | 0x10
[OK ]  |  4466 | 0x00005972 | 0xfe | 0xfe
[OK ]  |  4467 | 0x00005973 | 0xff | 0xff
[OK ]  |  4468 | 0x00005974 | 0xa7 | 0xa7
[OK ]  |  4469 | 0x00005975 | 0x98 | 0x98
[OK ]  |  4470 | 0x00005976 | 0xff | 0xff
[OK ]  |  4471 | 0x00005977 | 0xff | 0xff
[OK ]  |  4472 | 0x00005978 | 0xc6 | 0xc6
[OK ]  |  4473 | 0x00005979 | 0x39 | 0x39
[OK ]  |  4474 | 0x0000597a | 0xff | 0xff
[OK ]  |  4475 | 0x0000597b | 0xff | 0xff
[OK ]  |  4476 | 0x0000597c | 0xd5 | 0xd5
[OK ]  |  4477 | 0x0000597d | 0x27 | 0x27
[OK ]  |  4478 | 0x0000597e | 0x00 | 0x00
[OK ]  |  4479 | 0x0000597f | 0x00 | 0x00
[OK ]  |  4480 | 0x00005980 | 0x6c | 0x6c
[OK ]  |  4481 | 0x00005981 | 0x67 | 0x67
[OK ]  |  4482 | 0x00005982 | 0xff | 0xff
[OK ]  |  4483 | 0x00005983 | 0xff | 0xff
[OK ]  |  4484 | 0x00005984 | 0xd5 | 0xd5
[OK ]  |  4485 | 0x00005985 | 0xf4 | 0xf4
[OK ]  |  4486 | 0x00005986 | 0xff | 0xff
[OK ]  |  4487 | 0x00005987 | 0xff | 0xff
[OK ]  |  4488 | 0x00005988 | 0x05 | 0x05
[OK ]  |  4489 | 0x00005989 | 0xca | 0xca
[OK ]  |  4490 | 0x0000598a | 0xfe | 0xfe
[OK ]  |  4491 | 0x0000598b | 0xff | 0xff
[OK ]  |  4492 | 0x0000598c | 0x03 | 0x03
[OK ]  |  4493 | 0x0000598d | 0x7f | 0x7f
[OK ]  |  4494 | 0x0000598e | 0xff | 0xff
[OK ]  |  4495 | 0x0000598f | 0xff | 0xff
[OK ]  |  4496 | 0x00005990 | 0x31 | 0x31
[OK ]  |  4497 | 0x00005991 | 0xc9 | 0xc9
[OK ]  |  4498 | 0x00005992 | 0x00 | 0x00
[OK ]  |  4499 | 0x00005993 | 0x00 | 0x00
[OK ]  |  4500 | 0x00005994 | 0xaf | 0xaf
[OK ]  |  4501 | 0x00005995 | 0x2a | 0x2a
[OK ]  |  4502 | 0x00005996 | 0xff | 0xff
[OK ]  |  4503 | 0x00005997 | 0xff | 0xff
[OK ]  |  4504 | 0x00005998 | 0xa3 | 0xa3
[OK ]  |  4505 | 0x00005999 | 0x38 | 0x38
[OK ]  |  4506 | 0x0000599a | 0xff | 0xff
[OK ]  |  4507 | 0x0000599b | 0xff | 0xff
[OK ]  |  4508 | 0x0000599c | 0x03 | 0x03
[OK ]  |  4509 | 0x0000599d | 0x09 | 0x09
[OK ]  |  4510 | 0x0000599e | 0xff | 0xff
[OK ]  |  4511 | 0x0000599f | 0xff | 0xff
[OK ]  |  4512 | 0x000059a0 | 0x9f | 0x9f
[OK ]  |  4513 | 0x000059a1 | 0x45 | 0x45
[OK ]  |  4514 | 0x000059a2 | 0x02 | 0x02
[OK ]  |  4515 | 0x000059a3 | 0x00 | 0x00
[OK ]  |  4516 | 0x000059a4 | 0x76 | 0x76
[OK ]  |  4517 | 0x000059a5 | 0x69 | 0x69
[OK ]  |  4518 | 0x000059a6 | 0xfe | 0xfe
[OK ]  |  4519 | 0x000059a7 | 0xff | 0xff
[OK ]  |  4520 | 0x000059a8 | 0xc1 | 0xc1
[OK ]  |  4521 | 0x000059a9 | 0x60 | 0x60
[OK ]  |  4522 | 0x000059aa | 0xff | 0xff
[OK ]  |  4523 | 0x000059ab | 0xff | 0xff
[OK ]  |  4524 | 0x000059ac | 0x1e | 0x1e
[OK ]  |  4525 | 0x000059ad | 0x2c | 0x2c
[OK ]  |  4526 | 0x000059ae | 0xff | 0xff
[OK ]  |  4527 | 0x000059af | 0xff | 0xff
[OK ]  |  4528 | 0x000059b0 | 0xe1 | 0xe1
[OK ]  |  4529 | 0x000059b1 | 0x4a | 0x4a
[OK ]  |  4530 | 0x000059b2 | 0x01 | 0x01
[OK ]  |  4531 | 0x000059b3 | 0x00 | 0x00
[OK ]  |  4532 | 0x000059b4 | 0xb9 | 0xb9
[OK ]  |  4533 | 0x000059b5 | 0x3a | 0x3a
[OK ]  |  4534 | 0x000059b6 | 0xff | 0xff
[OK ]  |  4535 | 0x000059b7 | 0xff | 0xff
[OK ]  |  4536 | 0x000059b8 | 0xdd | 0xdd
[OK ]  |  4537 | 0x000059b9 | 0x0c | 0x0c
[OK ]  |  4538 | 0x000059ba | 0xff | 0xff
[OK ]  |  4539 | 0x000059bb | 0xff | 0xff
[OK ]  |  4540 | 0x000059bc | 0x32 | 0x32
[OK ]  |  4541 | 0x000059bd | 0x1b | 0x1b
[OK ]  |  4542 | 0x000059be | 0x01 | 0x01
[OK ]  |  4543 | 0x000059bf | 0x00 | 0x00
[OK ]  |  4544 | 0x000059c0 | 0xca | 0xca
[OK ]  |  4545 | 0x000059c1 | 0x06 | 0x06
[OK ]  |  4546 | 0x000059c2 | 0x00 | 0x00
[OK ]  |  4547 | 0x000059c3 | 0x00 | 0x00
[OK ]  |  4548 | 0x000059c4 | 0x48 | 0x48
[OK ]  |  4549 | 0x000059c5 | 0xe6 | 0xe6
[OK ]  |  4550 | 0x000059c6 | 0xff | 0xff
[OK ]  |  4551 | 0x000059c7 | 0xff | 0xff
[OK ]  |  4552 | 0x000059c8 | 0xeb | 0xeb
[OK ]  |  4553 | 0x000059c9 | 0x47 | 0x47
[OK ]  |  4554 | 0x000059ca | 0xfe | 0xfe
[OK ]  |  4555 | 0x000059cb | 0xff | 0xff
[OK ]  |  4556 | 0x000059cc | 0x3d | 0x3d
[OK ]  |  4557 | 0x000059cd | 0xfd | 0xfd
[OK ]  |  4558 | 0x000059ce | 0xfe | 0xfe
[OK ]  |  4559 | 0x000059cf | 0xff | 0xff
[OK ]  |  4560 | 0x000059d0 | 0x31 | 0x31
[OK ]  |  4561 | 0x000059d1 | 0x53 | 0x53
[OK ]  |  4562 | 0x000059d2 | 0xff | 0xff
[OK ]  |  4563 | 0x000059d3 | 0xff | 0xff
[OK ]  |  4564 | 0x000059d4 | 0x34 | 0x34
[OK ]  |  4565 | 0x000059d5 | 0x1e | 0x1e
[OK ]  |  4566 | 0x000059d6 | 0x00 | 0x00
[OK ]  |  4567 | 0x000059d7 | 0x00 | 0x00
[OK ]  |  4568 | 0x000059d8 | 0x8a | 0x8a
[OK ]  |  4569 | 0x000059d9 | 0x9e | 0x9e
[OK ]  |  4570 | 0x000059da | 0xff | 0xff
[OK ]  |  4571 | 0x000059db | 0xff | 0xff
[OK ]  |  4572 | 0x000059dc | 0x9b | 0x9b
[OK ]  |  4573 | 0x000059dd | 0x46 | 0x46
[OK ]  |  4574 | 0x000059de | 0xff | 0xff
[OK ]  |  4575 | 0x000059df | 0xff | 0xff
[OK ]  |  4576 | 0x000059e0 | 0x74 | 0x74
[OK ]  |  4577 | 0x000059e1 | 0x65 | 0x65
[OK ]  |  4578 | 0x000059e2 | 0x00 | 0x00
[OK ]  |  4579 | 0x000059e3 | 0x00 | 0x00
[OK ]  |  4580 | 0x000059e4 | 0xba | 0xba
[OK ]  |  4581 | 0x000059e5 | 0xe2 | 0xe2
[OK ]  |  4582 | 0x000059e6 | 0xff | 0xff
[OK ]  |  4583 | 0x000059e7 | 0xff | 0xff
[OK ]  |  4584 | 0x000059e8 | 0x4f | 0x4f
[OK ]  |  4585 | 0x000059e9 | 0x8e | 0x8e
[OK ]  |  4586 | 0x000059ea | 0x01 | 0x01
[OK ]  |  4587 | 0x000059eb | 0x00 | 0x00
[OK ]  |  4588 | 0x000059ec | 0x37 | 0x37
[OK ]  |  4589 | 0x000059ed | 0x9a | 0x9a
[OK ]  |  4590 | 0x000059ee | 0xff | 0xff
[OK ]  |  4591 | 0x000059ef | 0xff | 0xff
[OK ]  |  4592 | 0x000059f0 | 0xaa | 0xaa
[OK ]  |  4593 | 0x000059f1 | 0x3f | 0x3f
[OK ]  |  4594 | 0x000059f2 | 0xff | 0xff
[OK ]  |  4595 | 0x000059f3 | 0xff | 0xff
[OK ]  |  4596 | 0x000059f4 | 0x66 | 0x66
[OK ]  |  4597 | 0x000059f5 | 0x20 | 0x20
[OK ]  |  4598 | 0x000059f6 | 0x00 | 0x00
[OK ]  |  4599 | 0x000059f7 | 0x00 | 0x00
[OK ]  |  4600 | 0x000059f8 | 0x8f | 0x8f
[OK ]  |  4601 | 0x000059f9 | 0xaf | 0xaf
[OK ]  |  4602 | 0x000059fa | 0x00 | 0x00
[OK ]  |  4603 | 0x000059fb | 0x00 | 0x00
[OK ]  |  4604 | 0x000059fc | 0xb7 | 0xb7
[OK ]  |  4605 | 0x000059fd | 0x79 | 0x79
[OK ]  |  4606 | 0x000059fe | 0x00 | 0x00
[OK ]  |  4607 | 0x000059ff | 0x00 | 0x00
[OK ]  |  4608 | 0x00005a00 | 0x0c | 0x0c
[OK ]  |  4609 | 0x00005a01 | 0x16 | 0x16
[OK ]  |  4610 | 0x00005a02 | 0x00 | 0x00
[OK ]  |  4611 | 0x00005a03 | 0x00 | 0x00
[OK ]  |  4612 | 0x00005a04 | 0xbe | 0xbe
[OK ]  |  4613 | 0x00005a05 | 0xa5 | 0xa5
[OK ]  |  4614 | 0x00005a06 | 0xff | 0xff
[OK ]  |  4615 | 0x00005a07 | 0xff | 0xff
[OK ]  |  4616 | 0x00005a08 | 0x36 | 0x36
[OK ]  |  4617 | 0x00005a09 | 0x46 | 0x46
[OK ]  |  4618 | 0x00005a0a | 0x00 | 0x00
[OK ]  |  4619 | 0x00005a0b | 0x00 | 0x00
[OK ]  |  4620 | 0x00005a0c | 0x42 | 0x42
[OK ]  |  4621 | 0x00005a0d | 0x6d | 0x6d
[OK ]  |  4622 | 0x00005a0e | 0x02 | 0x02
[OK ]  |  4623 | 0x00005a0f | 0x00 | 0x00
[OK ]  |  4624 | 0x00005a10 | 0x17 | 0x17
[OK ]  |  4625 | 0x00005a11 | 0xc5 | 0xc5
[OK ]  |  4626 | 0x00005a12 | 0x00 | 0x00
[OK ]  |  4627 | 0x00005a13 | 0x00 | 0x00
[OK ]  |  4628 | 0x00005a14 | 0xb0 | 0xb0
[OK ]  |  4629 | 0x00005a15 | 0x8d | 0x8d
[OK ]  |  4630 | 0x00005a16 | 0xfe | 0xfe
[OK ]  |  4631 | 0x00005a17 | 0xff | 0xff
[OK ]  |  4632 | 0x00005a18 | 0x2d | 0x2d
[OK ]  |  4633 | 0x00005a19 | 0x96 | 0x96
[OK ]  |  4634 | 0x00005a1a | 0x00 | 0x00
[OK ]  |  4635 | 0x00005a1b | 0x00 | 0x00
[OK ]  |  4636 | 0x00005a1c | 0x52 | 0x52
[OK ]  |  4637 | 0x00005a1d | 0x53 | 0x53
[OK ]  |  4638 | 0x00005a1e | 0x00 | 0x00
[OK ]  |  4639 | 0x00005a1f | 0x00 | 0x00
[OK ]  |  4640 | 0x00005a20 | 0x1a | 0x1a
[OK ]  |  4641 | 0x00005a21 | 0xbf | 0xbf
[OK ]  |  4642 | 0x00005a22 | 0xfe | 0xfe
[OK ]  |  4643 | 0x00005a23 | 0xff | 0xff
[OK ]  |  4644 | 0x00005a24 | 0x01 | 0x01
[OK ]  |  4645 | 0x00005a25 | 0x7a | 0x7a
[OK ]  |  4646 | 0x00005a26 | 0xff | 0xff
[OK ]  |  4647 | 0x00005a27 | 0xff | 0xff
[OK ]  |  4648 | 0x00005a28 | 0xb7 | 0xb7
[OK ]  |  4649 | 0x00005a29 | 0x2c | 0x2c
[OK ]  |  4650 | 0x00005a2a | 0x00 | 0x00
[OK ]  |  4651 | 0x00005a2b | 0x00 | 0x00
[OK ]  |  4652 | 0x00005a2c | 0xd0 | 0xd0
[OK ]  |  4653 | 0x00005a2d | 0xbe | 0xbe
[OK ]  |  4654 | 0x00005a2e | 0x00 | 0x00
[OK ]  |  4655 | 0x00005a2f | 0x00 | 0x00
[OK ]  |  4656 | 0x00005a30 | 0xb5 | 0xb5
[OK ]  |  4657 | 0x00005a31 | 0x4b | 0x4b
[OK ]  |  4658 | 0x00005a32 | 0xff | 0xff
[OK ]  |  4659 | 0x00005a33 | 0xff | 0xff
[OK ]  |  4660 | 0x00005a34 | 0x86 | 0x86
[OK ]  |  4661 | 0x00005a35 | 0x19 | 0x19
[OK ]  |  4662 | 0x00005a36 | 0xff | 0xff
[OK ]  |  4663 | 0x00005a37 | 0xff | 0xff
[OK ]  |  4664 | 0x00005a38 | 0xce | 0xce
[OK ]  |  4665 | 0x00005a39 | 0x4f | 0x4f
[OK ]  |  4666 | 0x00005a3a | 0xff | 0xff
[OK ]  |  4667 | 0x00005a3b | 0xff | 0xff
[OK ]  |  4668 | 0x00005a3c | 0x41 | 0x41
[OK ]  |  4669 | 0x00005a3d | 0x98 | 0x98
[OK ]  |  4670 | 0x00005a3e | 0xff | 0xff
[OK ]  |  4671 | 0x00005a3f | 0xff | 0xff
[OK ]  |  4672 | 0x00005a40 | 0xe9 | 0xe9
[OK ]  |  4673 | 0x00005a41 | 0x84 | 0x84
[OK ]  |  4674 | 0x00005a42 | 0x00 | 0x00
[OK ]  |  4675 | 0x00005a43 | 0x00 | 0x00
[OK ]  |  4676 | 0x00005a44 | 0x88 | 0x88
[OK ]  |  4677 | 0x00005a45 | 0x73 | 0x73
[OK ]  |  4678 | 0x00005a46 | 0xff | 0xff
[OK ]  |  4679 | 0x00005a47 | 0xff | 0xff
[OK ]  |  4680 | 0x00005a48 | 0x95 | 0x95
[OK ]  |  4681 | 0x00005a49 | 0x99 | 0x99
[OK ]  |  4682 | 0x00005a4a | 0xff | 0xff
[OK ]  |  4683 | 0x00005a4b | 0xff | 0xff
[OK ]  |  4684 | 0x00005a4c | 0x93 | 0x93
[OK ]  |  4685 | 0x00005a4d | 0x0a | 0x0a
[OK ]  |  4686 | 0x00005a4e | 0x00 | 0x00
[OK ]  |  4687 | 0x00005a4f | 0x00 | 0x00
[OK ]  |  4688 | 0x00005a50 | 0xb8 | 0xb8
[OK ]  |  4689 | 0x00005a51 | 0xaa | 0xaa
[OK ]  |  4690 | 0x00005a52 | 0x03 | 0x03
[OK ]  |  4691 | 0x00005a53 | 0x00 | 0x00
[OK ]  |  4692 | 0x00005a54 | 0xad | 0xad
[OK ]  |  4693 | 0x00005a55 | 0xe8 | 0xe8
[OK ]  |  4694 | 0x00005a56 | 0x00 | 0x00
[OK ]  |  4695 | 0x00005a57 | 0x00 | 0x00
[OK ]  |  4696 | 0x00005a58 | 0x39 | 0x39
[OK ]  |  4697 | 0x00005a59 | 0x63 | 0x63
[OK ]  |  4698 | 0x00005a5a | 0x01 | 0x01
[OK ]  |  4699 | 0x00005a5b | 0x00 | 0x00
[OK ]  |  4700 | 0x00005a5c | 0x59 | 0x59
[OK ]  |  4701 | 0x00005a5d | 0x6b | 0x6b
[OK ]  |  4702 | 0x00005a5e | 0xfe | 0xfe
[OK ]  |  4703 | 0x00005a5f | 0xff | 0xff
[OK ]  |  4704 | 0x00005a60 | 0xef | 0xef
[OK ]  |  4705 | 0x00005a61 | 0xce | 0xce
[OK ]  |  4706 | 0x00005a62 | 0xff | 0xff
[OK ]  |  4707 | 0x00005a63 | 0xff | 0xff
[OK ]  |  4708 | 0x00005a64 | 0x16 | 0x16
[OK ]  |  4709 | 0x00005a65 | 0x4c | 0x4c
[OK ]  |  4710 | 0x00005a66 | 0x00 | 0x00
[OK ]  |  4711 | 0x00005a67 | 0x00 | 0x00
[OK ]  |  4712 | 0x00005a68 | 0x4c | 0x4c
[OK ]  |  4713 | 0x00005a69 | 0x14 | 0x14
[OK ]  |  4714 | 0x00005a6a | 0x00 | 0x00
[OK ]  |  4715 | 0x00005a6b | 0x00 | 0x00
[OK ]  |  4716 | 0x00005a6c | 0x32 | 0x32
[OK ]  |  4717 | 0x00005a6d | 0x22 | 0x22
[OK ]  |  4718 | 0x00005a6e | 0xff | 0xff
[OK ]  |  4719 | 0x00005a6f | 0xff | 0xff
[OK ]  |  4720 | 0x00005a70 | 0xcd | 0xcd
[OK ]  |  4721 | 0x00005a71 | 0x98 | 0x98
[OK ]  |  4722 | 0x00005a72 | 0x00 | 0x00
[OK ]  |  4723 | 0x00005a73 | 0x00 | 0x00
[OK ]  |  4724 | 0x00005a74 | 0x97 | 0x97
[OK ]  |  4725 | 0x00005a75 | 0xe2 | 0xe2
[OK ]  |  4726 | 0x00005a76 | 0xff | 0xff
[OK ]  |  4727 | 0x00005a77 | 0xff | 0xff
[OK ]  |  4728 | 0x00005a78 | 0xde | 0xde
[OK ]  |  4729 | 0x00005a79 | 0x1f | 0x1f
[OK ]  |  4730 | 0x00005a7a | 0xff | 0xff
[OK ]  |  4731 | 0x00005a7b | 0xff | 0xff
[OK ]  |  4732 | 0x00005a7c | 0x96 | 0x96
[OK ]  |  4733 | 0x00005a7d | 0xb3 | 0xb3
[OK ]  |  4734 | 0x00005a7e | 0xff | 0xff
[OK ]  |  4735 | 0x00005a7f | 0xff | 0xff
[OK ]  |  4736 | 0x00005a80 | 0xd4 | 0xd4
[OK ]  |  4737 | 0x00005a81 | 0xdd | 0xdd
[OK ]  |  4738 | 0x00005a82 | 0xfe | 0xfe
[OK ]  |  4739 | 0x00005a83 | 0xff | 0xff
[OK ]  |  4740 | 0x00005a84 | 0xdb | 0xdb
[OK ]  |  4741 | 0x00005a85 | 0x81 | 0x81
[OK ]  |  4742 | 0x00005a86 | 0x00 | 0x00
[OK ]  |  4743 | 0x00005a87 | 0x00 | 0x00
[OK ]  |  4744 | 0x00005a88 | 0x4c | 0x4c
[OK ]  |  4745 | 0x00005a89 | 0x8a | 0x8a
[OK ]  |  4746 | 0x00005a8a | 0x01 | 0x01
[OK ]  |  4747 | 0x00005a8b | 0x00 | 0x00
[OK ]  |  4748 | 0x00005a8c | 0x1f | 0x1f
[OK ]  |  4749 | 0x00005a8d | 0xad | 0xad
[OK ]  |  4750 | 0x00005a8e | 0xff | 0xff
[OK ]  |  4751 | 0x00005a8f | 0xff | 0xff
[OK ]  |  4752 | 0x00005a90 | 0x60 | 0x60
[OK ]  |  4753 | 0x00005a91 | 0xdb | 0xdb
[OK ]  |  4754 | 0x00005a92 | 0xff | 0xff
[OK ]  |  4755 | 0x00005a93 | 0xff | 0xff
[OK ]  |  4756 | 0x00005a94 | 0x77 | 0x77
[OK ]  |  4757 | 0x00005a95 | 0x0b | 0x0b
[OK ]  |  4758 | 0x00005a96 | 0x01 | 0x01
[OK ]  |  4759 | 0x00005a97 | 0x00 | 0x00
[OK ]  |  4760 | 0x00005a98 | 0x60 | 0x60
[OK ]  |  4761 | 0x00005a99 | 0x3a | 0x3a
[OK ]  |  4762 | 0x00005a9a | 0x00 | 0x00
[OK ]  |  4763 | 0x00005a9b | 0x00 | 0x00
[OK ]  |  4764 | 0x00005a9c | 0x22 | 0x22
[OK ]  |  4765 | 0x00005a9d | 0xf3 | 0xf3
[OK ]  |  4766 | 0x00005a9e | 0xff | 0xff
[OK ]  |  4767 | 0x00005a9f | 0xff | 0xff
[OK ]  |  4768 | 0x00005aa0 | 0x4b | 0x4b
[OK ]  |  4769 | 0x00005aa1 | 0x5e | 0x5e
[OK ]  |  4770 | 0x00005aa2 | 0xff | 0xff
[OK ]  |  4771 | 0x00005aa3 | 0xff | 0xff
[OK ]  |  4772 | 0x00005aa4 | 0xbf | 0xbf
[OK ]  |  4773 | 0x00005aa5 | 0x01 | 0x01
[OK ]  |  4774 | 0x00005aa6 | 0x00 | 0x00
[OK ]  |  4775 | 0x00005aa7 | 0x00 | 0x00
[OK ]  |  4776 | 0x00005aa8 | 0xc2 | 0xc2
[OK ]  |  4777 | 0x00005aa9 | 0xb5 | 0xb5
[OK ]  |  4778 | 0x00005aaa | 0x01 | 0x01
[OK ]  |  4779 | 0x00005aab | 0x00 | 0x00
[OK ]  |  4780 | 0x00005aac | 0xb0 | 0xb0
[OK ]  |  4781 | 0x00005aad | 0x82 | 0x82
[OK ]  |  4782 | 0x00005aae | 0x02 | 0x02
[OK ]  |  4783 | 0x00005aaf | 0x00 | 0x00
[OK ]  |  4784 | 0x00005ab0 | 0x9f | 0x9f
[OK ]  |  4785 | 0x00005ab1 | 0xf4 | 0xf4
[OK ]  |  4786 | 0x00005ab2 | 0xff | 0xff
[OK ]  |  4787 | 0x00005ab3 | 0xff | 0xff
[OK ]  |  4788 | 0x00005ab4 | 0x15 | 0x15
[OK ]  |  4789 | 0x00005ab5 | 0x8c | 0x8c
[OK ]  |  4790 | 0x00005ab6 | 0xff | 0xff
[OK ]  |  4791 | 0x00005ab7 | 0xff | 0xff
[OK ]  |  4792 | 0x00005ab8 | 0xc3 | 0xc3
[OK ]  |  4793 | 0x00005ab9 | 0xeb | 0xeb
[OK ]  |  4794 | 0x00005aba | 0x00 | 0x00
[OK ]  |  4795 | 0x00005abb | 0x00 | 0x00
[OK ]  |  4796 | 0x00005abc | 0x5a | 0x5a
[OK ]  |  4797 | 0x00005abd | 0xc9 | 0xc9
[OK ]  |  4798 | 0x00005abe | 0xff | 0xff
[OK ]  |  4799 | 0x00005abf | 0xff | 0xff
[OK ]  |  4800 | 0x00005ac0 | 0xfb | 0xfb
[OK ]  |  4801 | 0x00005ac1 | 0xd4 | 0xd4
[OK ]  |  4802 | 0x00005ac2 | 0x00 | 0x00
[OK ]  |  4803 | 0x00005ac3 | 0x00 | 0x00
[OK ]  |  4804 | 0x00005ac4 | 0x26 | 0x26
[OK ]  |  4805 | 0x00005ac5 | 0x7e | 0x7e
[OK ]  |  4806 | 0x00005ac6 | 0x00 | 0x00
[OK ]  |  4807 | 0x00005ac7 | 0x00 | 0x00
[OK ]  |  4808 | 0x00005ac8 | 0xd2 | 0xd2
[OK ]  |  4809 | 0x00005ac9 | 0x97 | 0x97
[OK ]  |  4810 | 0x00005aca | 0xfe | 0xfe
[OK ]  |  4811 | 0x00005acb | 0xff | 0xff
[OK ]  |  4812 | 0x00005acc | 0x62 | 0x62
[OK ]  |  4813 | 0x00005acd | 0x36 | 0x36
[OK ]  |  4814 | 0x00005ace | 0xff | 0xff
[OK ]  |  4815 | 0x00005acf | 0xff | 0xff
[OK ]  |  4816 | 0x00005ad0 | 0x8d | 0x8d
[OK ]  |  4817 | 0x00005ad1 | 0xb1 | 0xb1
[OK ]  |  4818 | 0x00005ad2 | 0xff | 0xff
[OK ]  |  4819 | 0x00005ad3 | 0xff | 0xff
[OK ]  |  4820 | 0x00005ad4 | 0x4c | 0x4c
[OK ]  |  4821 | 0x00005ad5 | 0xdf | 0xdf
[OK ]  |  4822 | 0x00005ad6 | 0xfe | 0xfe
[OK ]  |  4823 | 0x00005ad7 | 0xff | 0xff
[OK ]  |  4824 | 0x00005ad8 | 0x46 | 0x46
[OK ]  |  4825 | 0x00005ad9 | 0xec | 0xec
[OK ]  |  4826 | 0x00005ada | 0xfe | 0xfe
[OK ]  |  4827 | 0x00005adb | 0xff | 0xff
[OK ]  |  4828 | 0x00005adc | 0xdc | 0xdc
[OK ]  |  4829 | 0x00005add | 0x9f | 0x9f
[OK ]  |  4830 | 0x00005ade | 0xfd | 0xfd
[OK ]  |  4831 | 0x00005adf | 0xff | 0xff
[OK ]  |  4832 | 0x00005ae0 | 0x1a | 0x1a
[OK ]  |  4833 | 0x00005ae1 | 0x60 | 0x60
[OK ]  |  4834 | 0x00005ae2 | 0xff | 0xff
[OK ]  |  4835 | 0x00005ae3 | 0xff | 0xff
[OK ]  |  4836 | 0x00005ae4 | 0xdd | 0xdd
[OK ]  |  4837 | 0x00005ae5 | 0xf2 | 0xf2
[OK ]  |  4838 | 0x00005ae6 | 0xfe | 0xfe
[OK ]  |  4839 | 0x00005ae7 | 0xff | 0xff
[OK ]  |  4840 | 0x00005ae8 | 0xd0 | 0xd0
[OK ]  |  4841 | 0x00005ae9 | 0x43 | 0x43
[OK ]  |  4842 | 0x00005aea | 0xff | 0xff
[OK ]  |  4843 | 0x00005aeb | 0xff | 0xff
[OK ]  |  4844 | 0x00005aec | 0x1b | 0x1b
[OK ]  |  4845 | 0x00005aed | 0x2a | 0x2a
[OK ]  |  4846 | 0x00005aee | 0xff | 0xff
[OK ]  |  4847 | 0x00005aef | 0xff | 0xff
[OK ]  |  4848 | 0x00005af0 | 0xc4 | 0xc4
[OK ]  |  4849 | 0x00005af1 | 0x20 | 0x20
[OK ]  |  4850 | 0x00005af2 | 0x01 | 0x01
[OK ]  |  4851 | 0x00005af3 | 0x00 | 0x00
[OK ]  |  4852 | 0x00005af4 | 0xa9 | 0xa9
[OK ]  |  4853 | 0x00005af5 | 0x0a | 0x0a
[OK ]  |  4854 | 0x00005af6 | 0xfe | 0xfe
[OK ]  |  4855 | 0x00005af7 | 0xff | 0xff
[OK ]  |  4856 | 0x00005af8 | 0x94 | 0x94
[OK ]  |  4857 | 0x00005af9 | 0x6e | 0x6e
[OK ]  |  4858 | 0x00005afa | 0x00 | 0x00
[OK ]  |  4859 | 0x00005afb | 0x00 | 0x00
[OK ]  |  4860 | 0x00005afc | 0xe0 | 0xe0
[OK ]  |  4861 | 0x00005afd | 0x5e | 0x5e
[OK ]  |  4862 | 0x00005afe | 0x01 | 0x01
[OK ]  |  4863 | 0x00005aff | 0x00 | 0x00
[OK ]  |  4864 | 0x00005b00 | 0x1e | 0x1e
[OK ]  |  4865 | 0x00005b01 | 0x5c | 0x5c
[OK ]  |  4866 | 0x00005b02 | 0x00 | 0x00
[OK ]  |  4867 | 0x00005b03 | 0x00 | 0x00
[OK ]  |  4868 | 0x00005b04 | 0x73 | 0x73
[OK ]  |  4869 | 0x00005b05 | 0xe2 | 0xe2
[OK ]  |  4870 | 0x00005b06 | 0xff | 0xff
[OK ]  |  4871 | 0x00005b07 | 0xff | 0xff
[OK ]  |  4872 | 0x00005b08 | 0xa9 | 0xa9
[OK ]  |  4873 | 0x00005b09 | 0x2e | 0x2e
[OK ]  |  4874 | 0x00005b0a | 0xff | 0xff
[OK ]  |  4875 | 0x00005b0b | 0xff | 0xff
[OK ]  |  4876 | 0x00005b0c | 0x2d | 0x2d
[OK ]  |  4877 | 0x00005b0d | 0xfc | 0xfc
[OK ]  |  4878 | 0x00005b0e | 0x00 | 0x00
[OK ]  |  4879 | 0x00005b0f | 0x00 | 0x00
[OK ]  |  4880 | 0x00005b10 | 0xd0 | 0xd0
[OK ]  |  4881 | 0x00005b11 | 0xbe | 0xbe
[OK ]  |  4882 | 0x00005b12 | 0xff | 0xff
[OK ]  |  4883 | 0x00005b13 | 0xff | 0xff
[OK ]  |  4884 | 0x00005b14 | 0x97 | 0x97
[OK ]  |  4885 | 0x00005b15 | 0x71 | 0x71
[OK ]  |  4886 | 0x00005b16 | 0x00 | 0x00
[OK ]  |  4887 | 0x00005b17 | 0x00 | 0x00
[OK ]  |  4888 | 0x00005b18 | 0x37 | 0x37
[OK ]  |  4889 | 0x00005b19 | 0x93 | 0x93
[OK ]  |  4890 | 0x00005b1a | 0xfe | 0xfe
[OK ]  |  4891 | 0x00005b1b | 0xff | 0xff
[OK ]  |  4892 | 0x00005b1c | 0x00 | 0x00
[OK ]  |  4893 | 0x00005b1d | 0xd6 | 0xd6
[OK ]  |  4894 | 0x00005b1e | 0xff | 0xff
[OK ]  |  4895 | 0x00005b1f | 0xff | 0xff
[OK ]  |  4896 | 0x00005b20 | 0x26 | 0x26
[OK ]  |  4897 | 0x00005b21 | 0xfe | 0xfe
[OK ]  |  4898 | 0x00005b22 | 0xff | 0xff
[OK ]  |  4899 | 0x00005b23 | 0xff | 0xff
[OK ]  |  4900 | 0x00005b24 | 0x5a | 0x5a
[OK ]  |  4901 | 0x00005b25 | 0x55 | 0x55
[OK ]  |  4902 | 0x00005b26 | 0xfe | 0xfe
[OK ]  |  4903 | 0x00005b27 | 0xff | 0xff
[OK ]  |  4904 | 0x00005b28 | 0x18 | 0x18
[OK ]  |  4905 | 0x00005b29 | 0xd2 | 0xd2
[OK ]  |  4906 | 0x00005b2a | 0xff | 0xff
[OK ]  |  4907 | 0x00005b2b | 0xff | 0xff
[OK ]  |  4908 | 0x00005b2c | 0xfd | 0xfd
[OK ]  |  4909 | 0x00005b2d | 0xc2 | 0xc2
[OK ]  |  4910 | 0x00005b2e | 0xff | 0xff
[OK ]  |  4911 | 0x00005b2f | 0xff | 0xff
[OK ]  |  4912 | 0x00005b30 | 0x49 | 0x49
[OK ]  |  4913 | 0x00005b31 | 0x6a | 0x6a
[OK ]  |  4914 | 0x00005b32 | 0x01 | 0x01
[OK ]  |  4915 | 0x00005b33 | 0x00 | 0x00
[OK ]  |  4916 | 0x00005b34 | 0x4c | 0x4c
[OK ]  |  4917 | 0x00005b35 | 0x2d | 0x2d
[OK ]  |  4918 | 0x00005b36 | 0x01 | 0x01
[OK ]  |  4919 | 0x00005b37 | 0x00 | 0x00
[OK ]  |  4920 | 0x00005b38 | 0xa4 | 0xa4
[OK ]  |  4921 | 0x00005b39 | 0x03 | 0x03
[OK ]  |  4922 | 0x00005b3a | 0x00 | 0x00
[OK ]  |  4923 | 0x00005b3b | 0x00 | 0x00
[OK ]  |  4924 | 0x00005b3c | 0xd3 | 0xd3
[OK ]  |  4925 | 0x00005b3d | 0x68 | 0x68
[OK ]  |  4926 | 0x00005b3e | 0x01 | 0x01
[OK ]  |  4927 | 0x00005b3f | 0x00 | 0x00
[OK ]  |  4928 | 0x00005b40 | 0xee | 0xee
[OK ]  |  4929 | 0x00005b41 | 0x99 | 0x99
[OK ]  |  4930 | 0x00005b42 | 0x00 | 0x00
[OK ]  |  4931 | 0x00005b43 | 0x00 | 0x00
[OK ]  |  4932 | 0x00005b44 | 0x56 | 0x56
[OK ]  |  4933 | 0x00005b45 | 0x49 | 0x49
[OK ]  |  4934 | 0x00005b46 | 0x00 | 0x00
[OK ]  |  4935 | 0x00005b47 | 0x00 | 0x00
[OK ]  |  4936 | 0x00005b48 | 0x9e | 0x9e
[OK ]  |  4937 | 0x00005b49 | 0x1a | 0x1a
[OK ]  |  4938 | 0x00005b4a | 0x00 | 0x00
[OK ]  |  4939 | 0x00005b4b | 0x00 | 0x00
[OK ]  |  4940 | 0x00005b4c | 0x58 | 0x58
[OK ]  |  4941 | 0x00005b4d | 0x4d | 0x4d
[OK ]  |  4942 | 0x00005b4e | 0xfe | 0xfe
[OK ]  |  4943 | 0x00005b4f | 0xff | 0xff
[OK ]  |  4944 | 0x00005b50 | 0xbb | 0xbb
[OK ]  |  4945 | 0x00005b51 | 0xc5 | 0xc5
[OK ]  |  4946 | 0x00005b52 | 0xfe | 0xfe
[OK ]  |  4947 | 0x00005b53 | 0xff | 0xff
[OK ]  |  4948 | 0x00005b54 | 0xb0 | 0xb0
[OK ]  |  4949 | 0x00005b55 | 0xac | 0xac
[OK ]  |  4950 | 0x00005b56 | 0xff | 0xff
[OK ]  |  4951 | 0x00005b57 | 0xff | 0xff
[OK ]  |  4952 | 0x00005b58 | 0xe7 | 0xe7
[OK ]  |  4953 | 0x00005b59 | 0x9d | 0x9d
[OK ]  |  4954 | 0x00005b5a | 0x00 | 0x00
[OK ]  |  4955 | 0x00005b5b | 0x00 | 0x00
[OK ]  |  4956 | 0x00005b5c | 0x2d | 0x2d
[OK ]  |  4957 | 0x00005b5d | 0xe6 | 0xe6
[OK ]  |  4958 | 0x00005b5e | 0x00 | 0x00
[OK ]  |  4959 | 0x00005b5f | 0x00 | 0x00
[OK ]  |  4960 | 0x00005b60 | 0x23 | 0x23
[OK ]  |  4961 | 0x00005b61 | 0x6b | 0x6b
[OK ]  |  4962 | 0x00005b62 | 0x01 | 0x01
[OK ]  |  4963 | 0x00005b63 | 0x00 | 0x00
[OK ]  |  4964 | 0x00005b64 | 0x86 | 0x86
[OK ]  |  4965 | 0x00005b65 | 0x13 | 0x13
[OK ]  |  4966 | 0x00005b66 | 0x00 | 0x00
[OK ]  |  4967 | 0x00005b67 | 0x00 | 0x00
[OK ]  |  4968 | 0x00005b68 | 0x5e | 0x5e
[OK ]  |  4969 | 0x00005b69 | 0x0b | 0x0b
[OK ]  |  4970 | 0x00005b6a | 0xff | 0xff
[OK ]  |  4971 | 0x00005b6b | 0xff | 0xff
[OK ]  |  4972 | 0x00005b6c | 0x84 | 0x84
[OK ]  |  4973 | 0x00005b6d | 0x0a | 0x0a
[OK ]  |  4974 | 0x00005b6e | 0x00 | 0x00
[OK ]  |  4975 | 0x00005b6f | 0x00 | 0x00
[OK ]  |  4976 | 0x00005b70 | 0x60 | 0x60
[OK ]  |  4977 | 0x00005b71 | 0xe7 | 0xe7
[OK ]  |  4978 | 0x00005b72 | 0xfd | 0xfd
[OK ]  |  4979 | 0x00005b73 | 0xff | 0xff
[OK ]  |  4980 | 0x00005b74 | 0x18 | 0x18
[OK ]  |  4981 | 0x00005b75 | 0x5a | 0x5a
[OK ]  |  4982 | 0x00005b76 | 0xff | 0xff
[OK ]  |  4983 | 0x00005b77 | 0xff | 0xff
[OK ]  |  4984 | 0x00005b78 | 0xcb | 0xcb
[OK ]  |  4985 | 0x00005b79 | 0x93 | 0x93
[OK ]  |  4986 | 0x00005b7a | 0x00 | 0x00
[OK ]  |  4987 | 0x00005b7b | 0x00 | 0x00
[OK ]  |  4988 | 0x00005b7c | 0x57 | 0x57
[OK ]  |  4989 | 0x00005b7d | 0x68 | 0x68
[OK ]  |  4990 | 0x00005b7e | 0xfe | 0xfe
[OK ]  |  4991 | 0x00005b7f | 0xff | 0xff
[OK ]  |  4992 | 0x00005b80 | 0xcf | 0xcf
[OK ]  |  4993 | 0x00005b81 | 0x02 | 0x02
[OK ]  |  4994 | 0x00005b82 | 0x01 | 0x01
[OK ]  |  4995 | 0x00005b83 | 0x00 | 0x00
[OK ]  |  4996 | 0x00005b84 | 0xf7 | 0xf7
[OK ]  |  4997 | 0x00005b85 | 0x3d | 0x3d
[OK ]  |  4998 | 0x00005b86 | 0x00 | 0x00
[OK ]  |  4999 | 0x00005b87 | 0x00 | 0x00
[OK ]  |  5000 | 0x00005b88 | 0x8c | 0x8c
[OK ]  |  5001 | 0x00005b89 | 0xf9 | 0xf9
[OK ]  |  5002 | 0x00005b8a | 0xfe | 0xfe
[OK ]  |  5003 | 0x00005b8b | 0xff | 0xff
[OK ]  |  5004 | 0x00005b8c | 0x1f | 0x1f
[OK ]  |  5005 | 0x00005b8d | 0x06 | 0x06
[OK ]  |  5006 | 0x00005b8e | 0x01 | 0x01
[OK ]  |  5007 | 0x00005b8f | 0x00 | 0x00
[OK ]  |  5008 | 0x00005b90 | 0x1e | 0x1e
[OK ]  |  5009 | 0x00005b91 | 0xcd | 0xcd
[OK ]  |  5010 | 0x00005b92 | 0x00 | 0x00
[OK ]  |  5011 | 0x00005b93 | 0x00 | 0x00
[OK ]  |  5012 | 0x00005b94 | 0x2b | 0x2b
[OK ]  |  5013 | 0x00005b95 | 0xf5 | 0xf5
[OK ]  |  5014 | 0x00005b96 | 0xff | 0xff
[OK ]  |  5015 | 0x00005b97 | 0xff | 0xff
[OK ]  |  5016 | 0x00005b98 | 0x7a | 0x7a
[OK ]  |  5017 | 0x00005b99 | 0x9e | 0x9e
[OK ]  |  5018 | 0x00005b9a | 0x01 | 0x01
[OK ]  |  5019 | 0x00005b9b | 0x00 | 0x00
[OK ]  |  5020 | 0x00005b9c | 0xb8 | 0xb8
[OK ]  |  5021 | 0x00005b9d | 0xea | 0xea
[OK ]  |  5022 | 0x00005b9e | 0x00 | 0x00
[OK ]  |  5023 | 0x00005b9f | 0x00 | 0x00
[OK ]  |  5024 | 0x00005ba0 | 0x08 | 0x08
[OK ]  |  5025 | 0x00005ba1 | 0x0a | 0x0a
[OK ]  |  5026 | 0x00005ba2 | 0xff | 0xff
[OK ]  |  5027 | 0x00005ba3 | 0xff | 0xff
[OK ]  |  5028 | 0x00005ba4 | 0x09 | 0x09
[OK ]  |  5029 | 0x00005ba5 | 0x76 | 0x76
[OK ]  |  5030 | 0x00005ba6 | 0x00 | 0x00
[OK ]  |  5031 | 0x00005ba7 | 0x00 | 0x00
[OK ]  |  5032 | 0x00005ba8 | 0x01 | 0x01
[OK ]  |  5033 | 0x00005ba9 | 0x1e | 0x1e
[OK ]  |  5034 | 0x00005baa | 0xff | 0xff
[OK ]  |  5035 | 0x00005bab | 0xff | 0xff
[OK ]  |  5036 | 0x00005bac | 0x95 | 0x95
[OK ]  |  5037 | 0x00005bad | 0xf6 | 0xf6
[OK ]  |  5038 | 0x00005bae | 0xff | 0xff
[OK ]  |  5039 | 0x00005baf | 0xff | 0xff
[OK ]  |  5040 | 0x00005bb0 | 0xa0 | 0xa0
[OK ]  |  5041 | 0x00005bb1 | 0x4e | 0x4e
[OK ]  |  5042 | 0x00005bb2 | 0x01 | 0x01
[OK ]  |  5043 | 0x00005bb3 | 0x00 | 0x00
[OK ]  |  5044 | 0x00005bb4 | 0x97 | 0x97
[OK ]  |  5045 | 0x00005bb5 | 0x99 | 0x99
[OK ]  |  5046 | 0x00005bb6 | 0xff | 0xff
[OK ]  |  5047 | 0x00005bb7 | 0xff | 0xff
[OK ]  |  5048 | 0x00005bb8 | 0x35 | 0x35
[OK ]  |  5049 | 0x00005bb9 | 0xf9 | 0xf9
[OK ]  |  5050 | 0x00005bba | 0xff | 0xff
[OK ]  |  5051 | 0x00005bbb | 0xff | 0xff
[OK ]  |  5052 | 0x00005bbc | 0xe9 | 0xe9
[OK ]  |  5053 | 0x00005bbd | 0x4f | 0x4f
[OK ]  |  5054 | 0x00005bbe | 0x00 | 0x00
[OK ]  |  5055 | 0x00005bbf | 0x00 | 0x00
[OK ]  |  5056 | 0x00005bc0 | 0x30 | 0x30
[OK ]  |  5057 | 0x00005bc1 | 0x1e | 0x1e
[OK ]  |  5058 | 0x00005bc2 | 0x00 | 0x00
[OK ]  |  5059 | 0x00005bc3 | 0x00 | 0x00
[OK ]  |  5060 | 0x00005bc4 | 0xf1 | 0xf1
[OK ]  |  5061 | 0x00005bc5 | 0x0a | 0x0a
[OK ]  |  5062 | 0x00005bc6 | 0x01 | 0x01
[OK ]  |  5063 | 0x00005bc7 | 0x00 | 0x00
[OK ]  |  5064 | 0x00005bc8 | 0x14 | 0x14
[OK ]  |  5065 | 0x00005bc9 | 0xc3 | 0xc3
[OK ]  |  5066 | 0x00005bca | 0xff | 0xff
[OK ]  |  5067 | 0x00005bcb | 0xff | 0xff
[OK ]  |  5068 | 0x00005bcc | 0x64 | 0x64
[OK ]  |  5069 | 0x00005bcd | 0x7f | 0x7f
[OK ]  |  5070 | 0x00005bce | 0xff | 0xff
[OK ]  |  5071 | 0x00005bcf | 0xff | 0xff
[OK ]  |  5072 | 0x00005bd0 | 0x10 | 0x10
[OK ]  |  5073 | 0x00005bd1 | 0x7c | 0x7c
[OK ]  |  5074 | 0x00005bd2 | 0xff | 0xff
[OK ]  |  5075 | 0x00005bd3 | 0xff | 0xff
[OK ]  |  5076 | 0x00005bd4 | 0x3c | 0x3c
[OK ]  |  5077 | 0x00005bd5 | 0xd5 | 0xd5
[OK ]  |  5078 | 0x00005bd6 | 0xff | 0xff
[OK ]  |  5079 | 0x00005bd7 | 0xff | 0xff
[OK ]  |  5080 | 0x00005bd8 | 0xbc | 0xbc
[OK ]  |  5081 | 0x00005bd9 | 0xaf | 0xaf
[OK ]  |  5082 | 0x00005bda | 0x00 | 0x00
[OK ]  |  5083 | 0x00005bdb | 0x00 | 0x00
[OK ]  |  5084 | 0x00005bdc | 0x47 | 0x47
[OK ]  |  5085 | 0x00005bdd | 0x68 | 0x68
[OK ]  |  5086 | 0x00005bde | 0xfe | 0xfe
[OK ]  |  5087 | 0x00005bdf | 0xff | 0xff
[OK ]  |  5088 | 0x00005be0 | 0x51 | 0x51
[OK ]  |  5089 | 0x00005be1 | 0xed | 0xed
[OK ]  |  5090 | 0x00005be2 | 0xfe | 0xfe
[OK ]  |  5091 | 0x00005be3 | 0xff | 0xff
[OK ]  |  5092 | 0x00005be4 | 0x86 | 0x86
[OK ]  |  5093 | 0x00005be5 | 0xa6 | 0xa6
[OK ]  |  5094 | 0x00005be6 | 0x00 | 0x00
[OK ]  |  5095 | 0x00005be7 | 0x00 | 0x00
[OK ]  |  5096 | 0x00005be8 | 0xde | 0xde
[OK ]  |  5097 | 0x00005be9 | 0x99 | 0x99
[OK ]  |  5098 | 0x00005bea | 0xff | 0xff
[OK ]  |  5099 | 0x00005beb | 0xff | 0xff
[OK ]  |  5100 | 0x00005bec | 0xf5 | 0xf5
[OK ]  |  5101 | 0x00005bed | 0x56 | 0x56
[OK ]  |  5102 | 0x00005bee | 0x01 | 0x01
[OK ]  |  5103 | 0x00005bef | 0x00 | 0x00
[OK ]  |  5104 | 0x00005bf0 | 0xbd | 0xbd
[OK ]  |  5105 | 0x00005bf1 | 0xe9 | 0xe9
[OK ]  |  5106 | 0x00005bf2 | 0xfe | 0xfe
[OK ]  |  5107 | 0x00005bf3 | 0xff | 0xff
[OK ]  |  5108 | 0x00005bf4 | 0x89 | 0x89
[OK ]  |  5109 | 0x00005bf5 | 0xd7 | 0xd7
[OK ]  |  5110 | 0x00005bf6 | 0xff | 0xff
[OK ]  |  5111 | 0x00005bf7 | 0xff | 0xff
[OK ]  |  5112 | 0x00005bf8 | 0xe5 | 0xe5
[OK ]  |  5113 | 0x00005bf9 | 0xb8 | 0xb8
[OK ]  |  5114 | 0x00005bfa | 0x00 | 0x00
[OK ]  |  5115 | 0x00005bfb | 0x00 | 0x00
[OK ]  |  5116 | 0x00005bfc | 0x55 | 0x55
[OK ]  |  5117 | 0x00005bfd | 0x31 | 0x31
[OK ]  |  5118 | 0x00005bfe | 0x00 | 0x00
[OK ]  |  5119 | 0x00005bff | 0x00 | 0x00
[OK ]  |  5120 | 0x00005c00 | 0xff | 0xff
[OK ]  |  5121 | 0x00005c01 | 0xa8 | 0xa8
[OK ]  |  5122 | 0x00005c02 | 0x00 | 0x00
[OK ]  |  5123 | 0x00005c03 | 0x00 | 0x00
[OK ]  |  5124 | 0x00005c04 | 0x59 | 0x59
[OK ]  |  5125 | 0x00005c05 | 0x06 | 0x06
[OK ]  |  5126 | 0x00005c06 | 0xff | 0xff
[OK ]  |  5127 | 0x00005c07 | 0xff | 0xff
[OK ]  |  5128 | 0x00005c08 | 0xc1 | 0xc1
[OK ]  |  5129 | 0x00005c09 | 0x45 | 0x45
[OK ]  |  5130 | 0x00005c0a | 0x02 | 0x02
[OK ]  |  5131 | 0x00005c0b | 0x00 | 0x00
[OK ]  |  5132 | 0x00005c0c | 0x29 | 0x29
[OK ]  |  5133 | 0x00005c0d | 0xb5 | 0xb5
[OK ]  |  5134 | 0x00005c0e | 0xff | 0xff
[OK ]  |  5135 | 0x00005c0f | 0xff | 0xff
[OK ]  |  5136 | 0x00005c10 | 0xa8 | 0xa8
[OK ]  |  5137 | 0x00005c11 | 0x08 | 0x08
[OK ]  |  5138 | 0x00005c12 | 0x00 | 0x00
[OK ]  |  5139 | 0x00005c13 | 0x00 | 0x00
[OK ]  |  5140 | 0x00005c14 | 0x50 | 0x50
[OK ]  |  5141 | 0x00005c15 | 0x1b | 0x1b
[OK ]  |  5142 | 0x00005c16 | 0x00 | 0x00
[OK ]  |  5143 | 0x00005c17 | 0x00 | 0x00
[OK ]  |  5144 | 0x00005c18 | 0xf7 | 0xf7
[OK ]  |  5145 | 0x00005c19 | 0x60 | 0x60
[OK ]  |  5146 | 0x00005c1a | 0x01 | 0x01
[OK ]  |  5147 | 0x00005c1b | 0x00 | 0x00
[OK ]  |  5148 | 0x00005c1c | 0xb3 | 0xb3
[OK ]  |  5149 | 0x00005c1d | 0x85 | 0x85
[OK ]  |  5150 | 0x00005c1e | 0xff | 0xff
[OK ]  |  5151 | 0x00005c1f | 0xff | 0xff
[OK ]  |  5152 | 0x00005c20 | 0x70 | 0x70
[OK ]  |  5153 | 0x00005c21 | 0xf3 | 0xf3
[OK ]  |  5154 | 0x00005c22 | 0xff | 0xff
[OK ]  |  5155 | 0x00005c23 | 0xff | 0xff
[OK ]  |  5156 | 0x00005c24 | 0x94 | 0x94
[OK ]  |  5157 | 0x00005c25 | 0x3f | 0x3f
[OK ]  |  5158 | 0x00005c26 | 0xfe | 0xfe
[OK ]  |  5159 | 0x00005c27 | 0xff | 0xff
[OK ]  |  5160 | 0x00005c28 | 0xf4 | 0xf4
[OK ]  |  5161 | 0x00005c29 | 0x14 | 0x14
[OK ]  |  5162 | 0x00005c2a | 0x01 | 0x01
[OK ]  |  5163 | 0x00005c2b | 0x00 | 0x00
[OK ]  |  5164 | 0x00005c2c | 0xa1 | 0xa1
[OK ]  |  5165 | 0x00005c2d | 0x24 | 0x24
[OK ]  |  5166 | 0x00005c2e | 0x00 | 0x00
[OK ]  |  5167 | 0x00005c2f | 0x00 | 0x00
[OK ]  |  5168 | 0x00005c30 | 0x45 | 0x45
[OK ]  |  5169 | 0x00005c31 | 0x57 | 0x57
[OK ]  |  5170 | 0x00005c32 | 0xff | 0xff
[OK ]  |  5171 | 0x00005c33 | 0xff | 0xff
[OK ]  |  5172 | 0x00005c34 | 0xc6 | 0xc6
[OK ]  |  5173 | 0x00005c35 | 0x57 | 0x57
[OK ]  |  5174 | 0x00005c36 | 0x00 | 0x00
[OK ]  |  5175 | 0x00005c37 | 0x00 | 0x00
[OK ]  |  5176 | 0x00005c38 | 0xd5 | 0xd5
[OK ]  |  5177 | 0x00005c39 | 0x56 | 0x56
[OK ]  |  5178 | 0x00005c3a | 0xff | 0xff
[OK ]  |  5179 | 0x00005c3b | 0xff | 0xff
[OK ]  |  5180 | 0x00005c3c | 0x2a | 0x2a
[OK ]  |  5181 | 0x00005c3d | 0x81 | 0x81
[OK ]  |  5182 | 0x00005c3e | 0xff | 0xff
[OK ]  |  5183 | 0x00005c3f | 0xff | 0xff
[OK ]  |  5184 | 0x00005c40 | 0x7d | 0x7d
[OK ]  |  5185 | 0x00005c41 | 0xf1 | 0xf1
[OK ]  |  5186 | 0x00005c42 | 0xfe | 0xfe
[OK ]  |  5187 | 0x00005c43 | 0xff | 0xff
[OK ]  |  5188 | 0x00005c44 | 0xb0 | 0xb0
[OK ]  |  5189 | 0x00005c45 | 0xb9 | 0xb9
[OK ]  |  5190 | 0x00005c46 | 0x00 | 0x00
[OK ]  |  5191 | 0x00005c47 | 0x00 | 0x00
[OK ]  |  5192 | 0x00005c48 | 0xbb | 0xbb
[OK ]  |  5193 | 0x00005c49 | 0xa8 | 0xa8
[OK ]  |  5194 | 0x00005c4a | 0xfe | 0xfe
[OK ]  |  5195 | 0x00005c4b | 0xff | 0xff
[OK ]  |  5196 | 0x00005c4c | 0xd9 | 0xd9
[OK ]  |  5197 | 0x00005c4d | 0xf7 | 0xf7
[OK ]  |  5198 | 0x00005c4e | 0xff | 0xff
[OK ]  |  5199 | 0x00005c4f | 0xff | 0xff
[OK ]  |  5200 | 0x00005c50 | 0xd6 | 0xd6
[OK ]  |  5201 | 0x00005c51 | 0xed | 0xed
[OK ]  |  5202 | 0x00005c52 | 0xff | 0xff
[OK ]  |  5203 | 0x00005c53 | 0xff | 0xff
[OK ]  |  5204 | 0x00005c54 | 0xce | 0xce
[OK ]  |  5205 | 0x00005c55 | 0xd7 | 0xd7
[OK ]  |  5206 | 0x00005c56 | 0x00 | 0x00
[OK ]  |  5207 | 0x00005c57 | 0x00 | 0x00
[OK ]  |  5208 | 0x00005c58 | 0x86 | 0x86
[OK ]  |  5209 | 0x00005c59 | 0x16 | 0x16
[OK ]  |  5210 | 0x00005c5a | 0xfe | 0xfe
[OK ]  |  5211 | 0x00005c5b | 0xff | 0xff
[OK ]  |  5212 | 0x00005c5c | 0x5b | 0x5b
[OK ]  |  5213 | 0x00005c5d | 0x1e | 0x1e
[OK ]  |  5214 | 0x00005c5e | 0x02 | 0x02
[OK ]  |  5215 | 0x00005c5f | 0x00 | 0x00
[OK ]  |  5216 | 0x00005c60 | 0x5c | 0x5c
[OK ]  |  5217 | 0x00005c61 | 0x45 | 0x45
[OK ]  |  5218 | 0x00005c62 | 0x00 | 0x00
[OK ]  |  5219 | 0x00005c63 | 0x00 | 0x00
[OK ]  |  5220 | 0x00005c64 | 0x32 | 0x32
[OK ]  |  5221 | 0x00005c65 | 0x99 | 0x99
[OK ]  |  5222 | 0x00005c66 | 0xff | 0xff
[OK ]  |  5223 | 0x00005c67 | 0xff | 0xff
[OK ]  |  5224 | 0x00005c68 | 0x55 | 0x55
[OK ]  |  5225 | 0x00005c69 | 0x33 | 0x33
[OK ]  |  5226 | 0x00005c6a | 0x00 | 0x00
[OK ]  |  5227 | 0x00005c6b | 0x00 | 0x00
[OK ]  |  5228 | 0x00005c6c | 0xfd | 0xfd
[OK ]  |  5229 | 0x00005c6d | 0xf7 | 0xf7
[OK ]  |  5230 | 0x00005c6e | 0xff | 0xff
[OK ]  |  5231 | 0x00005c6f | 0xff | 0xff
[OK ]  |  5232 | 0x00005c70 | 0x24 | 0x24
[OK ]  |  5233 | 0x00005c71 | 0x61 | 0x61
[OK ]  |  5234 | 0x00005c72 | 0xff | 0xff
[OK ]  |  5235 | 0x00005c73 | 0xff | 0xff
[OK ]  |  5236 | 0x00005c74 | 0xe8 | 0xe8
[OK ]  |  5237 | 0x00005c75 | 0x37 | 0x37
[OK ]  |  5238 | 0x00005c76 | 0xff | 0xff
[OK ]  |  5239 | 0x00005c77 | 0xff | 0xff
[OK ]  |  5240 | 0x00005c78 | 0xcb | 0xcb
[OK ]  |  5241 | 0x00005c79 | 0xf0 | 0xf0
[OK ]  |  5242 | 0x00005c7a | 0xff | 0xff
[OK ]  |  5243 | 0x00005c7b | 0xff | 0xff
[OK ]  |  5244 | 0x00005c7c | 0xd5 | 0xd5
[OK ]  |  5245 | 0x00005c7d | 0xd7 | 0xd7
[OK ]  |  5246 | 0x00005c7e | 0x00 | 0x00
[OK ]  |  5247 | 0x00005c7f | 0x00 | 0x00
[OK ]  |  5248 | 0x00005c80 | 0x1d | 0x1d
[OK ]  |  5249 | 0x00005c81 | 0x44 | 0x44
[OK ]  |  5250 | 0x00005c82 | 0x00 | 0x00
[OK ]  |  5251 | 0x00005c83 | 0x00 | 0x00
[OK ]  |  5252 | 0x00005c84 | 0x03 | 0x03
[OK ]  |  5253 | 0x00005c85 | 0xae | 0xae
[OK ]  |  5254 | 0x00005c86 | 0xfe | 0xfe
[OK ]  |  5255 | 0x00005c87 | 0xff | 0xff
[OK ]  |  5256 | 0x00005c88 | 0x91 | 0x91
[OK ]  |  5257 | 0x00005c89 | 0xe3 | 0xe3
[OK ]  |  5258 | 0x00005c8a | 0x00 | 0x00
[OK ]  |  5259 | 0x00005c8b | 0x00 | 0x00
[OK ]  |  5260 | 0x00005c8c | 0xea | 0xea
[OK ]  |  5261 | 0x00005c8d | 0x50 | 0x50
[OK ]  |  5262 | 0x00005c8e | 0x01 | 0x01
[OK ]  |  5263 | 0x00005c8f | 0x00 | 0x00
[OK ]  |  5264 | 0x00005c90 | 0xab | 0xab
[OK ]  |  5265 | 0x00005c91 | 0xc3 | 0xc3
[OK ]  |  5266 | 0x00005c92 | 0x00 | 0x00
[OK ]  |  5267 | 0x00005c93 | 0x00 | 0x00
[OK ]  |  5268 | 0x00005c94 | 0x52 | 0x52
[OK ]  |  5269 | 0x00005c95 | 0x7d | 0x7d
[OK ]  |  5270 | 0x00005c96 | 0xff | 0xff
[OK ]  |  5271 | 0x00005c97 | 0xff | 0xff
[OK ]  |  5272 | 0x00005c98 | 0x0c | 0x0c
[OK ]  |  5273 | 0x00005c99 | 0x6f | 0x6f
[OK ]  |  5274 | 0x00005c9a | 0x00 | 0x00
[OK ]  |  5275 | 0x00005c9b | 0x00 | 0x00
[OK ]  |  5276 | 0x00005c9c | 0x53 | 0x53
[OK ]  |  5277 | 0x00005c9d | 0x02 | 0x02
[OK ]  |  5278 | 0x00005c9e | 0xff | 0xff
[OK ]  |  5279 | 0x00005c9f | 0xff | 0xff
[OK ]  |  5280 | 0x00005ca0 | 0x94 | 0x94
[OK ]  |  5281 | 0x00005ca1 | 0x8b | 0x8b
[OK ]  |  5282 | 0x00005ca2 | 0xff | 0xff
[OK ]  |  5283 | 0x00005ca3 | 0xff | 0xff
[OK ]  |  5284 | 0x00005ca4 | 0x5f | 0x5f
[OK ]  |  5285 | 0x00005ca5 | 0x7f | 0x7f
[OK ]  |  5286 | 0x00005ca6 | 0xfe | 0xfe
[OK ]  |  5287 | 0x00005ca7 | 0xff | 0xff
[OK ]  |  5288 | 0x00005ca8 | 0xbc | 0xbc
[OK ]  |  5289 | 0x00005ca9 | 0xeb | 0xeb
[OK ]  |  5290 | 0x00005caa | 0xfe | 0xfe
[OK ]  |  5291 | 0x00005cab | 0xff | 0xff
[OK ]  |  5292 | 0x00005cac | 0x97 | 0x97
[OK ]  |  5293 | 0x00005cad | 0xf1 | 0xf1
[OK ]  |  5294 | 0x00005cae | 0xff | 0xff
[OK ]  |  5295 | 0x00005caf | 0xff | 0xff
[OK ]  |  5296 | 0x00005cb0 | 0x95 | 0x95
[OK ]  |  5297 | 0x00005cb1 | 0x4a | 0x4a
[OK ]  |  5298 | 0x00005cb2 | 0xff | 0xff
[OK ]  |  5299 | 0x00005cb3 | 0xff | 0xff
[OK ]  |  5300 | 0x00005cb4 | 0x74 | 0x74
[OK ]  |  5301 | 0x00005cb5 | 0xcd | 0xcd
[OK ]  |  5302 | 0x00005cb6 | 0xfe | 0xfe
[OK ]  |  5303 | 0x00005cb7 | 0xff | 0xff
[OK ]  |  5304 | 0x00005cb8 | 0x71 | 0x71
[OK ]  |  5305 | 0x00005cb9 | 0x64 | 0x64
[OK ]  |  5306 | 0x00005cba | 0xff | 0xff
[OK ]  |  5307 | 0x00005cbb | 0xff | 0xff
[OK ]  |  5308 | 0x00005cbc | 0x93 | 0x93
[OK ]  |  5309 | 0x00005cbd | 0x89 | 0x89
[OK ]  |  5310 | 0x00005cbe | 0xff | 0xff
[OK ]  |  5311 | 0x00005cbf | 0xff | 0xff
[OK ]  |  5312 | 0x00005cc0 | 0xba | 0xba
[OK ]  |  5313 | 0x00005cc1 | 0x1b | 0x1b
[OK ]  |  5314 | 0x00005cc2 | 0xfe | 0xfe
[OK ]  |  5315 | 0x00005cc3 | 0xff | 0xff
[OK ]  |  5316 | 0x00005cc4 | 0xed | 0xed
[OK ]  |  5317 | 0x00005cc5 | 0xfe | 0xfe
[OK ]  |  5318 | 0x00005cc6 | 0xfe | 0xfe
[OK ]  |  5319 | 0x00005cc7 | 0xff | 0xff
[OK ]  |  5320 | 0x00005cc8 | 0xe3 | 0xe3
[OK ]  |  5321 | 0x00005cc9 | 0x6a | 0x6a
[OK ]  |  5322 | 0x00005cca | 0x01 | 0x01
[OK ]  |  5323 | 0x00005ccb | 0x00 | 0x00
[OK ]  |  5324 | 0x00005ccc | 0xdc | 0xdc
[OK ]  |  5325 | 0x00005ccd | 0x09 | 0x09
[OK ]  |  5326 | 0x00005cce | 0x00 | 0x00
[OK ]  |  5327 | 0x00005ccf | 0x00 | 0x00
[OK ]  |  5328 | 0x00005cd0 | 0x90 | 0x90
[OK ]  |  5329 | 0x00005cd1 | 0x26 | 0x26
[OK ]  |  5330 | 0x00005cd2 | 0x00 | 0x00
[OK ]  |  5331 | 0x00005cd3 | 0x00 | 0x00
[OK ]  |  5332 | 0x00005cd4 | 0x4e | 0x4e
[OK ]  |  5333 | 0x00005cd5 | 0xab | 0xab
[OK ]  |  5334 | 0x00005cd6 | 0xfe | 0xfe
[OK ]  |  5335 | 0x00005cd7 | 0xff | 0xff
[OK ]  |  5336 | 0x00005cd8 | 0x22 | 0x22
[OK ]  |  5337 | 0x00005cd9 | 0x39 | 0x39
[OK ]  |  5338 | 0x00005cda | 0x00 | 0x00
[OK ]  |  5339 | 0x00005cdb | 0x00 | 0x00
[OK ]  |  5340 | 0x00005cdc | 0xc9 | 0xc9
[OK ]  |  5341 | 0x00005cdd | 0x8d | 0x8d
[OK ]  |  5342 | 0x00005cde | 0xff | 0xff
[OK ]  |  5343 | 0x00005cdf | 0xff | 0xff
[OK ]  |  5344 | 0x00005ce0 | 0xa4 | 0xa4
[OK ]  |  5345 | 0x00005ce1 | 0xc8 | 0xc8
[OK ]  |  5346 | 0x00005ce2 | 0x00 | 0x00
[OK ]  |  5347 | 0x00005ce3 | 0x00 | 0x00
[OK ]  |  5348 | 0x00005ce4 | 0xd0 | 0xd0
[OK ]  |  5349 | 0x00005ce5 | 0x8b | 0x8b
[OK ]  |  5350 | 0x00005ce6 | 0x01 | 0x01
[OK ]  |  5351 | 0x00005ce7 | 0x00 | 0x00
[OK ]  |  5352 | 0x00005ce8 | 0x64 | 0x64
[OK ]  |  5353 | 0x00005ce9 | 0x28 | 0x28
[OK ]  |  5354 | 0x00005cea | 0x00 | 0x00
[OK ]  |  5355 | 0x00005ceb | 0x00 | 0x00
[OK ]  |  5356 | 0x00005cec | 0x29 | 0x29
[OK ]  |  5357 | 0x00005ced | 0x2a | 0x2a
[OK ]  |  5358 | 0x00005cee | 0x01 | 0x01
[OK ]  |  5359 | 0x00005cef | 0x00 | 0x00
[OK ]  |  5360 | 0x00005cf0 | 0x7a | 0x7a
[OK ]  |  5361 | 0x00005cf1 | 0x76 | 0x76
[OK ]  |  5362 | 0x00005cf2 | 0xfd | 0xfd
[OK ]  |  5363 | 0x00005cf3 | 0xff | 0xff
[OK ]  |  5364 | 0x00005cf4 | 0xd1 | 0xd1
[OK ]  |  5365 | 0x00005cf5 | 0x7f | 0x7f
[OK ]  |  5366 | 0x00005cf6 | 0x00 | 0x00
[OK ]  |  5367 | 0x00005cf7 | 0x00 | 0x00
[OK ]  |  5368 | 0x00005cf8 | 0xbc | 0xbc
[OK ]  |  5369 | 0x00005cf9 | 0x44 | 0x44
[OK ]  |  5370 | 0x00005cfa | 0x01 | 0x01
[OK ]  |  5371 | 0x00005cfb | 0x00 | 0x00
[OK ]  |  5372 | 0x00005cfc | 0x7f | 0x7f
[OK ]  |  5373 | 0x00005cfd | 0x15 | 0x15
[OK ]  |  5374 | 0x00005cfe | 0x01 | 0x01
[OK ]  |  5375 | 0x00005cff | 0x00 | 0x00
[OK ]  |  5376 | 0x00005d00 | 0xe2 | 0xe2
[OK ]  |  5377 | 0x00005d01 | 0x4b | 0x4b
[OK ]  |  5378 | 0x00005d02 | 0x01 | 0x01
[OK ]  |  5379 | 0x00005d03 | 0x00 | 0x00
[OK ]  |  5380 | 0x00005d04 | 0x1e | 0x1e
[OK ]  |  5381 | 0x00005d05 | 0x73 | 0x73
[OK ]  |  5382 | 0x00005d06 | 0x01 | 0x01
[OK ]  |  5383 | 0x00005d07 | 0x00 | 0x00
[OK ]  |  5384 | 0x00005d08 | 0x7d | 0x7d
[OK ]  |  5385 | 0x00005d09 | 0x03 | 0x03
[OK ]  |  5386 | 0x00005d0a | 0x00 | 0x00
[OK ]  |  5387 | 0x00005d0b | 0x00 | 0x00
[OK ]  |  5388 | 0x00005d0c | 0xd8 | 0xd8
[OK ]  |  5389 | 0x00005d0d | 0x7d | 0x7d
[OK ]  |  5390 | 0x00005d0e | 0xff | 0xff
[OK ]  |  5391 | 0x00005d0f | 0xff | 0xff
[OK ]  |  5392 | 0x00005d10 | 0xbf | 0xbf
[OK ]  |  5393 | 0x00005d11 | 0x14 | 0x14
[OK ]  |  5394 | 0x00005d12 | 0x01 | 0x01
[OK ]  |  5395 | 0x00005d13 | 0x00 | 0x00
[OK ]  |  5396 | 0x00005d14 | 0xd6 | 0xd6
[OK ]  |  5397 | 0x00005d15 | 0x51 | 0x51
[OK ]  |  5398 | 0x00005d16 | 0x00 | 0x00
[OK ]  |  5399 | 0x00005d17 | 0x00 | 0x00
[OK ]  |  5400 | 0x00005d18 | 0x54 | 0x54
[OK ]  |  5401 | 0x00005d19 | 0x4f | 0x4f
[OK ]  |  5402 | 0x00005d1a | 0x01 | 0x01
[OK ]  |  5403 | 0x00005d1b | 0x00 | 0x00
[OK ]  |  5404 | 0x00005d1c | 0x46 | 0x46
[OK ]  |  5405 | 0x00005d1d | 0xc8 | 0xc8
[OK ]  |  5406 | 0x00005d1e | 0xff | 0xff
[OK ]  |  5407 | 0x00005d1f | 0xff | 0xff
[OK ]  |  5408 | 0x00005d20 | 0xb9 | 0xb9
[OK ]  |  5409 | 0x00005d21 | 0x87 | 0x87
[OK ]  |  5410 | 0x00005d22 | 0x00 | 0x00
[OK ]  |  5411 | 0x00005d23 | 0x00 | 0x00
[OK ]  |  5412 | 0x00005d24 | 0x67 | 0x67
[OK ]  |  5413 | 0x00005d25 | 0x35 | 0x35
[OK ]  |  5414 | 0x00005d26 | 0xff | 0xff
[OK ]  |  5415 | 0x00005d27 | 0xff | 0xff
[OK ]  |  5416 | 0x00005d28 | 0xea | 0xea
[OK ]  |  5417 | 0x00005d29 | 0xf2 | 0xf2
[OK ]  |  5418 | 0x00005d2a | 0x00 | 0x00
[OK ]  |  5419 | 0x00005d2b | 0x00 | 0x00
[OK ]  |  5420 | 0x00005d2c | 0x7a | 0x7a
[OK ]  |  5421 | 0x00005d2d | 0xdd | 0xdd
[OK ]  |  5422 | 0x00005d2e | 0x00 | 0x00
[OK ]  |  5423 | 0x00005d2f | 0x00 | 0x00
[OK ]  |  5424 | 0x00005d30 | 0x46 | 0x46
[OK ]  |  5425 | 0x00005d31 | 0x09 | 0x09
[OK ]  |  5426 | 0x00005d32 | 0x01 | 0x01
[OK ]  |  5427 | 0x00005d33 | 0x00 | 0x00
[OK ]  |  5428 | 0x00005d34 | 0x34 | 0x34
[OK ]  |  5429 | 0x00005d35 | 0xc9 | 0xc9
[OK ]  |  5430 | 0x00005d36 | 0xff | 0xff
[OK ]  |  5431 | 0x00005d37 | 0xff | 0xff
[OK ]  |  5432 | 0x00005d38 | 0xea | 0xea
[OK ]  |  5433 | 0x00005d39 | 0x42 | 0x42
[OK ]  |  5434 | 0x00005d3a | 0x00 | 0x00
[OK ]  |  5435 | 0x00005d3b | 0x00 | 0x00
[OK ]  |  5436 | 0x00005d3c | 0x74 | 0x74
[OK ]  |  5437 | 0x00005d3d | 0xea | 0xea
[OK ]  |  5438 | 0x00005d3e | 0xff | 0xff
[OK ]  |  5439 | 0x00005d3f | 0xff | 0xff
[OK ]  |  5440 | 0x00005d40 | 0xb3 | 0xb3
[OK ]  |  5441 | 0x00005d41 | 0x43 | 0x43
[OK ]  |  5442 | 0x00005d42 | 0x01 | 0x01
[OK ]  |  5443 | 0x00005d43 | 0x00 | 0x00
[OK ]  |  5444 | 0x00005d44 | 0x81 | 0x81
[OK ]  |  5445 | 0x00005d45 | 0xc0 | 0xc0
[OK ]  |  5446 | 0x00005d46 | 0xff | 0xff
[OK ]  |  5447 | 0x00005d47 | 0xff | 0xff
[OK ]  |  5448 | 0x00005d48 | 0x92 | 0x92
[OK ]  |  5449 | 0x00005d49 | 0x73 | 0x73
[OK ]  |  5450 | 0x00005d4a | 0xff | 0xff
[OK ]  |  5451 | 0x00005d4b | 0xff | 0xff
[OK ]  |  5452 | 0x00005d4c | 0x93 | 0x93
[OK ]  |  5453 | 0x00005d4d | 0xa6 | 0xa6
[OK ]  |  5454 | 0x00005d4e | 0xfd | 0xfd
[OK ]  |  5455 | 0x00005d4f | 0xff | 0xff
[OK ]  |  5456 | 0x00005d50 | 0xb5 | 0xb5
[OK ]  |  5457 | 0x00005d51 | 0x4f | 0x4f
[OK ]  |  5458 | 0x00005d52 | 0x00 | 0x00
[OK ]  |  5459 | 0x00005d53 | 0x00 | 0x00
[OK ]  |  5460 | 0x00005d54 | 0xe6 | 0xe6
[OK ]  |  5461 | 0x00005d55 | 0xd5 | 0xd5
[OK ]  |  5462 | 0x00005d56 | 0xfe | 0xfe
[OK ]  |  5463 | 0x00005d57 | 0xff | 0xff
[OK ]  |  5464 | 0x00005d58 | 0x92 | 0x92
[OK ]  |  5465 | 0x00005d59 | 0xdb | 0xdb
[OK ]  |  5466 | 0x00005d5a | 0xff | 0xff
[OK ]  |  5467 | 0x00005d5b | 0xff | 0xff
[OK ]  |  5468 | 0x00005d5c | 0xbc | 0xbc
[OK ]  |  5469 | 0x00005d5d | 0xe0 | 0xe0
[OK ]  |  5470 | 0x00005d5e | 0x00 | 0x00
[OK ]  |  5471 | 0x00005d5f | 0x00 | 0x00
[OK ]  |  5472 | 0x00005d60 | 0x5f | 0x5f
[OK ]  |  5473 | 0x00005d61 | 0x15 | 0x15
[OK ]  |  5474 | 0x00005d62 | 0x01 | 0x01
[OK ]  |  5475 | 0x00005d63 | 0x00 | 0x00
[OK ]  |  5476 | 0x00005d64 | 0x86 | 0x86
[OK ]  |  5477 | 0x00005d65 | 0x95 | 0x95
[OK ]  |  5478 | 0x00005d66 | 0x01 | 0x01
[OK ]  |  5479 | 0x00005d67 | 0x00 | 0x00
[OK ]  |  5480 | 0x00005d68 | 0xb1 | 0xb1
[OK ]  |  5481 | 0x00005d69 | 0xe9 | 0xe9
[OK ]  |  5482 | 0x00005d6a | 0xff | 0xff
[OK ]  |  5483 | 0x00005d6b | 0xff | 0xff
[OK ]  |  5484 | 0x00005d6c | 0x7d | 0x7d
[OK ]  |  5485 | 0x00005d6d | 0xee | 0xee
[OK ]  |  5486 | 0x00005d6e | 0xfe | 0xfe
[OK ]  |  5487 | 0x00005d6f | 0xff | 0xff
[OK ]  |  5488 | 0x00005d70 | 0x71 | 0x71
[OK ]  |  5489 | 0x00005d71 | 0x6c | 0x6c
[OK ]  |  5490 | 0x00005d72 | 0x01 | 0x01
[OK ]  |  5491 | 0x00005d73 | 0x00 | 0x00
[OK ]  |  5492 | 0x00005d74 | 0x2e | 0x2e
[OK ]  |  5493 | 0x00005d75 | 0xd7 | 0xd7
[OK ]  |  5494 | 0x00005d76 | 0x00 | 0x00
[OK ]  |  5495 | 0x00005d77 | 0x00 | 0x00
[OK ]  |  5496 | 0x00005d78 | 0x3c | 0x3c
[OK ]  |  5497 | 0x00005d79 | 0xf5 | 0xf5
[OK ]  |  5498 | 0x00005d7a | 0xfe | 0xfe
[OK ]  |  5499 | 0x00005d7b | 0xff | 0xff
[OK ]  |  5500 | 0x00005d7c | 0xf8 | 0xf8
[OK ]  |  5501 | 0x00005d7d | 0x08 | 0x08
[OK ]  |  5502 | 0x00005d7e | 0x01 | 0x01
[OK ]  |  5503 | 0x00005d7f | 0x00 | 0x00
[OK ]  |  5504 | 0x00005d80 | 0xf0 | 0xf0
[OK ]  |  5505 | 0x00005d81 | 0x99 | 0x99
[OK ]  |  5506 | 0x00005d82 | 0xff | 0xff
[OK ]  |  5507 | 0x00005d83 | 0xff | 0xff
[OK ]  |  5508 | 0x00005d84 | 0xfa | 0xfa
[OK ]  |  5509 | 0x00005d85 | 0x7b | 0x7b
[OK ]  |  5510 | 0x00005d86 | 0x00 | 0x00
[OK ]  |  5511 | 0x00005d87 | 0x00 | 0x00
[OK ]  |  5512 | 0x00005d88 | 0x3b | 0x3b
[OK ]  |  5513 | 0x00005d89 | 0xe9 | 0xe9
[OK ]  |  5514 | 0x00005d8a | 0xff | 0xff
[OK ]  |  5515 | 0x00005d8b | 0xff | 0xff
[OK ]  |  5516 | 0x00005d8c | 0x6b | 0x6b
[OK ]  |  5517 | 0x00005d8d | 0x3a | 0x3a
[OK ]  |  5518 | 0x00005d8e | 0x00 | 0x00
[OK ]  |  5519 | 0x00005d8f | 0x00 | 0x00
[OK ]  |  5520 | 0x00005d90 | 0x3d | 0x3d
[OK ]  |  5521 | 0x00005d91 | 0xbf | 0xbf
[OK ]  |  5522 | 0x00005d92 | 0xff | 0xff
[OK ]  |  5523 | 0x00005d93 | 0xff | 0xff
[OK ]  |  5524 | 0x00005d94 | 0xa6 | 0xa6
[OK ]  |  5525 | 0x00005d95 | 0x3e | 0x3e
[OK ]  |  5526 | 0x00005d96 | 0xfe | 0xfe
[OK ]  |  5527 | 0x00005d97 | 0xff | 0xff
[OK ]  |  5528 | 0x00005d98 | 0xb0 | 0xb0
[OK ]  |  5529 | 0x00005d99 | 0xd5 | 0xd5
[OK ]  |  5530 | 0x00005d9a | 0x00 | 0x00
[OK ]  |  5531 | 0x00005d9b | 0x00 | 0x00
[OK ]  |  5532 | 0x00005d9c | 0xb9 | 0xb9
[OK ]  |  5533 | 0x00005d9d | 0xa0 | 0xa0
[OK ]  |  5534 | 0x00005d9e | 0xff | 0xff
[OK ]  |  5535 | 0x00005d9f | 0xff | 0xff
[OK ]  |  5536 | 0x00005da0 | 0x74 | 0x74
[OK ]  |  5537 | 0x00005da1 | 0xe6 | 0xe6
[OK ]  |  5538 | 0x00005da2 | 0x00 | 0x00
[OK ]  |  5539 | 0x00005da3 | 0x00 | 0x00
[OK ]  |  5540 | 0x00005da4 | 0x12 | 0x12
[OK ]  |  5541 | 0x00005da5 | 0xce | 0xce
[OK ]  |  5542 | 0x00005da6 | 0x00 | 0x00
[OK ]  |  5543 | 0x00005da7 | 0x00 | 0x00
[OK ]  |  5544 | 0x00005da8 | 0x80 | 0x80
[OK ]  |  5545 | 0x00005da9 | 0xb6 | 0xb6
[OK ]  |  5546 | 0x00005daa | 0xff | 0xff
[OK ]  |  5547 | 0x00005dab | 0xff | 0xff
[OK ]  |  5548 | 0x00005dac | 0xe9 | 0xe9
[OK ]  |  5549 | 0x00005dad | 0x47 | 0x47
[OK ]  |  5550 | 0x00005dae | 0xff | 0xff
[OK ]  |  5551 | 0x00005daf | 0xff | 0xff
[OK ]  |  5552 | 0x00005db0 | 0x99 | 0x99
[OK ]  |  5553 | 0x00005db1 | 0x74 | 0x74
[OK ]  |  5554 | 0x00005db2 | 0xff | 0xff
[OK ]  |  5555 | 0x00005db3 | 0xff | 0xff
[OK ]  |  5556 | 0x00005db4 | 0x84 | 0x84
[OK ]  |  5557 | 0x00005db5 | 0x34 | 0x34
[OK ]  |  5558 | 0x00005db6 | 0x00 | 0x00
[OK ]  |  5559 | 0x00005db7 | 0x00 | 0x00
[OK ]  |  5560 | 0x00005db8 | 0x5f | 0x5f
[OK ]  |  5561 | 0x00005db9 | 0xdc | 0xdc
[OK ]  |  5562 | 0x00005dba | 0x01 | 0x01
[OK ]  |  5563 | 0x00005dbb | 0x00 | 0x00
[OK ]  |  5564 | 0x00005dbc | 0x13 | 0x13
[OK ]  |  5565 | 0x00005dbd | 0x45 | 0x45
[OK ]  |  5566 | 0x00005dbe | 0xff | 0xff
[OK ]  |  5567 | 0x00005dbf | 0xff | 0xff
[OK ]  |  5568 | 0x00005dc0 | 0xa4 | 0xa4
[OK ]  |  5569 | 0x00005dc1 | 0x23 | 0x23
[OK ]  |  5570 | 0x00005dc2 | 0x00 | 0x00
[OK ]  |  5571 | 0x00005dc3 | 0x00 | 0x00
[OK ]  |  5572 | 0x00005dc4 | 0x9e | 0x9e
[OK ]  |  5573 | 0x00005dc5 | 0xaf | 0xaf
[OK ]  |  5574 | 0x00005dc6 | 0x00 | 0x00
[OK ]  |  5575 | 0x00005dc7 | 0x00 | 0x00
[OK ]  |  5576 | 0x00005dc8 | 0xa8 | 0xa8
[OK ]  |  5577 | 0x00005dc9 | 0x98 | 0x98
[OK ]  |  5578 | 0x00005dca | 0x00 | 0x00
[OK ]  |  5579 | 0x00005dcb | 0x00 | 0x00
[OK ]  |  5580 | 0x00005dcc | 0x05 | 0x05
[OK ]  |  5581 | 0x00005dcd | 0x50 | 0x50
[OK ]  |  5582 | 0x00005dce | 0xfe | 0xfe
[OK ]  |  5583 | 0x00005dcf | 0xff | 0xff
[OK ]  |  5584 | 0x00005dd0 | 0xdc | 0xdc
[OK ]  |  5585 | 0x00005dd1 | 0xc1 | 0xc1
[OK ]  |  5586 | 0x00005dd2 | 0xfe | 0xfe
[OK ]  |  5587 | 0x00005dd3 | 0xff | 0xff
[OK ]  |  5588 | 0x00005dd4 | 0x31 | 0x31
[OK ]  |  5589 | 0x00005dd5 | 0x4c | 0x4c
[OK ]  |  5590 | 0x00005dd6 | 0x01 | 0x01
[OK ]  |  5591 | 0x00005dd7 | 0x00 | 0x00
[OK ]  |  5592 | 0x00005dd8 | 0xd7 | 0xd7
[OK ]  |  5593 | 0x00005dd9 | 0xbf | 0xbf
[OK ]  |  5594 | 0x00005dda | 0x00 | 0x00
[OK ]  |  5595 | 0x00005ddb | 0x00 | 0x00
[OK ]  |  5596 | 0x00005ddc | 0x2f | 0x2f
[OK ]  |  5597 | 0x00005ddd | 0xc6 | 0xc6
[OK ]  |  5598 | 0x00005dde | 0xff | 0xff
[OK ]  |  5599 | 0x00005ddf | 0xff | 0xff
[OK ]  |  5600 | 0x00005de0 | 0xc0 | 0xc0
[OK ]  |  5601 | 0x00005de1 | 0xbd | 0xbd
[OK ]  |  5602 | 0x00005de2 | 0xfe | 0xfe
[OK ]  |  5603 | 0x00005de3 | 0xff | 0xff
[OK ]  |  5604 | 0x00005de4 | 0xb0 | 0xb0
[OK ]  |  5605 | 0x00005de5 | 0x77 | 0x77
[OK ]  |  5606 | 0x00005de6 | 0x00 | 0x00
[OK ]  |  5607 | 0x00005de7 | 0x00 | 0x00
[OK ]  |  5608 | 0x00005de8 | 0x04 | 0x04
[OK ]  |  5609 | 0x00005de9 | 0x50 | 0x50
[OK ]  |  5610 | 0x00005dea | 0xff | 0xff
[OK ]  |  5611 | 0x00005deb | 0xff | 0xff
[OK ]  |  5612 | 0x00005dec | 0x7f | 0x7f
[OK ]  |  5613 | 0x00005ded | 0x76 | 0x76
[OK ]  |  5614 | 0x00005dee | 0x00 | 0x00
[OK ]  |  5615 | 0x00005def | 0x00 | 0x00
[OK ]  |  5616 | 0x00005df0 | 0x16 | 0x16
[OK ]  |  5617 | 0x00005df1 | 0xc2 | 0xc2
[OK ]  |  5618 | 0x00005df2 | 0xfe | 0xfe
[OK ]  |  5619 | 0x00005df3 | 0xff | 0xff
[OK ]  |  5620 | 0x00005df4 | 0xca | 0xca
[OK ]  |  5621 | 0x00005df5 | 0x81 | 0x81
[OK ]  |  5622 | 0x00005df6 | 0xff | 0xff
[OK ]  |  5623 | 0x00005df7 | 0xff | 0xff
[OK ]  |  5624 | 0x00005df8 | 0x92 | 0x92
[OK ]  |  5625 | 0x00005df9 | 0x81 | 0x81
[OK ]  |  5626 | 0x00005dfa | 0xfe | 0xfe
[OK ]  |  5627 | 0x00005dfb | 0xff | 0xff
[OK ]  |  5628 | 0x00005dfc | 0x40 | 0x40
[OK ]  |  5629 | 0x00005dfd | 0x49 | 0x49
[OK ]  |  5630 | 0x00005dfe | 0x01 | 0x01
[OK ]  |  5631 | 0x00005dff | 0x00 | 0x00
[OK ]  |  5632 | 0x00005e00 | 0x53 | 0x53
[OK ]  |  5633 | 0x00005e01 | 0xa9 | 0xa9
[OK ]  |  5634 | 0x00005e02 | 0xff | 0xff
[OK ]  |  5635 | 0x00005e03 | 0xff | 0xff
[OK ]  |  5636 | 0x00005e04 | 0x7e | 0x7e
[OK ]  |  5637 | 0x00005e05 | 0xe7 | 0xe7
[OK ]  |  5638 | 0x00005e06 | 0x00 | 0x00
[OK ]  |  5639 | 0x00005e07 | 0x00 | 0x00
[OK ]  |  5640 | 0x00005e08 | 0x38 | 0x38
[OK ]  |  5641 | 0x00005e09 | 0x91 | 0x91
[OK ]  |  5642 | 0x00005e0a | 0x01 | 0x01
[OK ]  |  5643 | 0x00005e0b | 0x00 | 0x00
[OK ]  |  5644 | 0x00005e0c | 0xd0 | 0xd0
[OK ]  |  5645 | 0x00005e0d | 0x5d | 0x5d
[OK ]  |  5646 | 0x00005e0e | 0xff | 0xff
[OK ]  |  5647 | 0x00005e0f | 0xff | 0xff
[OK ]  |  5648 | 0x00005e10 | 0x7e | 0x7e
[OK ]  |  5649 | 0x00005e11 | 0x1f | 0x1f
[OK ]  |  5650 | 0x00005e12 | 0x01 | 0x01
[OK ]  |  5651 | 0x00005e13 | 0x00 | 0x00
[OK ]  |  5652 | 0x00005e14 | 0x15 | 0x15
[OK ]  |  5653 | 0x00005e15 | 0x50 | 0x50
[OK ]  |  5654 | 0x00005e16 | 0x00 | 0x00
[OK ]  |  5655 | 0x00005e17 | 0x00 | 0x00
[OK ]  |  5656 | 0x00005e18 | 0x64 | 0x64
[OK ]  |  5657 | 0x00005e19 | 0x2e | 0x2e
[OK ]  |  5658 | 0x00005e1a | 0x00 | 0x00
[OK ]  |  5659 | 0x00005e1b | 0x00 | 0x00
[OK ]  |  5660 | 0x00005e1c | 0x50 | 0x50
[OK ]  |  5661 | 0x00005e1d | 0xb0 | 0xb0
[OK ]  |  5662 | 0x00005e1e | 0xff | 0xff
[OK ]  |  5663 | 0x00005e1f | 0xff | 0xff
[OK ]  |  5664 | 0x00005e20 | 0xb0 | 0xb0
[OK ]  |  5665 | 0x00005e21 | 0x42 | 0x42
[OK ]  |  5666 | 0x00005e22 | 0x00 | 0x00
[OK ]  |  5667 | 0x00005e23 | 0x00 | 0x00
[OK ]  |  5668 | 0x00005e24 | 0xd8 | 0xd8
[OK ]  |  5669 | 0x00005e25 | 0x7d | 0x7d
[OK ]  |  5670 | 0x00005e26 | 0xff | 0xff
[OK ]  |  5671 | 0x00005e27 | 0xff | 0xff
[OK ]  |  5672 | 0x00005e28 | 0x11 | 0x11
[OK ]  |  5673 | 0x00005e29 | 0x4f | 0x4f
[OK ]  |  5674 | 0x00005e2a | 0x00 | 0x00
[OK ]  |  5675 | 0x00005e2b | 0x00 | 0x00
[OK ]  |  5676 | 0x00005e2c | 0xb5 | 0xb5
[OK ]  |  5677 | 0x00005e2d | 0x3a | 0x3a
[OK ]  |  5678 | 0x00005e2e | 0x00 | 0x00
[OK ]  |  5679 | 0x00005e2f | 0x00 | 0x00
[OK ]  |  5680 | 0x00005e30 | 0xd7 | 0xd7
[OK ]  |  5681 | 0x00005e31 | 0x57 | 0x57
[OK ]  |  5682 | 0x00005e32 | 0xfe | 0xfe
[OK ]  |  5683 | 0x00005e33 | 0xff | 0xff
[OK ]  |  5684 | 0x00005e34 | 0x40 | 0x40
[OK ]  |  5685 | 0x00005e35 | 0xe2 | 0xe2
[OK ]  |  5686 | 0x00005e36 | 0xff | 0xff
[OK ]  |  5687 | 0x00005e37 | 0xff | 0xff
[OK ]  |  5688 | 0x00005e38 | 0x2f | 0x2f
[OK ]  |  5689 | 0x00005e39 | 0x02 | 0x02
[OK ]  |  5690 | 0x00005e3a | 0x00 | 0x00
[OK ]  |  5691 | 0x00005e3b | 0x00 | 0x00
[OK ]  |  5692 | 0x00005e3c | 0x48 | 0x48
[OK ]  |  5693 | 0x00005e3d | 0x59 | 0x59
[OK ]  |  5694 | 0x00005e3e | 0xff | 0xff
[OK ]  |  5695 | 0x00005e3f | 0xff | 0xff
[OK ]  |  5696 | 0x00005e40 | 0x62 | 0x62
[OK ]  |  5697 | 0x00005e41 | 0x9b | 0x9b
[OK ]  |  5698 | 0x00005e42 | 0x00 | 0x00
[OK ]  |  5699 | 0x00005e43 | 0x00 | 0x00
[OK ]  |  5700 | 0x00005e44 | 0x1d | 0x1d
[OK ]  |  5701 | 0x00005e45 | 0x84 | 0x84
[OK ]  |  5702 | 0x00005e46 | 0x00 | 0x00
[OK ]  |  5703 | 0x00005e47 | 0x00 | 0x00
[OK ]  |  5704 | 0x00005e48 | 0xea | 0xea
[OK ]  |  5705 | 0x00005e49 | 0xf4 | 0xf4
[OK ]  |  5706 | 0x00005e4a | 0xff | 0xff
[OK ]  |  5707 | 0x00005e4b | 0xff | 0xff
[OK ]  |  5708 | 0x00005e4c | 0xf0 | 0xf0
[OK ]  |  5709 | 0x00005e4d | 0x38 | 0x38
[OK ]  |  5710 | 0x00005e4e | 0x00 | 0x00
[OK ]  |  5711 | 0x00005e4f | 0x00 | 0x00
[OK ]  |  5712 | 0x00005e50 | 0x6d | 0x6d
[OK ]  |  5713 | 0x00005e51 | 0x8a | 0x8a
[OK ]  |  5714 | 0x00005e52 | 0xfe | 0xfe
[OK ]  |  5715 | 0x00005e53 | 0xff | 0xff
[OK ]  |  5716 | 0x00005e54 | 0x85 | 0x85
[OK ]  |  5717 | 0x00005e55 | 0x37 | 0x37
[OK ]  |  5718 | 0x00005e56 | 0xff | 0xff
[OK ]  |  5719 | 0x00005e57 | 0xff | 0xff
[OK ]  |  5720 | 0x00005e58 | 0xb6 | 0xb6
[OK ]  |  5721 | 0x00005e59 | 0x2a | 0x2a
[OK ]  |  5722 | 0x00005e5a | 0x00 | 0x00
[OK ]  |  5723 | 0x00005e5b | 0x00 | 0x00
[OK ]  |  5724 | 0x00005e5c | 0xb6 | 0xb6
[OK ]  |  5725 | 0x00005e5d | 0x17 | 0x17
[OK ]  |  5726 | 0x00005e5e | 0x00 | 0x00
[OK ]  |  5727 | 0x00005e5f | 0x00 | 0x00
[OK ]  |  5728 | 0x00005e60 | 0x04 | 0x04
[OK ]  |  5729 | 0x00005e61 | 0x08 | 0x08
[OK ]  |  5730 | 0x00005e62 | 0x00 | 0x00
[OK ]  |  5731 | 0x00005e63 | 0x00 | 0x00
[OK ]  |  5732 | 0x00005e64 | 0x03 | 0x03
[OK ]  |  5733 | 0x00005e65 | 0xc4 | 0xc4
[OK ]  |  5734 | 0x00005e66 | 0x00 | 0x00
[OK ]  |  5735 | 0x00005e67 | 0x00 | 0x00
[OK ]  |  5736 | 0x00005e68 | 0x7e | 0x7e
[OK ]  |  5737 | 0x00005e69 | 0xfe | 0xfe
[OK ]  |  5738 | 0x00005e6a | 0xff | 0xff
[OK ]  |  5739 | 0x00005e6b | 0xff | 0xff
[OK ]  |  5740 | 0x00005e6c | 0xec | 0xec
[OK ]  |  5741 | 0x00005e6d | 0x1a | 0x1a
[OK ]  |  5742 | 0x00005e6e | 0xff | 0xff
[OK ]  |  5743 | 0x00005e6f | 0xff | 0xff
[OK ]  |  5744 | 0x00005e70 | 0xa6 | 0xa6
[OK ]  |  5745 | 0x00005e71 | 0xf6 | 0xf6
[OK ]  |  5746 | 0x00005e72 | 0xff | 0xff
[OK ]  |  5747 | 0x00005e73 | 0xff | 0xff
[OK ]  |  5748 | 0x00005e74 | 0x83 | 0x83
[OK ]  |  5749 | 0x00005e75 | 0x28 | 0x28
[OK ]  |  5750 | 0x00005e76 | 0x00 | 0x00
[OK ]  |  5751 | 0x00005e77 | 0x00 | 0x00
[OK ]  |  5752 | 0x00005e78 | 0xe5 | 0xe5
[OK ]  |  5753 | 0x00005e79 | 0x57 | 0x57
[OK ]  |  5754 | 0x00005e7a | 0x01 | 0x01
[OK ]  |  5755 | 0x00005e7b | 0x00 | 0x00
[OK ]  |  5756 | 0x00005e7c | 0xb4 | 0xb4
[OK ]  |  5757 | 0x00005e7d | 0x19 | 0x19
[OK ]  |  5758 | 0x00005e7e | 0x00 | 0x00
[OK ]  |  5759 | 0x00005e7f | 0x00 | 0x00
[OK ]  |  5760 | 0x00005e80 | 0x7e | 0x7e
[OK ]  |  5761 | 0x00005e81 | 0x98 | 0x98
[OK ]  |  5762 | 0x00005e82 | 0x00 | 0x00
[OK ]  |  5763 | 0x00005e83 | 0x00 | 0x00
[OK ]  |  5764 | 0x00005e84 | 0xee | 0xee
[OK ]  |  5765 | 0x00005e85 | 0x4d | 0x4d
[OK ]  |  5766 | 0x00005e86 | 0x00 | 0x00
[OK ]  |  5767 | 0x00005e87 | 0x00 | 0x00
[OK ]  |  5768 | 0x00005e88 | 0x90 | 0x90
[OK ]  |  5769 | 0x00005e89 | 0x0f | 0x0f
[OK ]  |  5770 | 0x00005e8a | 0x00 | 0x00
[OK ]  |  5771 | 0x00005e8b | 0x00 | 0x00
[OK ]  |  5772 | 0x00005e8c | 0xd9 | 0xd9
[OK ]  |  5773 | 0x00005e8d | 0x3f | 0x3f
[OK ]  |  5774 | 0x00005e8e | 0x00 | 0x00
[OK ]  |  5775 | 0x00005e8f | 0x00 | 0x00
[OK ]  |  5776 | 0x00005e90 | 0xfd | 0xfd
[OK ]  |  5777 | 0x00005e91 | 0xf9 | 0xf9
[OK ]  |  5778 | 0x00005e92 | 0xfd | 0xfd
[OK ]  |  5779 | 0x00005e93 | 0xff | 0xff
[OK ]  |  5780 | 0x00005e94 | 0xf4 | 0xf4
[OK ]  |  5781 | 0x00005e95 | 0xc0 | 0xc0
[OK ]  |  5782 | 0x00005e96 | 0x00 | 0x00
[OK ]  |  5783 | 0x00005e97 | 0x00 | 0x00
[OK ]  |  5784 | 0x00005e98 | 0xbd | 0xbd
[OK ]  |  5785 | 0x00005e99 | 0x48 | 0x48
[OK ]  |  5786 | 0x00005e9a | 0x01 | 0x01
[OK ]  |  5787 | 0x00005e9b | 0x00 | 0x00
[OK ]  |  5788 | 0x00005e9c | 0x57 | 0x57
[OK ]  |  5789 | 0x00005e9d | 0x9b | 0x9b
[OK ]  |  5790 | 0x00005e9e | 0xff | 0xff
[OK ]  |  5791 | 0x00005e9f | 0xff | 0xff
[OK ]  |  5792 | 0x00005ea0 | 0xf8 | 0xf8
[OK ]  |  5793 | 0x00005ea1 | 0x3e | 0x3e
[OK ]  |  5794 | 0x00005ea2 | 0x00 | 0x00
[OK ]  |  5795 | 0x00005ea3 | 0x00 | 0x00
[OK ]  |  5796 | 0x00005ea4 | 0xa7 | 0xa7
[OK ]  |  5797 | 0x00005ea5 | 0x6a | 0x6a
[OK ]  |  5798 | 0x00005ea6 | 0xff | 0xff
[OK ]  |  5799 | 0x00005ea7 | 0xff | 0xff
[OK ]  |  5800 | 0x00005ea8 | 0xd4 | 0xd4
[OK ]  |  5801 | 0x00005ea9 | 0xc6 | 0xc6
[OK ]  |  5802 | 0x00005eaa | 0xff | 0xff
[OK ]  |  5803 | 0x00005eab | 0xff | 0xff
[OK ]  |  5804 | 0x00005eac | 0xea | 0xea
[OK ]  |  5805 | 0x00005ead | 0xae | 0xae
[OK ]  |  5806 | 0x00005eae | 0x00 | 0x00
[OK ]  |  5807 | 0x00005eaf | 0x00 | 0x00
[OK ]  |  5808 | 0x00005eb0 | 0x64 | 0x64
[OK ]  |  5809 | 0x00005eb1 | 0xbf | 0xbf
[OK ]  |  5810 | 0x00005eb2 | 0x00 | 0x00
[OK ]  |  5811 | 0x00005eb3 | 0x00 | 0x00
[OK ]  |  5812 | 0x00005eb4 | 0x0b | 0x0b
[OK ]  |  5813 | 0x00005eb5 | 0x79 | 0x79
[OK ]  |  5814 | 0x00005eb6 | 0xff | 0xff
[OK ]  |  5815 | 0x00005eb7 | 0xff | 0xff
[OK ]  |  5816 | 0x00005eb8 | 0xc0 | 0xc0
[OK ]  |  5817 | 0x00005eb9 | 0x50 | 0x50
[OK ]  |  5818 | 0x00005eba | 0x00 | 0x00
[OK ]  |  5819 | 0x00005ebb | 0x00 | 0x00
[OK ]  |  5820 | 0x00005ebc | 0x12 | 0x12
[OK ]  |  5821 | 0x00005ebd | 0xdb | 0xdb
[OK ]  |  5822 | 0x00005ebe | 0x00 | 0x00
[OK ]  |  5823 | 0x00005ebf | 0x00 | 0x00
[OK ]  |  5824 | 0x00005ec0 | 0x3b | 0x3b
[OK ]  |  5825 | 0x00005ec1 | 0xe4 | 0xe4
[OK ]  |  5826 | 0x00005ec2 | 0x00 | 0x00
[OK ]  |  5827 | 0x00005ec3 | 0x00 | 0x00
[OK ]  |  5828 | 0x00005ec4 | 0xa2 | 0xa2
[OK ]  |  5829 | 0x00005ec5 | 0xdb | 0xdb
[OK ]  |  5830 | 0x00005ec6 | 0xff | 0xff
[OK ]  |  5831 | 0x00005ec7 | 0xff | 0xff
[OK ]  |  5832 | 0x00005ec8 | 0x1e | 0x1e
[OK ]  |  5833 | 0x00005ec9 | 0x81 | 0x81
[OK ]  |  5834 | 0x00005eca | 0xff | 0xff
[OK ]  |  5835 | 0x00005ecb | 0xff | 0xff
[OK ]  |  5836 | 0x00005ecc | 0xd3 | 0xd3
[OK ]  |  5837 | 0x00005ecd | 0x83 | 0x83
[OK ]  |  5838 | 0x00005ece | 0xff | 0xff
[OK ]  |  5839 | 0x00005ecf | 0xff | 0xff
[OK ]  |  5840 | 0x00005ed0 | 0xd0 | 0xd0
[OK ]  |  5841 | 0x00005ed1 | 0x33 | 0x33
[OK ]  |  5842 | 0x00005ed2 | 0xff | 0xff
[OK ]  |  5843 | 0x00005ed3 | 0xff | 0xff
[OK ]  |  5844 | 0x00005ed4 | 0xf4 | 0xf4
[OK ]  |  5845 | 0x00005ed5 | 0xb3 | 0xb3
[OK ]  |  5846 | 0x00005ed6 | 0xff | 0xff
[OK ]  |  5847 | 0x00005ed7 | 0xff | 0xff
[OK ]  |  5848 | 0x00005ed8 | 0x78 | 0x78
[OK ]  |  5849 | 0x00005ed9 | 0x22 | 0x22
[OK ]  |  5850 | 0x00005eda | 0xfe | 0xfe
[OK ]  |  5851 | 0x00005edb | 0xff | 0xff
[OK ]  |  5852 | 0x00005edc | 0xb3 | 0xb3
[OK ]  |  5853 | 0x00005edd | 0xa9 | 0xa9
[OK ]  |  5854 | 0x00005ede | 0xff | 0xff
[OK ]  |  5855 | 0x00005edf | 0xff | 0xff
[OK ]  |  5856 | 0x00005ee0 | 0x6d | 0x6d
[OK ]  |  5857 | 0x00005ee1 | 0x88 | 0x88
[OK ]  |  5858 | 0x00005ee2 | 0xff | 0xff
[OK ]  |  5859 | 0x00005ee3 | 0xff | 0xff
[OK ]  |  5860 | 0x00005ee4 | 0xc9 | 0xc9
[OK ]  |  5861 | 0x00005ee5 | 0xc9 | 0xc9
[OK ]  |  5862 | 0x00005ee6 | 0x00 | 0x00
[OK ]  |  5863 | 0x00005ee7 | 0x00 | 0x00
[OK ]  |  5864 | 0x00005ee8 | 0xea | 0xea
[OK ]  |  5865 | 0x00005ee9 | 0x16 | 0x16
[OK ]  |  5866 | 0x00005eea | 0x00 | 0x00
[OK ]  |  5867 | 0x00005eeb | 0x00 | 0x00
[OK ]  |  5868 | 0x00005eec | 0xf7 | 0xf7
[OK ]  |  5869 | 0x00005eed | 0x03 | 0x03
[OK ]  |  5870 | 0x00005eee | 0x01 | 0x01
[OK ]  |  5871 | 0x00005eef | 0x00 | 0x00
[OK ]  |  5872 | 0x00005ef0 | 0x1c | 0x1c
[OK ]  |  5873 | 0x00005ef1 | 0x90 | 0x90
[OK ]  |  5874 | 0x00005ef2 | 0xff | 0xff
[OK ]  |  5875 | 0x00005ef3 | 0xff | 0xff
[OK ]  |  5876 | 0x00005ef4 | 0x16 | 0x16
[OK ]  |  5877 | 0x00005ef5 | 0xc7 | 0xc7
[OK ]  |  5878 | 0x00005ef6 | 0x00 | 0x00
[OK ]  |  5879 | 0x00005ef7 | 0x00 | 0x00
[OK ]  |  5880 | 0x00005ef8 | 0xd7 | 0xd7
[OK ]  |  5881 | 0x00005ef9 | 0x90 | 0x90
[OK ]  |  5882 | 0x00005efa | 0xfe | 0xfe
[OK ]  |  5883 | 0x00005efb | 0xff | 0xff
[OK ]  |  5884 | 0x00005efc | 0x29 | 0x29
[OK ]  |  5885 | 0x00005efd | 0x98 | 0x98
[OK ]  |  5886 | 0x00005efe | 0x00 | 0x00
[OK ]  |  5887 | 0x00005eff | 0x00 | 0x00
[OK ]  |  5888 | 0x00005f00 | 0x04 | 0x04
[OK ]  |  5889 | 0x00005f01 | 0x5c | 0x5c
[OK ]  |  5890 | 0x00005f02 | 0xff | 0xff
[OK ]  |  5891 | 0x00005f03 | 0xff | 0xff
[OK ]  |  5892 | 0x00005f04 | 0x75 | 0x75
[OK ]  |  5893 | 0x00005f05 | 0x56 | 0x56
[OK ]  |  5894 | 0x00005f06 | 0x00 | 0x00
[OK ]  |  5895 | 0x00005f07 | 0x00 | 0x00
[OK ]  |  5896 | 0x00005f08 | 0x12 | 0x12
[OK ]  |  5897 | 0x00005f09 | 0xa8 | 0xa8
[OK ]  |  5898 | 0x00005f0a | 0xff | 0xff
[OK ]  |  5899 | 0x00005f0b | 0xff | 0xff
[OK ]  |  5900 | 0x00005f0c | 0x03 | 0x03
[OK ]  |  5901 | 0x00005f0d | 0x6a | 0x6a
[OK ]  |  5902 | 0x00005f0e | 0xff | 0xff
[OK ]  |  5903 | 0x00005f0f | 0xff | 0xff
[OK ]  |  5904 | 0x00005f10 | 0xec | 0xec
[OK ]  |  5905 | 0x00005f11 | 0xa5 | 0xa5
[OK ]  |  5906 | 0x00005f12 | 0xff | 0xff
[OK ]  |  5907 | 0x00005f13 | 0xff | 0xff
[OK ]  |  5908 | 0x00005f14 | 0xb5 | 0xb5
[OK ]  |  5909 | 0x00005f15 | 0x3c | 0x3c
[OK ]  |  5910 | 0x00005f16 | 0x01 | 0x01
[OK ]  |  5911 | 0x00005f17 | 0x00 | 0x00
[OK ]  |  5912 | 0x00005f18 | 0xb1 | 0xb1
[OK ]  |  5913 | 0x00005f19 | 0xdf | 0xdf
[OK ]  |  5914 | 0x00005f1a | 0x01 | 0x01
[OK ]  |  5915 | 0x00005f1b | 0x00 | 0x00
[OK ]  |  5916 | 0x00005f1c | 0xc7 | 0xc7
[OK ]  |  5917 | 0x00005f1d | 0xa7 | 0xa7
[OK ]  |  5918 | 0x00005f1e | 0x00 | 0x00
[OK ]  |  5919 | 0x00005f1f | 0x00 | 0x00
[OK ]  |  5920 | 0x00005f20 | 0x31 | 0x31
[OK ]  |  5921 | 0x00005f21 | 0x9e | 0x9e
[OK ]  |  5922 | 0x00005f22 | 0xff | 0xff
[OK ]  |  5923 | 0x00005f23 | 0xff | 0xff
[OK ]  |  5924 | 0x00005f24 | 0x65 | 0x65
[OK ]  |  5925 | 0x00005f25 | 0xdd | 0xdd
[OK ]  |  5926 | 0x00005f26 | 0x00 | 0x00
[OK ]  |  5927 | 0x00005f27 | 0x00 | 0x00
[OK ]  |  5928 | 0x00005f28 | 0xfc | 0xfc
[OK ]  |  5929 | 0x00005f29 | 0x73 | 0x73
[OK ]  |  5930 | 0x00005f2a | 0x00 | 0x00
[OK ]  |  5931 | 0x00005f2b | 0x00 | 0x00
[OK ]  |  5932 | 0x00005f2c | 0xd4 | 0xd4
[OK ]  |  5933 | 0x00005f2d | 0xb2 | 0xb2
[OK ]  |  5934 | 0x00005f2e | 0xfd | 0xfd
[OK ]  |  5935 | 0x00005f2f | 0xff | 0xff
[OK ]  |  5936 | 0x00005f30 | 0x28 | 0x28
[OK ]  |  5937 | 0x00005f31 | 0x8f | 0x8f
[OK ]  |  5938 | 0x00005f32 | 0x01 | 0x01
[OK ]  |  5939 | 0x00005f33 | 0x00 | 0x00
[OK ]  |  5940 | 0x00005f34 | 0x98 | 0x98
[OK ]  |  5941 | 0x00005f35 | 0xfc | 0xfc
[OK ]  |  5942 | 0x00005f36 | 0xff | 0xff
[OK ]  |  5943 | 0x00005f37 | 0xff | 0xff
[OK ]  |  5944 | 0x00005f38 | 0xc9 | 0xc9
[OK ]  |  5945 | 0x00005f39 | 0x58 | 0x58
[OK ]  |  5946 | 0x00005f3a | 0x00 | 0x00
[OK ]  |  5947 | 0x00005f3b | 0x00 | 0x00
[OK ]  |  5948 | 0x00005f3c | 0x55 | 0x55
[OK ]  |  5949 | 0x00005f3d | 0x6c | 0x6c
[OK ]  |  5950 | 0x00005f3e | 0xff | 0xff
[OK ]  |  5951 | 0x00005f3f | 0xff | 0xff
[OK ]  |  5952 | 0x00005f40 | 0x54 | 0x54
[OK ]  |  5953 | 0x00005f41 | 0x68 | 0x68
[OK ]  |  5954 | 0x00005f42 | 0xff | 0xff
[OK ]  |  5955 | 0x00005f43 | 0xff | 0xff
[OK ]  |  5956 | 0x00005f44 | 0x2e | 0x2e
[OK ]  |  5957 | 0x00005f45 | 0xf9 | 0xf9
[OK ]  |  5958 | 0x00005f46 | 0xfe | 0xfe
[OK ]  |  5959 | 0x00005f47 | 0xff | 0xff
[OK ]  |  5960 | 0x00005f48 | 0x34 | 0x34
[OK ]  |  5961 | 0x00005f49 | 0xae | 0xae
[OK ]  |  5962 | 0x00005f4a | 0x00 | 0x00
[OK ]  |  5963 | 0x00005f4b | 0x00 | 0x00
[OK ]  |  5964 | 0x00005f4c | 0x74 | 0x74
[OK ]  |  5965 | 0x00005f4d | 0x4a | 0x4a
[OK ]  |  5966 | 0x00005f4e | 0x00 | 0x00
[OK ]  |  5967 | 0x00005f4f | 0x00 | 0x00
[OK ]  |  5968 | 0x00005f50 | 0x97 | 0x97
[OK ]  |  5969 | 0x00005f51 | 0x2b | 0x2b
[OK ]  |  5970 | 0x00005f52 | 0x00 | 0x00
[OK ]  |  5971 | 0x00005f53 | 0x00 | 0x00
[OK ]  |  5972 | 0x00005f54 | 0x06 | 0x06
[OK ]  |  5973 | 0x00005f55 | 0x92 | 0x92
[OK ]  |  5974 | 0x00005f56 | 0xff | 0xff
[OK ]  |  5975 | 0x00005f57 | 0xff | 0xff
[OK ]  |  5976 | 0x00005f58 | 0x77 | 0x77
[OK ]  |  5977 | 0x00005f59 | 0x7d | 0x7d
[OK ]  |  5978 | 0x00005f5a | 0xff | 0xff
[OK ]  |  5979 | 0x00005f5b | 0xff | 0xff
[OK ]  |  5980 | 0x00005f5c | 0x4d | 0x4d
[OK ]  |  5981 | 0x00005f5d | 0x5f | 0x5f
[OK ]  |  5982 | 0x00005f5e | 0x01 | 0x01
[OK ]  |  5983 | 0x00005f5f | 0x00 | 0x00
[OK ]  |  5984 | 0x00005f60 | 0x9a | 0x9a
[OK ]  |  5985 | 0x00005f61 | 0xb3 | 0xb3
[OK ]  |  5986 | 0x00005f62 | 0xff | 0xff
[OK ]  |  5987 | 0x00005f63 | 0xff | 0xff
[OK ]  |  5988 | 0x00005f64 | 0x27 | 0x27
[OK ]  |  5989 | 0x00005f65 | 0x4c | 0x4c
[OK ]  |  5990 | 0x00005f66 | 0xff | 0xff
[OK ]  |  5991 | 0x00005f67 | 0xff | 0xff
[OK ]  |  5992 | 0x00005f68 | 0xab | 0xab
[OK ]  |  5993 | 0x00005f69 | 0x1f | 0x1f
[OK ]  |  5994 | 0x00005f6a | 0x01 | 0x01
[OK ]  |  5995 | 0x00005f6b | 0x00 | 0x00
[OK ]  |  5996 | 0x00005f6c | 0x34 | 0x34
[OK ]  |  5997 | 0x00005f6d | 0xec | 0xec
[OK ]  |  5998 | 0x00005f6e | 0x01 | 0x01
[OK ]  |  5999 | 0x00005f6f | 0x00 | 0x00
[OK ]  |  6000 | 0x00005f70 | 0xee | 0xee
[OK ]  |  6001 | 0x00005f71 | 0xe3 | 0xe3
[OK ]  |  6002 | 0x00005f72 | 0xfd | 0xfd
[OK ]  |  6003 | 0x00005f73 | 0xff | 0xff
[OK ]  |  6004 | 0x00005f74 | 0xa4 | 0xa4
[OK ]  |  6005 | 0x00005f75 | 0xd4 | 0xd4
[OK ]  |  6006 | 0x00005f76 | 0x01 | 0x01
[OK ]  |  6007 | 0x00005f77 | 0x00 | 0x00
[OK ]  |  6008 | 0x00005f78 | 0x37 | 0x37
[OK ]  |  6009 | 0x00005f79 | 0x18 | 0x18
[OK ]  |  6010 | 0x00005f7a | 0x00 | 0x00
[OK ]  |  6011 | 0x00005f7b | 0x00 | 0x00
[OK ]  |  6012 | 0x00005f7c | 0x19 | 0x19
[OK ]  |  6013 | 0x00005f7d | 0x5f | 0x5f
[OK ]  |  6014 | 0x00005f7e | 0x00 | 0x00
[OK ]  |  6015 | 0x00005f7f | 0x00 | 0x00
[OK ]  |  6016 | 0x00005f80 | 0x75 | 0x75
[OK ]  |  6017 | 0x00005f81 | 0x8e | 0x8e
[OK ]  |  6018 | 0x00005f82 | 0xfe | 0xfe
[OK ]  |  6019 | 0x00005f83 | 0xff | 0xff
[OK ]  |  6020 | 0x00005f84 | 0x4c | 0x4c
[OK ]  |  6021 | 0x00005f85 | 0x1f | 0x1f
[OK ]  |  6022 | 0x00005f86 | 0x00 | 0x00
[OK ]  |  6023 | 0x00005f87 | 0x00 | 0x00
[OK ]  |  6024 | 0x00005f88 | 0xa5 | 0xa5
[OK ]  |  6025 | 0x00005f89 | 0x4a | 0x4a
[OK ]  |  6026 | 0x00005f8a | 0x01 | 0x01
[OK ]  |  6027 | 0x00005f8b | 0x00 | 0x00
[OK ]  |  6028 | 0x00005f8c | 0x55 | 0x55
[OK ]  |  6029 | 0x00005f8d | 0xd8 | 0xd8
[OK ]  |  6030 | 0x00005f8e | 0x01 | 0x01
[OK ]  |  6031 | 0x00005f8f | 0x00 | 0x00
[OK ]  |  6032 | 0x00005f90 | 0x61 | 0x61
[OK ]  |  6033 | 0x00005f91 | 0x50 | 0x50
[OK ]  |  6034 | 0x00005f92 | 0xff | 0xff
[OK ]  |  6035 | 0x00005f93 | 0xff | 0xff
[OK ]  |  6036 | 0x00005f94 | 0x28 | 0x28
[OK ]  |  6037 | 0x00005f95 | 0x3a | 0x3a
[OK ]  |  6038 | 0x00005f96 | 0xfe | 0xfe
[OK ]  |  6039 | 0x00005f97 | 0xff | 0xff
[OK ]  |  6040 | 0x00005f98 | 0x62 | 0x62
[OK ]  |  6041 | 0x00005f99 | 0x5f | 0x5f
[OK ]  |  6042 | 0x00005f9a | 0xfe | 0xfe
[OK ]  |  6043 | 0x00005f9b | 0xff | 0xff
[OK ]  |  6044 | 0x00005f9c | 0x2c | 0x2c
[OK ]  |  6045 | 0x00005f9d | 0xcf | 0xcf
[OK ]  |  6046 | 0x00005f9e | 0x00 | 0x00
[OK ]  |  6047 | 0x00005f9f | 0x00 | 0x00
[OK ]  |  6048 | 0x00005fa0 | 0xf1 | 0xf1
[OK ]  |  6049 | 0x00005fa1 | 0xbd | 0xbd
[OK ]  |  6050 | 0x00005fa2 | 0xff | 0xff
[OK ]  |  6051 | 0x00005fa3 | 0xff | 0xff
[OK ]  |  6052 | 0x00005fa4 | 0x61 | 0x61
[OK ]  |  6053 | 0x00005fa5 | 0x62 | 0x62
[OK ]  |  6054 | 0x00005fa6 | 0xff | 0xff
[OK ]  |  6055 | 0x00005fa7 | 0xff | 0xff
[OK ]  |  6056 | 0x00005fa8 | 0xc5 | 0xc5
[OK ]  |  6057 | 0x00005fa9 | 0xb4 | 0xb4
[OK ]  |  6058 | 0x00005faa | 0xfe | 0xfe
[OK ]  |  6059 | 0x00005fab | 0xff | 0xff
[OK ]  |  6060 | 0x00005fac | 0xc6 | 0xc6
[OK ]  |  6061 | 0x00005fad | 0x51 | 0x51
[OK ]  |  6062 | 0x00005fae | 0x00 | 0x00
[OK ]  |  6063 | 0x00005faf | 0x00 | 0x00
[OK ]  |  6064 | 0x00005fb0 | 0x8c | 0x8c
[OK ]  |  6065 | 0x00005fb1 | 0xbe | 0xbe
[OK ]  |  6066 | 0x00005fb2 | 0x01 | 0x01
[OK ]  |  6067 | 0x00005fb3 | 0x00 | 0x00
[OK ]  |  6068 | 0x00005fb4 | 0xf7 | 0xf7
[OK ]  |  6069 | 0x00005fb5 | 0x15 | 0x15
[OK ]  |  6070 | 0x00005fb6 | 0x00 | 0x00
[OK ]  |  6071 | 0x00005fb7 | 0x00 | 0x00
[OK ]  |  6072 | 0x00005fb8 | 0x0f | 0x0f
[OK ]  |  6073 | 0x00005fb9 | 0x24 | 0x24
[OK ]  |  6074 | 0x00005fba | 0x00 | 0x00
[OK ]  |  6075 | 0x00005fbb | 0x00 | 0x00
[OK ]  |  6076 | 0x00005fbc | 0x98 | 0x98
[OK ]  |  6077 | 0x00005fbd | 0x33 | 0x33
[OK ]  |  6078 | 0x00005fbe | 0x00 | 0x00
[OK ]  |  6079 | 0x00005fbf | 0x00 | 0x00
[OK ]  |  6080 | 0x00005fc0 | 0xf1 | 0xf1
[OK ]  |  6081 | 0x00005fc1 | 0x01 | 0x01
[OK ]  |  6082 | 0x00005fc2 | 0x01 | 0x01
[OK ]  |  6083 | 0x00005fc3 | 0x00 | 0x00
[OK ]  |  6084 | 0x00005fc4 | 0xda | 0xda
[OK ]  |  6085 | 0x00005fc5 | 0xe7 | 0xe7
[OK ]  |  6086 | 0x00005fc6 | 0x00 | 0x00
[OK ]  |  6087 | 0x00005fc7 | 0x00 | 0x00
[OK ]  |  6088 | 0x00005fc8 | 0x3e | 0x3e
[OK ]  |  6089 | 0x00005fc9 | 0x00 | 0x00
[OK ]  |  6090 | 0x00005fca | 0x00 | 0x00
[OK ]  |  6091 | 0x00005fcb | 0x00 | 0x00
[OK ]  |  6092 | 0x00005fcc | 0xfc | 0xfc
[OK ]  |  6093 | 0x00005fcd | 0x01 | 0x01
[OK ]  |  6094 | 0x00005fce | 0x01 | 0x01
[OK ]  |  6095 | 0x00005fcf | 0x00 | 0x00
[OK ]  |  6096 | 0x00005fd0 | 0xb3 | 0xb3
[OK ]  |  6097 | 0x00005fd1 | 0x79 | 0x79
[OK ]  |  6098 | 0x00005fd2 | 0xff | 0xff
[OK ]  |  6099 | 0x00005fd3 | 0xff | 0xff
[OK ]  |  6100 | 0x00005fd4 | 0x14 | 0x14
[OK ]  |  6101 | 0x00005fd5 | 0x07 | 0x07
[OK ]  |  6102 | 0x00005fd6 | 0xff | 0xff
[OK ]  |  6103 | 0x00005fd7 | 0xff | 0xff
[OK ]  |  6104 | 0x00005fd8 | 0x67 | 0x67
[OK ]  |  6105 | 0x00005fd9 | 0x57 | 0x57
[OK ]  |  6106 | 0x00005fda | 0x01 | 0x01
[OK ]  |  6107 | 0x00005fdb | 0x00 | 0x00
[OK ]  |  6108 | 0x00005fdc | 0xfc | 0xfc
[OK ]  |  6109 | 0x00005fdd | 0x4e | 0x4e
[OK ]  |  6110 | 0x00005fde | 0x00 | 0x00
[OK ]  |  6111 | 0x00005fdf | 0x00 | 0x00
[OK ]  |  6112 | 0x00005fe0 | 0x77 | 0x77
[OK ]  |  6113 | 0x00005fe1 | 0x05 | 0x05
[OK ]  |  6114 | 0x00005fe2 | 0x01 | 0x01
[OK ]  |  6115 | 0x00005fe3 | 0x00 | 0x00
[OK ]  |  6116 | 0x00005fe4 | 0xe6 | 0xe6
[OK ]  |  6117 | 0x00005fe5 | 0x18 | 0x18
[OK ]  |  6118 | 0x00005fe6 | 0x00 | 0x00
[OK ]  |  6119 | 0x00005fe7 | 0x00 | 0x00
[OK ]  |  6120 | 0x00005fe8 | 0xdc | 0xdc
[OK ]  |  6121 | 0x00005fe9 | 0x2c | 0x2c
[OK ]  |  6122 | 0x00005fea | 0x01 | 0x01
[OK ]  |  6123 | 0x00005feb | 0x00 | 0x00
[OK ]  |  6124 | 0x00005fec | 0x0e | 0x0e
[OK ]  |  6125 | 0x00005fed | 0xaf | 0xaf
[OK ]  |  6126 | 0x00005fee | 0xff | 0xff
[OK ]  |  6127 | 0x00005fef | 0xff | 0xff
[OK ]  |  6128 | 0x00005ff0 | 0x49 | 0x49
[OK ]  |  6129 | 0x00005ff1 | 0x72 | 0x72
[OK ]  |  6130 | 0x00005ff2 | 0x00 | 0x00
[OK ]  |  6131 | 0x00005ff3 | 0x00 | 0x00
[OK ]  |  6132 | 0x00005ff4 | 0xea | 0xea
[OK ]  |  6133 | 0x00005ff5 | 0x19 | 0x19
[OK ]  |  6134 | 0x00005ff6 | 0x00 | 0x00
[OK ]  |  6135 | 0x00005ff7 | 0x00 | 0x00
[OK ]  |  6136 | 0x00005ff8 | 0x24 | 0x24
[OK ]  |  6137 | 0x00005ff9 | 0xea | 0xea
[OK ]  |  6138 | 0x00005ffa | 0xfe | 0xfe
[OK ]  |  6139 | 0x00005ffb | 0xff | 0xff
[OK ]  |  6140 | 0x00005ffc | 0x92 | 0x92
[OK ]  |  6141 | 0x00005ffd | 0xe1 | 0xe1
[OK ]  |  6142 | 0x00005ffe | 0xff | 0xff
[OK ]  |  6143 | 0x00005fff | 0xff | 0xff
[OK ]  |  6144 | 0x00006000 | 0xf6 | 0xf6
[OK ]  |  6145 | 0x00006001 | 0xff | 0xff
[OK ]  |  6146 | 0x00006002 | 0xfe | 0xfe
[OK ]  |  6147 | 0x00006003 | 0xff | 0xff
[OK ]  |  6148 | 0x00006004 | 0x70 | 0x70
[OK ]  |  6149 | 0x00006005 | 0x28 | 0x28
[OK ]  |  6150 | 0x00006006 | 0x00 | 0x00
[OK ]  |  6151 | 0x00006007 | 0x00 | 0x00
[OK ]  |  6152 | 0x00006008 | 0x54 | 0x54
[OK ]  |  6153 | 0x00006009 | 0x74 | 0x74
[OK ]  |  6154 | 0x0000600a | 0x00 | 0x00
[OK ]  |  6155 | 0x0000600b | 0x00 | 0x00
[OK ]  |  6156 | 0x0000600c | 0x67 | 0x67
[OK ]  |  6157 | 0x0000600d | 0xb4 | 0xb4
[OK ]  |  6158 | 0x0000600e | 0x00 | 0x00
[OK ]  |  6159 | 0x0000600f | 0x00 | 0x00
[OK ]  |  6160 | 0x00006010 | 0x4e | 0x4e
[OK ]  |  6161 | 0x00006011 | 0x16 | 0x16
[OK ]  |  6162 | 0x00006012 | 0xff | 0xff
[OK ]  |  6163 | 0x00006013 | 0xff | 0xff
[OK ]  |  6164 | 0x00006014 | 0xf7 | 0xf7
[OK ]  |  6165 | 0x00006015 | 0x01 | 0x01
[OK ]  |  6166 | 0x00006016 | 0xff | 0xff
[OK ]  |  6167 | 0x00006017 | 0xff | 0xff
[OK ]  |  6168 | 0x00006018 | 0xf6 | 0xf6
[OK ]  |  6169 | 0x00006019 | 0x84 | 0x84
[OK ]  |  6170 | 0x0000601a | 0xff | 0xff
[OK ]  |  6171 | 0x0000601b | 0xff | 0xff
[OK ]  |  6172 | 0x0000601c | 0x13 | 0x13
[OK ]  |  6173 | 0x0000601d | 0xaf | 0xaf
[OK ]  |  6174 | 0x0000601e | 0xff | 0xff
[OK ]  |  6175 | 0x0000601f | 0xff | 0xff
[OK ]  |  6176 | 0x00006020 | 0x4d | 0x4d
[OK ]  |  6177 | 0x00006021 | 0x03 | 0x03
[OK ]  |  6178 | 0x00006022 | 0xff | 0xff
[OK ]  |  6179 | 0x00006023 | 0xff | 0xff
[OK ]  |  6180 | 0x00006024 | 0x5f | 0x5f
[OK ]  |  6181 | 0x00006025 | 0xb8 | 0xb8
[OK ]  |  6182 | 0x00006026 | 0xfe | 0xfe
[OK ]  |  6183 | 0x00006027 | 0xff | 0xff
[OK ]  |  6184 | 0x00006028 | 0x84 | 0x84
[OK ]  |  6185 | 0x00006029 | 0x11 | 0x11
[OK ]  |  6186 | 0x0000602a | 0x00 | 0x00
[OK ]  |  6187 | 0x0000602b | 0x00 | 0x00
[OK ]  |  6188 | 0x0000602c | 0x44 | 0x44
[OK ]  |  6189 | 0x0000602d | 0x86 | 0x86
[OK ]  |  6190 | 0x0000602e | 0xff | 0xff
[OK ]  |  6191 | 0x0000602f | 0xff | 0xff
[OK ]  |  6192 | 0x00006030 | 0x3c | 0x3c
[OK ]  |  6193 | 0x00006031 | 0xa9 | 0xa9
[OK ]  |  6194 | 0x00006032 | 0xfe | 0xfe
[OK ]  |  6195 | 0x00006033 | 0xff | 0xff
[OK ]  |  6196 | 0x00006034 | 0x39 | 0x39
[OK ]  |  6197 | 0x00006035 | 0xd1 | 0xd1
[OK ]  |  6198 | 0x00006036 | 0xff | 0xff
[OK ]  |  6199 | 0x00006037 | 0xff | 0xff
[OK ]  |  6200 | 0x00006038 | 0xc4 | 0xc4
[OK ]  |  6201 | 0x00006039 | 0x83 | 0x83
[OK ]  |  6202 | 0x0000603a | 0x00 | 0x00
[OK ]  |  6203 | 0x0000603b | 0x00 | 0x00
[OK ]  |  6204 | 0x0000603c | 0xac | 0xac
[OK ]  |  6205 | 0x0000603d | 0x1b | 0x1b
[OK ]  |  6206 | 0x0000603e | 0xff | 0xff
[OK ]  |  6207 | 0x0000603f | 0xff | 0xff
[OK ]  |  6208 | 0x00006040 | 0xf5 | 0xf5
[OK ]  |  6209 | 0x00006041 | 0x57 | 0x57
[OK ]  |  6210 | 0x00006042 | 0x00 | 0x00
[OK ]  |  6211 | 0x00006043 | 0x00 | 0x00
[OK ]  |  6212 | 0x00006044 | 0x0b | 0x0b
[OK ]  |  6213 | 0x00006045 | 0x53 | 0x53
[OK ]  |  6214 | 0x00006046 | 0x00 | 0x00
[OK ]  |  6215 | 0x00006047 | 0x00 | 0x00
[OK ]  |  6216 | 0x00006048 | 0x45 | 0x45
[OK ]  |  6217 | 0x00006049 | 0xe6 | 0xe6
[OK ]  |  6218 | 0x0000604a | 0xfe | 0xfe
[OK ]  |  6219 | 0x0000604b | 0xff | 0xff
[OK ]  |  6220 | 0x0000604c | 0x9d | 0x9d
[OK ]  |  6221 | 0x0000604d | 0x00 | 0x00
[OK ]  |  6222 | 0x0000604e | 0xff | 0xff
[OK ]  |  6223 | 0x0000604f | 0xff | 0xff
[OK ]  |  6224 | 0x00006050 | 0x08 | 0x08
[OK ]  |  6225 | 0x00006051 | 0xda | 0xda
[OK ]  |  6226 | 0x00006052 | 0x01 | 0x01
[OK ]  |  6227 | 0x00006053 | 0x00 | 0x00
[OK ]  |  6228 | 0x00006054 | 0x00 | 0x00
[OK ]  |  6229 | 0x00006055 | 0x59 | 0x59
[OK ]  |  6230 | 0x00006056 | 0x00 | 0x00
[OK ]  |  6231 | 0x00006057 | 0x00 | 0x00
[OK ]  |  6232 | 0x00006058 | 0x61 | 0x61
[OK ]  |  6233 | 0x00006059 | 0x39 | 0x39
[OK ]  |  6234 | 0x0000605a | 0x00 | 0x00
[OK ]  |  6235 | 0x0000605b | 0x00 | 0x00
[OK ]  |  6236 | 0x0000605c | 0x3c | 0x3c
[OK ]  |  6237 | 0x0000605d | 0xfd | 0xfd
[OK ]  |  6238 | 0x0000605e | 0x00 | 0x00
[OK ]  |  6239 | 0x0000605f | 0x00 | 0x00
[OK ]  |  6240 | 0x00006060 | 0x59 | 0x59
[OK ]  |  6241 | 0x00006061 | 0xb9 | 0xb9
[OK ]  |  6242 | 0x00006062 | 0x00 | 0x00
[OK ]  |  6243 | 0x00006063 | 0x00 | 0x00
[OK ]  |  6244 | 0x00006064 | 0xcb | 0xcb
[OK ]  |  6245 | 0x00006065 | 0x0a | 0x0a
[OK ]  |  6246 | 0x00006066 | 0x00 | 0x00
[OK ]  |  6247 | 0x00006067 | 0x00 | 0x00
[OK ]  |  6248 | 0x00006068 | 0x0e | 0x0e
[OK ]  |  6249 | 0x00006069 | 0xec | 0xec
[OK ]  |  6250 | 0x0000606a | 0x00 | 0x00
[OK ]  |  6251 | 0x0000606b | 0x00 | 0x00
[OK ]  |  6252 | 0x0000606c | 0x0e | 0x0e
[OK ]  |  6253 | 0x0000606d | 0x59 | 0x59
[OK ]  |  6254 | 0x0000606e | 0x00 | 0x00
[OK ]  |  6255 | 0x0000606f | 0x00 | 0x00
[OK ]  |  6256 | 0x00006070 | 0xb5 | 0xb5
[OK ]  |  6257 | 0x00006071 | 0xd5 | 0xd5
[OK ]  |  6258 | 0x00006072 | 0xff | 0xff
[OK ]  |  6259 | 0x00006073 | 0xff | 0xff
[OK ]  |  6260 | 0x00006074 | 0x36 | 0x36
[OK ]  |  6261 | 0x00006075 | 0x58 | 0x58
[OK ]  |  6262 | 0x00006076 | 0x00 | 0x00
[OK ]  |  6263 | 0x00006077 | 0x00 | 0x00
[OK ]  |  6264 | 0x00006078 | 0xe9 | 0xe9
[OK ]  |  6265 | 0x00006079 | 0x60 | 0x60
[OK ]  |  6266 | 0x0000607a | 0x00 | 0x00
[OK ]  |  6267 | 0x0000607b | 0x00 | 0x00
[OK ]  |  6268 | 0x0000607c | 0x10 | 0x10
[OK ]  |  6269 | 0x0000607d | 0x04 | 0x04
[OK ]  |  6270 | 0x0000607e | 0x00 | 0x00
[OK ]  |  6271 | 0x0000607f | 0x00 | 0x00
[OK ]  |  6272 | 0x00006080 | 0xd0 | 0xd0
[OK ]  |  6273 | 0x00006081 | 0x1f | 0x1f
[OK ]  |  6274 | 0x00006082 | 0x01 | 0x01
[OK ]  |  6275 | 0x00006083 | 0x00 | 0x00
[OK ]  |  6276 | 0x00006084 | 0xd3 | 0xd3
[OK ]  |  6277 | 0x00006085 | 0x69 | 0x69
[OK ]  |  6278 | 0x00006086 | 0xff | 0xff
[OK ]  |  6279 | 0x00006087 | 0xff | 0xff
[OK ]  |  6280 | 0x00006088 | 0xaf | 0xaf
[OK ]  |  6281 | 0x00006089 | 0x57 | 0x57
[OK ]  |  6282 | 0x0000608a | 0xff | 0xff
[OK ]  |  6283 | 0x0000608b | 0xff | 0xff
[OK ]  |  6284 | 0x0000608c | 0x41 | 0x41
[OK ]  |  6285 | 0x0000608d | 0x74 | 0x74
[OK ]  |  6286 | 0x0000608e | 0xff | 0xff
[OK ]  |  6287 | 0x0000608f | 0xff | 0xff
[OK ]  |  6288 | 0x00006090 | 0xe3 | 0xe3
[OK ]  |  6289 | 0x00006091 | 0xae | 0xae
[OK ]  |  6290 | 0x00006092 | 0x00 | 0x00
[OK ]  |  6291 | 0x00006093 | 0x00 | 0x00
[OK ]  |  6292 | 0x00006094 | 0x18 | 0x18
[OK ]  |  6293 | 0x00006095 | 0xca | 0xca
[OK ]  |  6294 | 0x00006096 | 0x00 | 0x00
[OK ]  |  6295 | 0x00006097 | 0x00 | 0x00
[OK ]  |  6296 | 0x00006098 | 0xda | 0xda
[OK ]  |  6297 | 0x00006099 | 0xe0 | 0xe0
[OK ]  |  6298 | 0x0000609a | 0xfd | 0xfd
[OK ]  |  6299 | 0x0000609b | 0xff | 0xff
[OK ]  |  6300 | 0x0000609c | 0x7f | 0x7f
[OK ]  |  6301 | 0x0000609d | 0x31 | 0x31
[OK ]  |  6302 | 0x0000609e | 0xff | 0xff
[OK ]  |  6303 | 0x0000609f | 0xff | 0xff
[OK ]  |  6304 | 0x000060a0 | 0x24 | 0x24
[OK ]  |  6305 | 0x000060a1 | 0x02 | 0x02
[OK ]  |  6306 | 0x000060a2 | 0xff | 0xff
[OK ]  |  6307 | 0x000060a3 | 0xff | 0xff
[OK ]  |  6308 | 0x000060a4 | 0xb4 | 0xb4
[OK ]  |  6309 | 0x000060a5 | 0xb5 | 0xb5
[OK ]  |  6310 | 0x000060a6 | 0xff | 0xff
[OK ]  |  6311 | 0x000060a7 | 0xff | 0xff
[OK ]  |  6312 | 0x000060a8 | 0x99 | 0x99
[OK ]  |  6313 | 0x000060a9 | 0xaa | 0xaa
[OK ]  |  6314 | 0x000060aa | 0x00 | 0x00
[OK ]  |  6315 | 0x000060ab | 0x00 | 0x00
[OK ]  |  6316 | 0x000060ac | 0xec | 0xec
[OK ]  |  6317 | 0x000060ad | 0xfe | 0xfe
[OK ]  |  6318 | 0x000060ae | 0xfe | 0xfe
[OK ]  |  6319 | 0x000060af | 0xff | 0xff
[OK ]  |  6320 | 0x000060b0 | 0x1f | 0x1f
[OK ]  |  6321 | 0x000060b1 | 0xdc | 0xdc
[OK ]  |  6322 | 0x000060b2 | 0xff | 0xff
[OK ]  |  6323 | 0x000060b3 | 0xff | 0xff
[OK ]  |  6324 | 0x000060b4 | 0x9b | 0x9b
[OK ]  |  6325 | 0x000060b5 | 0x38 | 0x38
[OK ]  |  6326 | 0x000060b6 | 0xff | 0xff
[OK ]  |  6327 | 0x000060b7 | 0xff | 0xff
[OK ]  |  6328 | 0x000060b8 | 0x04 | 0x04
[OK ]  |  6329 | 0x000060b9 | 0xd1 | 0xd1
[OK ]  |  6330 | 0x000060ba | 0xff | 0xff
[OK ]  |  6331 | 0x000060bb | 0xff | 0xff
[OK ]  |  6332 | 0x000060bc | 0x9a | 0x9a
[OK ]  |  6333 | 0x000060bd | 0xc3 | 0xc3
[OK ]  |  6334 | 0x000060be | 0x00 | 0x00
[OK ]  |  6335 | 0x000060bf | 0x00 | 0x00
[OK ]  |  6336 | 0x000060c0 | 0x6b | 0x6b
[OK ]  |  6337 | 0x000060c1 | 0x6c | 0x6c
[OK ]  |  6338 | 0x000060c2 | 0xff | 0xff
[OK ]  |  6339 | 0x000060c3 | 0xff | 0xff
[OK ]  |  6340 | 0x000060c4 | 0x5f | 0x5f
[OK ]  |  6341 | 0x000060c5 | 0xde | 0xde
[OK ]  |  6342 | 0x000060c6 | 0xfe | 0xfe
[OK ]  |  6343 | 0x000060c7 | 0xff | 0xff
[OK ]  |  6344 | 0x000060c8 | 0x83 | 0x83
[OK ]  |  6345 | 0x000060c9 | 0x2e | 0x2e
[OK ]  |  6346 | 0x000060ca | 0x01 | 0x01
[OK ]  |  6347 | 0x000060cb | 0x00 | 0x00
[OK ]  |  6348 | 0x000060cc | 0x68 | 0x68
[OK ]  |  6349 | 0x000060cd | 0xe2 | 0xe2
[OK ]  |  6350 | 0x000060ce | 0xfd | 0xfd
[OK ]  |  6351 | 0x000060cf | 0xff | 0xff
[OK ]  |  6352 | 0x000060d0 | 0x33 | 0x33
[OK ]  |  6353 | 0x000060d1 | 0xc3 | 0xc3
[OK ]  |  6354 | 0x000060d2 | 0x00 | 0x00
[OK ]  |  6355 | 0x000060d3 | 0x00 | 0x00
[OK ]  |  6356 | 0x000060d4 | 0xaa | 0xaa
[OK ]  |  6357 | 0x000060d5 | 0x0b | 0x0b
[OK ]  |  6358 | 0x000060d6 | 0xff | 0xff
[OK ]  |  6359 | 0x000060d7 | 0xff | 0xff
[OK ]  |  6360 | 0x000060d8 | 0x06 | 0x06
[OK ]  |  6361 | 0x000060d9 | 0x6b | 0x6b
[OK ]  |  6362 | 0x000060da | 0x01 | 0x01
[OK ]  |  6363 | 0x000060db | 0x00 | 0x00
[OK ]  |  6364 | 0x000060dc | 0x61 | 0x61
[OK ]  |  6365 | 0x000060dd | 0x32 | 0x32
[OK ]  |  6366 | 0x000060de | 0x00 | 0x00
[OK ]  |  6367 | 0x000060df | 0x00 | 0x00
[OK ]  |  6368 | 0x000060e0 | 0x6e | 0x6e
[OK ]  |  6369 | 0x000060e1 | 0xe8 | 0xe8
[OK ]  |  6370 | 0x000060e2 | 0xff | 0xff
[OK ]  |  6371 | 0x000060e3 | 0xff | 0xff
[OK ]  |  6372 | 0x000060e4 | 0xbe | 0xbe
[OK ]  |  6373 | 0x000060e5 | 0x7f | 0x7f
[OK ]  |  6374 | 0x000060e6 | 0x00 | 0x00
[OK ]  |  6375 | 0x000060e7 | 0x00 | 0x00
[OK ]  |  6376 | 0x000060e8 | 0x0c | 0x0c
[OK ]  |  6377 | 0x000060e9 | 0xf4 | 0xf4
[OK ]  |  6378 | 0x000060ea | 0x00 | 0x00
[OK ]  |  6379 | 0x000060eb | 0x00 | 0x00
[OK ]  |  6380 | 0x000060ec | 0xd3 | 0xd3
[OK ]  |  6381 | 0x000060ed | 0x66 | 0x66
[OK ]  |  6382 | 0x000060ee | 0x00 | 0x00
[OK ]  |  6383 | 0x000060ef | 0x00 | 0x00
[OK ]  |  6384 | 0x000060f0 | 0x0c | 0x0c
[OK ]  |  6385 | 0x000060f1 | 0x75 | 0x75
[OK ]  |  6386 | 0x000060f2 | 0x01 | 0x01
[OK ]  |  6387 | 0x000060f3 | 0x00 | 0x00
[OK ]  |  6388 | 0x000060f4 | 0xa2 | 0xa2
[OK ]  |  6389 | 0x000060f5 | 0xde | 0xde
[OK ]  |  6390 | 0x000060f6 | 0xff | 0xff
[OK ]  |  6391 | 0x000060f7 | 0xff | 0xff
[OK ]  |  6392 | 0x000060f8 | 0x34 | 0x34
[OK ]  |  6393 | 0x000060f9 | 0x27 | 0x27
[OK ]  |  6394 | 0x000060fa | 0xff | 0xff
[OK ]  |  6395 | 0x000060fb | 0xff | 0xff
[OK ]  |  6396 | 0x000060fc | 0x64 | 0x64
[OK ]  |  6397 | 0x000060fd | 0x96 | 0x96
[OK ]  |  6398 | 0x000060fe | 0x00 | 0x00
[OK ]  |  6399 | 0x000060ff | 0x00 | 0x00
[OK ]  |  6400 | 0x00006100 | 0xba | 0xba
[OK ]  |  6401 | 0x00006101 | 0x0a | 0x0a
[OK ]  |  6402 | 0x00006102 | 0x01 | 0x01
[OK ]  |  6403 | 0x00006103 | 0x00 | 0x00
[OK ]  |  6404 | 0x00006104 | 0xa6 | 0xa6
[OK ]  |  6405 | 0x00006105 | 0x85 | 0x85
[OK ]  |  6406 | 0x00006106 | 0xff | 0xff
[OK ]  |  6407 | 0x00006107 | 0xff | 0xff
[OK ]  |  6408 | 0x00006108 | 0x52 | 0x52
[OK ]  |  6409 | 0x00006109 | 0x6a | 0x6a
[OK ]  |  6410 | 0x0000610a | 0xff | 0xff
[OK ]  |  6411 | 0x0000610b | 0xff | 0xff
[OK ]  |  6412 | 0x0000610c | 0x27 | 0x27
[OK ]  |  6413 | 0x0000610d | 0x8d | 0x8d
[OK ]  |  6414 | 0x0000610e | 0xfd | 0xfd
[OK ]  |  6415 | 0x0000610f | 0xff | 0xff
[OK ]  |  6416 | 0x00006110 | 0xe4 | 0xe4
[OK ]  |  6417 | 0x00006111 | 0x9d | 0x9d
[OK ]  |  6418 | 0x00006112 | 0x00 | 0x00
[OK ]  |  6419 | 0x00006113 | 0x00 | 0x00
[OK ]  |  6420 | 0x00006114 | 0xc1 | 0xc1
[OK ]  |  6421 | 0x00006115 | 0xdd | 0xdd
[OK ]  |  6422 | 0x00006116 | 0x00 | 0x00
[OK ]  |  6423 | 0x00006117 | 0x00 | 0x00
[OK ]  |  6424 | 0x00006118 | 0x04 | 0x04
[OK ]  |  6425 | 0x00006119 | 0xe8 | 0xe8
[OK ]  |  6426 | 0x0000611a | 0xff | 0xff
[OK ]  |  6427 | 0x0000611b | 0xff | 0xff
[OK ]  |  6428 | 0x0000611c | 0xd6 | 0xd6
[OK ]  |  6429 | 0x0000611d | 0xad | 0xad
[OK ]  |  6430 | 0x0000611e | 0xff | 0xff
[OK ]  |  6431 | 0x0000611f | 0xff | 0xff
[OK ]  |  6432 | 0x00006120 | 0xe0 | 0xe0
[OK ]  |  6433 | 0x00006121 | 0x50 | 0x50
[OK ]  |  6434 | 0x00006122 | 0xfc | 0xfc
[OK ]  |  6435 | 0x00006123 | 0xff | 0xff
[OK ]  |  6436 | 0x00006124 | 0xee | 0xee
[OK ]  |  6437 | 0x00006125 | 0x61 | 0x61
[OK ]  |  6438 | 0x00006126 | 0xff | 0xff
[OK ]  |  6439 | 0x00006127 | 0xff | 0xff
[OK ]  |  6440 | 0x00006128 | 0x1d | 0x1d
[OK ]  |  6441 | 0x00006129 | 0x87 | 0x87
[OK ]  |  6442 | 0x0000612a | 0xff | 0xff
[OK ]  |  6443 | 0x0000612b | 0xff | 0xff
[OK ]  |  6444 | 0x0000612c | 0x34 | 0x34
[OK ]  |  6445 | 0x0000612d | 0x27 | 0x27
[OK ]  |  6446 | 0x0000612e | 0x00 | 0x00
[OK ]  |  6447 | 0x0000612f | 0x00 | 0x00
[OK ]  |  6448 | 0x00006130 | 0x0d | 0x0d
[OK ]  |  6449 | 0x00006131 | 0x6e | 0x6e
[OK ]  |  6450 | 0x00006132 | 0x00 | 0x00
[OK ]  |  6451 | 0x00006133 | 0x00 | 0x00
[OK ]  |  6452 | 0x00006134 | 0xda | 0xda
[OK ]  |  6453 | 0x00006135 | 0xe2 | 0xe2
[OK ]  |  6454 | 0x00006136 | 0xfe | 0xfe
[OK ]  |  6455 | 0x00006137 | 0xff | 0xff
[OK ]  |  6456 | 0x00006138 | 0x2d | 0x2d
[OK ]  |  6457 | 0x00006139 | 0x74 | 0x74
[OK ]  |  6458 | 0x0000613a | 0x00 | 0x00
[OK ]  |  6459 | 0x0000613b | 0x00 | 0x00
[OK ]  |  6460 | 0x0000613c | 0x2f | 0x2f
[OK ]  |  6461 | 0x0000613d | 0x06 | 0x06
[OK ]  |  6462 | 0x0000613e | 0x00 | 0x00
[OK ]  |  6463 | 0x0000613f | 0x00 | 0x00
[OK ]  |  6464 | 0x00006140 | 0x1e | 0x1e
[OK ]  |  6465 | 0x00006141 | 0x70 | 0x70
[OK ]  |  6466 | 0x00006142 | 0x00 | 0x00
[OK ]  |  6467 | 0x00006143 | 0x00 | 0x00
[OK ]  |  6468 | 0x00006144 | 0xeb | 0xeb
[OK ]  |  6469 | 0x00006145 | 0x0a | 0x0a
[OK ]  |  6470 | 0x00006146 | 0x00 | 0x00
[OK ]  |  6471 | 0x00006147 | 0x00 | 0x00
[OK ]  |  6472 | 0x00006148 | 0x4f | 0x4f
[OK ]  |  6473 | 0x00006149 | 0x31 | 0x31
[OK ]  |  6474 | 0x0000614a | 0xfe | 0xfe
[OK ]  |  6475 | 0x0000614b | 0xff | 0xff
[OK ]  |  6476 | 0x0000614c | 0x73 | 0x73
[OK ]  |  6477 | 0x0000614d | 0xb2 | 0xb2
[OK ]  |  6478 | 0x0000614e | 0xff | 0xff
[OK ]  |  6479 | 0x0000614f | 0xff | 0xff
[OK ]  |  6480 | 0x00006150 | 0x40 | 0x40
[OK ]  |  6481 | 0x00006151 | 0x29 | 0x29
[OK ]  |  6482 | 0x00006152 | 0x00 | 0x00
[OK ]  |  6483 | 0x00006153 | 0x00 | 0x00
[OK ]  |  6484 | 0x00006154 | 0x52 | 0x52
[OK ]  |  6485 | 0x00006155 | 0x87 | 0x87
[OK ]  |  6486 | 0x00006156 | 0xff | 0xff
[OK ]  |  6487 | 0x00006157 | 0xff | 0xff
[OK ]  |  6488 | 0x00006158 | 0x5d | 0x5d
[OK ]  |  6489 | 0x00006159 | 0x68 | 0x68
[OK ]  |  6490 | 0x0000615a | 0xfe | 0xfe
[OK ]  |  6491 | 0x0000615b | 0xff | 0xff
[OK ]  |  6492 | 0x0000615c | 0x25 | 0x25
[OK ]  |  6493 | 0x0000615d | 0x79 | 0x79
[OK ]  |  6494 | 0x0000615e | 0xff | 0xff
[OK ]  |  6495 | 0x0000615f | 0xff | 0xff
[OK ]  |  6496 | 0x00006160 | 0x73 | 0x73
[OK ]  |  6497 | 0x00006161 | 0x23 | 0x23
[OK ]  |  6498 | 0x00006162 | 0x01 | 0x01
[OK ]  |  6499 | 0x00006163 | 0x00 | 0x00
[OK ]  |  6500 | 0x00006164 | 0xc6 | 0xc6
[OK ]  |  6501 | 0x00006165 | 0x6e | 0x6e
[OK ]  |  6502 | 0x00006166 | 0xff | 0xff
[OK ]  |  6503 | 0x00006167 | 0xff | 0xff
[OK ]  |  6504 | 0x00006168 | 0x94 | 0x94
[OK ]  |  6505 | 0x00006169 | 0x9e | 0x9e
[OK ]  |  6506 | 0x0000616a | 0xff | 0xff
[OK ]  |  6507 | 0x0000616b | 0xff | 0xff
[OK ]  |  6508 | 0x0000616c | 0x4b | 0x4b
[OK ]  |  6509 | 0x0000616d | 0xd8 | 0xd8
[OK ]  |  6510 | 0x0000616e | 0xff | 0xff
[OK ]  |  6511 | 0x0000616f | 0xff | 0xff
[OK ]  |  6512 | 0x00006170 | 0x79 | 0x79
[OK ]  |  6513 | 0x00006171 | 0x44 | 0x44
[OK ]  |  6514 | 0x00006172 | 0x00 | 0x00
[OK ]  |  6515 | 0x00006173 | 0x00 | 0x00
[OK ]  |  6516 | 0x00006174 | 0x23 | 0x23
[OK ]  |  6517 | 0x00006175 | 0x65 | 0x65
[OK ]  |  6518 | 0x00006176 | 0x00 | 0x00
[OK ]  |  6519 | 0x00006177 | 0x00 | 0x00
[OK ]  |  6520 | 0x00006178 | 0x4b | 0x4b
[OK ]  |  6521 | 0x00006179 | 0xe3 | 0xe3
[OK ]  |  6522 | 0x0000617a | 0xfe | 0xfe
[OK ]  |  6523 | 0x0000617b | 0xff | 0xff
[OK ]  |  6524 | 0x0000617c | 0x56 | 0x56
[OK ]  |  6525 | 0x0000617d | 0x51 | 0x51
[OK ]  |  6526 | 0x0000617e | 0xfe | 0xfe
[OK ]  |  6527 | 0x0000617f | 0xff | 0xff
[OK ]  |  6528 | 0x00006180 | 0x6e | 0x6e
[OK ]  |  6529 | 0x00006181 | 0xb9 | 0xb9
[OK ]  |  6530 | 0x00006182 | 0xff | 0xff
[OK ]  |  6531 | 0x00006183 | 0xff | 0xff
[OK ]  |  6532 | 0x00006184 | 0x70 | 0x70
[OK ]  |  6533 | 0x00006185 | 0x3e | 0x3e
[OK ]  |  6534 | 0x00006186 | 0x01 | 0x01
[OK ]  |  6535 | 0x00006187 | 0x00 | 0x00
[OK ]  |  6536 | 0x00006188 | 0x8c | 0x8c
[OK ]  |  6537 | 0x00006189 | 0x19 | 0x19
[OK ]  |  6538 | 0x0000618a | 0xff | 0xff
[OK ]  |  6539 | 0x0000618b | 0xff | 0xff
[OK ]  |  6540 | 0x0000618c | 0x60 | 0x60
[OK ]  |  6541 | 0x0000618d | 0xbf | 0xbf
[OK ]  |  6542 | 0x0000618e | 0x01 | 0x01
[OK ]  |  6543 | 0x0000618f | 0x00 | 0x00
[OK ]  |  6544 | 0x00006190 | 0xe8 | 0xe8
[OK ]  |  6545 | 0x00006191 | 0x3d | 0x3d
[OK ]  |  6546 | 0x00006192 | 0x00 | 0x00
[OK ]  |  6547 | 0x00006193 | 0x00 | 0x00
[OK ]  |  6548 | 0x00006194 | 0x81 | 0x81
[OK ]  |  6549 | 0x00006195 | 0x13 | 0x13
[OK ]  |  6550 | 0x00006196 | 0xff | 0xff
[OK ]  |  6551 | 0x00006197 | 0xff | 0xff
[OK ]  |  6552 | 0x00006198 | 0x3b | 0x3b
[OK ]  |  6553 | 0x00006199 | 0x77 | 0x77
[OK ]  |  6554 | 0x0000619a | 0xfe | 0xfe
[OK ]  |  6555 | 0x0000619b | 0xff | 0xff
[OK ]  |  6556 | 0x0000619c | 0x1a | 0x1a
[OK ]  |  6557 | 0x0000619d | 0xe8 | 0xe8
[OK ]  |  6558 | 0x0000619e | 0xff | 0xff
[OK ]  |  6559 | 0x0000619f | 0xff | 0xff
[OK ]  |  6560 | 0x000061a0 | 0x22 | 0x22
[OK ]  |  6561 | 0x000061a1 | 0xe3 | 0xe3
[OK ]  |  6562 | 0x000061a2 | 0xff | 0xff
[OK ]  |  6563 | 0x000061a3 | 0xff | 0xff
[OK ]  |  6564 | 0x000061a4 | 0xb2 | 0xb2
[OK ]  |  6565 | 0x000061a5 | 0x3b | 0x3b
[OK ]  |  6566 | 0x000061a6 | 0xff | 0xff
[OK ]  |  6567 | 0x000061a7 | 0xff | 0xff
[OK ]  |  6568 | 0x000061a8 | 0x16 | 0x16
[OK ]  |  6569 | 0x000061a9 | 0xe1 | 0xe1
[OK ]  |  6570 | 0x000061aa | 0xff | 0xff
[OK ]  |  6571 | 0x000061ab | 0xff | 0xff
[OK ]  |  6572 | 0x000061ac | 0x3c | 0x3c
[OK ]  |  6573 | 0x000061ad | 0x70 | 0x70
[OK ]  |  6574 | 0x000061ae | 0x00 | 0x00
[OK ]  |  6575 | 0x000061af | 0x00 | 0x00
[OK ]  |  6576 | 0x000061b0 | 0x62 | 0x62
[OK ]  |  6577 | 0x000061b1 | 0x0d | 0x0d
[OK ]  |  6578 | 0x000061b2 | 0x00 | 0x00
[OK ]  |  6579 | 0x000061b3 | 0x00 | 0x00
[OK ]  |  6580 | 0x000061b4 | 0x58 | 0x58
[OK ]  |  6581 | 0x000061b5 | 0xeb | 0xeb
[OK ]  |  6582 | 0x000061b6 | 0xfe | 0xfe
[OK ]  |  6583 | 0x000061b7 | 0xff | 0xff
[OK ]  |  6584 | 0x000061b8 | 0xe0 | 0xe0
[OK ]  |  6585 | 0x000061b9 | 0xfa | 0xfa
[OK ]  |  6586 | 0x000061ba | 0x00 | 0x00
[OK ]  |  6587 | 0x000061bb | 0x00 | 0x00
[OK ]  |  6588 | 0x000061bc | 0x93 | 0x93
[OK ]  |  6589 | 0x000061bd | 0x11 | 0x11
[OK ]  |  6590 | 0x000061be | 0xff | 0xff
[OK ]  |  6591 | 0x000061bf | 0xff | 0xff
[OK ]  |  6592 | 0x000061c0 | 0xe2 | 0xe2
[OK ]  |  6593 | 0x000061c1 | 0x99 | 0x99
[OK ]  |  6594 | 0x000061c2 | 0x00 | 0x00
[OK ]  |  6595 | 0x000061c3 | 0x00 | 0x00
[OK ]  |  6596 | 0x000061c4 | 0x7b | 0x7b
[OK ]  |  6597 | 0x000061c5 | 0x49 | 0x49
[OK ]  |  6598 | 0x000061c6 | 0x01 | 0x01
[OK ]  |  6599 | 0x000061c7 | 0x00 | 0x00
[OK ]  |  6600 | 0x000061c8 | 0x92 | 0x92
[OK ]  |  6601 | 0x000061c9 | 0xf9 | 0xf9
[OK ]  |  6602 | 0x000061ca | 0xff | 0xff
[OK ]  |  6603 | 0x000061cb | 0xff | 0xff
[OK ]  |  6604 | 0x000061cc | 0xee | 0xee
[OK ]  |  6605 | 0x000061cd | 0x93 | 0x93
[OK ]  |  6606 | 0x000061ce | 0xff | 0xff
[OK ]  |  6607 | 0x000061cf | 0xff | 0xff
[OK ]  |  6608 | 0x000061d0 | 0x4b | 0x4b
[OK ]  |  6609 | 0x000061d1 | 0xf5 | 0xf5
[OK ]  |  6610 | 0x000061d2 | 0xff | 0xff
[OK ]  |  6611 | 0x000061d3 | 0xff | 0xff
[OK ]  |  6612 | 0x000061d4 | 0x98 | 0x98
[OK ]  |  6613 | 0x000061d5 | 0x0e | 0x0e
[OK ]  |  6614 | 0x000061d6 | 0x00 | 0x00
[OK ]  |  6615 | 0x000061d7 | 0x00 | 0x00
[OK ]  |  6616 | 0x000061d8 | 0xd2 | 0xd2
[OK ]  |  6617 | 0x000061d9 | 0x5c | 0x5c
[OK ]  |  6618 | 0x000061da | 0x00 | 0x00
[OK ]  |  6619 | 0x000061db | 0x00 | 0x00
[OK ]  |  6620 | 0x000061dc | 0xd4 | 0xd4
[OK ]  |  6621 | 0x000061dd | 0x27 | 0x27
[OK ]  |  6622 | 0x000061de | 0xff | 0xff
[OK ]  |  6623 | 0x000061df | 0xff | 0xff
[OK ]  |  6624 | 0x000061e0 | 0x3e | 0x3e
[OK ]  |  6625 | 0x000061e1 | 0x9c | 0x9c
[OK ]  |  6626 | 0x000061e2 | 0xff | 0xff
[OK ]  |  6627 | 0x000061e3 | 0xff | 0xff
[OK ]  |  6628 | 0x000061e4 | 0x73 | 0x73
[OK ]  |  6629 | 0x000061e5 | 0x9f | 0x9f
[OK ]  |  6630 | 0x000061e6 | 0xff | 0xff
[OK ]  |  6631 | 0x000061e7 | 0xff | 0xff
[OK ]  |  6632 | 0x000061e8 | 0xa7 | 0xa7
[OK ]  |  6633 | 0x000061e9 | 0x6e | 0x6e
[OK ]  |  6634 | 0x000061ea | 0xfe | 0xfe
[OK ]  |  6635 | 0x000061eb | 0xff | 0xff
[OK ]  |  6636 | 0x000061ec | 0xf1 | 0xf1
[OK ]  |  6637 | 0x000061ed | 0xa8 | 0xa8
[OK ]  |  6638 | 0x000061ee | 0x00 | 0x00
[OK ]  |  6639 | 0x000061ef | 0x00 | 0x00
[OK ]  |  6640 | 0x000061f0 | 0x42 | 0x42
[OK ]  |  6641 | 0x000061f1 | 0xdc | 0xdc
[OK ]  |  6642 | 0x000061f2 | 0xff | 0xff
[OK ]  |  6643 | 0x000061f3 | 0xff | 0xff
[OK ]  |  6644 | 0x000061f4 | 0x9c | 0x9c
[OK ]  |  6645 | 0x000061f5 | 0x39 | 0x39
[OK ]  |  6646 | 0x000061f6 | 0xff | 0xff
[OK ]  |  6647 | 0x000061f7 | 0xff | 0xff
[OK ]  |  6648 | 0x000061f8 | 0x67 | 0x67
[OK ]  |  6649 | 0x000061f9 | 0xae | 0xae
[OK ]  |  6650 | 0x000061fa | 0x00 | 0x00
[OK ]  |  6651 | 0x000061fb | 0x00 | 0x00
[OK ]  |  6652 | 0x000061fc | 0x89 | 0x89
[OK ]  |  6653 | 0x000061fd | 0x61 | 0x61
[OK ]  |  6654 | 0x000061fe | 0x00 | 0x00
[OK ]  |  6655 | 0x000061ff | 0x00 | 0x00
[OK ]  |  6656 | 0x00006200 | 0xa4 | 0xa4
[OK ]  |  6657 | 0x00006201 | 0x08 | 0x08
[OK ]  |  6658 | 0x00006202 | 0x01 | 0x01
[OK ]  |  6659 | 0x00006203 | 0x00 | 0x00
[OK ]  |  6660 | 0x00006204 | 0xb9 | 0xb9
[OK ]  |  6661 | 0x00006205 | 0x1d | 0x1d
[OK ]  |  6662 | 0x00006206 | 0x00 | 0x00
[OK ]  |  6663 | 0x00006207 | 0x00 | 0x00
[OK ]  |  6664 | 0x00006208 | 0xd9 | 0xd9
[OK ]  |  6665 | 0x00006209 | 0x76 | 0x76
[OK ]  |  6666 | 0x0000620a | 0xff | 0xff
[OK ]  |  6667 | 0x0000620b | 0xff | 0xff
[OK ]  |  6668 | 0x0000620c | 0xb5 | 0xb5
[OK ]  |  6669 | 0x0000620d | 0x74 | 0x74
[OK ]  |  6670 | 0x0000620e | 0x00 | 0x00
[OK ]  |  6671 | 0x0000620f | 0x00 | 0x00
[OK ]  |  6672 | 0x00006210 | 0x5f | 0x5f
[OK ]  |  6673 | 0x00006211 | 0x15 | 0x15
[OK ]  |  6674 | 0x00006212 | 0x00 | 0x00
[OK ]  |  6675 | 0x00006213 | 0x00 | 0x00
[OK ]  |  6676 | 0x00006214 | 0x36 | 0x36
[OK ]  |  6677 | 0x00006215 | 0x14 | 0x14
[OK ]  |  6678 | 0x00006216 | 0xff | 0xff
[OK ]  |  6679 | 0x00006217 | 0xff | 0xff
[OK ]  |  6680 | 0x00006218 | 0xbb | 0xbb
[OK ]  |  6681 | 0x00006219 | 0x63 | 0x63
[OK ]  |  6682 | 0x0000621a | 0x01 | 0x01
[OK ]  |  6683 | 0x0000621b | 0x00 | 0x00
[OK ]  |  6684 | 0x0000621c | 0x45 | 0x45
[OK ]  |  6685 | 0x0000621d | 0xac | 0xac
[OK ]  |  6686 | 0x0000621e | 0xff | 0xff
[OK ]  |  6687 | 0x0000621f | 0xff | 0xff
[OK ]  |  6688 | 0x00006220 | 0xee | 0xee
[OK ]  |  6689 | 0x00006221 | 0x8a | 0x8a
[OK ]  |  6690 | 0x00006222 | 0x00 | 0x00
[OK ]  |  6691 | 0x00006223 | 0x00 | 0x00
[OK ]  |  6692 | 0x00006224 | 0x32 | 0x32
[OK ]  |  6693 | 0x00006225 | 0xaa | 0xaa
[OK ]  |  6694 | 0x00006226 | 0x01 | 0x01
[OK ]  |  6695 | 0x00006227 | 0x00 | 0x00
[OK ]  |  6696 | 0x00006228 | 0xb6 | 0xb6
[OK ]  |  6697 | 0x00006229 | 0x8c | 0x8c
[OK ]  |  6698 | 0x0000622a | 0xff | 0xff
[OK ]  |  6699 | 0x0000622b | 0xff | 0xff
[OK ]  |  6700 | 0x0000622c | 0xd9 | 0xd9
[OK ]  |  6701 | 0x0000622d | 0xcc | 0xcc
[OK ]  |  6702 | 0x0000622e | 0x00 | 0x00
[OK ]  |  6703 | 0x0000622f | 0x00 | 0x00
[OK ]  |  6704 | 0x00006230 | 0x41 | 0x41
[OK ]  |  6705 | 0x00006231 | 0x7c | 0x7c
[OK ]  |  6706 | 0x00006232 | 0x00 | 0x00
[OK ]  |  6707 | 0x00006233 | 0x00 | 0x00
[OK ]  |  6708 | 0x00006234 | 0x1b | 0x1b
[OK ]  |  6709 | 0x00006235 | 0x8a | 0x8a
[OK ]  |  6710 | 0x00006236 | 0x00 | 0x00
[OK ]  |  6711 | 0x00006237 | 0x00 | 0x00
[OK ]  |  6712 | 0x00006238 | 0x8e | 0x8e
[OK ]  |  6713 | 0x00006239 | 0xa9 | 0xa9
[OK ]  |  6714 | 0x0000623a | 0xfe | 0xfe
[OK ]  |  6715 | 0x0000623b | 0xff | 0xff
[OK ]  |  6716 | 0x0000623c | 0x64 | 0x64
[OK ]  |  6717 | 0x0000623d | 0x02 | 0x02
[OK ]  |  6718 | 0x0000623e | 0x00 | 0x00
[OK ]  |  6719 | 0x0000623f | 0x00 | 0x00
[OK ]  |  6720 | 0x00006240 | 0x26 | 0x26
[OK ]  |  6721 | 0x00006241 | 0x24 | 0x24
[OK ]  |  6722 | 0x00006242 | 0x00 | 0x00
[OK ]  |  6723 | 0x00006243 | 0x00 | 0x00
[OK ]  |  6724 | 0x00006244 | 0x22 | 0x22
[OK ]  |  6725 | 0x00006245 | 0x45 | 0x45
[OK ]  |  6726 | 0x00006246 | 0x01 | 0x01
[OK ]  |  6727 | 0x00006247 | 0x00 | 0x00
[OK ]  |  6728 | 0x00006248 | 0x54 | 0x54
[OK ]  |  6729 | 0x00006249 | 0x13 | 0x13
[OK ]  |  6730 | 0x0000624a | 0xff | 0xff
[OK ]  |  6731 | 0x0000624b | 0xff | 0xff
[OK ]  |  6732 | 0x0000624c | 0x56 | 0x56
[OK ]  |  6733 | 0x0000624d | 0x09 | 0x09
[OK ]  |  6734 | 0x0000624e | 0xfe | 0xfe
[OK ]  |  6735 | 0x0000624f | 0xff | 0xff
[OK ]  |  6736 | 0x00006250 | 0x6e | 0x6e
[OK ]  |  6737 | 0x00006251 | 0x7c | 0x7c
[OK ]  |  6738 | 0x00006252 | 0xfd | 0xfd
[OK ]  |  6739 | 0x00006253 | 0xff | 0xff
[OK ]  |  6740 | 0x00006254 | 0xcb | 0xcb
[OK ]  |  6741 | 0x00006255 | 0xd4 | 0xd4
[OK ]  |  6742 | 0x00006256 | 0xfe | 0xfe
[OK ]  |  6743 | 0x00006257 | 0xff | 0xff
[OK ]  |  6744 | 0x00006258 | 0xcd | 0xcd
[OK ]  |  6745 | 0x00006259 | 0x90 | 0x90
[OK ]  |  6746 | 0x0000625a | 0x00 | 0x00
[OK ]  |  6747 | 0x0000625b | 0x00 | 0x00
[OK ]  |  6748 | 0x0000625c | 0x6d | 0x6d
[OK ]  |  6749 | 0x0000625d | 0x17 | 0x17
[OK ]  |  6750 | 0x0000625e | 0x00 | 0x00
[OK ]  |  6751 | 0x0000625f | 0x00 | 0x00
[OK ]  |  6752 | 0x00006260 | 0x27 | 0x27
[OK ]  |  6753 | 0x00006261 | 0xfa | 0xfa
[OK ]  |  6754 | 0x00006262 | 0xff | 0xff
[OK ]  |  6755 | 0x00006263 | 0xff | 0xff
[OK ]  |  6756 | 0x00006264 | 0x3d | 0x3d
[OK ]  |  6757 | 0x00006265 | 0x2e | 0x2e
[OK ]  |  6758 | 0x00006266 | 0x00 | 0x00
[OK ]  |  6759 | 0x00006267 | 0x00 | 0x00
[OK ]  |  6760 | 0x00006268 | 0xa1 | 0xa1
[OK ]  |  6761 | 0x00006269 | 0xaa | 0xaa
[OK ]  |  6762 | 0x0000626a | 0x01 | 0x01
[OK ]  |  6763 | 0x0000626b | 0x00 | 0x00
[OK ]  |  6764 | 0x0000626c | 0xf3 | 0xf3
[OK ]  |  6765 | 0x0000626d | 0x65 | 0x65
[OK ]  |  6766 | 0x0000626e | 0xfe | 0xfe
[OK ]  |  6767 | 0x0000626f | 0xff | 0xff
[OK ]  |  6768 | 0x00006270 | 0x07 | 0x07
[OK ]  |  6769 | 0x00006271 | 0xfe | 0xfe
[OK ]  |  6770 | 0x00006272 | 0xff | 0xff
[OK ]  |  6771 | 0x00006273 | 0xff | 0xff
[OK ]  |  6772 | 0x00006274 | 0x77 | 0x77
[OK ]  |  6773 | 0x00006275 | 0x52 | 0x52
[OK ]  |  6774 | 0x00006276 | 0x00 | 0x00
[OK ]  |  6775 | 0x00006277 | 0x00 | 0x00
[OK ]  |  6776 | 0x00006278 | 0x61 | 0x61
[OK ]  |  6777 | 0x00006279 | 0x74 | 0x74
[OK ]  |  6778 | 0x0000627a | 0x00 | 0x00
[OK ]  |  6779 | 0x0000627b | 0x00 | 0x00
[OK ]  |  6780 | 0x0000627c | 0x22 | 0x22
[OK ]  |  6781 | 0x0000627d | 0x1e | 0x1e
[OK ]  |  6782 | 0x0000627e | 0xff | 0xff
[OK ]  |  6783 | 0x0000627f | 0xff | 0xff
[OK ]  |  6784 | 0x00006280 | 0x86 | 0x86
[OK ]  |  6785 | 0x00006281 | 0x6c | 0x6c
[OK ]  |  6786 | 0x00006282 | 0xff | 0xff
[OK ]  |  6787 | 0x00006283 | 0xff | 0xff
[OK ]  |  6788 | 0x00006284 | 0x7e | 0x7e
[OK ]  |  6789 | 0x00006285 | 0x88 | 0x88
[OK ]  |  6790 | 0x00006286 | 0xff | 0xff
[OK ]  |  6791 | 0x00006287 | 0xff | 0xff
[OK ]  |  6792 | 0x00006288 | 0xee | 0xee
[OK ]  |  6793 | 0x00006289 | 0xd9 | 0xd9
[OK ]  |  6794 | 0x0000628a | 0x00 | 0x00
[OK ]  |  6795 | 0x0000628b | 0x00 | 0x00
[OK ]  |  6796 | 0x0000628c | 0xd7 | 0xd7
[OK ]  |  6797 | 0x0000628d | 0x85 | 0x85
[OK ]  |  6798 | 0x0000628e | 0xff | 0xff
[OK ]  |  6799 | 0x0000628f | 0xff | 0xff
[OK ]  |  6800 | 0x00006290 | 0xd1 | 0xd1
[OK ]  |  6801 | 0x00006291 | 0x00 | 0x00
[OK ]  |  6802 | 0x00006292 | 0x00 | 0x00
[OK ]  |  6803 | 0x00006293 | 0x00 | 0x00
[OK ]  |  6804 | 0x00006294 | 0x9a | 0x9a
[OK ]  |  6805 | 0x00006295 | 0xce | 0xce
[OK ]  |  6806 | 0x00006296 | 0xfd | 0xfd
[OK ]  |  6807 | 0x00006297 | 0xff | 0xff
[OK ]  |  6808 | 0x00006298 | 0xaf | 0xaf
[OK ]  |  6809 | 0x00006299 | 0x2c | 0x2c
[OK ]  |  6810 | 0x0000629a | 0xff | 0xff
[OK ]  |  6811 | 0x0000629b | 0xff | 0xff
[OK ]  |  6812 | 0x0000629c | 0x67 | 0x67
[OK ]  |  6813 | 0x0000629d | 0xb6 | 0xb6
[OK ]  |  6814 | 0x0000629e | 0x00 | 0x00
[OK ]  |  6815 | 0x0000629f | 0x00 | 0x00
[OK ]  |  6816 | 0x000062a0 | 0x82 | 0x82
[OK ]  |  6817 | 0x000062a1 | 0x03 | 0x03
[OK ]  |  6818 | 0x000062a2 | 0x00 | 0x00
[OK ]  |  6819 | 0x000062a3 | 0x00 | 0x00
[OK ]  |  6820 | 0x000062a4 | 0xfc | 0xfc
[OK ]  |  6821 | 0x000062a5 | 0xa0 | 0xa0
[OK ]  |  6822 | 0x000062a6 | 0x02 | 0x02
[OK ]  |  6823 | 0x000062a7 | 0x00 | 0x00
[OK ]  |  6824 | 0x000062a8 | 0x05 | 0x05
[OK ]  |  6825 | 0x000062a9 | 0x8b | 0x8b
[OK ]  |  6826 | 0x000062aa | 0xfe | 0xfe
[OK ]  |  6827 | 0x000062ab | 0xff | 0xff
[OK ]  |  6828 | 0x000062ac | 0x2f | 0x2f
[OK ]  |  6829 | 0x000062ad | 0xbe | 0xbe
[OK ]  |  6830 | 0x000062ae | 0xff | 0xff
[OK ]  |  6831 | 0x000062af | 0xff | 0xff
[OK ]  |  6832 | 0x000062b0 | 0x20 | 0x20
[OK ]  |  6833 | 0x000062b1 | 0xc0 | 0xc0
[OK ]  |  6834 | 0x000062b2 | 0xfe | 0xfe
[OK ]  |  6835 | 0x000062b3 | 0xff | 0xff
[OK ]  |  6836 | 0x000062b4 | 0x43 | 0x43
[OK ]  |  6837 | 0x000062b5 | 0x68 | 0x68
[OK ]  |  6838 | 0x000062b6 | 0x02 | 0x02
[OK ]  |  6839 | 0x000062b7 | 0x00 | 0x00
[OK ]  |  6840 | 0x000062b8 | 0xec | 0xec
[OK ]  |  6841 | 0x000062b9 | 0xd7 | 0xd7
[OK ]  |  6842 | 0x000062ba | 0x00 | 0x00
[OK ]  |  6843 | 0x000062bb | 0x00 | 0x00
[OK ]  |  6844 | 0x000062bc | 0xaf | 0xaf
[OK ]  |  6845 | 0x000062bd | 0x5a | 0x5a
[OK ]  |  6846 | 0x000062be | 0xff | 0xff
[OK ]  |  6847 | 0x000062bf | 0xff | 0xff
[OK ]  |  6848 | 0x000062c0 | 0xf5 | 0xf5
[OK ]  |  6849 | 0x000062c1 | 0x13 | 0x13
[OK ]  |  6850 | 0x000062c2 | 0x00 | 0x00
[OK ]  |  6851 | 0x000062c3 | 0x00 | 0x00
[OK ]  |  6852 | 0x000062c4 | 0x2c | 0x2c
[OK ]  |  6853 | 0x000062c5 | 0x18 | 0x18
[OK ]  |  6854 | 0x000062c6 | 0x01 | 0x01
[OK ]  |  6855 | 0x000062c7 | 0x00 | 0x00
[OK ]  |  6856 | 0x000062c8 | 0xd3 | 0xd3
[OK ]  |  6857 | 0x000062c9 | 0x4b | 0x4b
[OK ]  |  6858 | 0x000062ca | 0xff | 0xff
[OK ]  |  6859 | 0x000062cb | 0xff | 0xff
[OK ]  |  6860 | 0x000062cc | 0xd4 | 0xd4
[OK ]  |  6861 | 0x000062cd | 0x1e | 0x1e
[OK ]  |  6862 | 0x000062ce | 0x01 | 0x01
[OK ]  |  6863 | 0x000062cf | 0x00 | 0x00
[OK ]  |  6864 | 0x000062d0 | 0xd6 | 0xd6
[OK ]  |  6865 | 0x000062d1 | 0xda | 0xda
[OK ]  |  6866 | 0x000062d2 | 0xff | 0xff
[OK ]  |  6867 | 0x000062d3 | 0xff | 0xff
[OK ]  |  6868 | 0x000062d4 | 0x7a | 0x7a
[OK ]  |  6869 | 0x000062d5 | 0x56 | 0x56
[OK ]  |  6870 | 0x000062d6 | 0x01 | 0x01
[OK ]  |  6871 | 0x000062d7 | 0x00 | 0x00
[OK ]  |  6872 | 0x000062d8 | 0x2b | 0x2b
[OK ]  |  6873 | 0x000062d9 | 0x9f | 0x9f
[OK ]  |  6874 | 0x000062da | 0x00 | 0x00
[OK ]  |  6875 | 0x000062db | 0x00 | 0x00
[OK ]  |  6876 | 0x000062dc | 0x92 | 0x92
[OK ]  |  6877 | 0x000062dd | 0xa2 | 0xa2
[OK ]  |  6878 | 0x000062de | 0x01 | 0x01
[OK ]  |  6879 | 0x000062df | 0x00 | 0x00
[OK ]  |  6880 | 0x000062e0 | 0x18 | 0x18
[OK ]  |  6881 | 0x000062e1 | 0x34 | 0x34
[OK ]  |  6882 | 0x000062e2 | 0x01 | 0x01
[OK ]  |  6883 | 0x000062e3 | 0x00 | 0x00
[OK ]  |  6884 | 0x000062e4 | 0x02 | 0x02
[OK ]  |  6885 | 0x000062e5 | 0x4e | 0x4e
[OK ]  |  6886 | 0x000062e6 | 0x02 | 0x02
[OK ]  |  6887 | 0x000062e7 | 0x00 | 0x00
[OK ]  |  6888 | 0x000062e8 | 0x7d | 0x7d
[OK ]  |  6889 | 0x000062e9 | 0x77 | 0x77
[OK ]  |  6890 | 0x000062ea | 0xff | 0xff
[OK ]  |  6891 | 0x000062eb | 0xff | 0xff
[OK ]  |  6892 | 0x000062ec | 0x16 | 0x16
[OK ]  |  6893 | 0x000062ed | 0x02 | 0x02
[OK ]  |  6894 | 0x000062ee | 0xff | 0xff
[OK ]  |  6895 | 0x000062ef | 0xff | 0xff
[OK ]  |  6896 | 0x000062f0 | 0x0f | 0x0f
[OK ]  |  6897 | 0x000062f1 | 0x75 | 0x75
[OK ]  |  6898 | 0x000062f2 | 0xff | 0xff
[OK ]  |  6899 | 0x000062f3 | 0xff | 0xff
[OK ]  |  6900 | 0x000062f4 | 0x96 | 0x96
[OK ]  |  6901 | 0x000062f5 | 0x1b | 0x1b
[OK ]  |  6902 | 0x000062f6 | 0x00 | 0x00
[OK ]  |  6903 | 0x000062f7 | 0x00 | 0x00
[OK ]  |  6904 | 0x000062f8 | 0x1e | 0x1e
[OK ]  |  6905 | 0x000062f9 | 0x57 | 0x57
[OK ]  |  6906 | 0x000062fa | 0xff | 0xff
[OK ]  |  6907 | 0x000062fb | 0xff | 0xff
[OK ]  |  6908 | 0x000062fc | 0x7a | 0x7a
[OK ]  |  6909 | 0x000062fd | 0xd0 | 0xd0
[OK ]  |  6910 | 0x000062fe | 0x00 | 0x00
[OK ]  |  6911 | 0x000062ff | 0x00 | 0x00
[OK ]  |  6912 | 0x00006300 | 0x8d | 0x8d
[OK ]  |  6913 | 0x00006301 | 0xd8 | 0xd8
[OK ]  |  6914 | 0x00006302 | 0x00 | 0x00
[OK ]  |  6915 | 0x00006303 | 0x00 | 0x00
[OK ]  |  6916 | 0x00006304 | 0xeb | 0xeb
[OK ]  |  6917 | 0x00006305 | 0x6c | 0x6c
[OK ]  |  6918 | 0x00006306 | 0x00 | 0x00
[OK ]  |  6919 | 0x00006307 | 0x00 | 0x00
[OK ]  |  6920 | 0x00006308 | 0xb8 | 0xb8
[OK ]  |  6921 | 0x00006309 | 0xb2 | 0xb2
[OK ]  |  6922 | 0x0000630a | 0xfe | 0xfe
[OK ]  |  6923 | 0x0000630b | 0xff | 0xff
[OK ]  |  6924 | 0x0000630c | 0x21 | 0x21
[OK ]  |  6925 | 0x0000630d | 0x7e | 0x7e
[OK ]  |  6926 | 0x0000630e | 0xff | 0xff
[OK ]  |  6927 | 0x0000630f | 0xff | 0xff
[OK ]  |  6928 | 0x00006310 | 0x3c | 0x3c
[OK ]  |  6929 | 0x00006311 | 0x75 | 0x75
[OK ]  |  6930 | 0x00006312 | 0x01 | 0x01
[OK ]  |  6931 | 0x00006313 | 0x00 | 0x00
[OK ]  |  6932 | 0x00006314 | 0x6c | 0x6c
[OK ]  |  6933 | 0x00006315 | 0x7c | 0x7c
[OK ]  |  6934 | 0x00006316 | 0x00 | 0x00
[OK ]  |  6935 | 0x00006317 | 0x00 | 0x00
[OK ]  |  6936 | 0x00006318 | 0xc3 | 0xc3
[OK ]  |  6937 | 0x00006319 | 0x64 | 0x64
[OK ]  |  6938 | 0x0000631a | 0x01 | 0x01
[OK ]  |  6939 | 0x0000631b | 0x00 | 0x00
[OK ]  |  6940 | 0x0000631c | 0xbe | 0xbe
[OK ]  |  6941 | 0x0000631d | 0x4b | 0x4b
[OK ]  |  6942 | 0x0000631e | 0x00 | 0x00
[OK ]  |  6943 | 0x0000631f | 0x00 | 0x00
[OK ]  |  6944 | 0x00006320 | 0xb4 | 0xb4
[OK ]  |  6945 | 0x00006321 | 0x98 | 0x98
[OK ]  |  6946 | 0x00006322 | 0xff | 0xff
[OK ]  |  6947 | 0x00006323 | 0xff | 0xff
[OK ]  |  6948 | 0x00006324 | 0x61 | 0x61
[OK ]  |  6949 | 0x00006325 | 0x5e | 0x5e
[OK ]  |  6950 | 0x00006326 | 0x00 | 0x00
[OK ]  |  6951 | 0x00006327 | 0x00 | 0x00
[OK ]  |  6952 | 0x00006328 | 0x69 | 0x69
[OK ]  |  6953 | 0x00006329 | 0x71 | 0x71
[OK ]  |  6954 | 0x0000632a | 0xff | 0xff
[OK ]  |  6955 | 0x0000632b | 0xff | 0xff
[OK ]  |  6956 | 0x0000632c | 0x01 | 0x01
[OK ]  |  6957 | 0x0000632d | 0x13 | 0x13
[OK ]  |  6958 | 0x0000632e | 0x01 | 0x01
[OK ]  |  6959 | 0x0000632f | 0x00 | 0x00
[OK ]  |  6960 | 0x00006330 | 0x8b | 0x8b
[OK ]  |  6961 | 0x00006331 | 0x95 | 0x95
[OK ]  |  6962 | 0x00006332 | 0xff | 0xff
[OK ]  |  6963 | 0x00006333 | 0xff | 0xff
[OK ]  |  6964 | 0x00006334 | 0x2d | 0x2d
[OK ]  |  6965 | 0x00006335 | 0x3c | 0x3c
[OK ]  |  6966 | 0x00006336 | 0xff | 0xff
[OK ]  |  6967 | 0x00006337 | 0xff | 0xff
[OK ]  |  6968 | 0x00006338 | 0x84 | 0x84
[OK ]  |  6969 | 0x00006339 | 0x3f | 0x3f
[OK ]  |  6970 | 0x0000633a | 0x00 | 0x00
[OK ]  |  6971 | 0x0000633b | 0x00 | 0x00
[OK ]  |  6972 | 0x0000633c | 0x53 | 0x53
[OK ]  |  6973 | 0x0000633d | 0xd1 | 0xd1
[OK ]  |  6974 | 0x0000633e | 0xfd | 0xfd
[OK ]  |  6975 | 0x0000633f | 0xff | 0xff
[OK ]  |  6976 | 0x00006340 | 0x20 | 0x20
[OK ]  |  6977 | 0x00006341 | 0xd6 | 0xd6
[OK ]  |  6978 | 0x00006342 | 0xff | 0xff
[OK ]  |  6979 | 0x00006343 | 0xff | 0xff
[OK ]  |  6980 | 0x00006344 | 0x59 | 0x59
[OK ]  |  6981 | 0x00006345 | 0x89 | 0x89
[OK ]  |  6982 | 0x00006346 | 0x00 | 0x00
[OK ]  |  6983 | 0x00006347 | 0x00 | 0x00
[OK ]  |  6984 | 0x00006348 | 0x93 | 0x93
[OK ]  |  6985 | 0x00006349 | 0xf2 | 0xf2
[OK ]  |  6986 | 0x0000634a | 0xfd | 0xfd
[OK ]  |  6987 | 0x0000634b | 0xff | 0xff
[OK ]  |  6988 | 0x0000634c | 0xa0 | 0xa0
[OK ]  |  6989 | 0x0000634d | 0x5e | 0x5e
[OK ]  |  6990 | 0x0000634e | 0xff | 0xff
[OK ]  |  6991 | 0x0000634f | 0xff | 0xff
[OK ]  |  6992 | 0x00006350 | 0x67 | 0x67
[OK ]  |  6993 | 0x00006351 | 0xfd | 0xfd
[OK ]  |  6994 | 0x00006352 | 0x00 | 0x00
[OK ]  |  6995 | 0x00006353 | 0x00 | 0x00
[OK ]  |  6996 | 0x00006354 | 0x9f | 0x9f
[OK ]  |  6997 | 0x00006355 | 0x0a | 0x0a
[OK ]  |  6998 | 0x00006356 | 0xfe | 0xfe
[OK ]  |  6999 | 0x00006357 | 0xff | 0xff
[OK ]  |  7000 | 0x00006358 | 0x39 | 0x39
[OK ]  |  7001 | 0x00006359 | 0xe6 | 0xe6
[OK ]  |  7002 | 0x0000635a | 0x00 | 0x00
[OK ]  |  7003 | 0x0000635b | 0x00 | 0x00
[OK ]  |  7004 | 0x0000635c | 0x64 | 0x64
[OK ]  |  7005 | 0x0000635d | 0xec | 0xec
[OK ]  |  7006 | 0x0000635e | 0xfe | 0xfe
[OK ]  |  7007 | 0x0000635f | 0xff | 0xff
[OK ]  |  7008 | 0x00006360 | 0x75 | 0x75
[OK ]  |  7009 | 0x00006361 | 0x25 | 0x25
[OK ]  |  7010 | 0x00006362 | 0x00 | 0x00
[OK ]  |  7011 | 0x00006363 | 0x00 | 0x00
[OK ]  |  7012 | 0x00006364 | 0x0b | 0x0b
[OK ]  |  7013 | 0x00006365 | 0x7a | 0x7a
[OK ]  |  7014 | 0x00006366 | 0x00 | 0x00
[OK ]  |  7015 | 0x00006367 | 0x00 | 0x00
[OK ]  |  7016 | 0x00006368 | 0x52 | 0x52
[OK ]  |  7017 | 0x00006369 | 0x7e | 0x7e
[OK ]  |  7018 | 0x0000636a | 0xfd | 0xfd
[OK ]  |  7019 | 0x0000636b | 0xff | 0xff
[OK ]  |  7020 | 0x0000636c | 0xc4 | 0xc4
[OK ]  |  7021 | 0x0000636d | 0x9d | 0x9d
[OK ]  |  7022 | 0x0000636e | 0x00 | 0x00
[OK ]  |  7023 | 0x0000636f | 0x00 | 0x00
[OK ]  |  7024 | 0x00006370 | 0x1e | 0x1e
[OK ]  |  7025 | 0x00006371 | 0x2c | 0x2c
[OK ]  |  7026 | 0x00006372 | 0x00 | 0x00
[OK ]  |  7027 | 0x00006373 | 0x00 | 0x00
[OK ]  |  7028 | 0x00006374 | 0x7a | 0x7a
[OK ]  |  7029 | 0x00006375 | 0xe8 | 0xe8
[OK ]  |  7030 | 0x00006376 | 0xff | 0xff
[OK ]  |  7031 | 0x00006377 | 0xff | 0xff
[OK ]  |  7032 | 0x00006378 | 0xc4 | 0xc4
[OK ]  |  7033 | 0x00006379 | 0x03 | 0x03
[OK ]  |  7034 | 0x0000637a | 0x00 | 0x00
[OK ]  |  7035 | 0x0000637b | 0x00 | 0x00
[OK ]  |  7036 | 0x0000637c | 0x96 | 0x96
[OK ]  |  7037 | 0x0000637d | 0xa5 | 0xa5
[OK ]  |  7038 | 0x0000637e | 0xfe | 0xfe
[OK ]  |  7039 | 0x0000637f | 0xff | 0xff
[OK ]  |  7040 | 0x00006380 | 0x0d | 0x0d
[OK ]  |  7041 | 0x00006381 | 0x72 | 0x72
[OK ]  |  7042 | 0x00006382 | 0xff | 0xff
[OK ]  |  7043 | 0x00006383 | 0xff | 0xff
[OK ]  |  7044 | 0x00006384 | 0xb2 | 0xb2
[OK ]  |  7045 | 0x00006385 | 0xfb | 0xfb
[OK ]  |  7046 | 0x00006386 | 0xff | 0xff
[OK ]  |  7047 | 0x00006387 | 0xff | 0xff
[OK ]  |  7048 | 0x00006388 | 0xa0 | 0xa0
[OK ]  |  7049 | 0x00006389 | 0x13 | 0x13
[OK ]  |  7050 | 0x0000638a | 0xff | 0xff
[OK ]  |  7051 | 0x0000638b | 0xff | 0xff
[OK ]  |  7052 | 0x0000638c | 0x63 | 0x63
[OK ]  |  7053 | 0x0000638d | 0xa1 | 0xa1
[OK ]  |  7054 | 0x0000638e | 0xfe | 0xfe
[OK ]  |  7055 | 0x0000638f | 0xff | 0xff
[OK ]  |  7056 | 0x00006390 | 0x93 | 0x93
[OK ]  |  7057 | 0x00006391 | 0xd8 | 0xd8
[OK ]  |  7058 | 0x00006392 | 0xfe | 0xfe
[OK ]  |  7059 | 0x00006393 | 0xff | 0xff
[OK ]  |  7060 | 0x00006394 | 0xb5 | 0xb5
[OK ]  |  7061 | 0x00006395 | 0x77 | 0x77
[OK ]  |  7062 | 0x00006396 | 0x00 | 0x00
[OK ]  |  7063 | 0x00006397 | 0x00 | 0x00
[OK ]  |  7064 | 0x00006398 | 0xf3 | 0xf3
[OK ]  |  7065 | 0x00006399 | 0x19 | 0x19
[OK ]  |  7066 | 0x0000639a | 0xff | 0xff
[OK ]  |  7067 | 0x0000639b | 0xff | 0xff
[OK ]  |  7068 | 0x0000639c | 0xb7 | 0xb7
[OK ]  |  7069 | 0x0000639d | 0x26 | 0x26
[OK ]  |  7070 | 0x0000639e | 0x00 | 0x00
[OK ]  |  7071 | 0x0000639f | 0x00 | 0x00
[OK ]  |  7072 | 0x000063a0 | 0x67 | 0x67
[OK ]  |  7073 | 0x000063a1 | 0x79 | 0x79
[OK ]  |  7074 | 0x000063a2 | 0xfe | 0xfe
[OK ]  |  7075 | 0x000063a3 | 0xff | 0xff
[OK ]  |  7076 | 0x000063a4 | 0x8c | 0x8c
[OK ]  |  7077 | 0x000063a5 | 0xd2 | 0xd2
[OK ]  |  7078 | 0x000063a6 | 0xfe | 0xfe
[OK ]  |  7079 | 0x000063a7 | 0xff | 0xff
[OK ]  |  7080 | 0x000063a8 | 0xc9 | 0xc9
[OK ]  |  7081 | 0x000063a9 | 0xf3 | 0xf3
[OK ]  |  7082 | 0x000063aa | 0x00 | 0x00
[OK ]  |  7083 | 0x000063ab | 0x00 | 0x00
[OK ]  |  7084 | 0x000063ac | 0xa0 | 0xa0
[OK ]  |  7085 | 0x000063ad | 0x13 | 0x13
[OK ]  |  7086 | 0x000063ae | 0xff | 0xff
[OK ]  |  7087 | 0x000063af | 0xff | 0xff
[OK ]  |  7088 | 0x000063b0 | 0xad | 0xad
[OK ]  |  7089 | 0x000063b1 | 0xb2 | 0xb2
[OK ]  |  7090 | 0x000063b2 | 0x00 | 0x00
[OK ]  |  7091 | 0x000063b3 | 0x00 | 0x00
[OK ]  |  7092 | 0x000063b4 | 0xe7 | 0xe7
[OK ]  |  7093 | 0x000063b5 | 0x09 | 0x09
[OK ]  |  7094 | 0x000063b6 | 0x01 | 0x01
[OK ]  |  7095 | 0x000063b7 | 0x00 | 0x00
[OK ]  |  7096 | 0x000063b8 | 0xf3 | 0xf3
[OK ]  |  7097 | 0x000063b9 | 0xa7 | 0xa7
[OK ]  |  7098 | 0x000063ba | 0x00 | 0x00
[OK ]  |  7099 | 0x000063bb | 0x00 | 0x00
[OK ]  |  7100 | 0x000063bc | 0x58 | 0x58
[OK ]  |  7101 | 0x000063bd | 0x3d | 0x3d
[OK ]  |  7102 | 0x000063be | 0x01 | 0x01
[OK ]  |  7103 | 0x000063bf | 0x00 | 0x00
[OK ]  |  7104 | 0x000063c0 | 0xca | 0xca
[OK ]  |  7105 | 0x000063c1 | 0x24 | 0x24
[OK ]  |  7106 | 0x000063c2 | 0x00 | 0x00
[OK ]  |  7107 | 0x000063c3 | 0x00 | 0x00
[OK ]  |  7108 | 0x000063c4 | 0xb9 | 0xb9
[OK ]  |  7109 | 0x000063c5 | 0xa9 | 0xa9
[OK ]  |  7110 | 0x000063c6 | 0x00 | 0x00
[OK ]  |  7111 | 0x000063c7 | 0x00 | 0x00
[OK ]  |  7112 | 0x000063c8 | 0x5a | 0x5a
[OK ]  |  7113 | 0x000063c9 | 0xbb | 0xbb
[OK ]  |  7114 | 0x000063ca | 0xff | 0xff
[OK ]  |  7115 | 0x000063cb | 0xff | 0xff
[OK ]  |  7116 | 0x000063cc | 0x9f | 0x9f
[OK ]  |  7117 | 0x000063cd | 0x9c | 0x9c
[OK ]  |  7118 | 0x000063ce | 0x00 | 0x00
[OK ]  |  7119 | 0x000063cf | 0x00 | 0x00
[OK ]  |  7120 | 0x000063d0 | 0x64 | 0x64
[OK ]  |  7121 | 0x000063d1 | 0x8e | 0x8e
[OK ]  |  7122 | 0x000063d2 | 0x00 | 0x00
[OK ]  |  7123 | 0x000063d3 | 0x00 | 0x00
[OK ]  |  7124 | 0x000063d4 | 0x15 | 0x15
[OK ]  |  7125 | 0x000063d5 | 0x13 | 0x13
[OK ]  |  7126 | 0x000063d6 | 0x01 | 0x01
[OK ]  |  7127 | 0x000063d7 | 0x00 | 0x00
[OK ]  |  7128 | 0x000063d8 | 0x20 | 0x20
[OK ]  |  7129 | 0x000063d9 | 0x83 | 0x83
[OK ]  |  7130 | 0x000063da | 0xfe | 0xfe
[OK ]  |  7131 | 0x000063db | 0xff | 0xff
[OK ]  |  7132 | 0x000063dc | 0x32 | 0x32
[OK ]  |  7133 | 0x000063dd | 0x41 | 0x41
[OK ]  |  7134 | 0x000063de | 0x00 | 0x00
[OK ]  |  7135 | 0x000063df | 0x00 | 0x00
[OK ]  |  7136 | 0x000063e0 | 0x29 | 0x29
[OK ]  |  7137 | 0x000063e1 | 0x6c | 0x6c
[OK ]  |  7138 | 0x000063e2 | 0xff | 0xff
[OK ]  |  7139 | 0x000063e3 | 0xff | 0xff
[OK ]  |  7140 | 0x000063e4 | 0x7b | 0x7b
[OK ]  |  7141 | 0x000063e5 | 0x02 | 0x02
[OK ]  |  7142 | 0x000063e6 | 0x00 | 0x00
[OK ]  |  7143 | 0x000063e7 | 0x00 | 0x00
[OK ]  |  7144 | 0x000063e8 | 0x3e | 0x3e
[OK ]  |  7145 | 0x000063e9 | 0x2d | 0x2d
[OK ]  |  7146 | 0x000063ea | 0xff | 0xff
[OK ]  |  7147 | 0x000063eb | 0xff | 0xff
[OK ]  |  7148 | 0x000063ec | 0x3a | 0x3a
[OK ]  |  7149 | 0x000063ed | 0x0f | 0x0f
[OK ]  |  7150 | 0x000063ee | 0x00 | 0x00
[OK ]  |  7151 | 0x000063ef | 0x00 | 0x00
[OK ]  |  7152 | 0x000063f0 | 0xf5 | 0xf5
[OK ]  |  7153 | 0x000063f1 | 0xc3 | 0xc3
[OK ]  |  7154 | 0x000063f2 | 0xff | 0xff
[OK ]  |  7155 | 0x000063f3 | 0xff | 0xff
[OK ]  |  7156 | 0x000063f4 | 0x3b | 0x3b
[OK ]  |  7157 | 0x000063f5 | 0xb3 | 0xb3
[OK ]  |  7158 | 0x000063f6 | 0x00 | 0x00
[OK ]  |  7159 | 0x000063f7 | 0x00 | 0x00
[OK ]  |  7160 | 0x000063f8 | 0x7c | 0x7c
[OK ]  |  7161 | 0x000063f9 | 0xa3 | 0xa3
[OK ]  |  7162 | 0x000063fa | 0x00 | 0x00
[OK ]  |  7163 | 0x000063fb | 0x00 | 0x00
[OK ]  |  7164 | 0x000063fc | 0x6d | 0x6d
[OK ]  |  7165 | 0x000063fd | 0x7e | 0x7e
[OK ]  |  7166 | 0x000063fe | 0xff | 0xff
[OK ]  |  7167 | 0x000063ff | 0xff | 0xff
[OK ]  |  7168 | 0x00006400 | 0x64 | 0x64
[OK ]  |  7169 | 0x00006401 | 0x44 | 0x44
[OK ]  |  7170 | 0x00006402 | 0x00 | 0x00
[OK ]  |  7171 | 0x00006403 | 0x00 | 0x00
[OK ]  |  7172 | 0x00006404 | 0x7b | 0x7b
[OK ]  |  7173 | 0x00006405 | 0x13 | 0x13
[OK ]  |  7174 | 0x00006406 | 0x00 | 0x00
[OK ]  |  7175 | 0x00006407 | 0x00 | 0x00
[OK ]  |  7176 | 0x00006408 | 0xdd | 0xdd
[OK ]  |  7177 | 0x00006409 | 0x10 | 0x10
[OK ]  |  7178 | 0x0000640a | 0xff | 0xff
[OK ]  |  7179 | 0x0000640b | 0xff | 0xff
[OK ]  |  7180 | 0x0000640c | 0xb8 | 0xb8
[OK ]  |  7181 | 0x0000640d | 0xb1 | 0xb1
[OK ]  |  7182 | 0x0000640e | 0x00 | 0x00
[OK ]  |  7183 | 0x0000640f | 0x00 | 0x00
[OK ]  |  7184 | 0x00006410 | 0xd3 | 0xd3
[OK ]  |  7185 | 0x00006411 | 0x5a | 0x5a
[OK ]  |  7186 | 0x00006412 | 0x00 | 0x00
[OK ]  |  7187 | 0x00006413 | 0x00 | 0x00
[OK ]  |  7188 | 0x00006414 | 0xef | 0xef
[OK ]  |  7189 | 0x00006415 | 0xaa | 0xaa
[OK ]  |  7190 | 0x00006416 | 0xfe | 0xfe
[OK ]  |  7191 | 0x00006417 | 0xff | 0xff
[OK ]  |  7192 | 0x00006418 | 0xcc | 0xcc
[OK ]  |  7193 | 0x00006419 | 0xc6 | 0xc6
[OK ]  |  7194 | 0x0000641a | 0x01 | 0x01
[OK ]  |  7195 | 0x0000641b | 0x00 | 0x00
[OK ]  |  7196 | 0x0000641c | 0x47 | 0x47
[OK ]  |  7197 | 0x0000641d | 0x29 | 0x29
[OK ]  |  7198 | 0x0000641e | 0x00 | 0x00
[OK ]  |  7199 | 0x0000641f | 0x00 | 0x00
[OK ]  |  7200 | 0x00006420 | 0x79 | 0x79
[OK ]  |  7201 | 0x00006421 | 0xf2 | 0xf2
[OK ]  |  7202 | 0x00006422 | 0x01 | 0x01
[OK ]  |  7203 | 0x00006423 | 0x00 | 0x00
[OK ]  |  7204 | 0x00006424 | 0x33 | 0x33
[OK ]  |  7205 | 0x00006425 | 0x50 | 0x50
[OK ]  |  7206 | 0x00006426 | 0x01 | 0x01
[OK ]  |  7207 | 0x00006427 | 0x00 | 0x00
[OK ]  |  7208 | 0x00006428 | 0x38 | 0x38
[OK ]  |  7209 | 0x00006429 | 0xa1 | 0xa1
[OK ]  |  7210 | 0x0000642a | 0x00 | 0x00
[OK ]  |  7211 | 0x0000642b | 0x00 | 0x00
[OK ]  |  7212 | 0x0000642c | 0x12 | 0x12
[OK ]  |  7213 | 0x0000642d | 0xca | 0xca
[OK ]  |  7214 | 0x0000642e | 0xfd | 0xfd
[OK ]  |  7215 | 0x0000642f | 0xff | 0xff
[OK ]  |  7216 | 0x00006430 | 0xe8 | 0xe8
[OK ]  |  7217 | 0x00006431 | 0xb0 | 0xb0
[OK ]  |  7218 | 0x00006432 | 0xff | 0xff
[OK ]  |  7219 | 0x00006433 | 0xff | 0xff
[OK ]  |  7220 | 0x00006434 | 0xa7 | 0xa7
[OK ]  |  7221 | 0x00006435 | 0xbe | 0xbe
[OK ]  |  7222 | 0x00006436 | 0xff | 0xff
[OK ]  |  7223 | 0x00006437 | 0xff | 0xff
[OK ]  |  7224 | 0x00006438 | 0xb1 | 0xb1
[OK ]  |  7225 | 0x00006439 | 0xee | 0xee
[OK ]  |  7226 | 0x0000643a | 0xfe | 0xfe
[OK ]  |  7227 | 0x0000643b | 0xff | 0xff
[OK ]  |  7228 | 0x0000643c | 0x60 | 0x60
[OK ]  |  7229 | 0x0000643d | 0xa3 | 0xa3
[OK ]  |  7230 | 0x0000643e | 0xff | 0xff
[OK ]  |  7231 | 0x0000643f | 0xff | 0xff
[OK ]  |  7232 | 0x00006440 | 0xf2 | 0xf2
[OK ]  |  7233 | 0x00006441 | 0xe6 | 0xe6
[OK ]  |  7234 | 0x00006442 | 0x00 | 0x00
[OK ]  |  7235 | 0x00006443 | 0x00 | 0x00
[OK ]  |  7236 | 0x00006444 | 0xab | 0xab
[OK ]  |  7237 | 0x00006445 | 0xee | 0xee
[OK ]  |  7238 | 0x00006446 | 0xff | 0xff
[OK ]  |  7239 | 0x00006447 | 0xff | 0xff
[OK ]  |  7240 | 0x00006448 | 0xc3 | 0xc3
[OK ]  |  7241 | 0x00006449 | 0x4b | 0x4b
[OK ]  |  7242 | 0x0000644a | 0xff | 0xff
[OK ]  |  7243 | 0x0000644b | 0xff | 0xff
[OK ]  |  7244 | 0x0000644c | 0x94 | 0x94
[OK ]  |  7245 | 0x0000644d | 0x98 | 0x98
[OK ]  |  7246 | 0x0000644e | 0x00 | 0x00
[OK ]  |  7247 | 0x0000644f | 0x00 | 0x00
[OK ]  |  7248 | 0x00006450 | 0xc4 | 0xc4
[OK ]  |  7249 | 0x00006451 | 0x89 | 0x89
[OK ]  |  7250 | 0x00006452 | 0x01 | 0x01
[OK ]  |  7251 | 0x00006453 | 0x00 | 0x00
[OK ]  |  7252 | 0x00006454 | 0x84 | 0x84
[OK ]  |  7253 | 0x00006455 | 0x2d | 0x2d
[OK ]  |  7254 | 0x00006456 | 0x00 | 0x00
[OK ]  |  7255 | 0x00006457 | 0x00 | 0x00
[OK ]  |  7256 | 0x00006458 | 0x00 | 0x00
[OK ]  |  7257 | 0x00006459 | 0x39 | 0x39
[OK ]  |  7258 | 0x0000645a | 0x00 | 0x00
[OK ]  |  7259 | 0x0000645b | 0x00 | 0x00
[OK ]  |  7260 | 0x0000645c | 0x44 | 0x44
[OK ]  |  7261 | 0x0000645d | 0xc2 | 0xc2
[OK ]  |  7262 | 0x0000645e | 0xff | 0xff
[OK ]  |  7263 | 0x0000645f | 0xff | 0xff
[OK ]  |  7264 | 0x00006460 | 0x4d | 0x4d
[OK ]  |  7265 | 0x00006461 | 0x03 | 0x03
[OK ]  |  7266 | 0x00006462 | 0xff | 0xff
[OK ]  |  7267 | 0x00006463 | 0xff | 0xff
[OK ]  |  7268 | 0x00006464 | 0xa2 | 0xa2
[OK ]  |  7269 | 0x00006465 | 0x5a | 0x5a
[OK ]  |  7270 | 0x00006466 | 0x00 | 0x00
[OK ]  |  7271 | 0x00006467 | 0x00 | 0x00
[OK ]  |  7272 | 0x00006468 | 0x8e | 0x8e
[OK ]  |  7273 | 0x00006469 | 0x16 | 0x16
[OK ]  |  7274 | 0x0000646a | 0x01 | 0x01
[OK ]  |  7275 | 0x0000646b | 0x00 | 0x00
[OK ]  |  7276 | 0x0000646c | 0x1f | 0x1f
[OK ]  |  7277 | 0x0000646d | 0x49 | 0x49
[OK ]  |  7278 | 0x0000646e | 0x01 | 0x01
[OK ]  |  7279 | 0x0000646f | 0x00 | 0x00
[OK ]  |  7280 | 0x00006470 | 0xa2 | 0xa2
[OK ]  |  7281 | 0x00006471 | 0x7d | 0x7d
[OK ]  |  7282 | 0x00006472 | 0x01 | 0x01
[OK ]  |  7283 | 0x00006473 | 0x00 | 0x00
[OK ]  |  7284 | 0x00006474 | 0x93 | 0x93
[OK ]  |  7285 | 0x00006475 | 0x9c | 0x9c
[OK ]  |  7286 | 0x00006476 | 0x00 | 0x00
[OK ]  |  7287 | 0x00006477 | 0x00 | 0x00
[OK ]  |  7288 | 0x00006478 | 0x1d | 0x1d
[OK ]  |  7289 | 0x00006479 | 0x27 | 0x27
[OK ]  |  7290 | 0x0000647a | 0xff | 0xff
[OK ]  |  7291 | 0x0000647b | 0xff | 0xff
[OK ]  |  7292 | 0x0000647c | 0x62 | 0x62
[OK ]  |  7293 | 0x0000647d | 0xd8 | 0xd8
[OK ]  |  7294 | 0x0000647e | 0xfe | 0xfe
[OK ]  |  7295 | 0x0000647f | 0xff | 0xff
[OK ]  |  7296 | 0x00006480 | 0xb1 | 0xb1
[OK ]  |  7297 | 0x00006481 | 0x5d | 0x5d
[OK ]  |  7298 | 0x00006482 | 0x00 | 0x00
[OK ]  |  7299 | 0x00006483 | 0x00 | 0x00
[OK ]  |  7300 | 0x00006484 | 0x09 | 0x09
[OK ]  |  7301 | 0x00006485 | 0x69 | 0x69
[OK ]  |  7302 | 0x00006486 | 0x01 | 0x01
[OK ]  |  7303 | 0x00006487 | 0x00 | 0x00
[OK ]  |  7304 | 0x00006488 | 0x59 | 0x59
[OK ]  |  7305 | 0x00006489 | 0x4b | 0x4b
[OK ]  |  7306 | 0x0000648a | 0x02 | 0x02
[OK ]  |  7307 | 0x0000648b | 0x00 | 0x00
[OK ]  |  7308 | 0x0000648c | 0xee | 0xee
[OK ]  |  7309 | 0x0000648d | 0xba | 0xba
[OK ]  |  7310 | 0x0000648e | 0xff | 0xff
[OK ]  |  7311 | 0x0000648f | 0xff | 0xff
[OK ]  |  7312 | 0x00006490 | 0x91 | 0x91
[OK ]  |  7313 | 0x00006491 | 0x10 | 0x10
[OK ]  |  7314 | 0x00006492 | 0xff | 0xff
[OK ]  |  7315 | 0x00006493 | 0xff | 0xff
[OK ]  |  7316 | 0x00006494 | 0x82 | 0x82
[OK ]  |  7317 | 0x00006495 | 0xbb | 0xbb
[OK ]  |  7318 | 0x00006496 | 0xff | 0xff
[OK ]  |  7319 | 0x00006497 | 0xff | 0xff
[OK ]  |  7320 | 0x00006498 | 0x08 | 0x08
[OK ]  |  7321 | 0x00006499 | 0xb4 | 0xb4
[OK ]  |  7322 | 0x0000649a | 0xff | 0xff
[OK ]  |  7323 | 0x0000649b | 0xff | 0xff
[OK ]  |  7324 | 0x0000649c | 0x46 | 0x46
[OK ]  |  7325 | 0x0000649d | 0x1e | 0x1e
[OK ]  |  7326 | 0x0000649e | 0x00 | 0x00
[OK ]  |  7327 | 0x0000649f | 0x00 | 0x00
[OK ]  |  7328 | 0x000064a0 | 0xc5 | 0xc5
[OK ]  |  7329 | 0x000064a1 | 0xc9 | 0xc9
[OK ]  |  7330 | 0x000064a2 | 0xff | 0xff
[OK ]  |  7331 | 0x000064a3 | 0xff | 0xff
[OK ]  |  7332 | 0x000064a4 | 0x55 | 0x55
[OK ]  |  7333 | 0x000064a5 | 0x26 | 0x26
[OK ]  |  7334 | 0x000064a6 | 0xff | 0xff
[OK ]  |  7335 | 0x000064a7 | 0xff | 0xff
[OK ]  |  7336 | 0x000064a8 | 0x4c | 0x4c
[OK ]  |  7337 | 0x000064a9 | 0x11 | 0x11
[OK ]  |  7338 | 0x000064aa | 0x00 | 0x00
[OK ]  |  7339 | 0x000064ab | 0x00 | 0x00
[OK ]  |  7340 | 0x000064ac | 0x23 | 0x23
[OK ]  |  7341 | 0x000064ad | 0xb8 | 0xb8
[OK ]  |  7342 | 0x000064ae | 0x01 | 0x01
[OK ]  |  7343 | 0x000064af | 0x00 | 0x00
[OK ]  |  7344 | 0x000064b0 | 0x48 | 0x48
[OK ]  |  7345 | 0x000064b1 | 0x84 | 0x84
[OK ]  |  7346 | 0x000064b2 | 0xfe | 0xfe
[OK ]  |  7347 | 0x000064b3 | 0xff | 0xff
[OK ]  |  7348 | 0x000064b4 | 0xba | 0xba
[OK ]  |  7349 | 0x000064b5 | 0x35 | 0x35
[OK ]  |  7350 | 0x000064b6 | 0xff | 0xff
[OK ]  |  7351 | 0x000064b7 | 0xff | 0xff
[OK ]  |  7352 | 0x000064b8 | 0x8b | 0x8b
[OK ]  |  7353 | 0x000064b9 | 0x75 | 0x75
[OK ]  |  7354 | 0x000064ba | 0x00 | 0x00
[OK ]  |  7355 | 0x000064bb | 0x00 | 0x00
[OK ]  |  7356 | 0x000064bc | 0x44 | 0x44
[OK ]  |  7357 | 0x000064bd | 0x72 | 0x72
[OK ]  |  7358 | 0x000064be | 0xfe | 0xfe
[OK ]  |  7359 | 0x000064bf | 0xff | 0xff
[OK ]  |  7360 | 0x000064c0 | 0x02 | 0x02
[OK ]  |  7361 | 0x000064c1 | 0x05 | 0x05
[OK ]  |  7362 | 0x000064c2 | 0x01 | 0x01
[OK ]  |  7363 | 0x000064c3 | 0x00 | 0x00
[OK ]  |  7364 | 0x000064c4 | 0x52 | 0x52
[OK ]  |  7365 | 0x000064c5 | 0x54 | 0x54
[OK ]  |  7366 | 0x000064c6 | 0xff | 0xff
[OK ]  |  7367 | 0x000064c7 | 0xff | 0xff
[OK ]  |  7368 | 0x000064c8 | 0x8a | 0x8a
[OK ]  |  7369 | 0x000064c9 | 0xb8 | 0xb8
[OK ]  |  7370 | 0x000064ca | 0x00 | 0x00
[OK ]  |  7371 | 0x000064cb | 0x00 | 0x00
[OK ]  |  7372 | 0x000064cc | 0x7d | 0x7d
[OK ]  |  7373 | 0x000064cd | 0x82 | 0x82
[OK ]  |  7374 | 0x000064ce | 0x00 | 0x00
[OK ]  |  7375 | 0x000064cf | 0x00 | 0x00
[OK ]  |  7376 | 0x000064d0 | 0x95 | 0x95
[OK ]  |  7377 | 0x000064d1 | 0x77 | 0x77
[OK ]  |  7378 | 0x000064d2 | 0x00 | 0x00
[OK ]  |  7379 | 0x000064d3 | 0x00 | 0x00
[OK ]  |  7380 | 0x000064d4 | 0xb6 | 0xb6
[OK ]  |  7381 | 0x000064d5 | 0x54 | 0x54
[OK ]  |  7382 | 0x000064d6 | 0x00 | 0x00
[OK ]  |  7383 | 0x000064d7 | 0x00 | 0x00
[OK ]  |  7384 | 0x000064d8 | 0xbe | 0xbe
[OK ]  |  7385 | 0x000064d9 | 0xf8 | 0xf8
[OK ]  |  7386 | 0x000064da | 0xff | 0xff
[OK ]  |  7387 | 0x000064db | 0xff | 0xff
[OK ]  |  7388 | 0x000064dc | 0x74 | 0x74
[OK ]  |  7389 | 0x000064dd | 0x2c | 0x2c
[OK ]  |  7390 | 0x000064de | 0x00 | 0x00
[OK ]  |  7391 | 0x000064df | 0x00 | 0x00
[OK ]  |  7392 | 0x000064e0 | 0xe9 | 0xe9
[OK ]  |  7393 | 0x000064e1 | 0xbc | 0xbc
[OK ]  |  7394 | 0x000064e2 | 0xff | 0xff
[OK ]  |  7395 | 0x000064e3 | 0xff | 0xff
[OK ]  |  7396 | 0x000064e4 | 0xf6 | 0xf6
[OK ]  |  7397 | 0x000064e5 | 0x76 | 0x76
[OK ]  |  7398 | 0x000064e6 | 0x01 | 0x01
[OK ]  |  7399 | 0x000064e7 | 0x00 | 0x00
[OK ]  |  7400 | 0x000064e8 | 0xc0 | 0xc0
[OK ]  |  7401 | 0x000064e9 | 0x5e | 0x5e
[OK ]  |  7402 | 0x000064ea | 0xfe | 0xfe
[OK ]  |  7403 | 0x000064eb | 0xff | 0xff
[OK ]  |  7404 | 0x000064ec | 0xd9 | 0xd9
[OK ]  |  7405 | 0x000064ed | 0xa9 | 0xa9
[OK ]  |  7406 | 0x000064ee | 0xff | 0xff
[OK ]  |  7407 | 0x000064ef | 0xff | 0xff
[OK ]  |  7408 | 0x000064f0 | 0x59 | 0x59
[OK ]  |  7409 | 0x000064f1 | 0x82 | 0x82
[OK ]  |  7410 | 0x000064f2 | 0xfe | 0xfe
[OK ]  |  7411 | 0x000064f3 | 0xff | 0xff
[OK ]  |  7412 | 0x000064f4 | 0x46 | 0x46
[OK ]  |  7413 | 0x000064f5 | 0x92 | 0x92
[OK ]  |  7414 | 0x000064f6 | 0x01 | 0x01
[OK ]  |  7415 | 0x000064f7 | 0x00 | 0x00
[OK ]  |  7416 | 0x000064f8 | 0xcd | 0xcd
[OK ]  |  7417 | 0x000064f9 | 0x1a | 0x1a
[OK ]  |  7418 | 0x000064fa | 0xff | 0xff
[OK ]  |  7419 | 0x000064fb | 0xff | 0xff
[OK ]  |  7420 | 0x000064fc | 0xe9 | 0xe9
[OK ]  |  7421 | 0x000064fd | 0x73 | 0x73
[OK ]  |  7422 | 0x000064fe | 0xff | 0xff
[OK ]  |  7423 | 0x000064ff | 0xff | 0xff
[OK ]  |  7424 | 0x00006500 | 0x58 | 0x58
[OK ]  |  7425 | 0x00006501 | 0xea | 0xea
[OK ]  |  7426 | 0x00006502 | 0xff | 0xff
[OK ]  |  7427 | 0x00006503 | 0xff | 0xff
[OK ]  |  7428 | 0x00006504 | 0xf1 | 0xf1
[OK ]  |  7429 | 0x00006505 | 0x41 | 0x41
[OK ]  |  7430 | 0x00006506 | 0xfe | 0xfe
[OK ]  |  7431 | 0x00006507 | 0xff | 0xff
[OK ]  |  7432 | 0x00006508 | 0xcb | 0xcb
[OK ]  |  7433 | 0x00006509 | 0x61 | 0x61
[OK ]  |  7434 | 0x0000650a | 0x00 | 0x00
[OK ]  |  7435 | 0x0000650b | 0x00 | 0x00
[OK ]  |  7436 | 0x0000650c | 0xc5 | 0xc5
[OK ]  |  7437 | 0x0000650d | 0x19 | 0x19
[OK ]  |  7438 | 0x0000650e | 0x00 | 0x00
[OK ]  |  7439 | 0x0000650f | 0x00 | 0x00
[OK ]  |  7440 | 0x00006510 | 0xc9 | 0xc9
[OK ]  |  7441 | 0x00006511 | 0x63 | 0x63
[OK ]  |  7442 | 0x00006512 | 0x00 | 0x00
[OK ]  |  7443 | 0x00006513 | 0x00 | 0x00
[OK ]  |  7444 | 0x00006514 | 0x69 | 0x69
[OK ]  |  7445 | 0x00006515 | 0x63 | 0x63
[OK ]  |  7446 | 0x00006516 | 0xff | 0xff
[OK ]  |  7447 | 0x00006517 | 0xff | 0xff
[OK ]  |  7448 | 0x00006518 | 0x6b | 0x6b
[OK ]  |  7449 | 0x00006519 | 0xde | 0xde
[OK ]  |  7450 | 0x0000651a | 0xfd | 0xfd
[OK ]  |  7451 | 0x0000651b | 0xff | 0xff
[OK ]  |  7452 | 0x0000651c | 0xd2 | 0xd2
[OK ]  |  7453 | 0x0000651d | 0xd7 | 0xd7
[OK ]  |  7454 | 0x0000651e | 0xfe | 0xfe
[OK ]  |  7455 | 0x0000651f | 0xff | 0xff
[OK ]  |  7456 | 0x00006520 | 0xf3 | 0xf3
[OK ]  |  7457 | 0x00006521 | 0x07 | 0x07
[OK ]  |  7458 | 0x00006522 | 0x00 | 0x00
[OK ]  |  7459 | 0x00006523 | 0x00 | 0x00
[OK ]  |  7460 | 0x00006524 | 0x7d | 0x7d
[OK ]  |  7461 | 0x00006525 | 0xab | 0xab
[OK ]  |  7462 | 0x00006526 | 0xff | 0xff
[OK ]  |  7463 | 0x00006527 | 0xff | 0xff
[OK ]  |  7464 | 0x00006528 | 0x60 | 0x60
[OK ]  |  7465 | 0x00006529 | 0x0f | 0x0f
[OK ]  |  7466 | 0x0000652a | 0x01 | 0x01
[OK ]  |  7467 | 0x0000652b | 0x00 | 0x00
[OK ]  |  7468 | 0x0000652c | 0x6d | 0x6d
[OK ]  |  7469 | 0x0000652d | 0x17 | 0x17
[OK ]  |  7470 | 0x0000652e | 0x00 | 0x00
[OK ]  |  7471 | 0x0000652f | 0x00 | 0x00
[OK ]  |  7472 | 0x00006530 | 0xc3 | 0xc3
[OK ]  |  7473 | 0x00006531 | 0x6e | 0x6e
[OK ]  |  7474 | 0x00006532 | 0xff | 0xff
[OK ]  |  7475 | 0x00006533 | 0xff | 0xff
[OK ]  |  7476 | 0x00006534 | 0x7e | 0x7e
[OK ]  |  7477 | 0x00006535 | 0xa7 | 0xa7
[OK ]  |  7478 | 0x00006536 | 0x00 | 0x00
[OK ]  |  7479 | 0x00006537 | 0x00 | 0x00
[OK ]  |  7480 | 0x00006538 | 0x35 | 0x35
[OK ]  |  7481 | 0x00006539 | 0x0a | 0x0a
[OK ]  |  7482 | 0x0000653a | 0x01 | 0x01
[OK ]  |  7483 | 0x0000653b | 0x00 | 0x00
[OK ]  |  7484 | 0x0000653c | 0x5d | 0x5d
[OK ]  |  7485 | 0x0000653d | 0xc7 | 0xc7
[OK ]  |  7486 | 0x0000653e | 0xfe | 0xfe
[OK ]  |  7487 | 0x0000653f | 0xff | 0xff
[OK ]  |  7488 | 0x00006540 | 0x60 | 0x60
[OK ]  |  7489 | 0x00006541 | 0x49 | 0x49
[OK ]  |  7490 | 0x00006542 | 0x00 | 0x00
[OK ]  |  7491 | 0x00006543 | 0x00 | 0x00
[OK ]  |  7492 | 0x00006544 | 0x33 | 0x33
[OK ]  |  7493 | 0x00006545 | 0x0b | 0x0b
[OK ]  |  7494 | 0x00006546 | 0x01 | 0x01
[OK ]  |  7495 | 0x00006547 | 0x00 | 0x00
[OK ]  |  7496 | 0x00006548 | 0x73 | 0x73
[OK ]  |  7497 | 0x00006549 | 0x2e | 0x2e
[OK ]  |  7498 | 0x0000654a | 0xff | 0xff
[OK ]  |  7499 | 0x0000654b | 0xff | 0xff
[OK ]  |  7500 | 0x0000654c | 0xb1 | 0xb1
[OK ]  |  7501 | 0x0000654d | 0x05 | 0x05
[OK ]  |  7502 | 0x0000654e | 0x00 | 0x00
[OK ]  |  7503 | 0x0000654f | 0x00 | 0x00
[OK ]  |  7504 | 0x00006550 | 0x02 | 0x02
[OK ]  |  7505 | 0x00006551 | 0x05 | 0x05
[OK ]  |  7506 | 0x00006552 | 0x00 | 0x00
[OK ]  |  7507 | 0x00006553 | 0x00 | 0x00
[OK ]  |  7508 | 0x00006554 | 0x1f | 0x1f
[OK ]  |  7509 | 0x00006555 | 0x6e | 0x6e
[OK ]  |  7510 | 0x00006556 | 0xfe | 0xfe
[OK ]  |  7511 | 0x00006557 | 0xff | 0xff
[OK ]  |  7512 | 0x00006558 | 0xb4 | 0xb4
[OK ]  |  7513 | 0x00006559 | 0x5b | 0x5b
[OK ]  |  7514 | 0x0000655a | 0xfe | 0xfe
[OK ]  |  7515 | 0x0000655b | 0xff | 0xff
[OK ]  |  7516 | 0x0000655c | 0x84 | 0x84
[OK ]  |  7517 | 0x0000655d | 0x36 | 0x36
[OK ]  |  7518 | 0x0000655e | 0x00 | 0x00
[OK ]  |  7519 | 0x0000655f | 0x00 | 0x00
[OK ]  |  7520 | 0x00006560 | 0x1d | 0x1d
[OK ]  |  7521 | 0x00006561 | 0x77 | 0x77
[OK ]  |  7522 | 0x00006562 | 0xff | 0xff
[OK ]  |  7523 | 0x00006563 | 0xff | 0xff
[OK ]  |  7524 | 0x00006564 | 0x77 | 0x77
[OK ]  |  7525 | 0x00006565 | 0xce | 0xce
[OK ]  |  7526 | 0x00006566 | 0x00 | 0x00
[OK ]  |  7527 | 0x00006567 | 0x00 | 0x00
[OK ]  |  7528 | 0x00006568 | 0x9d | 0x9d
[OK ]  |  7529 | 0x00006569 | 0xfa | 0xfa
[OK ]  |  7530 | 0x0000656a | 0xfe | 0xfe
[OK ]  |  7531 | 0x0000656b | 0xff | 0xff
[OK ]  |  7532 | 0x0000656c | 0xa8 | 0xa8
[OK ]  |  7533 | 0x0000656d | 0xfd | 0xfd
[OK ]  |  7534 | 0x0000656e | 0xff | 0xff
[OK ]  |  7535 | 0x0000656f | 0xff | 0xff
[OK ]  |  7536 | 0x00006570 | 0xfd | 0xfd
[OK ]  |  7537 | 0x00006571 | 0x45 | 0x45
[OK ]  |  7538 | 0x00006572 | 0x01 | 0x01
[OK ]  |  7539 | 0x00006573 | 0x00 | 0x00
[OK ]  |  7540 | 0x00006574 | 0x83 | 0x83
[OK ]  |  7541 | 0x00006575 | 0xd5 | 0xd5
[OK ]  |  7542 | 0x00006576 | 0x01 | 0x01
[OK ]  |  7543 | 0x00006577 | 0x00 | 0x00
[OK ]  |  7544 | 0x00006578 | 0x16 | 0x16
[OK ]  |  7545 | 0x00006579 | 0x25 | 0x25
[OK ]  |  7546 | 0x0000657a | 0xfd | 0xfd
[OK ]  |  7547 | 0x0000657b | 0xff | 0xff
[OK ]  |  7548 | 0x0000657c | 0x53 | 0x53
[OK ]  |  7549 | 0x0000657d | 0xea | 0xea
[OK ]  |  7550 | 0x0000657e | 0xfe | 0xfe
[OK ]  |  7551 | 0x0000657f | 0xff | 0xff
[OK ]  |  7552 | 0x00006580 | 0x60 | 0x60
[OK ]  |  7553 | 0x00006581 | 0x28 | 0x28
[OK ]  |  7554 | 0x00006582 | 0x01 | 0x01
[OK ]  |  7555 | 0x00006583 | 0x00 | 0x00
[OK ]  |  7556 | 0x00006584 | 0xf8 | 0xf8
[OK ]  |  7557 | 0x00006585 | 0x4c | 0x4c
[OK ]  |  7558 | 0x00006586 | 0x00 | 0x00
[OK ]  |  7559 | 0x00006587 | 0x00 | 0x00
[OK ]  |  7560 | 0x00006588 | 0x96 | 0x96
[OK ]  |  7561 | 0x00006589 | 0x76 | 0x76
[OK ]  |  7562 | 0x0000658a | 0xff | 0xff
[OK ]  |  7563 | 0x0000658b | 0xff | 0xff
[OK ]  |  7564 | 0x0000658c | 0xa9 | 0xa9
[OK ]  |  7565 | 0x0000658d | 0x23 | 0x23
[OK ]  |  7566 | 0x0000658e | 0x00 | 0x00
[OK ]  |  7567 | 0x0000658f | 0x00 | 0x00
[OK ]  |  7568 | 0x00006590 | 0xc3 | 0xc3
[OK ]  |  7569 | 0x00006591 | 0x6f | 0x6f
[OK ]  |  7570 | 0x00006592 | 0xfe | 0xfe
[OK ]  |  7571 | 0x00006593 | 0xff | 0xff
[OK ]  |  7572 | 0x00006594 | 0x9f | 0x9f
[OK ]  |  7573 | 0x00006595 | 0x61 | 0x61
[OK ]  |  7574 | 0x00006596 | 0x00 | 0x00
[OK ]  |  7575 | 0x00006597 | 0x00 | 0x00
[OK ]  |  7576 | 0x00006598 | 0x41 | 0x41
[OK ]  |  7577 | 0x00006599 | 0x55 | 0x55
[OK ]  |  7578 | 0x0000659a | 0x00 | 0x00
[OK ]  |  7579 | 0x0000659b | 0x00 | 0x00
[OK ]  |  7580 | 0x0000659c | 0x51 | 0x51
[OK ]  |  7581 | 0x0000659d | 0x32 | 0x32
[OK ]  |  7582 | 0x0000659e | 0x00 | 0x00
[OK ]  |  7583 | 0x0000659f | 0x00 | 0x00
[OK ]  |  7584 | 0x000065a0 | 0x3f | 0x3f
[OK ]  |  7585 | 0x000065a1 | 0x16 | 0x16
[OK ]  |  7586 | 0x000065a2 | 0x00 | 0x00
[OK ]  |  7587 | 0x000065a3 | 0x00 | 0x00
[OK ]  |  7588 | 0x000065a4 | 0xd8 | 0xd8
[OK ]  |  7589 | 0x000065a5 | 0x79 | 0x79
[OK ]  |  7590 | 0x000065a6 | 0xfe | 0xfe
[OK ]  |  7591 | 0x000065a7 | 0xff | 0xff
[OK ]  |  7592 | 0x000065a8 | 0xdb | 0xdb
[OK ]  |  7593 | 0x000065a9 | 0x42 | 0x42
[OK ]  |  7594 | 0x000065aa | 0x00 | 0x00
[OK ]  |  7595 | 0x000065ab | 0x00 | 0x00
[OK ]  |  7596 | 0x000065ac | 0x4e | 0x4e
[OK ]  |  7597 | 0x000065ad | 0x30 | 0x30
[OK ]  |  7598 | 0x000065ae | 0xff | 0xff
[OK ]  |  7599 | 0x000065af | 0xff | 0xff
[OK ]  |  7600 | 0x000065b0 | 0xf7 | 0xf7
[OK ]  |  7601 | 0x000065b1 | 0x27 | 0x27
[OK ]  |  7602 | 0x000065b2 | 0xfe | 0xfe
[OK ]  |  7603 | 0x000065b3 | 0xff | 0xff
[OK ]  |  7604 | 0x000065b4 | 0x22 | 0x22
[OK ]  |  7605 | 0x000065b5 | 0x31 | 0x31
[OK ]  |  7606 | 0x000065b6 | 0x00 | 0x00
[OK ]  |  7607 | 0x000065b7 | 0x00 | 0x00
[OK ]  |  7608 | 0x000065b8 | 0xf8 | 0xf8
[OK ]  |  7609 | 0x000065b9 | 0x19 | 0x19
[OK ]  |  7610 | 0x000065ba | 0x00 | 0x00
[OK ]  |  7611 | 0x000065bb | 0x00 | 0x00
[OK ]  |  7612 | 0x000065bc | 0xa2 | 0xa2
[OK ]  |  7613 | 0x000065bd | 0xd7 | 0xd7
[OK ]  |  7614 | 0x000065be | 0xff | 0xff
[OK ]  |  7615 | 0x000065bf | 0xff | 0xff
[OK ]  |  7616 | 0x000065c0 | 0x53 | 0x53
[OK ]  |  7617 | 0x000065c1 | 0xc5 | 0xc5
[OK ]  |  7618 | 0x000065c2 | 0xff | 0xff
[OK ]  |  7619 | 0x000065c3 | 0xff | 0xff
[OK ]  |  7620 | 0x000065c4 | 0x7d | 0x7d
[OK ]  |  7621 | 0x000065c5 | 0xa9 | 0xa9
[OK ]  |  7622 | 0x000065c6 | 0xff | 0xff
[OK ]  |  7623 | 0x000065c7 | 0xff | 0xff
[OK ]  |  7624 | 0x000065c8 | 0x73 | 0x73
[OK ]  |  7625 | 0x000065c9 | 0x8b | 0x8b
[OK ]  |  7626 | 0x000065ca | 0x00 | 0x00
[OK ]  |  7627 | 0x000065cb | 0x00 | 0x00
[OK ]  |  7628 | 0x000065cc | 0x6f | 0x6f
[OK ]  |  7629 | 0x000065cd | 0x06 | 0x06
[OK ]  |  7630 | 0x000065ce | 0x01 | 0x01
[OK ]  |  7631 | 0x000065cf | 0x00 | 0x00
[OK ]  |  7632 | 0x000065d0 | 0x95 | 0x95
[OK ]  |  7633 | 0x000065d1 | 0xf6 | 0xf6
[OK ]  |  7634 | 0x000065d2 | 0xfe | 0xfe
[OK ]  |  7635 | 0x000065d3 | 0xff | 0xff
[OK ]  |  7636 | 0x000065d4 | 0x29 | 0x29
[OK ]  |  7637 | 0x000065d5 | 0xee | 0xee
[OK ]  |  7638 | 0x000065d6 | 0xff | 0xff
[OK ]  |  7639 | 0x000065d7 | 0xff | 0xff
[OK ]  |  7640 | 0x000065d8 | 0xe4 | 0xe4
[OK ]  |  7641 | 0x000065d9 | 0xbf | 0xbf
[OK ]  |  7642 | 0x000065da | 0xff | 0xff
[OK ]  |  7643 | 0x000065db | 0xff | 0xff
[OK ]  |  7644 | 0x000065dc | 0x12 | 0x12
[OK ]  |  7645 | 0x000065dd | 0xcf | 0xcf
[OK ]  |  7646 | 0x000065de | 0xff | 0xff
[OK ]  |  7647 | 0x000065df | 0xff | 0xff
[OK ]  |  7648 | 0x000065e0 | 0xe8 | 0xe8
[OK ]  |  7649 | 0x000065e1 | 0x27 | 0x27
[OK ]  |  7650 | 0x000065e2 | 0x00 | 0x00
[OK ]  |  7651 | 0x000065e3 | 0x00 | 0x00
[OK ]  |  7652 | 0x000065e4 | 0xe9 | 0xe9
[OK ]  |  7653 | 0x000065e5 | 0x5c | 0x5c
[OK ]  |  7654 | 0x000065e6 | 0xff | 0xff
[OK ]  |  7655 | 0x000065e7 | 0xff | 0xff
[OK ]  |  7656 | 0x000065e8 | 0x55 | 0x55
[OK ]  |  7657 | 0x000065e9 | 0xa0 | 0xa0
[OK ]  |  7658 | 0x000065ea | 0x01 | 0x01
[OK ]  |  7659 | 0x000065eb | 0x00 | 0x00
[OK ]  |  7660 | 0x000065ec | 0x3e | 0x3e
[OK ]  |  7661 | 0x000065ed | 0x89 | 0x89
[OK ]  |  7662 | 0x000065ee | 0xff | 0xff
[OK ]  |  7663 | 0x000065ef | 0xff | 0xff
[OK ]  |  7664 | 0x000065f0 | 0x0d | 0x0d
[OK ]  |  7665 | 0x000065f1 | 0x65 | 0x65
[OK ]  |  7666 | 0x000065f2 | 0x01 | 0x01
[OK ]  |  7667 | 0x000065f3 | 0x00 | 0x00
[OK ]  |  7668 | 0x000065f4 | 0xb1 | 0xb1
[OK ]  |  7669 | 0x000065f5 | 0x48 | 0x48
[OK ]  |  7670 | 0x000065f6 | 0x02 | 0x02
[OK ]  |  7671 | 0x000065f7 | 0x00 | 0x00
[OK ]  |  7672 | 0x000065f8 | 0x9b | 0x9b
[OK ]  |  7673 | 0x000065f9 | 0x10 | 0x10
[OK ]  |  7674 | 0x000065fa | 0x00 | 0x00
[OK ]  |  7675 | 0x000065fb | 0x00 | 0x00
[OK ]  |  7676 | 0x000065fc | 0x24 | 0x24
[OK ]  |  7677 | 0x000065fd | 0xae | 0xae
[OK ]  |  7678 | 0x000065fe | 0xff | 0xff
[OK ]  |  7679 | 0x000065ff | 0xff | 0xff
[OK ]  |  7680 | 0x00006600 | 0x77 | 0x77
[OK ]  |  7681 | 0x00006601 | 0x38 | 0x38
[OK ]  |  7682 | 0x00006602 | 0xff | 0xff
[OK ]  |  7683 | 0x00006603 | 0xff | 0xff
[OK ]  |  7684 | 0x00006604 | 0x7d | 0x7d
[OK ]  |  7685 | 0x00006605 | 0x03 | 0x03
[OK ]  |  7686 | 0x00006606 | 0x01 | 0x01
[OK ]  |  7687 | 0x00006607 | 0x00 | 0x00
[OK ]  |  7688 | 0x00006608 | 0x0e | 0x0e
[OK ]  |  7689 | 0x00006609 | 0x18 | 0x18
[OK ]  |  7690 | 0x0000660a | 0xff | 0xff
[OK ]  |  7691 | 0x0000660b | 0xff | 0xff
[OK ]  |  7692 | 0x0000660c | 0x67 | 0x67
[OK ]  |  7693 | 0x0000660d | 0xbd | 0xbd
[OK ]  |  7694 | 0x0000660e | 0x01 | 0x01
[OK ]  |  7695 | 0x0000660f | 0x00 | 0x00
[OK ]  |  7696 | 0x00006610 | 0x16 | 0x16
[OK ]  |  7697 | 0x00006611 | 0x89 | 0x89
[OK ]  |  7698 | 0x00006612 | 0x00 | 0x00
[OK ]  |  7699 | 0x00006613 | 0x00 | 0x00
[OK ]  |  7700 | 0x00006614 | 0xff | 0xff
[OK ]  |  7701 | 0x00006615 | 0x00 | 0x00
[OK ]  |  7702 | 0x00006616 | 0xfe | 0xfe
[OK ]  |  7703 | 0x00006617 | 0xff | 0xff
[OK ]  |  7704 | 0x00006618 | 0xf2 | 0xf2
[OK ]  |  7705 | 0x00006619 | 0x81 | 0x81
[OK ]  |  7706 | 0x0000661a | 0x01 | 0x01
[OK ]  |  7707 | 0x0000661b | 0x00 | 0x00
[OK ]  |  7708 | 0x0000661c | 0x94 | 0x94
[OK ]  |  7709 | 0x0000661d | 0xc5 | 0xc5
[OK ]  |  7710 | 0x0000661e | 0x00 | 0x00
[OK ]  |  7711 | 0x0000661f | 0x00 | 0x00
[OK ]  |  7712 | 0x00006620 | 0x3b | 0x3b
[OK ]  |  7713 | 0x00006621 | 0x5b | 0x5b
[OK ]  |  7714 | 0x00006622 | 0xff | 0xff
[OK ]  |  7715 | 0x00006623 | 0xff | 0xff
[OK ]  |  7716 | 0x00006624 | 0xc1 | 0xc1
[OK ]  |  7717 | 0x00006625 | 0xd2 | 0xd2
[OK ]  |  7718 | 0x00006626 | 0xff | 0xff
[OK ]  |  7719 | 0x00006627 | 0xff | 0xff
[OK ]  |  7720 | 0x00006628 | 0x99 | 0x99
[OK ]  |  7721 | 0x00006629 | 0xcc | 0xcc
[OK ]  |  7722 | 0x0000662a | 0xff | 0xff
[OK ]  |  7723 | 0x0000662b | 0xff | 0xff
[OK ]  |  7724 | 0x0000662c | 0x40 | 0x40
[OK ]  |  7725 | 0x0000662d | 0x69 | 0x69
[OK ]  |  7726 | 0x0000662e | 0x01 | 0x01
[OK ]  |  7727 | 0x0000662f | 0x00 | 0x00
[OK ]  |  7728 | 0x00006630 | 0x1a | 0x1a
[OK ]  |  7729 | 0x00006631 | 0x92 | 0x92
[OK ]  |  7730 | 0x00006632 | 0xff | 0xff
[OK ]  |  7731 | 0x00006633 | 0xff | 0xff
[OK ]  |  7732 | 0x00006634 | 0x8d | 0x8d
[OK ]  |  7733 | 0x00006635 | 0x63 | 0x63
[OK ]  |  7734 | 0x00006636 | 0x01 | 0x01
[OK ]  |  7735 | 0x00006637 | 0x00 | 0x00
[OK ]  |  7736 | 0x00006638 | 0xdc | 0xdc
[OK ]  |  7737 | 0x00006639 | 0xa0 | 0xa0
[OK ]  |  7738 | 0x0000663a | 0xff | 0xff
[OK ]  |  7739 | 0x0000663b | 0xff | 0xff
[OK ]  |  7740 | 0x0000663c | 0x54 | 0x54
[OK ]  |  7741 | 0x0000663d | 0xa6 | 0xa6
[OK ]  |  7742 | 0x0000663e | 0xfe | 0xfe
[OK ]  |  7743 | 0x0000663f | 0xff | 0xff
[OK ]  |  7744 | 0x00006640 | 0x59 | 0x59
[OK ]  |  7745 | 0x00006641 | 0xf7 | 0xf7
[OK ]  |  7746 | 0x00006642 | 0xff | 0xff
[OK ]  |  7747 | 0x00006643 | 0xff | 0xff
[OK ]  |  7748 | 0x00006644 | 0xcb | 0xcb
[OK ]  |  7749 | 0x00006645 | 0xc9 | 0xc9
[OK ]  |  7750 | 0x00006646 | 0xfe | 0xfe
[OK ]  |  7751 | 0x00006647 | 0xff | 0xff
[OK ]  |  7752 | 0x00006648 | 0xc0 | 0xc0
[OK ]  |  7753 | 0x00006649 | 0x8a | 0x8a
[OK ]  |  7754 | 0x0000664a | 0x00 | 0x00
[OK ]  |  7755 | 0x0000664b | 0x00 | 0x00
[OK ]  |  7756 | 0x0000664c | 0xbb | 0xbb
[OK ]  |  7757 | 0x0000664d | 0x76 | 0x76
[OK ]  |  7758 | 0x0000664e | 0x00 | 0x00
[OK ]  |  7759 | 0x0000664f | 0x00 | 0x00
[OK ]  |  7760 | 0x00006650 | 0x63 | 0x63
[OK ]  |  7761 | 0x00006651 | 0x8d | 0x8d
[OK ]  |  7762 | 0x00006652 | 0x00 | 0x00
[OK ]  |  7763 | 0x00006653 | 0x00 | 0x00
[OK ]  |  7764 | 0x00006654 | 0xd4 | 0xd4
[OK ]  |  7765 | 0x00006655 | 0x8d | 0x8d
[OK ]  |  7766 | 0x00006656 | 0x00 | 0x00
[OK ]  |  7767 | 0x00006657 | 0x00 | 0x00
[OK ]  |  7768 | 0x00006658 | 0xa4 | 0xa4
[OK ]  |  7769 | 0x00006659 | 0xfd | 0xfd
[OK ]  |  7770 | 0x0000665a | 0xff | 0xff
[OK ]  |  7771 | 0x0000665b | 0xff | 0xff
[OK ]  |  7772 | 0x0000665c | 0xec | 0xec
[OK ]  |  7773 | 0x0000665d | 0xaa | 0xaa
[OK ]  |  7774 | 0x0000665e | 0xff | 0xff
[OK ]  |  7775 | 0x0000665f | 0xff | 0xff
[OK ]  |  7776 | 0x00006660 | 0x06 | 0x06
[OK ]  |  7777 | 0x00006661 | 0xb8 | 0xb8
[OK ]  |  7778 | 0x00006662 | 0x00 | 0x00
[OK ]  |  7779 | 0x00006663 | 0x00 | 0x00
[OK ]  |  7780 | 0x00006664 | 0x5d | 0x5d
[OK ]  |  7781 | 0x00006665 | 0x01 | 0x01
[OK ]  |  7782 | 0x00006666 | 0x00 | 0x00
[OK ]  |  7783 | 0x00006667 | 0x00 | 0x00
[OK ]  |  7784 | 0x00006668 | 0xf6 | 0xf6
[OK ]  |  7785 | 0x00006669 | 0xd8 | 0xd8
[OK ]  |  7786 | 0x0000666a | 0xff | 0xff
[OK ]  |  7787 | 0x0000666b | 0xff | 0xff
[OK ]  |  7788 | 0x0000666c | 0x1a | 0x1a
[OK ]  |  7789 | 0x0000666d | 0x07 | 0x07
[OK ]  |  7790 | 0x0000666e | 0xff | 0xff
[OK ]  |  7791 | 0x0000666f | 0xff | 0xff
[OK ]  |  7792 | 0x00006670 | 0x50 | 0x50
[OK ]  |  7793 | 0x00006671 | 0x81 | 0x81
[OK ]  |  7794 | 0x00006672 | 0x00 | 0x00
[OK ]  |  7795 | 0x00006673 | 0x00 | 0x00
[OK ]  |  7796 | 0x00006674 | 0x89 | 0x89
[OK ]  |  7797 | 0x00006675 | 0x8a | 0x8a
[OK ]  |  7798 | 0x00006676 | 0x00 | 0x00
[OK ]  |  7799 | 0x00006677 | 0x00 | 0x00
[OK ]  |  7800 | 0x00006678 | 0xdb | 0xdb
[OK ]  |  7801 | 0x00006679 | 0xfe | 0xfe
[OK ]  |  7802 | 0x0000667a | 0xff | 0xff
[OK ]  |  7803 | 0x0000667b | 0xff | 0xff
[OK ]  |  7804 | 0x0000667c | 0xcb | 0xcb
[OK ]  |  7805 | 0x0000667d | 0xce | 0xce
[OK ]  |  7806 | 0x0000667e | 0x00 | 0x00
[OK ]  |  7807 | 0x0000667f | 0x00 | 0x00
[OK ]  |  7808 | 0x00006680 | 0x4f | 0x4f
[OK ]  |  7809 | 0x00006681 | 0xca | 0xca
[OK ]  |  7810 | 0x00006682 | 0xfd | 0xfd
[OK ]  |  7811 | 0x00006683 | 0xff | 0xff
[OK ]  |  7812 | 0x00006684 | 0xf9 | 0xf9
[OK ]  |  7813 | 0x00006685 | 0xf2 | 0xf2
[OK ]  |  7814 | 0x00006686 | 0x00 | 0x00
[OK ]  |  7815 | 0x00006687 | 0x00 | 0x00
[OK ]  |  7816 | 0x00006688 | 0x00 | 0x00
[OK ]  |  7817 | 0x00006689 | 0x1a | 0x1a
[OK ]  |  7818 | 0x0000668a | 0x00 | 0x00
[OK ]  |  7819 | 0x0000668b | 0x00 | 0x00
[OK ]  |  7820 | 0x0000668c | 0xdb | 0xdb
[OK ]  |  7821 | 0x0000668d | 0x71 | 0x71
[OK ]  |  7822 | 0x0000668e | 0xfe | 0xfe
[OK ]  |  7823 | 0x0000668f | 0xff | 0xff
[OK ]  |  7824 | 0x00006690 | 0x73 | 0x73
[OK ]  |  7825 | 0x00006691 | 0xcd | 0xcd
[OK ]  |  7826 | 0x00006692 | 0x01 | 0x01
[OK ]  |  7827 | 0x00006693 | 0x00 | 0x00
[OK ]  |  7828 | 0x00006694 | 0x68 | 0x68
[OK ]  |  7829 | 0x00006695 | 0x31 | 0x31
[OK ]  |  7830 | 0x00006696 | 0x00 | 0x00
[OK ]  |  7831 | 0x00006697 | 0x00 | 0x00
[OK ]  |  7832 | 0x00006698 | 0xa2 | 0xa2
[OK ]  |  7833 | 0x00006699 | 0x7c | 0x7c
[OK ]  |  7834 | 0x0000669a | 0x00 | 0x00
[OK ]  |  7835 | 0x0000669b | 0x00 | 0x00
[OK ]  |  7836 | 0x0000669c | 0x2a | 0x2a
[OK ]  |  7837 | 0x0000669d | 0xea | 0xea
[OK ]  |  7838 | 0x0000669e | 0x00 | 0x00
[OK ]  |  7839 | 0x0000669f | 0x00 | 0x00
[OK ]  |  7840 | 0x000066a0 | 0x88 | 0x88
[OK ]  |  7841 | 0x000066a1 | 0x73 | 0x73
[OK ]  |  7842 | 0x000066a2 | 0x01 | 0x01
[OK ]  |  7843 | 0x000066a3 | 0x00 | 0x00
[OK ]  |  7844 | 0x000066a4 | 0x70 | 0x70
[OK ]  |  7845 | 0x000066a5 | 0x16 | 0x16
[OK ]  |  7846 | 0x000066a6 | 0x01 | 0x01
[OK ]  |  7847 | 0x000066a7 | 0x00 | 0x00
[OK ]  |  7848 | 0x000066a8 | 0x86 | 0x86
[OK ]  |  7849 | 0x000066a9 | 0x7d | 0x7d
[OK ]  |  7850 | 0x000066aa | 0xff | 0xff
[OK ]  |  7851 | 0x000066ab | 0xff | 0xff
[OK ]  |  7852 | 0x000066ac | 0xd5 | 0xd5
[OK ]  |  7853 | 0x000066ad | 0x9a | 0x9a
[OK ]  |  7854 | 0x000066ae | 0xff | 0xff
[OK ]  |  7855 | 0x000066af | 0xff | 0xff
[OK ]  |  7856 | 0x000066b0 | 0x6e | 0x6e
[OK ]  |  7857 | 0x000066b1 | 0xd8 | 0xd8
[OK ]  |  7858 | 0x000066b2 | 0x00 | 0x00
[OK ]  |  7859 | 0x000066b3 | 0x00 | 0x00
[OK ]  |  7860 | 0x000066b4 | 0x6e | 0x6e
[OK ]  |  7861 | 0x000066b5 | 0xef | 0xef
[OK ]  |  7862 | 0x000066b6 | 0x00 | 0x00
[OK ]  |  7863 | 0x000066b7 | 0x00 | 0x00
[OK ]  |  7864 | 0x000066b8 | 0xdf | 0xdf
[OK ]  |  7865 | 0x000066b9 | 0xaa | 0xaa
[OK ]  |  7866 | 0x000066ba | 0xff | 0xff
[OK ]  |  7867 | 0x000066bb | 0xff | 0xff
[OK ]  |  7868 | 0x000066bc | 0xe5 | 0xe5
[OK ]  |  7869 | 0x000066bd | 0x14 | 0x14
[OK ]  |  7870 | 0x000066be | 0x00 | 0x00
[OK ]  |  7871 | 0x000066bf | 0x00 | 0x00
[OK ]  |  7872 | 0x000066c0 | 0x42 | 0x42
[OK ]  |  7873 | 0x000066c1 | 0x29 | 0x29
[OK ]  |  7874 | 0x000066c2 | 0xff | 0xff
[OK ]  |  7875 | 0x000066c3 | 0xff | 0xff
[OK ]  |  7876 | 0x000066c4 | 0x1f | 0x1f
[OK ]  |  7877 | 0x000066c5 | 0xef | 0xef
[OK ]  |  7878 | 0x000066c6 | 0xff | 0xff
[OK ]  |  7879 | 0x000066c7 | 0xff | 0xff
[OK ]  |  7880 | 0x000066c8 | 0xd0 | 0xd0
[OK ]  |  7881 | 0x000066c9 | 0xa8 | 0xa8
[OK ]  |  7882 | 0x000066ca | 0xff | 0xff
[OK ]  |  7883 | 0x000066cb | 0xff | 0xff
[OK ]  |  7884 | 0x000066cc | 0xe8 | 0xe8
[OK ]  |  7885 | 0x000066cd | 0x48 | 0x48
[OK ]  |  7886 | 0x000066ce | 0xfd | 0xfd
[OK ]  |  7887 | 0x000066cf | 0xff | 0xff
[OK ]  |  7888 | 0x000066d0 | 0xd5 | 0xd5
[OK ]  |  7889 | 0x000066d1 | 0xc6 | 0xc6
[OK ]  |  7890 | 0x000066d2 | 0xfe | 0xfe
[OK ]  |  7891 | 0x000066d3 | 0xff | 0xff
[OK ]  |  7892 | 0x000066d4 | 0x46 | 0x46
[OK ]  |  7893 | 0x000066d5 | 0xd2 | 0xd2
[OK ]  |  7894 | 0x000066d6 | 0x00 | 0x00
[OK ]  |  7895 | 0x000066d7 | 0x00 | 0x00
[OK ]  |  7896 | 0x000066d8 | 0x72 | 0x72
[OK ]  |  7897 | 0x000066d9 | 0xb2 | 0xb2
[OK ]  |  7898 | 0x000066da | 0xff | 0xff
[OK ]  |  7899 | 0x000066db | 0xff | 0xff
[OK ]  |  7900 | 0x000066dc | 0x76 | 0x76
[OK ]  |  7901 | 0x000066dd | 0x8b | 0x8b
[OK ]  |  7902 | 0x000066de | 0xfe | 0xfe
[OK ]  |  7903 | 0x000066df | 0xff | 0xff
[OK ]  |  7904 | 0x000066e0 | 0x85 | 0x85
[OK ]  |  7905 | 0x000066e1 | 0x68 | 0x68
[OK ]  |  7906 | 0x000066e2 | 0xff | 0xff
[OK ]  |  7907 | 0x000066e3 | 0xff | 0xff
[OK ]  |  7908 | 0x000066e4 | 0x3f | 0x3f
[OK ]  |  7909 | 0x000066e5 | 0x4d | 0x4d
[OK ]  |  7910 | 0x000066e6 | 0x00 | 0x00
[OK ]  |  7911 | 0x000066e7 | 0x00 | 0x00
[OK ]  |  7912 | 0x000066e8 | 0xad | 0xad
[OK ]  |  7913 | 0x000066e9 | 0x68 | 0x68
[OK ]  |  7914 | 0x000066ea | 0x01 | 0x01
[OK ]  |  7915 | 0x000066eb | 0x00 | 0x00
[OK ]  |  7916 | 0x000066ec | 0x84 | 0x84
[OK ]  |  7917 | 0x000066ed | 0x71 | 0x71
[OK ]  |  7918 | 0x000066ee | 0x00 | 0x00
[OK ]  |  7919 | 0x000066ef | 0x00 | 0x00
[OK ]  |  7920 | 0x000066f0 | 0x6d | 0x6d
[OK ]  |  7921 | 0x000066f1 | 0x47 | 0x47
[OK ]  |  7922 | 0x000066f2 | 0x01 | 0x01
[OK ]  |  7923 | 0x000066f3 | 0x00 | 0x00
[OK ]  |  7924 | 0x000066f4 | 0xbb | 0xbb
[OK ]  |  7925 | 0x000066f5 | 0xb9 | 0xb9
[OK ]  |  7926 | 0x000066f6 | 0x00 | 0x00
[OK ]  |  7927 | 0x000066f7 | 0x00 | 0x00
[OK ]  |  7928 | 0x000066f8 | 0x7d | 0x7d
[OK ]  |  7929 | 0x000066f9 | 0x6f | 0x6f
[OK ]  |  7930 | 0x000066fa | 0x00 | 0x00
[OK ]  |  7931 | 0x000066fb | 0x00 | 0x00
[OK ]  |  7932 | 0x000066fc | 0x79 | 0x79
[OK ]  |  7933 | 0x000066fd | 0xe4 | 0xe4
[OK ]  |  7934 | 0x000066fe | 0x00 | 0x00
[OK ]  |  7935 | 0x000066ff | 0x00 | 0x00
[OK ]  |  7936 | 0x00006700 | 0xfe | 0xfe
[OK ]  |  7937 | 0x00006701 | 0xef | 0xef
[OK ]  |  7938 | 0x00006702 | 0x00 | 0x00
[OK ]  |  7939 | 0x00006703 | 0x00 | 0x00
[OK ]  |  7940 | 0x00006704 | 0x9f | 0x9f
[OK ]  |  7941 | 0x00006705 | 0x6c | 0x6c
[OK ]  |  7942 | 0x00006706 | 0x00 | 0x00
[OK ]  |  7943 | 0x00006707 | 0x00 | 0x00
[OK ]  |  7944 | 0x00006708 | 0x0a | 0x0a
[OK ]  |  7945 | 0x00006709 | 0xa9 | 0xa9
[OK ]  |  7946 | 0x0000670a | 0xff | 0xff
[OK ]  |  7947 | 0x0000670b | 0xff | 0xff
[OK ]  |  7948 | 0x0000670c | 0x8a | 0x8a
[OK ]  |  7949 | 0x0000670d | 0x80 | 0x80
[OK ]  |  7950 | 0x0000670e | 0xff | 0xff
[OK ]  |  7951 | 0x0000670f | 0xff | 0xff
[OK ]  |  7952 | 0x00006710 | 0x27 | 0x27
[OK ]  |  7953 | 0x00006711 | 0xae | 0xae
[OK ]  |  7954 | 0x00006712 | 0x01 | 0x01
[OK ]  |  7955 | 0x00006713 | 0x00 | 0x00
[OK ]  |  7956 | 0x00006714 | 0xa2 | 0xa2
[OK ]  |  7957 | 0x00006715 | 0x83 | 0x83
[OK ]  |  7958 | 0x00006716 | 0x00 | 0x00
[OK ]  |  7959 | 0x00006717 | 0x00 | 0x00
[OK ]  |  7960 | 0x00006718 | 0x97 | 0x97
[OK ]  |  7961 | 0x00006719 | 0x8b | 0x8b
[OK ]  |  7962 | 0x0000671a | 0x00 | 0x00
[OK ]  |  7963 | 0x0000671b | 0x00 | 0x00
[OK ]  |  7964 | 0x0000671c | 0x64 | 0x64
[OK ]  |  7965 | 0x0000671d | 0xf2 | 0xf2
[OK ]  |  7966 | 0x0000671e | 0xff | 0xff
[OK ]  |  7967 | 0x0000671f | 0xff | 0xff
[OK ]  |  7968 | 0x00006720 | 0x1d | 0x1d
[OK ]  |  7969 | 0x00006721 | 0x69 | 0x69
[OK ]  |  7970 | 0x00006722 | 0xff | 0xff
[OK ]  |  7971 | 0x00006723 | 0xff | 0xff
[OK ]  |  7972 | 0x00006724 | 0x14 | 0x14
[OK ]  |  7973 | 0x00006725 | 0x3d | 0x3d
[OK ]  |  7974 | 0x00006726 | 0xff | 0xff
[OK ]  |  7975 | 0x00006727 | 0xff | 0xff
[OK ]  |  7976 | 0x00006728 | 0x93 | 0x93
[OK ]  |  7977 | 0x00006729 | 0x34 | 0x34
[OK ]  |  7978 | 0x0000672a | 0xff | 0xff
[OK ]  |  7979 | 0x0000672b | 0xff | 0xff
[OK ]  |  7980 | 0x0000672c | 0x00 | 0x00
[OK ]  |  7981 | 0x0000672d | 0xf8 | 0xf8
[OK ]  |  7982 | 0x0000672e | 0xff | 0xff
[OK ]  |  7983 | 0x0000672f | 0xff | 0xff
[OK ]  |  7984 | 0x00006730 | 0xb2 | 0xb2
[OK ]  |  7985 | 0x00006731 | 0x26 | 0x26
[OK ]  |  7986 | 0x00006732 | 0x01 | 0x01
[OK ]  |  7987 | 0x00006733 | 0x00 | 0x00
[OK ]  |  7988 | 0x00006734 | 0xf8 | 0xf8
[OK ]  |  7989 | 0x00006735 | 0x2c | 0x2c
[OK ]  |  7990 | 0x00006736 | 0x00 | 0x00
[OK ]  |  7991 | 0x00006737 | 0x00 | 0x00
[OK ]  |  7992 | 0x00006738 | 0xe2 | 0xe2
[OK ]  |  7993 | 0x00006739 | 0xc2 | 0xc2
[OK ]  |  7994 | 0x0000673a | 0x01 | 0x01
[OK ]  |  7995 | 0x0000673b | 0x00 | 0x00
[OK ]  |  7996 | 0x0000673c | 0x3c | 0x3c
[OK ]  |  7997 | 0x0000673d | 0xbf | 0xbf
[OK ]  |  7998 | 0x0000673e | 0x00 | 0x00
[OK ]  |  7999 | 0x0000673f | 0x00 | 0x00
[OK ]  |  8000 | 0x00006740 | 0x92 | 0x92
[OK ]  |  8001 | 0x00006741 | 0xe2 | 0xe2
[OK ]  |  8002 | 0x00006742 | 0x00 | 0x00
[OK ]  |  8003 | 0x00006743 | 0x00 | 0x00
[OK ]  |  8004 | 0x00006744 | 0xee | 0xee
[OK ]  |  8005 | 0x00006745 | 0xf4 | 0xf4
[OK ]  |  8006 | 0x00006746 | 0xff | 0xff
[OK ]  |  8007 | 0x00006747 | 0xff | 0xff
[OK ]  |  8008 | 0x00006748 | 0x03 | 0x03
[OK ]  |  8009 | 0x00006749 | 0x24 | 0x24
[OK ]  |  8010 | 0x0000674a | 0x00 | 0x00
[OK ]  |  8011 | 0x0000674b | 0x00 | 0x00
[OK ]  |  8012 | 0x0000674c | 0x5d | 0x5d
[OK ]  |  8013 | 0x0000674d | 0xeb | 0xeb
[OK ]  |  8014 | 0x0000674e | 0xff | 0xff
[OK ]  |  8015 | 0x0000674f | 0xff | 0xff
[OK ]  |  8016 | 0x00006750 | 0x57 | 0x57
[OK ]  |  8017 | 0x00006751 | 0xb5 | 0xb5
[OK ]  |  8018 | 0x00006752 | 0x00 | 0x00
[OK ]  |  8019 | 0x00006753 | 0x00 | 0x00
[OK ]  |  8020 | 0x00006754 | 0x8d | 0x8d
[OK ]  |  8021 | 0x00006755 | 0x26 | 0x26
[OK ]  |  8022 | 0x00006756 | 0xff | 0xff
[OK ]  |  8023 | 0x00006757 | 0xff | 0xff
[OK ]  |  8024 | 0x00006758 | 0x8f | 0x8f
[OK ]  |  8025 | 0x00006759 | 0x94 | 0x94
[OK ]  |  8026 | 0x0000675a | 0xff | 0xff
[OK ]  |  8027 | 0x0000675b | 0xff | 0xff
[OK ]  |  8028 | 0x0000675c | 0xfa | 0xfa
[OK ]  |  8029 | 0x0000675d | 0xa2 | 0xa2
[OK ]  |  8030 | 0x0000675e | 0xff | 0xff
[OK ]  |  8031 | 0x0000675f | 0xff | 0xff
[OK ]  |  8032 | 0x00006760 | 0x22 | 0x22
[OK ]  |  8033 | 0x00006761 | 0x07 | 0x07
[OK ]  |  8034 | 0x00006762 | 0x00 | 0x00
[OK ]  |  8035 | 0x00006763 | 0x00 | 0x00
[OK ]  |  8036 | 0x00006764 | 0x7f | 0x7f
[OK ]  |  8037 | 0x00006765 | 0xfc | 0xfc
[OK ]  |  8038 | 0x00006766 | 0x00 | 0x00
[OK ]  |  8039 | 0x00006767 | 0x00 | 0x00
[OK ]  |  8040 | 0x00006768 | 0x80 | 0x80
[OK ]  |  8041 | 0x00006769 | 0x7e | 0x7e
[OK ]  |  8042 | 0x0000676a | 0x00 | 0x00
[OK ]  |  8043 | 0x0000676b | 0x00 | 0x00
[OK ]  |  8044 | 0x0000676c | 0xe7 | 0xe7
[OK ]  |  8045 | 0x0000676d | 0x29 | 0x29
[OK ]  |  8046 | 0x0000676e | 0x01 | 0x01
[OK ]  |  8047 | 0x0000676f | 0x00 | 0x00
[OK ]  |  8048 | 0x00006770 | 0x69 | 0x69
[OK ]  |  8049 | 0x00006771 | 0x7b | 0x7b
[OK ]  |  8050 | 0x00006772 | 0x00 | 0x00
[OK ]  |  8051 | 0x00006773 | 0x00 | 0x00
[OK ]  |  8052 | 0x00006774 | 0x7a | 0x7a
[OK ]  |  8053 | 0x00006775 | 0x6c | 0x6c
[OK ]  |  8054 | 0x00006776 | 0x00 | 0x00
[OK ]  |  8055 | 0x00006777 | 0x00 | 0x00
[OK ]  |  8056 | 0x00006778 | 0x0b | 0x0b
[OK ]  |  8057 | 0x00006779 | 0xe0 | 0xe0
[OK ]  |  8058 | 0x0000677a | 0xff | 0xff
[OK ]  |  8059 | 0x0000677b | 0xff | 0xff
[OK ]  |  8060 | 0x0000677c | 0x4d | 0x4d
[OK ]  |  8061 | 0x0000677d | 0x31 | 0x31
[OK ]  |  8062 | 0x0000677e | 0x01 | 0x01
[OK ]  |  8063 | 0x0000677f | 0x00 | 0x00
[OK ]  |  8064 | 0x00006780 | 0x7f | 0x7f
[OK ]  |  8065 | 0x00006781 | 0x01 | 0x01
[OK ]  |  8066 | 0x00006782 | 0x01 | 0x01
[OK ]  |  8067 | 0x00006783 | 0x00 | 0x00
[OK ]  |  8068 | 0x00006784 | 0x74 | 0x74
[OK ]  |  8069 | 0x00006785 | 0x99 | 0x99
[OK ]  |  8070 | 0x00006786 | 0xff | 0xff
[OK ]  |  8071 | 0x00006787 | 0xff | 0xff
[OK ]  |  8072 | 0x00006788 | 0xd1 | 0xd1
[OK ]  |  8073 | 0x00006789 | 0x0e | 0x0e
[OK ]  |  8074 | 0x0000678a | 0xfe | 0xfe
[OK ]  |  8075 | 0x0000678b | 0xff | 0xff
[OK ]  |  8076 | 0x0000678c | 0xe8 | 0xe8
[OK ]  |  8077 | 0x0000678d | 0x0a | 0x0a
[OK ]  |  8078 | 0x0000678e | 0x00 | 0x00
[OK ]  |  8079 | 0x0000678f | 0x00 | 0x00
[OK ]  |  8080 | 0x00006790 | 0x92 | 0x92
[OK ]  |  8081 | 0x00006791 | 0x43 | 0x43
[OK ]  |  8082 | 0x00006792 | 0x00 | 0x00
[OK ]  |  8083 | 0x00006793 | 0x00 | 0x00
[OK ]  |  8084 | 0x00006794 | 0xd0 | 0xd0
[OK ]  |  8085 | 0x00006795 | 0x54 | 0x54
[OK ]  |  8086 | 0x00006796 | 0x00 | 0x00
[OK ]  |  8087 | 0x00006797 | 0x00 | 0x00
[OK ]  |  8088 | 0x00006798 | 0x5a | 0x5a
[OK ]  |  8089 | 0x00006799 | 0x68 | 0x68
[OK ]  |  8090 | 0x0000679a | 0xff | 0xff
[OK ]  |  8091 | 0x0000679b | 0xff | 0xff
[OK ]  |  8092 | 0x0000679c | 0x30 | 0x30
[OK ]  |  8093 | 0x0000679d | 0x11 | 0x11
[OK ]  |  8094 | 0x0000679e | 0xff | 0xff
[OK ]  |  8095 | 0x0000679f | 0xff | 0xff
[OK ]  |  8096 | 0x000067a0 | 0x70 | 0x70
[OK ]  |  8097 | 0x000067a1 | 0xdc | 0xdc
[OK ]  |  8098 | 0x000067a2 | 0xfe | 0xfe
[OK ]  |  8099 | 0x000067a3 | 0xff | 0xff
[OK ]  |  8100 | 0x000067a4 | 0x2f | 0x2f
[OK ]  |  8101 | 0x000067a5 | 0xe9 | 0xe9
[OK ]  |  8102 | 0x000067a6 | 0xfe | 0xfe
[OK ]  |  8103 | 0x000067a7 | 0xff | 0xff
[OK ]  |  8104 | 0x000067a8 | 0x97 | 0x97
[OK ]  |  8105 | 0x000067a9 | 0x28 | 0x28
[OK ]  |  8106 | 0x000067aa | 0x01 | 0x01
[OK ]  |  8107 | 0x000067ab | 0x00 | 0x00
[OK ]  |  8108 | 0x000067ac | 0x56 | 0x56
[OK ]  |  8109 | 0x000067ad | 0xe3 | 0xe3
[OK ]  |  8110 | 0x000067ae | 0x00 | 0x00
[OK ]  |  8111 | 0x000067af | 0x00 | 0x00
[OK ]  |  8112 | 0x000067b0 | 0xb9 | 0xb9
[OK ]  |  8113 | 0x000067b1 | 0xe2 | 0xe2
[OK ]  |  8114 | 0x000067b2 | 0xff | 0xff
[OK ]  |  8115 | 0x000067b3 | 0xff | 0xff
[OK ]  |  8116 | 0x000067b4 | 0x75 | 0x75
[OK ]  |  8117 | 0x000067b5 | 0xec | 0xec
[OK ]  |  8118 | 0x000067b6 | 0xfe | 0xfe
[OK ]  |  8119 | 0x000067b7 | 0xff | 0xff
[OK ]  |  8120 | 0x000067b8 | 0xa2 | 0xa2
[OK ]  |  8121 | 0x000067b9 | 0xff | 0xff
[OK ]  |  8122 | 0x000067ba | 0xff | 0xff
[OK ]  |  8123 | 0x000067bb | 0xff | 0xff
[OK ]  |  8124 | 0x000067bc | 0xe7 | 0xe7
[OK ]  |  8125 | 0x000067bd | 0x9d | 0x9d
[OK ]  |  8126 | 0x000067be | 0x00 | 0x00
[OK ]  |  8127 | 0x000067bf | 0x00 | 0x00
[OK ]  |  8128 | 0x000067c0 | 0xb0 | 0xb0
[OK ]  |  8129 | 0x000067c1 | 0xda | 0xda
[OK ]  |  8130 | 0x000067c2 | 0xfe | 0xfe
[OK ]  |  8131 | 0x000067c3 | 0xff | 0xff
[OK ]  |  8132 | 0x000067c4 | 0x58 | 0x58
[OK ]  |  8133 | 0x000067c5 | 0xe0 | 0xe0
[OK ]  |  8134 | 0x000067c6 | 0xff | 0xff
[OK ]  |  8135 | 0x000067c7 | 0xff | 0xff
[OK ]  |  8136 | 0x000067c8 | 0x27 | 0x27
[OK ]  |  8137 | 0x000067c9 | 0x5e | 0x5e
[OK ]  |  8138 | 0x000067ca | 0x00 | 0x00
[OK ]  |  8139 | 0x000067cb | 0x00 | 0x00
[OK ]  |  8140 | 0x000067cc | 0x54 | 0x54
[OK ]  |  8141 | 0x000067cd | 0xe1 | 0xe1
[OK ]  |  8142 | 0x000067ce | 0x01 | 0x01
[OK ]  |  8143 | 0x000067cf | 0x00 | 0x00
[OK ]  |  8144 | 0x000067d0 | 0x41 | 0x41
[OK ]  |  8145 | 0x000067d1 | 0x6e | 0x6e
[OK ]  |  8146 | 0x000067d2 | 0xff | 0xff
[OK ]  |  8147 | 0x000067d3 | 0xff | 0xff
[OK ]  |  8148 | 0x000067d4 | 0xbc | 0xbc
[OK ]  |  8149 | 0x000067d5 | 0x43 | 0x43
[OK ]  |  8150 | 0x000067d6 | 0xfe | 0xfe
[OK ]  |  8151 | 0x000067d7 | 0xff | 0xff
[OK ]  |  8152 | 0x000067d8 | 0x45 | 0x45
[OK ]  |  8153 | 0x000067d9 | 0x5e | 0x5e
[OK ]  |  8154 | 0x000067da | 0xff | 0xff
[OK ]  |  8155 | 0x000067db | 0xff | 0xff
[OK ]  |  8156 | 0x000067dc | 0xb0 | 0xb0
[OK ]  |  8157 | 0x000067dd | 0xbe | 0xbe
[OK ]  |  8158 | 0x000067de | 0x00 | 0x00
[OK ]  |  8159 | 0x000067df | 0x00 | 0x00
[OK ]  |  8160 | 0x000067e0 | 0x8a | 0x8a
[OK ]  |  8161 | 0x000067e1 | 0x40 | 0x40
[OK ]  |  8162 | 0x000067e2 | 0xff | 0xff
[OK ]  |  8163 | 0x000067e3 | 0xff | 0xff
[OK ]  |  8164 | 0x000067e4 | 0x47 | 0x47
[OK ]  |  8165 | 0x000067e5 | 0xcc | 0xcc
[OK ]  |  8166 | 0x000067e6 | 0xff | 0xff
[OK ]  |  8167 | 0x000067e7 | 0xff | 0xff
[OK ]  |  8168 | 0x000067e8 | 0x00 | 0x00
[OK ]  |  8169 | 0x000067e9 | 0x57 | 0x57
[OK ]  |  8170 | 0x000067ea | 0x01 | 0x01
[OK ]  |  8171 | 0x000067eb | 0x00 | 0x00
[OK ]  |  8172 | 0x000067ec | 0x00 | 0x00
[OK ]  |  8173 | 0x000067ed | 0xb0 | 0xb0
[OK ]  |  8174 | 0x000067ee | 0x00 | 0x00
[OK ]  |  8175 | 0x000067ef | 0x00 | 0x00
[OK ]  |  8176 | 0x000067f0 | 0x2a | 0x2a
[OK ]  |  8177 | 0x000067f1 | 0xb4 | 0xb4
[OK ]  |  8178 | 0x000067f2 | 0xff | 0xff
[OK ]  |  8179 | 0x000067f3 | 0xff | 0xff
[OK ]  |  8180 | 0x000067f4 | 0xd7 | 0xd7
[OK ]  |  8181 | 0x000067f5 | 0x2b | 0x2b
[OK ]  |  8182 | 0x000067f6 | 0xff | 0xff
[OK ]  |  8183 | 0x000067f7 | 0xff | 0xff
[OK ]  |  8184 | 0x000067f8 | 0x6a | 0x6a
[OK ]  |  8185 | 0x000067f9 | 0xcf | 0xcf
[OK ]  |  8186 | 0x000067fa | 0x00 | 0x00
[OK ]  |  8187 | 0x000067fb | 0x00 | 0x00
[OK ]  |  8188 | 0x000067fc | 0x88 | 0x88
[OK ]  |  8189 | 0x000067fd | 0x2a | 0x2a
[OK ]  |  8190 | 0x000067fe | 0xff | 0xff
[OK ]  |  8191 | 0x000067ff | 0xff | 0xff
[OK ]  |  8192 | 0x00006800 | 0x42 | 0x42
[OK ]  |  8193 | 0x00006801 | 0x97 | 0x97
[OK ]  |  8194 | 0x00006802 | 0xff | 0xff
[OK ]  |  8195 | 0x00006803 | 0xff | 0xff
[OK ]  |  8196 | 0x00006804 | 0x67 | 0x67
[OK ]  |  8197 | 0x00006805 | 0x8d | 0x8d
[OK ]  |  8198 | 0x00006806 | 0xff | 0xff
[OK ]  |  8199 | 0x00006807 | 0xff | 0xff
[OK ]  |  8200 | 0x00006808 | 0xdc | 0xdc
[OK ]  |  8201 | 0x00006809 | 0x90 | 0x90
[OK ]  |  8202 | 0x0000680a | 0x00 | 0x00
[OK ]  |  8203 | 0x0000680b | 0x00 | 0x00
[OK ]  |  8204 | 0x0000680c | 0x97 | 0x97
[OK ]  |  8205 | 0x0000680d | 0x3d | 0x3d
[OK ]  |  8206 | 0x0000680e | 0x00 | 0x00
[OK ]  |  8207 | 0x0000680f | 0x00 | 0x00
[OK ]  |  8208 | 0x00006810 | 0x91 | 0x91
[OK ]  |  8209 | 0x00006811 | 0xd0 | 0xd0
[OK ]  |  8210 | 0x00006812 | 0xfe | 0xfe
[OK ]  |  8211 | 0x00006813 | 0xff | 0xff
[OK ]  |  8212 | 0x00006814 | 0x0f | 0x0f
[OK ]  |  8213 | 0x00006815 | 0xe6 | 0xe6
[OK ]  |  8214 | 0x00006816 | 0xff | 0xff
[OK ]  |  8215 | 0x00006817 | 0xff | 0xff
[OK ]  |  8216 | 0x00006818 | 0x08 | 0x08
[OK ]  |  8217 | 0x00006819 | 0xc8 | 0xc8
[OK ]  |  8218 | 0x0000681a | 0xff | 0xff
[OK ]  |  8219 | 0x0000681b | 0xff | 0xff
[OK ]  |  8220 | 0x0000681c | 0x71 | 0x71
[OK ]  |  8221 | 0x0000681d | 0xae | 0xae
[OK ]  |  8222 | 0x0000681e | 0xff | 0xff
[OK ]  |  8223 | 0x0000681f | 0xff | 0xff
[OK ]  |  8224 | 0x00006820 | 0x84 | 0x84
[OK ]  |  8225 | 0x00006821 | 0x2b | 0x2b
[OK ]  |  8226 | 0x00006822 | 0xfe | 0xfe
[OK ]  |  8227 | 0x00006823 | 0xff | 0xff
[OK ]  |  8228 | 0x00006824 | 0x29 | 0x29
[OK ]  |  8229 | 0x00006825 | 0x73 | 0x73
[OK ]  |  8230 | 0x00006826 | 0xfe | 0xfe
[OK ]  |  8231 | 0x00006827 | 0xff | 0xff
[OK ]  |  8232 | 0x00006828 | 0xd3 | 0xd3
[OK ]  |  8233 | 0x00006829 | 0xf8 | 0xf8
[OK ]  |  8234 | 0x0000682a | 0x01 | 0x01
[OK ]  |  8235 | 0x0000682b | 0x00 | 0x00
[OK ]  |  8236 | 0x0000682c | 0xfe | 0xfe
[OK ]  |  8237 | 0x0000682d | 0x8e | 0x8e
[OK ]  |  8238 | 0x0000682e | 0x00 | 0x00
[OK ]  |  8239 | 0x0000682f | 0x00 | 0x00
[OK ]  |  8240 | 0x00006830 | 0x62 | 0x62
[OK ]  |  8241 | 0x00006831 | 0xb2 | 0xb2
[OK ]  |  8242 | 0x00006832 | 0xff | 0xff
[OK ]  |  8243 | 0x00006833 | 0xff | 0xff
[OK ]  |  8244 | 0x00006834 | 0xb4 | 0xb4
[OK ]  |  8245 | 0x00006835 | 0xaa | 0xaa
[OK ]  |  8246 | 0x00006836 | 0xfe | 0xfe
[OK ]  |  8247 | 0x00006837 | 0xff | 0xff
[OK ]  |  8248 | 0x00006838 | 0xc7 | 0xc7
[OK ]  |  8249 | 0x00006839 | 0xea | 0xea
[OK ]  |  8250 | 0x0000683a | 0x01 | 0x01
[OK ]  |  8251 | 0x0000683b | 0x00 | 0x00
[OK ]  |  8252 | 0x0000683c | 0x87 | 0x87
[OK ]  |  8253 | 0x0000683d | 0x97 | 0x97
[OK ]  |  8254 | 0x0000683e | 0x00 | 0x00
[OK ]  |  8255 | 0x0000683f | 0x00 | 0x00
[OK ]  |  8256 | 0x00006840 | 0x34 | 0x34
[OK ]  |  8257 | 0x00006841 | 0x2e | 0x2e
[OK ]  |  8258 | 0x00006842 | 0x01 | 0x01
[OK ]  |  8259 | 0x00006843 | 0x00 | 0x00
[OK ]  |  8260 | 0x00006844 | 0x52 | 0x52
[OK ]  |  8261 | 0x00006845 | 0x04 | 0x04
[OK ]  |  8262 | 0x00006846 | 0x00 | 0x00
[OK ]  |  8263 | 0x00006847 | 0x00 | 0x00
[OK ]  |  8264 | 0x00006848 | 0x27 | 0x27
[OK ]  |  8265 | 0x00006849 | 0xd2 | 0xd2
[OK ]  |  8266 | 0x0000684a | 0x00 | 0x00
[OK ]  |  8267 | 0x0000684b | 0x00 | 0x00
[OK ]  |  8268 | 0x0000684c | 0x52 | 0x52
[OK ]  |  8269 | 0x0000684d | 0xeb | 0xeb
[OK ]  |  8270 | 0x0000684e | 0xff | 0xff
[OK ]  |  8271 | 0x0000684f | 0xff | 0xff
[OK ]  |  8272 | 0x00006850 | 0x64 | 0x64
[OK ]  |  8273 | 0x00006851 | 0x64 | 0x64
[OK ]  |  8274 | 0x00006852 | 0x00 | 0x00
[OK ]  |  8275 | 0x00006853 | 0x00 | 0x00
[OK ]  |  8276 | 0x00006854 | 0xc4 | 0xc4
[OK ]  |  8277 | 0x00006855 | 0xa0 | 0xa0
[OK ]  |  8278 | 0x00006856 | 0x00 | 0x00
[OK ]  |  8279 | 0x00006857 | 0x00 | 0x00
[OK ]  |  8280 | 0x00006858 | 0xb6 | 0xb6
[OK ]  |  8281 | 0x00006859 | 0xb4 | 0xb4
[OK ]  |  8282 | 0x0000685a | 0xfe | 0xfe
[OK ]  |  8283 | 0x0000685b | 0xff | 0xff
[OK ]  |  8284 | 0x0000685c | 0x80 | 0x80
[OK ]  |  8285 | 0x0000685d | 0xf6 | 0xf6
[OK ]  |  8286 | 0x0000685e | 0xfd | 0xfd
[OK ]  |  8287 | 0x0000685f | 0xff | 0xff
[OK ]  |  8288 | 0x00006860 | 0x6e | 0x6e
[OK ]  |  8289 | 0x00006861 | 0x42 | 0x42
[OK ]  |  8290 | 0x00006862 | 0x00 | 0x00
[OK ]  |  8291 | 0x00006863 | 0x00 | 0x00
[OK ]  |  8292 | 0x00006864 | 0xe4 | 0xe4
[OK ]  |  8293 | 0x00006865 | 0x38 | 0x38
[OK ]  |  8294 | 0x00006866 | 0xfe | 0xfe
[OK ]  |  8295 | 0x00006867 | 0xff | 0xff
[OK ]  |  8296 | 0x00006868 | 0xe6 | 0xe6
[OK ]  |  8297 | 0x00006869 | 0xf7 | 0xf7
[OK ]  |  8298 | 0x0000686a | 0x00 | 0x00
[OK ]  |  8299 | 0x0000686b | 0x00 | 0x00
[OK ]  |  8300 | 0x0000686c | 0xa6 | 0xa6
[OK ]  |  8301 | 0x0000686d | 0x55 | 0x55
[OK ]  |  8302 | 0x0000686e | 0xff | 0xff
[OK ]  |  8303 | 0x0000686f | 0xff | 0xff
[OK ]  |  8304 | 0x00006870 | 0xac | 0xac
[OK ]  |  8305 | 0x00006871 | 0x2e | 0x2e
[OK ]  |  8306 | 0x00006872 | 0x00 | 0x00
[OK ]  |  8307 | 0x00006873 | 0x00 | 0x00
[OK ]  |  8308 | 0x00006874 | 0x05 | 0x05
[OK ]  |  8309 | 0x00006875 | 0xd6 | 0xd6
[OK ]  |  8310 | 0x00006876 | 0xff | 0xff
[OK ]  |  8311 | 0x00006877 | 0xff | 0xff
[OK ]  |  8312 | 0x00006878 | 0x55 | 0x55
[OK ]  |  8313 | 0x00006879 | 0x5e | 0x5e
[OK ]  |  8314 | 0x0000687a | 0xff | 0xff
[OK ]  |  8315 | 0x0000687b | 0xff | 0xff
[OK ]  |  8316 | 0x0000687c | 0x23 | 0x23
[OK ]  |  8317 | 0x0000687d | 0x61 | 0x61
[OK ]  |  8318 | 0x0000687e | 0xfe | 0xfe
[OK ]  |  8319 | 0x0000687f | 0xff | 0xff
[OK ]  |  8320 | 0x00006880 | 0x90 | 0x90
[OK ]  |  8321 | 0x00006881 | 0xc1 | 0xc1
[OK ]  |  8322 | 0x00006882 | 0xff | 0xff
[OK ]  |  8323 | 0x00006883 | 0xff | 0xff
[OK ]  |  8324 | 0x00006884 | 0x4b | 0x4b
[OK ]  |  8325 | 0x00006885 | 0x14 | 0x14
[OK ]  |  8326 | 0x00006886 | 0x02 | 0x02
[OK ]  |  8327 | 0x00006887 | 0x00 | 0x00
[OK ]  |  8328 | 0x00006888 | 0xf3 | 0xf3
[OK ]  |  8329 | 0x00006889 | 0x3d | 0x3d
[OK ]  |  8330 | 0x0000688a | 0xff | 0xff
[OK ]  |  8331 | 0x0000688b | 0xff | 0xff
[OK ]  |  8332 | 0x0000688c | 0x8e | 0x8e
[OK ]  |  8333 | 0x0000688d | 0x94 | 0x94
[OK ]  |  8334 | 0x0000688e | 0x00 | 0x00
[OK ]  |  8335 | 0x0000688f | 0x00 | 0x00
[OK ]  |  8336 | 0x00006890 | 0x8c | 0x8c
[OK ]  |  8337 | 0x00006891 | 0x20 | 0x20
[OK ]  |  8338 | 0x00006892 | 0xff | 0xff
[OK ]  |  8339 | 0x00006893 | 0xff | 0xff
[OK ]  |  8340 | 0x00006894 | 0x1f | 0x1f
[OK ]  |  8341 | 0x00006895 | 0x6c | 0x6c
[OK ]  |  8342 | 0x00006896 | 0xff | 0xff
[OK ]  |  8343 | 0x00006897 | 0xff | 0xff
[OK ]  |  8344 | 0x00006898 | 0x5d | 0x5d
[OK ]  |  8345 | 0x00006899 | 0x29 | 0x29
[OK ]  |  8346 | 0x0000689a | 0x00 | 0x00
[OK ]  |  8347 | 0x0000689b | 0x00 | 0x00
[OK ]  |  8348 | 0x0000689c | 0xf9 | 0xf9
[OK ]  |  8349 | 0x0000689d | 0x86 | 0x86
[OK ]  |  8350 | 0x0000689e | 0xff | 0xff
[OK ]  |  8351 | 0x0000689f | 0xff | 0xff
[OK ]  |  8352 | 0x000068a0 | 0xb4 | 0xb4
[OK ]  |  8353 | 0x000068a1 | 0xb9 | 0xb9
[OK ]  |  8354 | 0x000068a2 | 0x01 | 0x01
[OK ]  |  8355 | 0x000068a3 | 0x00 | 0x00
[OK ]  |  8356 | 0x000068a4 | 0x59 | 0x59
[OK ]  |  8357 | 0x000068a5 | 0xf7 | 0xf7
[OK ]  |  8358 | 0x000068a6 | 0xfe | 0xfe
[OK ]  |  8359 | 0x000068a7 | 0xff | 0xff
[OK ]  |  8360 | 0x000068a8 | 0xfe | 0xfe
[OK ]  |  8361 | 0x000068a9 | 0xf0 | 0xf0
[OK ]  |  8362 | 0x000068aa | 0xfe | 0xfe
[OK ]  |  8363 | 0x000068ab | 0xff | 0xff
[OK ]  |  8364 | 0x000068ac | 0x81 | 0x81
[OK ]  |  8365 | 0x000068ad | 0x31 | 0x31
[OK ]  |  8366 | 0x000068ae | 0x00 | 0x00
[OK ]  |  8367 | 0x000068af | 0x00 | 0x00
[OK ]  |  8368 | 0x000068b0 | 0x77 | 0x77
[OK ]  |  8369 | 0x000068b1 | 0x60 | 0x60
[OK ]  |  8370 | 0x000068b2 | 0xff | 0xff
[OK ]  |  8371 | 0x000068b3 | 0xff | 0xff
[OK ]  |  8372 | 0x000068b4 | 0x22 | 0x22
[OK ]  |  8373 | 0x000068b5 | 0xca | 0xca
[OK ]  |  8374 | 0x000068b6 | 0xff | 0xff
[OK ]  |  8375 | 0x000068b7 | 0xff | 0xff
[OK ]  |  8376 | 0x000068b8 | 0x50 | 0x50
[OK ]  |  8377 | 0x000068b9 | 0x02 | 0x02
[OK ]  |  8378 | 0x000068ba | 0xff | 0xff
[OK ]  |  8379 | 0x000068bb | 0xff | 0xff
[OK ]  |  8380 | 0x000068bc | 0xc0 | 0xc0
[OK ]  |  8381 | 0x000068bd | 0xd7 | 0xd7
[OK ]  |  8382 | 0x000068be | 0xfd | 0xfd
[OK ]  |  8383 | 0x000068bf | 0xff | 0xff
[OK ]  |  8384 | 0x000068c0 | 0xfb | 0xfb
[OK ]  |  8385 | 0x000068c1 | 0x03 | 0x03
[OK ]  |  8386 | 0x000068c2 | 0x01 | 0x01
[OK ]  |  8387 | 0x000068c3 | 0x00 | 0x00
[OK ]  |  8388 | 0x000068c4 | 0x19 | 0x19
[OK ]  |  8389 | 0x000068c5 | 0xaa | 0xaa
[OK ]  |  8390 | 0x000068c6 | 0x00 | 0x00
[OK ]  |  8391 | 0x000068c7 | 0x00 | 0x00
[OK ]  |  8392 | 0x000068c8 | 0xd7 | 0xd7
[OK ]  |  8393 | 0x000068c9 | 0xc6 | 0xc6
[OK ]  |  8394 | 0x000068ca | 0xfd | 0xfd
[OK ]  |  8395 | 0x000068cb | 0xff | 0xff
[OK ]  |  8396 | 0x000068cc | 0x2d | 0x2d
[OK ]  |  8397 | 0x000068cd | 0x67 | 0x67
[OK ]  |  8398 | 0x000068ce | 0xff | 0xff
[OK ]  |  8399 | 0x000068cf | 0xff | 0xff
[OK ]  |  8400 | 0x000068d0 | 0xf1 | 0xf1
[OK ]  |  8401 | 0x000068d1 | 0xec | 0xec
[OK ]  |  8402 | 0x000068d2 | 0xff | 0xff
[OK ]  |  8403 | 0x000068d3 | 0xff | 0xff
[OK ]  |  8404 | 0x000068d4 | 0xc8 | 0xc8
[OK ]  |  8405 | 0x000068d5 | 0x3a | 0x3a
[OK ]  |  8406 | 0x000068d6 | 0xff | 0xff
[OK ]  |  8407 | 0x000068d7 | 0xff | 0xff
[OK ]  |  8408 | 0x000068d8 | 0xcf | 0xcf
[OK ]  |  8409 | 0x000068d9 | 0x00 | 0x00
[OK ]  |  8410 | 0x000068da | 0x00 | 0x00
[OK ]  |  8411 | 0x000068db | 0x00 | 0x00
[OK ]  |  8412 | 0x000068dc | 0xc2 | 0xc2
[OK ]  |  8413 | 0x000068dd | 0x60 | 0x60
[OK ]  |  8414 | 0x000068de | 0x00 | 0x00
[OK ]  |  8415 | 0x000068df | 0x00 | 0x00
[OK ]  |  8416 | 0x000068e0 | 0xb5 | 0xb5
[OK ]  |  8417 | 0x000068e1 | 0xa7 | 0xa7
[OK ]  |  8418 | 0x000068e2 | 0x00 | 0x00
[OK ]  |  8419 | 0x000068e3 | 0x00 | 0x00
[OK ]  |  8420 | 0x000068e4 | 0x62 | 0x62
[OK ]  |  8421 | 0x000068e5 | 0x19 | 0x19
[OK ]  |  8422 | 0x000068e6 | 0xff | 0xff
[OK ]  |  8423 | 0x000068e7 | 0xff | 0xff
[OK ]  |  8424 | 0x000068e8 | 0x92 | 0x92
[OK ]  |  8425 | 0x000068e9 | 0x82 | 0x82
[OK ]  |  8426 | 0x000068ea | 0x00 | 0x00
[OK ]  |  8427 | 0x000068eb | 0x00 | 0x00
[OK ]  |  8428 | 0x000068ec | 0xbd | 0xbd
[OK ]  |  8429 | 0x000068ed | 0xa0 | 0xa0
[OK ]  |  8430 | 0x000068ee | 0xfe | 0xfe
[OK ]  |  8431 | 0x000068ef | 0xff | 0xff
[OK ]  |  8432 | 0x000068f0 | 0xec | 0xec
[OK ]  |  8433 | 0x000068f1 | 0x3b | 0x3b
[OK ]  |  8434 | 0x000068f2 | 0x00 | 0x00
[OK ]  |  8435 | 0x000068f3 | 0x00 | 0x00
[OK ]  |  8436 | 0x000068f4 | 0x93 | 0x93
[OK ]  |  8437 | 0x000068f5 | 0x07 | 0x07
[OK ]  |  8438 | 0x000068f6 | 0x02 | 0x02
[OK ]  |  8439 | 0x000068f7 | 0x00 | 0x00
[OK ]  |  8440 | 0x000068f8 | 0x5c | 0x5c
[OK ]  |  8441 | 0x000068f9 | 0x76 | 0x76
[OK ]  |  8442 | 0x000068fa | 0xff | 0xff
[OK ]  |  8443 | 0x000068fb | 0xff | 0xff
[OK ]  |  8444 | 0x000068fc | 0x48 | 0x48
[OK ]  |  8445 | 0x000068fd | 0xb5 | 0xb5
[OK ]  |  8446 | 0x000068fe | 0xff | 0xff
[OK ]  |  8447 | 0x000068ff | 0xff | 0xff
[OK ]  |  8448 | 0x00006900 | 0x98 | 0x98
[OK ]  |  8449 | 0x00006901 | 0x21 | 0x21
[OK ]  |  8450 | 0x00006902 | 0xff | 0xff
[OK ]  |  8451 | 0x00006903 | 0xff | 0xff
[OK ]  |  8452 | 0x00006904 | 0x8a | 0x8a
[OK ]  |  8453 | 0x00006905 | 0x20 | 0x20
[OK ]  |  8454 | 0x00006906 | 0xff | 0xff
[OK ]  |  8455 | 0x00006907 | 0xff | 0xff
[OK ]  |  8456 | 0x00006908 | 0x00 | 0x00
[OK ]  |  8457 | 0x00006909 | 0x11 | 0x11
[OK ]  |  8458 | 0x0000690a | 0xfe | 0xfe
[OK ]  |  8459 | 0x0000690b | 0xff | 0xff
[OK ]  |  8460 | 0x0000690c | 0x7c | 0x7c
[OK ]  |  8461 | 0x0000690d | 0xc2 | 0xc2
[OK ]  |  8462 | 0x0000690e | 0xff | 0xff
[OK ]  |  8463 | 0x0000690f | 0xff | 0xff
[OK ]  |  8464 | 0x00006910 | 0x2b | 0x2b
[OK ]  |  8465 | 0x00006911 | 0x91 | 0x91
[OK ]  |  8466 | 0x00006912 | 0x01 | 0x01
[OK ]  |  8467 | 0x00006913 | 0x00 | 0x00
[OK ]  |  8468 | 0x00006914 | 0x54 | 0x54
[OK ]  |  8469 | 0x00006915 | 0xa2 | 0xa2
[OK ]  |  8470 | 0x00006916 | 0xff | 0xff
[OK ]  |  8471 | 0x00006917 | 0xff | 0xff
[OK ]  |  8472 | 0x00006918 | 0xbe | 0xbe
[OK ]  |  8473 | 0x00006919 | 0x32 | 0x32
[OK ]  |  8474 | 0x0000691a | 0x00 | 0x00
[OK ]  |  8475 | 0x0000691b | 0x00 | 0x00
[OK ]  |  8476 | 0x0000691c | 0x35 | 0x35
[OK ]  |  8477 | 0x0000691d | 0xe4 | 0xe4
[OK ]  |  8478 | 0x0000691e | 0xff | 0xff
[OK ]  |  8479 | 0x0000691f | 0xff | 0xff
[OK ]  |  8480 | 0x00006920 | 0xa4 | 0xa4
[OK ]  |  8481 | 0x00006921 | 0x93 | 0x93
[OK ]  |  8482 | 0x00006922 | 0xff | 0xff
[OK ]  |  8483 | 0x00006923 | 0xff | 0xff
[OK ]  |  8484 | 0x00006924 | 0xfa | 0xfa
[OK ]  |  8485 | 0x00006925 | 0x36 | 0x36
[OK ]  |  8486 | 0x00006926 | 0x01 | 0x01
[OK ]  |  8487 | 0x00006927 | 0x00 | 0x00
[OK ]  |  8488 | 0x00006928 | 0x9d | 0x9d
[OK ]  |  8489 | 0x00006929 | 0xca | 0xca
[OK ]  |  8490 | 0x0000692a | 0x00 | 0x00
[OK ]  |  8491 | 0x0000692b | 0x00 | 0x00
[OK ]  |  8492 | 0x0000692c | 0xf9 | 0xf9
[OK ]  |  8493 | 0x0000692d | 0xb6 | 0xb6
[OK ]  |  8494 | 0x0000692e | 0xff | 0xff
[OK ]  |  8495 | 0x0000692f | 0xff | 0xff
[OK ]  |  8496 | 0x00006930 | 0x88 | 0x88
[OK ]  |  8497 | 0x00006931 | 0xbb | 0xbb
[OK ]  |  8498 | 0x00006932 | 0xfe | 0xfe
[OK ]  |  8499 | 0x00006933 | 0xff | 0xff
[OK ]  |  8500 | 0x00006934 | 0xc8 | 0xc8
[OK ]  |  8501 | 0x00006935 | 0x6b | 0x6b
[OK ]  |  8502 | 0x00006936 | 0x00 | 0x00
[OK ]  |  8503 | 0x00006937 | 0x00 | 0x00
[OK ]  |  8504 | 0x00006938 | 0x15 | 0x15
[OK ]  |  8505 | 0x00006939 | 0x15 | 0x15
[OK ]  |  8506 | 0x0000693a | 0x00 | 0x00
[OK ]  |  8507 | 0x0000693b | 0x00 | 0x00
[OK ]  |  8508 | 0x0000693c | 0xc4 | 0xc4
[OK ]  |  8509 | 0x0000693d | 0xa5 | 0xa5
[OK ]  |  8510 | 0x0000693e | 0xff | 0xff
[OK ]  |  8511 | 0x0000693f | 0xff | 0xff
[OK ]  |  8512 | 0x00006940 | 0xab | 0xab
[OK ]  |  8513 | 0x00006941 | 0x23 | 0x23
[OK ]  |  8514 | 0x00006942 | 0x01 | 0x01
[OK ]  |  8515 | 0x00006943 | 0x00 | 0x00
[OK ]  |  8516 | 0x00006944 | 0xcc | 0xcc
[OK ]  |  8517 | 0x00006945 | 0xc0 | 0xc0
[OK ]  |  8518 | 0x00006946 | 0xff | 0xff
[OK ]  |  8519 | 0x00006947 | 0xff | 0xff
[OK ]  |  8520 | 0x00006948 | 0xd0 | 0xd0
[OK ]  |  8521 | 0x00006949 | 0xbd | 0xbd
[OK ]  |  8522 | 0x0000694a | 0x00 | 0x00
[OK ]  |  8523 | 0x0000694b | 0x00 | 0x00
[OK ]  |  8524 | 0x0000694c | 0xfa | 0xfa
[OK ]  |  8525 | 0x0000694d | 0xf5 | 0xf5
[OK ]  |  8526 | 0x0000694e | 0x01 | 0x01
[OK ]  |  8527 | 0x0000694f | 0x00 | 0x00
[OK ]  |  8528 | 0x00006950 | 0x79 | 0x79
[OK ]  |  8529 | 0x00006951 | 0x1f | 0x1f
[OK ]  |  8530 | 0x00006952 | 0x00 | 0x00
[OK ]  |  8531 | 0x00006953 | 0x00 | 0x00
[OK ]  |  8532 | 0x00006954 | 0x56 | 0x56
[OK ]  |  8533 | 0x00006955 | 0x9f | 0x9f
[OK ]  |  8534 | 0x00006956 | 0xff | 0xff
[OK ]  |  8535 | 0x00006957 | 0xff | 0xff
[OK ]  |  8536 | 0x00006958 | 0xee | 0xee
[OK ]  |  8537 | 0x00006959 | 0x66 | 0x66
[OK ]  |  8538 | 0x0000695a | 0xff | 0xff
[OK ]  |  8539 | 0x0000695b | 0xff | 0xff
[OK ]  |  8540 | 0x0000695c | 0xa6 | 0xa6
[OK ]  |  8541 | 0x0000695d | 0x68 | 0x68
[OK ]  |  8542 | 0x0000695e | 0xff | 0xff
[OK ]  |  8543 | 0x0000695f | 0xff | 0xff
[OK ]  |  8544 | 0x00006960 | 0x49 | 0x49
[OK ]  |  8545 | 0x00006961 | 0x33 | 0x33
[OK ]  |  8546 | 0x00006962 | 0x01 | 0x01
[OK ]  |  8547 | 0x00006963 | 0x00 | 0x00
[OK ]  |  8548 | 0x00006964 | 0xc5 | 0xc5
[OK ]  |  8549 | 0x00006965 | 0xef | 0xef
[OK ]  |  8550 | 0x00006966 | 0xff | 0xff
[OK ]  |  8551 | 0x00006967 | 0xff | 0xff
[OK ]  |  8552 | 0x00006968 | 0x5a | 0x5a
[OK ]  |  8553 | 0x00006969 | 0x1a | 0x1a
[OK ]  |  8554 | 0x0000696a | 0xfe | 0xfe
[OK ]  |  8555 | 0x0000696b | 0xff | 0xff
[OK ]  |  8556 | 0x0000696c | 0x66 | 0x66
[OK ]  |  8557 | 0x0000696d | 0xb9 | 0xb9
[OK ]  |  8558 | 0x0000696e | 0x00 | 0x00
[OK ]  |  8559 | 0x0000696f | 0x00 | 0x00
[OK ]  |  8560 | 0x00006970 | 0x23 | 0x23
[OK ]  |  8561 | 0x00006971 | 0x5d | 0x5d
[OK ]  |  8562 | 0x00006972 | 0x00 | 0x00
[OK ]  |  8563 | 0x00006973 | 0x00 | 0x00
[OK ]  |  8564 | 0x00006974 | 0xd5 | 0xd5
[OK ]  |  8565 | 0x00006975 | 0x38 | 0x38
[OK ]  |  8566 | 0x00006976 | 0x00 | 0x00
[OK ]  |  8567 | 0x00006977 | 0x00 | 0x00
[OK ]  |  8568 | 0x00006978 | 0x69 | 0x69
[OK ]  |  8569 | 0x00006979 | 0x9a | 0x9a
[OK ]  |  8570 | 0x0000697a | 0xfe | 0xfe
[OK ]  |  8571 | 0x0000697b | 0xff | 0xff
[OK ]  |  8572 | 0x0000697c | 0x9f | 0x9f
[OK ]  |  8573 | 0x0000697d | 0x96 | 0x96
[OK ]  |  8574 | 0x0000697e | 0x00 | 0x00
[OK ]  |  8575 | 0x0000697f | 0x00 | 0x00
[OK ]  |  8576 | 0x00006980 | 0x93 | 0x93
[OK ]  |  8577 | 0x00006981 | 0xc8 | 0xc8
[OK ]  |  8578 | 0x00006982 | 0xff | 0xff
[OK ]  |  8579 | 0x00006983 | 0xff | 0xff
[OK ]  |  8580 | 0x00006984 | 0x03 | 0x03
[OK ]  |  8581 | 0x00006985 | 0x84 | 0x84
[OK ]  |  8582 | 0x00006986 | 0x00 | 0x00
[OK ]  |  8583 | 0x00006987 | 0x00 | 0x00
[OK ]  |  8584 | 0x00006988 | 0x23 | 0x23
[OK ]  |  8585 | 0x00006989 | 0x68 | 0x68
[OK ]  |  8586 | 0x0000698a | 0xff | 0xff
[OK ]  |  8587 | 0x0000698b | 0xff | 0xff
[OK ]  |  8588 | 0x0000698c | 0x7c | 0x7c
[OK ]  |  8589 | 0x0000698d | 0x48 | 0x48
[OK ]  |  8590 | 0x0000698e | 0x00 | 0x00
[OK ]  |  8591 | 0x0000698f | 0x00 | 0x00
[OK ]  |  8592 | 0x00006990 | 0xfc | 0xfc
[OK ]  |  8593 | 0x00006991 | 0xde | 0xde
[OK ]  |  8594 | 0x00006992 | 0xff | 0xff
[OK ]  |  8595 | 0x00006993 | 0xff | 0xff
[OK ]  |  8596 | 0x00006994 | 0x1c | 0x1c
[OK ]  |  8597 | 0x00006995 | 0xbd | 0xbd
[OK ]  |  8598 | 0x00006996 | 0x01 | 0x01
[OK ]  |  8599 | 0x00006997 | 0x00 | 0x00
[OK ]  |  8600 | 0x00006998 | 0xdc | 0xdc
[OK ]  |  8601 | 0x00006999 | 0x18 | 0x18
[OK ]  |  8602 | 0x0000699a | 0xff | 0xff
[OK ]  |  8603 | 0x0000699b | 0xff | 0xff
[OK ]  |  8604 | 0x0000699c | 0x1a | 0x1a
[OK ]  |  8605 | 0x0000699d | 0xe0 | 0xe0
[OK ]  |  8606 | 0x0000699e | 0xff | 0xff
[OK ]  |  8607 | 0x0000699f | 0xff | 0xff
[OK ]  |  8608 | 0x000069a0 | 0x52 | 0x52
[OK ]  |  8609 | 0x000069a1 | 0x4e | 0x4e
[OK ]  |  8610 | 0x000069a2 | 0x01 | 0x01
[OK ]  |  8611 | 0x000069a3 | 0x00 | 0x00
[OK ]  |  8612 | 0x000069a4 | 0xcd | 0xcd
[OK ]  |  8613 | 0x000069a5 | 0x23 | 0x23
[OK ]  |  8614 | 0x000069a6 | 0x00 | 0x00
[OK ]  |  8615 | 0x000069a7 | 0x00 | 0x00
[OK ]  |  8616 | 0x000069a8 | 0x2c | 0x2c
[OK ]  |  8617 | 0x000069a9 | 0x94 | 0x94
[OK ]  |  8618 | 0x000069aa | 0x00 | 0x00
[OK ]  |  8619 | 0x000069ab | 0x00 | 0x00
[OK ]  |  8620 | 0x000069ac | 0xe2 | 0xe2
[OK ]  |  8621 | 0x000069ad | 0xf6 | 0xf6
[OK ]  |  8622 | 0x000069ae | 0x00 | 0x00
[OK ]  |  8623 | 0x000069af | 0x00 | 0x00
[OK ]  |  8624 | 0x000069b0 | 0x3b | 0x3b
[OK ]  |  8625 | 0x000069b1 | 0xfa | 0xfa
[OK ]  |  8626 | 0x000069b2 | 0x00 | 0x00
[OK ]  |  8627 | 0x000069b3 | 0x00 | 0x00
[OK ]  |  8628 | 0x000069b4 | 0x5c | 0x5c
[OK ]  |  8629 | 0x000069b5 | 0x11 | 0x11
[OK ]  |  8630 | 0x000069b6 | 0x00 | 0x00
[OK ]  |  8631 | 0x000069b7 | 0x00 | 0x00
[OK ]  |  8632 | 0x000069b8 | 0xfa | 0xfa
[OK ]  |  8633 | 0x000069b9 | 0x7e | 0x7e
[OK ]  |  8634 | 0x000069ba | 0x00 | 0x00
[OK ]  |  8635 | 0x000069bb | 0x00 | 0x00
[OK ]  |  8636 | 0x000069bc | 0xc5 | 0xc5
[OK ]  |  8637 | 0x000069bd | 0xc5 | 0xc5
[OK ]  |  8638 | 0x000069be | 0xfe | 0xfe
[OK ]  |  8639 | 0x000069bf | 0xff | 0xff
[OK ]  |  8640 | 0x000069c0 | 0x70 | 0x70
[OK ]  |  8641 | 0x000069c1 | 0x8e | 0x8e
[OK ]  |  8642 | 0x000069c2 | 0x00 | 0x00
[OK ]  |  8643 | 0x000069c3 | 0x00 | 0x00
[OK ]  |  8644 | 0x000069c4 | 0x34 | 0x34
[OK ]  |  8645 | 0x000069c5 | 0x13 | 0x13
[OK ]  |  8646 | 0x000069c6 | 0x00 | 0x00
[OK ]  |  8647 | 0x000069c7 | 0x00 | 0x00
[OK ]  |  8648 | 0x000069c8 | 0x12 | 0x12
[OK ]  |  8649 | 0x000069c9 | 0x22 | 0x22
[OK ]  |  8650 | 0x000069ca | 0x00 | 0x00
[OK ]  |  8651 | 0x000069cb | 0x00 | 0x00
[OK ]  |  8652 | 0x000069cc | 0xdc | 0xdc
[OK ]  |  8653 | 0x000069cd | 0x86 | 0x86
[OK ]  |  8654 | 0x000069ce | 0x01 | 0x01
[OK ]  |  8655 | 0x000069cf | 0x00 | 0x00
[OK ]  |  8656 | 0x000069d0 | 0x5c | 0x5c
[OK ]  |  8657 | 0x000069d1 | 0xff | 0xff
[OK ]  |  8658 | 0x000069d2 | 0xff | 0xff
[OK ]  |  8659 | 0x000069d3 | 0xff | 0xff
[OK ]  |  8660 | 0x000069d4 | 0xdb | 0xdb
[OK ]  |  8661 | 0x000069d5 | 0xeb | 0xeb
[OK ]  |  8662 | 0x000069d6 | 0x00 | 0x00
[OK ]  |  8663 | 0x000069d7 | 0x00 | 0x00
[OK ]  |  8664 | 0x000069d8 | 0xe3 | 0xe3
[OK ]  |  8665 | 0x000069d9 | 0xf6 | 0xf6
[OK ]  |  8666 | 0x000069da | 0x00 | 0x00
[OK ]  |  8667 | 0x000069db | 0x00 | 0x00
[OK ]  |  8668 | 0x000069dc | 0xfc | 0xfc
[OK ]  |  8669 | 0x000069dd | 0x87 | 0x87
[OK ]  |  8670 | 0x000069de | 0x00 | 0x00
[OK ]  |  8671 | 0x000069df | 0x00 | 0x00
[OK ]  |  8672 | 0x000069e0 | 0xf8 | 0xf8
[OK ]  |  8673 | 0x000069e1 | 0xa9 | 0xa9
[OK ]  |  8674 | 0x000069e2 | 0x00 | 0x00
[OK ]  |  8675 | 0x000069e3 | 0x00 | 0x00
[OK ]  |  8676 | 0x000069e4 | 0xdd | 0xdd
[OK ]  |  8677 | 0x000069e5 | 0x98 | 0x98
[OK ]  |  8678 | 0x000069e6 | 0x00 | 0x00
[OK ]  |  8679 | 0x000069e7 | 0x00 | 0x00
[OK ]  |  8680 | 0x000069e8 | 0x3e | 0x3e
[OK ]  |  8681 | 0x000069e9 | 0x4f | 0x4f
[OK ]  |  8682 | 0x000069ea | 0xfe | 0xfe
[OK ]  |  8683 | 0x000069eb | 0xff | 0xff
[OK ]  |  8684 | 0x000069ec | 0xf4 | 0xf4
[OK ]  |  8685 | 0x000069ed | 0xfa | 0xfa
[OK ]  |  8686 | 0x000069ee | 0xff | 0xff
[OK ]  |  8687 | 0x000069ef | 0xff | 0xff
[OK ]  |  8688 | 0x000069f0 | 0xa0 | 0xa0
[OK ]  |  8689 | 0x000069f1 | 0x3f | 0x3f
[OK ]  |  8690 | 0x000069f2 | 0x00 | 0x00
[OK ]  |  8691 | 0x000069f3 | 0x00 | 0x00
[OK ]  |  8692 | 0x000069f4 | 0x8e | 0x8e
[OK ]  |  8693 | 0x000069f5 | 0x52 | 0x52
[OK ]  |  8694 | 0x000069f6 | 0x00 | 0x00
[OK ]  |  8695 | 0x000069f7 | 0x00 | 0x00
[OK ]  |  8696 | 0x000069f8 | 0x8f | 0x8f
[OK ]  |  8697 | 0x000069f9 | 0x42 | 0x42
[OK ]  |  8698 | 0x000069fa | 0x02 | 0x02
[OK ]  |  8699 | 0x000069fb | 0x00 | 0x00
[OK ]  |  8700 | 0x000069fc | 0xd2 | 0xd2
[OK ]  |  8701 | 0x000069fd | 0x43 | 0x43
[OK ]  |  8702 | 0x000069fe | 0x01 | 0x01
[OK ]  |  8703 | 0x000069ff | 0x00 | 0x00
[OK ]  |  8704 | 0x00006a00 | 0x1f | 0x1f
[OK ]  |  8705 | 0x00006a01 | 0x64 | 0x64
[OK ]  |  8706 | 0x00006a02 | 0xff | 0xff
[OK ]  |  8707 | 0x00006a03 | 0xff | 0xff
[OK ]  |  8708 | 0x00006a04 | 0x67 | 0x67
[OK ]  |  8709 | 0x00006a05 | 0xf2 | 0xf2
[OK ]  |  8710 | 0x00006a06 | 0xff | 0xff
[OK ]  |  8711 | 0x00006a07 | 0xff | 0xff
[OK ]  |  8712 | 0x00006a08 | 0x18 | 0x18
[OK ]  |  8713 | 0x00006a09 | 0xf9 | 0xf9
[OK ]  |  8714 | 0x00006a0a | 0x01 | 0x01
[OK ]  |  8715 | 0x00006a0b | 0x00 | 0x00
[OK ]  |  8716 | 0x00006a0c | 0x41 | 0x41
[OK ]  |  8717 | 0x00006a0d | 0xbf | 0xbf
[OK ]  |  8718 | 0x00006a0e | 0xfe | 0xfe
[OK ]  |  8719 | 0x00006a0f | 0xff | 0xff
[OK ]  |  8720 | 0x00006a10 | 0x4b | 0x4b
[OK ]  |  8721 | 0x00006a11 | 0x2a | 0x2a
[OK ]  |  8722 | 0x00006a12 | 0xfe | 0xfe
[OK ]  |  8723 | 0x00006a13 | 0xff | 0xff
[OK ]  |  8724 | 0x00006a14 | 0x2b | 0x2b
[OK ]  |  8725 | 0x00006a15 | 0xa5 | 0xa5
[OK ]  |  8726 | 0x00006a16 | 0xfe | 0xfe
[OK ]  |  8727 | 0x00006a17 | 0xff | 0xff
[OK ]  |  8728 | 0x00006a18 | 0x25 | 0x25
[OK ]  |  8729 | 0x00006a19 | 0x1c | 0x1c
[OK ]  |  8730 | 0x00006a1a | 0xff | 0xff
[OK ]  |  8731 | 0x00006a1b | 0xff | 0xff
[OK ]  |  8732 | 0x00006a1c | 0xf6 | 0xf6
[OK ]  |  8733 | 0x00006a1d | 0x76 | 0x76
[OK ]  |  8734 | 0x00006a1e | 0xff | 0xff
[OK ]  |  8735 | 0x00006a1f | 0xff | 0xff
[OK ]  |  8736 | 0x00006a20 | 0xff | 0xff
[OK ]  |  8737 | 0x00006a21 | 0xb1 | 0xb1
[OK ]  |  8738 | 0x00006a22 | 0x00 | 0x00
[OK ]  |  8739 | 0x00006a23 | 0x00 | 0x00
[OK ]  |  8740 | 0x00006a24 | 0x4d | 0x4d
[OK ]  |  8741 | 0x00006a25 | 0xe5 | 0xe5
[OK ]  |  8742 | 0x00006a26 | 0xfe | 0xfe
[OK ]  |  8743 | 0x00006a27 | 0xff | 0xff
[OK ]  |  8744 | 0x00006a28 | 0x86 | 0x86
[OK ]  |  8745 | 0x00006a29 | 0xfb | 0xfb
[OK ]  |  8746 | 0x00006a2a | 0xff | 0xff
[OK ]  |  8747 | 0x00006a2b | 0xff | 0xff
[OK ]  |  8748 | 0x00006a2c | 0xeb | 0xeb
[OK ]  |  8749 | 0x00006a2d | 0x37 | 0x37
[OK ]  |  8750 | 0x00006a2e | 0xff | 0xff
[OK ]  |  8751 | 0x00006a2f | 0xff | 0xff
[OK ]  |  8752 | 0x00006a30 | 0x8c | 0x8c
[OK ]  |  8753 | 0x00006a31 | 0xa5 | 0xa5
[OK ]  |  8754 | 0x00006a32 | 0x01 | 0x01
[OK ]  |  8755 | 0x00006a33 | 0x00 | 0x00
[OK ]  |  8756 | 0x00006a34 | 0x18 | 0x18
[OK ]  |  8757 | 0x00006a35 | 0x33 | 0x33
[OK ]  |  8758 | 0x00006a36 | 0x01 | 0x01
[OK ]  |  8759 | 0x00006a37 | 0x00 | 0x00
[OK ]  |  8760 | 0x00006a38 | 0xf9 | 0xf9
[OK ]  |  8761 | 0x00006a39 | 0xc1 | 0xc1
[OK ]  |  8762 | 0x00006a3a | 0xff | 0xff
[OK ]  |  8763 | 0x00006a3b | 0xff | 0xff
[OK ]  |  8764 | 0x00006a3c | 0xc3 | 0xc3
[OK ]  |  8765 | 0x00006a3d | 0xf2 | 0xf2
[OK ]  |  8766 | 0x00006a3e | 0x00 | 0x00
[OK ]  |  8767 | 0x00006a3f | 0x00 | 0x00
[OK ]  |  8768 | 0x00006a40 | 0xc7 | 0xc7
[OK ]  |  8769 | 0x00006a41 | 0x68 | 0x68
[OK ]  |  8770 | 0x00006a42 | 0xfe | 0xfe
[OK ]  |  8771 | 0x00006a43 | 0xff | 0xff
[OK ]  |  8772 | 0x00006a44 | 0x52 | 0x52
[OK ]  |  8773 | 0x00006a45 | 0x11 | 0x11
[OK ]  |  8774 | 0x00006a46 | 0x00 | 0x00
[OK ]  |  8775 | 0x00006a47 | 0x00 | 0x00
[OK ]  |  8776 | 0x00006a48 | 0x1f | 0x1f
[OK ]  |  8777 | 0x00006a49 | 0xcd | 0xcd
[OK ]  |  8778 | 0x00006a4a | 0x00 | 0x00
[OK ]  |  8779 | 0x00006a4b | 0x00 | 0x00
[OK ]  |  8780 | 0x00006a4c | 0xf1 | 0xf1
[OK ]  |  8781 | 0x00006a4d | 0x73 | 0x73
[OK ]  |  8782 | 0x00006a4e | 0x01 | 0x01
[OK ]  |  8783 | 0x00006a4f | 0x00 | 0x00
[OK ]  |  8784 | 0x00006a50 | 0x54 | 0x54
[OK ]  |  8785 | 0x00006a51 | 0x81 | 0x81
[OK ]  |  8786 | 0x00006a52 | 0xff | 0xff
[OK ]  |  8787 | 0x00006a53 | 0xff | 0xff
[OK ]  |  8788 | 0x00006a54 | 0xc6 | 0xc6
[OK ]  |  8789 | 0x00006a55 | 0x56 | 0x56
[OK ]  |  8790 | 0x00006a56 | 0x01 | 0x01
[OK ]  |  8791 | 0x00006a57 | 0x00 | 0x00
[OK ]  |  8792 | 0x00006a58 | 0xea | 0xea
[OK ]  |  8793 | 0x00006a59 | 0xc2 | 0xc2
[OK ]  |  8794 | 0x00006a5a | 0xfe | 0xfe
[OK ]  |  8795 | 0x00006a5b | 0xff | 0xff
[OK ]  |  8796 | 0x00006a5c | 0x6d | 0x6d
[OK ]  |  8797 | 0x00006a5d | 0x2b | 0x2b
[OK ]  |  8798 | 0x00006a5e | 0xff | 0xff
[OK ]  |  8799 | 0x00006a5f | 0xff | 0xff
[OK ]  |  8800 | 0x00006a60 | 0xfe | 0xfe
[OK ]  |  8801 | 0x00006a61 | 0xc1 | 0xc1
[OK ]  |  8802 | 0x00006a62 | 0xfe | 0xfe
[OK ]  |  8803 | 0x00006a63 | 0xff | 0xff
[OK ]  |  8804 | 0x00006a64 | 0x14 | 0x14
[OK ]  |  8805 | 0x00006a65 | 0xb2 | 0xb2
[OK ]  |  8806 | 0x00006a66 | 0x00 | 0x00
[OK ]  |  8807 | 0x00006a67 | 0x00 | 0x00
[OK ]  |  8808 | 0x00006a68 | 0x7d | 0x7d
[OK ]  |  8809 | 0x00006a69 | 0x31 | 0x31
[OK ]  |  8810 | 0x00006a6a | 0x00 | 0x00
[OK ]  |  8811 | 0x00006a6b | 0x00 | 0x00
[OK ]  |  8812 | 0x00006a6c | 0x7f | 0x7f
[OK ]  |  8813 | 0x00006a6d | 0xdd | 0xdd
[OK ]  |  8814 | 0x00006a6e | 0xff | 0xff
[OK ]  |  8815 | 0x00006a6f | 0xff | 0xff
[OK ]  |  8816 | 0x00006a70 | 0xe9 | 0xe9
[OK ]  |  8817 | 0x00006a71 | 0x67 | 0x67
[OK ]  |  8818 | 0x00006a72 | 0x00 | 0x00
[OK ]  |  8819 | 0x00006a73 | 0x00 | 0x00
[OK ]  |  8820 | 0x00006a74 | 0xb2 | 0xb2
[OK ]  |  8821 | 0x00006a75 | 0xc8 | 0xc8
[OK ]  |  8822 | 0x00006a76 | 0xff | 0xff
[OK ]  |  8823 | 0x00006a77 | 0xff | 0xff
[OK ]  |  8824 | 0x00006a78 | 0x26 | 0x26
[OK ]  |  8825 | 0x00006a79 | 0xf2 | 0xf2
[OK ]  |  8826 | 0x00006a7a | 0x00 | 0x00
[OK ]  |  8827 | 0x00006a7b | 0x00 | 0x00
[OK ]  |  8828 | 0x00006a7c | 0xb7 | 0xb7
[OK ]  |  8829 | 0x00006a7d | 0x72 | 0x72
[OK ]  |  8830 | 0x00006a7e | 0x00 | 0x00
[OK ]  |  8831 | 0x00006a7f | 0x00 | 0x00
[OK ]  |  8832 | 0x00006a80 | 0xb2 | 0xb2
[OK ]  |  8833 | 0x00006a81 | 0x22 | 0x22
[OK ]  |  8834 | 0x00006a82 | 0xff | 0xff
[OK ]  |  8835 | 0x00006a83 | 0xff | 0xff
[OK ]  |  8836 | 0x00006a84 | 0xd2 | 0xd2
[OK ]  |  8837 | 0x00006a85 | 0xb1 | 0xb1
[OK ]  |  8838 | 0x00006a86 | 0x00 | 0x00
[OK ]  |  8839 | 0x00006a87 | 0x00 | 0x00
[OK ]  |  8840 | 0x00006a88 | 0x5b | 0x5b
[OK ]  |  8841 | 0x00006a89 | 0x53 | 0x53
[OK ]  |  8842 | 0x00006a8a | 0xfe | 0xfe
[OK ]  |  8843 | 0x00006a8b | 0xff | 0xff
[OK ]  |  8844 | 0x00006a8c | 0xad | 0xad
[OK ]  |  8845 | 0x00006a8d | 0x12 | 0x12
[OK ]  |  8846 | 0x00006a8e | 0x00 | 0x00
[OK ]  |  8847 | 0x00006a8f | 0x00 | 0x00
[OK ]  |  8848 | 0x00006a90 | 0x08 | 0x08
[OK ]  |  8849 | 0x00006a91 | 0x25 | 0x25
[OK ]  |  8850 | 0x00006a92 | 0xff | 0xff
[OK ]  |  8851 | 0x00006a93 | 0xff | 0xff
[OK ]  |  8852 | 0x00006a94 | 0x9d | 0x9d
[OK ]  |  8853 | 0x00006a95 | 0xa8 | 0xa8
[OK ]  |  8854 | 0x00006a96 | 0x00 | 0x00
[OK ]  |  8855 | 0x00006a97 | 0x00 | 0x00
[OK ]  |  8856 | 0x00006a98 | 0x48 | 0x48
[OK ]  |  8857 | 0x00006a99 | 0x93 | 0x93
[OK ]  |  8858 | 0x00006a9a | 0xfe | 0xfe
[OK ]  |  8859 | 0x00006a9b | 0xff | 0xff
[OK ]  |  8860 | 0x00006a9c | 0x13 | 0x13
[OK ]  |  8861 | 0x00006a9d | 0xd9 | 0xd9
[OK ]  |  8862 | 0x00006a9e | 0xff | 0xff
[OK ]  |  8863 | 0x00006a9f | 0xff | 0xff
[OK ]  |  8864 | 0x00006aa0 | 0xae | 0xae
[OK ]  |  8865 | 0x00006aa1 | 0x70 | 0x70
[OK ]  |  8866 | 0x00006aa2 | 0x00 | 0x00
[OK ]  |  8867 | 0x00006aa3 | 0x00 | 0x00
[OK ]  |  8868 | 0x00006aa4 | 0xfe | 0xfe
[OK ]  |  8869 | 0x00006aa5 | 0x6f | 0x6f
[OK ]  |  8870 | 0x00006aa6 | 0x00 | 0x00
[OK ]  |  8871 | 0x00006aa7 | 0x00 | 0x00
[OK ]  |  8872 | 0x00006aa8 | 0x79 | 0x79
[OK ]  |  8873 | 0x00006aa9 | 0xb8 | 0xb8
[OK ]  |  8874 | 0x00006aaa | 0xfe | 0xfe
[OK ]  |  8875 | 0x00006aab | 0xff | 0xff
[OK ]  |  8876 | 0x00006aac | 0x10 | 0x10
[OK ]  |  8877 | 0x00006aad | 0xd0 | 0xd0
[OK ]  |  8878 | 0x00006aae | 0xfe | 0xfe
[OK ]  |  8879 | 0x00006aaf | 0xff | 0xff
[OK ]  |  8880 | 0x00006ab0 | 0x77 | 0x77
[OK ]  |  8881 | 0x00006ab1 | 0x48 | 0x48
[OK ]  |  8882 | 0x00006ab2 | 0x02 | 0x02
[OK ]  |  8883 | 0x00006ab3 | 0x00 | 0x00
[OK ]  |  8884 | 0x00006ab4 | 0xe3 | 0xe3
[OK ]  |  8885 | 0x00006ab5 | 0x62 | 0x62
[OK ]  |  8886 | 0x00006ab6 | 0x00 | 0x00
[OK ]  |  8887 | 0x00006ab7 | 0x00 | 0x00
[OK ]  |  8888 | 0x00006ab8 | 0xd6 | 0xd6
[OK ]  |  8889 | 0x00006ab9 | 0xe4 | 0xe4
[OK ]  |  8890 | 0x00006aba | 0xff | 0xff
[OK ]  |  8891 | 0x00006abb | 0xff | 0xff
[OK ]  |  8892 | 0x00006abc | 0xae | 0xae
[OK ]  |  8893 | 0x00006abd | 0xe0 | 0xe0
[OK ]  |  8894 | 0x00006abe | 0xfe | 0xfe
[OK ]  |  8895 | 0x00006abf | 0xff | 0xff
[OK ]  |  8896 | 0x00006ac0 | 0x28 | 0x28
[OK ]  |  8897 | 0x00006ac1 | 0x64 | 0x64
[OK ]  |  8898 | 0x00006ac2 | 0x00 | 0x00
[OK ]  |  8899 | 0x00006ac3 | 0x00 | 0x00
[OK ]  |  8900 | 0x00006ac4 | 0x0a | 0x0a
[OK ]  |  8901 | 0x00006ac5 | 0x9c | 0x9c
[OK ]  |  8902 | 0x00006ac6 | 0xfe | 0xfe
[OK ]  |  8903 | 0x00006ac7 | 0xff | 0xff
[OK ]  |  8904 | 0x00006ac8 | 0xed | 0xed
[OK ]  |  8905 | 0x00006ac9 | 0x88 | 0x88
[OK ]  |  8906 | 0x00006aca | 0x01 | 0x01
[OK ]  |  8907 | 0x00006acb | 0x00 | 0x00
[OK ]  |  8908 | 0x00006acc | 0x64 | 0x64
[OK ]  |  8909 | 0x00006acd | 0x24 | 0x24
[OK ]  |  8910 | 0x00006ace | 0x01 | 0x01
[OK ]  |  8911 | 0x00006acf | 0x00 | 0x00
[OK ]  |  8912 | 0x00006ad0 | 0x2b | 0x2b
[OK ]  |  8913 | 0x00006ad1 | 0x20 | 0x20
[OK ]  |  8914 | 0x00006ad2 | 0x00 | 0x00
[OK ]  |  8915 | 0x00006ad3 | 0x00 | 0x00
[OK ]  |  8916 | 0x00006ad4 | 0x75 | 0x75
[OK ]  |  8917 | 0x00006ad5 | 0xd5 | 0xd5
[OK ]  |  8918 | 0x00006ad6 | 0x00 | 0x00
[OK ]  |  8919 | 0x00006ad7 | 0x00 | 0x00
[OK ]  |  8920 | 0x00006ad8 | 0x92 | 0x92
[OK ]  |  8921 | 0x00006ad9 | 0xc0 | 0xc0
[OK ]  |  8922 | 0x00006ada | 0xff | 0xff
[OK ]  |  8923 | 0x00006adb | 0xff | 0xff
[OK ]  |  8924 | 0x00006adc | 0x0b | 0x0b
[OK ]  |  8925 | 0x00006add | 0xe6 | 0xe6
[OK ]  |  8926 | 0x00006ade | 0x00 | 0x00
[OK ]  |  8927 | 0x00006adf | 0x00 | 0x00
[OK ]  |  8928 | 0x00006ae0 | 0x8a | 0x8a
[OK ]  |  8929 | 0x00006ae1 | 0x44 | 0x44
[OK ]  |  8930 | 0x00006ae2 | 0x00 | 0x00
[OK ]  |  8931 | 0x00006ae3 | 0x00 | 0x00
[OK ]  |  8932 | 0x00006ae4 | 0x40 | 0x40
[OK ]  |  8933 | 0x00006ae5 | 0x17 | 0x17
[OK ]  |  8934 | 0x00006ae6 | 0xff | 0xff
[OK ]  |  8935 | 0x00006ae7 | 0xff | 0xff
[OK ]  |  8936 | 0x00006ae8 | 0x7e | 0x7e
[OK ]  |  8937 | 0x00006ae9 | 0x61 | 0x61
[OK ]  |  8938 | 0x00006aea | 0x00 | 0x00
[OK ]  |  8939 | 0x00006aeb | 0x00 | 0x00
[OK ]  |  8940 | 0x00006aec | 0xe6 | 0xe6
[OK ]  |  8941 | 0x00006aed | 0x3a | 0x3a
[OK ]  |  8942 | 0x00006aee | 0x00 | 0x00
[OK ]  |  8943 | 0x00006aef | 0x00 | 0x00
[OK ]  |  8944 | 0x00006af0 | 0x43 | 0x43
[OK ]  |  8945 | 0x00006af1 | 0xa4 | 0xa4
[OK ]  |  8946 | 0x00006af2 | 0xff | 0xff
[OK ]  |  8947 | 0x00006af3 | 0xff | 0xff
[OK ]  |  8948 | 0x00006af4 | 0x9a | 0x9a
[OK ]  |  8949 | 0x00006af5 | 0x60 | 0x60
[OK ]  |  8950 | 0x00006af6 | 0xfe | 0xfe
[OK ]  |  8951 | 0x00006af7 | 0xff | 0xff
[OK ]  |  8952 | 0x00006af8 | 0x44 | 0x44
[OK ]  |  8953 | 0x00006af9 | 0x4d | 0x4d
[OK ]  |  8954 | 0x00006afa | 0x02 | 0x02
[OK ]  |  8955 | 0x00006afb | 0x00 | 0x00
[OK ]  |  8956 | 0x00006afc | 0x2c | 0x2c
[OK ]  |  8957 | 0x00006afd | 0xc9 | 0xc9
[OK ]  |  8958 | 0x00006afe | 0xfe | 0xfe
[OK ]  |  8959 | 0x00006aff | 0xff | 0xff
[OK ]  |  8960 | 0x00006b00 | 0x1c | 0x1c
[OK ]  |  8961 | 0x00006b01 | 0xa5 | 0xa5
[OK ]  |  8962 | 0x00006b02 | 0x01 | 0x01
[OK ]  |  8963 | 0x00006b03 | 0x00 | 0x00
[OK ]  |  8964 | 0x00006b04 | 0xb2 | 0xb2
[OK ]  |  8965 | 0x00006b05 | 0x0c | 0x0c
[OK ]  |  8966 | 0x00006b06 | 0x02 | 0x02
[OK ]  |  8967 | 0x00006b07 | 0x00 | 0x00
[OK ]  |  8968 | 0x00006b08 | 0xb3 | 0xb3
[OK ]  |  8969 | 0x00006b09 | 0x4a | 0x4a
[OK ]  |  8970 | 0x00006b0a | 0xff | 0xff
[OK ]  |  8971 | 0x00006b0b | 0xff | 0xff
[OK ]  |  8972 | 0x00006b0c | 0x00 | 0x00
[OK ]  |  8973 | 0x00006b0d | 0x5c | 0x5c
[OK ]  |  8974 | 0x00006b0e | 0x00 | 0x00
[OK ]  |  8975 | 0x00006b0f | 0x00 | 0x00
[OK ]  |  8976 | 0x00006b10 | 0x0d | 0x0d
[OK ]  |  8977 | 0x00006b11 | 0xa7 | 0xa7
[OK ]  |  8978 | 0x00006b12 | 0xff | 0xff
[OK ]  |  8979 | 0x00006b13 | 0xff | 0xff
[OK ]  |  8980 | 0x00006b14 | 0x0a | 0x0a
[OK ]  |  8981 | 0x00006b15 | 0xdf | 0xdf
[OK ]  |  8982 | 0x00006b16 | 0x00 | 0x00
[OK ]  |  8983 | 0x00006b17 | 0x00 | 0x00
[OK ]  |  8984 | 0x00006b18 | 0xc9 | 0xc9
[OK ]  |  8985 | 0x00006b19 | 0x74 | 0x74
[OK ]  |  8986 | 0x00006b1a | 0x01 | 0x01
[OK ]  |  8987 | 0x00006b1b | 0x00 | 0x00
[OK ]  |  8988 | 0x00006b1c | 0xe1 | 0xe1
[OK ]  |  8989 | 0x00006b1d | 0x52 | 0x52
[OK ]  |  8990 | 0x00006b1e | 0x00 | 0x00
[OK ]  |  8991 | 0x00006b1f | 0x00 | 0x00
[OK ]  |  8992 | 0x00006b20 | 0xab | 0xab
[OK ]  |  8993 | 0x00006b21 | 0x3b | 0x3b
[OK ]  |  8994 | 0x00006b22 | 0x00 | 0x00
[OK ]  |  8995 | 0x00006b23 | 0x00 | 0x00
[OK ]  |  8996 | 0x00006b24 | 0x07 | 0x07
[OK ]  |  8997 | 0x00006b25 | 0x1e | 0x1e
[OK ]  |  8998 | 0x00006b26 | 0x01 | 0x01
[OK ]  |  8999 | 0x00006b27 | 0x00 | 0x00
[OK ]  |  9000 | 0x00006b28 | 0x32 | 0x32
[OK ]  |  9001 | 0x00006b29 | 0xd9 | 0xd9
[OK ]  |  9002 | 0x00006b2a | 0x00 | 0x00
[OK ]  |  9003 | 0x00006b2b | 0x00 | 0x00
[OK ]  |  9004 | 0x00006b2c | 0x44 | 0x44
[OK ]  |  9005 | 0x00006b2d | 0xe4 | 0xe4
[OK ]  |  9006 | 0x00006b2e | 0xff | 0xff
[OK ]  |  9007 | 0x00006b2f | 0xff | 0xff
[OK ]  |  9008 | 0x00006b30 | 0x60 | 0x60
[OK ]  |  9009 | 0x00006b31 | 0xe8 | 0xe8
[OK ]  |  9010 | 0x00006b32 | 0xfe | 0xfe
[OK ]  |  9011 | 0x00006b33 | 0xff | 0xff
[OK ]  |  9012 | 0x00006b34 | 0x32 | 0x32
[OK ]  |  9013 | 0x00006b35 | 0x07 | 0x07
[OK ]  |  9014 | 0x00006b36 | 0x00 | 0x00
[OK ]  |  9015 | 0x00006b37 | 0x00 | 0x00
[OK ]  |  9016 | 0x00006b38 | 0x67 | 0x67
[OK ]  |  9017 | 0x00006b39 | 0x49 | 0x49
[OK ]  |  9018 | 0x00006b3a | 0xff | 0xff
[OK ]  |  9019 | 0x00006b3b | 0xff | 0xff
[OK ]  |  9020 | 0x00006b3c | 0x29 | 0x29
[OK ]  |  9021 | 0x00006b3d | 0xdf | 0xdf
[OK ]  |  9022 | 0x00006b3e | 0x00 | 0x00
[OK ]  |  9023 | 0x00006b3f | 0x00 | 0x00
[OK ]  |  9024 | 0x00006b40 | 0xbe | 0xbe
[OK ]  |  9025 | 0x00006b41 | 0x59 | 0x59
[OK ]  |  9026 | 0x00006b42 | 0xfe | 0xfe
[OK ]  |  9027 | 0x00006b43 | 0xff | 0xff
[OK ]  |  9028 | 0x00006b44 | 0xc1 | 0xc1
[OK ]  |  9029 | 0x00006b45 | 0x45 | 0x45
[OK ]  |  9030 | 0x00006b46 | 0x01 | 0x01
[OK ]  |  9031 | 0x00006b47 | 0x00 | 0x00
[OK ]  |  9032 | 0x00006b48 | 0xa4 | 0xa4
[OK ]  |  9033 | 0x00006b49 | 0xdd | 0xdd
[OK ]  |  9034 | 0x00006b4a | 0xfe | 0xfe
[OK ]  |  9035 | 0x00006b4b | 0xff | 0xff
[OK ]  |  9036 | 0x00006b4c | 0x1b | 0x1b
[OK ]  |  9037 | 0x00006b4d | 0x7b | 0x7b
[OK ]  |  9038 | 0x00006b4e | 0xfe | 0xfe
[OK ]  |  9039 | 0x00006b4f | 0xff | 0xff
[OK ]  |  9040 | 0x00006b50 | 0x7c | 0x7c
[OK ]  |  9041 | 0x00006b51 | 0x55 | 0x55
[OK ]  |  9042 | 0x00006b52 | 0xff | 0xff
[OK ]  |  9043 | 0x00006b53 | 0xff | 0xff
[OK ]  |  9044 | 0x00006b54 | 0xa1 | 0xa1
[OK ]  |  9045 | 0x00006b55 | 0x84 | 0x84
[OK ]  |  9046 | 0x00006b56 | 0x00 | 0x00
[OK ]  |  9047 | 0x00006b57 | 0x00 | 0x00
[OK ]  |  9048 | 0x00006b58 | 0x51 | 0x51
[OK ]  |  9049 | 0x00006b59 | 0xfe | 0xfe
[OK ]  |  9050 | 0x00006b5a | 0xfe | 0xfe
[OK ]  |  9051 | 0x00006b5b | 0xff | 0xff
[OK ]  |  9052 | 0x00006b5c | 0x79 | 0x79
[OK ]  |  9053 | 0x00006b5d | 0xf2 | 0xf2
[OK ]  |  9054 | 0x00006b5e | 0x00 | 0x00
[OK ]  |  9055 | 0x00006b5f | 0x00 | 0x00
[OK ]  |  9056 | 0x00006b60 | 0xc4 | 0xc4
[OK ]  |  9057 | 0x00006b61 | 0xa6 | 0xa6
[OK ]  |  9058 | 0x00006b62 | 0x00 | 0x00
[OK ]  |  9059 | 0x00006b63 | 0x00 | 0x00
[OK ]  |  9060 | 0x00006b64 | 0xe9 | 0xe9
[OK ]  |  9061 | 0x00006b65 | 0xf4 | 0xf4
[OK ]  |  9062 | 0x00006b66 | 0xfe | 0xfe
[OK ]  |  9063 | 0x00006b67 | 0xff | 0xff
[OK ]  |  9064 | 0x00006b68 | 0x4c | 0x4c
[OK ]  |  9065 | 0x00006b69 | 0xbf | 0xbf
[OK ]  |  9066 | 0x00006b6a | 0xff | 0xff
[OK ]  |  9067 | 0x00006b6b | 0xff | 0xff
[OK ]  |  9068 | 0x00006b6c | 0xcd | 0xcd
[OK ]  |  9069 | 0x00006b6d | 0x5c | 0x5c
[OK ]  |  9070 | 0x00006b6e | 0x01 | 0x01
[OK ]  |  9071 | 0x00006b6f | 0x00 | 0x00
[OK ]  |  9072 | 0x00006b70 | 0x60 | 0x60
[OK ]  |  9073 | 0x00006b71 | 0x27 | 0x27
[OK ]  |  9074 | 0x00006b72 | 0x00 | 0x00
[OK ]  |  9075 | 0x00006b73 | 0x00 | 0x00
[OK ]  |  9076 | 0x00006b74 | 0xbf | 0xbf
[OK ]  |  9077 | 0x00006b75 | 0xe3 | 0xe3
[OK ]  |  9078 | 0x00006b76 | 0x00 | 0x00
[OK ]  |  9079 | 0x00006b77 | 0x00 | 0x00
[OK ]  |  9080 | 0x00006b78 | 0xe8 | 0xe8
[OK ]  |  9081 | 0x00006b79 | 0x85 | 0x85
[OK ]  |  9082 | 0x00006b7a | 0xff | 0xff
[OK ]  |  9083 | 0x00006b7b | 0xff | 0xff
[OK ]  |  9084 | 0x00006b7c | 0x70 | 0x70
[OK ]  |  9085 | 0x00006b7d | 0x47 | 0x47
[OK ]  |  9086 | 0x00006b7e | 0x01 | 0x01
[OK ]  |  9087 | 0x00006b7f | 0x00 | 0x00
[OK ]  |  9088 | 0x00006b80 | 0x39 | 0x39
[OK ]  |  9089 | 0x00006b81 | 0x01 | 0x01
[OK ]  |  9090 | 0x00006b82 | 0xff | 0xff
[OK ]  |  9091 | 0x00006b83 | 0xff | 0xff
[OK ]  |  9092 | 0x00006b84 | 0x3f | 0x3f
[OK ]  |  9093 | 0x00006b85 | 0xf0 | 0xf0
[OK ]  |  9094 | 0x00006b86 | 0x00 | 0x00
[OK ]  |  9095 | 0x00006b87 | 0x00 | 0x00
[OK ]  |  9096 | 0x00006b88 | 0x70 | 0x70
[OK ]  |  9097 | 0x00006b89 | 0x05 | 0x05
[OK ]  |  9098 | 0x00006b8a | 0x01 | 0x01
[OK ]  |  9099 | 0x00006b8b | 0x00 | 0x00
[OK ]  |  9100 | 0x00006b8c | 0x15 | 0x15
[OK ]  |  9101 | 0x00006b8d | 0x7e | 0x7e
[OK ]  |  9102 | 0x00006b8e | 0xff | 0xff
[OK ]  |  9103 | 0x00006b8f | 0xff | 0xff
[OK ]  |  9104 | 0x00006b90 | 0x09 | 0x09
[OK ]  |  9105 | 0x00006b91 | 0xc1 | 0xc1
[OK ]  |  9106 | 0x00006b92 | 0x00 | 0x00
[OK ]  |  9107 | 0x00006b93 | 0x00 | 0x00
[OK ]  |  9108 | 0x00006b94 | 0xa7 | 0xa7
[OK ]  |  9109 | 0x00006b95 | 0x31 | 0x31
[OK ]  |  9110 | 0x00006b96 | 0x00 | 0x00
[OK ]  |  9111 | 0x00006b97 | 0x00 | 0x00
[OK ]  |  9112 | 0x00006b98 | 0x63 | 0x63
[OK ]  |  9113 | 0x00006b99 | 0xef | 0xef
[OK ]  |  9114 | 0x00006b9a | 0xff | 0xff
[OK ]  |  9115 | 0x00006b9b | 0xff | 0xff
[OK ]  |  9116 | 0x00006b9c | 0xcd | 0xcd
[OK ]  |  9117 | 0x00006b9d | 0x19 | 0x19
[OK ]  |  9118 | 0x00006b9e | 0xff | 0xff
[OK ]  |  9119 | 0x00006b9f | 0xff | 0xff
[OK ]  |  9120 | 0x00006ba0 | 0x9b | 0x9b
[OK ]  |  9121 | 0x00006ba1 | 0xed | 0xed
[OK ]  |  9122 | 0x00006ba2 | 0xfe | 0xfe
[OK ]  |  9123 | 0x00006ba3 | 0xff | 0xff
[OK ]  |  9124 | 0x00006ba4 | 0x1c | 0x1c
[OK ]  |  9125 | 0x00006ba5 | 0xee | 0xee
[OK ]  |  9126 | 0x00006ba6 | 0xfe | 0xfe
[OK ]  |  9127 | 0x00006ba7 | 0xff | 0xff
[OK ]  |  9128 | 0x00006ba8 | 0x77 | 0x77
[OK ]  |  9129 | 0x00006ba9 | 0x7c | 0x7c
[OK ]  |  9130 | 0x00006baa | 0xff | 0xff
[OK ]  |  9131 | 0x00006bab | 0xff | 0xff
[OK ]  |  9132 | 0x00006bac | 0xcd | 0xcd
[OK ]  |  9133 | 0x00006bad | 0xe8 | 0xe8
[OK ]  |  9134 | 0x00006bae | 0xfe | 0xfe
[OK ]  |  9135 | 0x00006baf | 0xff | 0xff
[OK ]  |  9136 | 0x00006bb0 | 0x82 | 0x82
[OK ]  |  9137 | 0x00006bb1 | 0x32 | 0x32
[OK ]  |  9138 | 0x00006bb2 | 0xff | 0xff
[OK ]  |  9139 | 0x00006bb3 | 0xff | 0xff
[OK ]  |  9140 | 0x00006bb4 | 0x1c | 0x1c
[OK ]  |  9141 | 0x00006bb5 | 0x8d | 0x8d
[OK ]  |  9142 | 0x00006bb6 | 0xff | 0xff
[OK ]  |  9143 | 0x00006bb7 | 0xff | 0xff
[OK ]  |  9144 | 0x00006bb8 | 0xf0 | 0xf0
[OK ]  |  9145 | 0x00006bb9 | 0x59 | 0x59
[OK ]  |  9146 | 0x00006bba | 0x01 | 0x01
[OK ]  |  9147 | 0x00006bbb | 0x00 | 0x00
[OK ]  |  9148 | 0x00006bbc | 0xa9 | 0xa9
[OK ]  |  9149 | 0x00006bbd | 0xb0 | 0xb0
[OK ]  |  9150 | 0x00006bbe | 0xfe | 0xfe
[OK ]  |  9151 | 0x00006bbf | 0xff | 0xff
[OK ]  |  9152 | 0x00006bc0 | 0x9b | 0x9b
[OK ]  |  9153 | 0x00006bc1 | 0x0e | 0x0e
[OK ]  |  9154 | 0x00006bc2 | 0x00 | 0x00
[OK ]  |  9155 | 0x00006bc3 | 0x00 | 0x00
[OK ]  |  9156 | 0x00006bc4 | 0xa6 | 0xa6
[OK ]  |  9157 | 0x00006bc5 | 0x48 | 0x48
[OK ]  |  9158 | 0x00006bc6 | 0xfe | 0xfe
[OK ]  |  9159 | 0x00006bc7 | 0xff | 0xff
[OK ]  |  9160 | 0x00006bc8 | 0x40 | 0x40
[OK ]  |  9161 | 0x00006bc9 | 0x07 | 0x07
[OK ]  |  9162 | 0x00006bca | 0x02 | 0x02
[OK ]  |  9163 | 0x00006bcb | 0x00 | 0x00
[OK ]  |  9164 | 0x00006bcc | 0x9f | 0x9f
[OK ]  |  9165 | 0x00006bcd | 0xf1 | 0xf1
[OK ]  |  9166 | 0x00006bce | 0xfd | 0xfd
[OK ]  |  9167 | 0x00006bcf | 0xff | 0xff
[OK ]  |  9168 | 0x00006bd0 | 0xaa | 0xaa
[OK ]  |  9169 | 0x00006bd1 | 0x4e | 0x4e
[OK ]  |  9170 | 0x00006bd2 | 0x01 | 0x01
[OK ]  |  9171 | 0x00006bd3 | 0x00 | 0x00
[OK ]  |  9172 | 0x00006bd4 | 0x66 | 0x66
[OK ]  |  9173 | 0x00006bd5 | 0xd0 | 0xd0
[OK ]  |  9174 | 0x00006bd6 | 0xfe | 0xfe
[OK ]  |  9175 | 0x00006bd7 | 0xff | 0xff
[OK ]  |  9176 | 0x00006bd8 | 0x61 | 0x61
[OK ]  |  9177 | 0x00006bd9 | 0x86 | 0x86
[OK ]  |  9178 | 0x00006bda | 0xfe | 0xfe
[OK ]  |  9179 | 0x00006bdb | 0xff | 0xff
[OK ]  |  9180 | 0x00006bdc | 0x87 | 0x87
[OK ]  |  9181 | 0x00006bdd | 0x9e | 0x9e
[OK ]  |  9182 | 0x00006bde | 0xff | 0xff
[OK ]  |  9183 | 0x00006bdf | 0xff | 0xff
[OK ]  |  9184 | 0x00006be0 | 0x19 | 0x19
[OK ]  |  9185 | 0x00006be1 | 0xc5 | 0xc5
[OK ]  |  9186 | 0x00006be2 | 0x00 | 0x00
[OK ]  |  9187 | 0x00006be3 | 0x00 | 0x00
[OK ]  |  9188 | 0x00006be4 | 0x24 | 0x24
[OK ]  |  9189 | 0x00006be5 | 0xb7 | 0xb7
[OK ]  |  9190 | 0x00006be6 | 0xff | 0xff
[OK ]  |  9191 | 0x00006be7 | 0xff | 0xff
[OK ]  |  9192 | 0x00006be8 | 0x9e | 0x9e
[OK ]  |  9193 | 0x00006be9 | 0x14 | 0x14
[OK ]  |  9194 | 0x00006bea | 0x00 | 0x00
[OK ]  |  9195 | 0x00006beb | 0x00 | 0x00
[OK ]  |  9196 | 0x00006bec | 0x4d | 0x4d
[OK ]  |  9197 | 0x00006bed | 0x03 | 0x03
[OK ]  |  9198 | 0x00006bee | 0x00 | 0x00
[OK ]  |  9199 | 0x00006bef | 0x00 | 0x00
[OK ]  |  9200 | 0x00006bf0 | 0x13 | 0x13
[OK ]  |  9201 | 0x00006bf1 | 0x74 | 0x74
[OK ]  |  9202 | 0x00006bf2 | 0xfd | 0xfd
[OK ]  |  9203 | 0x00006bf3 | 0xff | 0xff
[OK ]  |  9204 | 0x00006bf4 | 0x75 | 0x75
[OK ]  |  9205 | 0x00006bf5 | 0x44 | 0x44
[OK ]  |  9206 | 0x00006bf6 | 0x00 | 0x00
[OK ]  |  9207 | 0x00006bf7 | 0x00 | 0x00
[OK ]  |  9208 | 0x00006bf8 | 0x34 | 0x34
[OK ]  |  9209 | 0x00006bf9 | 0xd7 | 0xd7
[OK ]  |  9210 | 0x00006bfa | 0x01 | 0x01
[OK ]  |  9211 | 0x00006bfb | 0x00 | 0x00
[OK ]  |  9212 | 0x00006bfc | 0x96 | 0x96
[OK ]  |  9213 | 0x00006bfd | 0xa5 | 0xa5
[OK ]  |  9214 | 0x00006bfe | 0xff | 0xff
[OK ]  |  9215 | 0x00006bff | 0xff | 0xff
[OK ]  |  9216 | 0x00006c00 | 0x5e | 0x5e
[OK ]  |  9217 | 0x00006c01 | 0x9a | 0x9a
[OK ]  |  9218 | 0x00006c02 | 0xff | 0xff
[OK ]  |  9219 | 0x00006c03 | 0xff | 0xff
[OK ]  |  9220 | 0x00006c04 | 0x4d | 0x4d
[OK ]  |  9221 | 0x00006c05 | 0x16 | 0x16
[OK ]  |  9222 | 0x00006c06 | 0x01 | 0x01
[OK ]  |  9223 | 0x00006c07 | 0x00 | 0x00
[OK ]  |  9224 | 0x00006c08 | 0xe5 | 0xe5
[OK ]  |  9225 | 0x00006c09 | 0xbd | 0xbd
[OK ]  |  9226 | 0x00006c0a | 0xff | 0xff
[OK ]  |  9227 | 0x00006c0b | 0xff | 0xff
[OK ]  |  9228 | 0x00006c0c | 0x3c | 0x3c
[OK ]  |  9229 | 0x00006c0d | 0xc0 | 0xc0
[OK ]  |  9230 | 0x00006c0e | 0xff | 0xff
[OK ]  |  9231 | 0x00006c0f | 0xff | 0xff
[OK ]  |  9232 | 0x00006c10 | 0xb7 | 0xb7
[OK ]  |  9233 | 0x00006c11 | 0xb3 | 0xb3
[OK ]  |  9234 | 0x00006c12 | 0x00 | 0x00
[OK ]  |  9235 | 0x00006c13 | 0x00 | 0x00
[OK ]  |  9236 | 0x00006c14 | 0x51 | 0x51
[OK ]  |  9237 | 0x00006c15 | 0x1b | 0x1b
[OK ]  |  9238 | 0x00006c16 | 0xff | 0xff
[OK ]  |  9239 | 0x00006c17 | 0xff | 0xff
[OK ]  |  9240 | 0x00006c18 | 0x38 | 0x38
[OK ]  |  9241 | 0x00006c19 | 0x7c | 0x7c
[OK ]  |  9242 | 0x00006c1a | 0xfe | 0xfe
[OK ]  |  9243 | 0x00006c1b | 0xff | 0xff
[OK ]  |  9244 | 0x00006c1c | 0x44 | 0x44
[OK ]  |  9245 | 0x00006c1d | 0x62 | 0x62
[OK ]  |  9246 | 0x00006c1e | 0xfe | 0xfe
[OK ]  |  9247 | 0x00006c1f | 0xff | 0xff
[OK ]  |  9248 | 0x00006c20 | 0x3e | 0x3e
[OK ]  |  9249 | 0x00006c21 | 0x50 | 0x50
[OK ]  |  9250 | 0x00006c22 | 0xff | 0xff
[OK ]  |  9251 | 0x00006c23 | 0xff | 0xff
[OK ]  |  9252 | 0x00006c24 | 0x8d | 0x8d
[OK ]  |  9253 | 0x00006c25 | 0xfc | 0xfc
[OK ]  |  9254 | 0x00006c26 | 0xff | 0xff
[OK ]  |  9255 | 0x00006c27 | 0xff | 0xff
[OK ]  |  9256 | 0x00006c28 | 0xb8 | 0xb8
[OK ]  |  9257 | 0x00006c29 | 0x6e | 0x6e
[OK ]  |  9258 | 0x00006c2a | 0x00 | 0x00
[OK ]  |  9259 | 0x00006c2b | 0x00 | 0x00
[OK ]  |  9260 | 0x00006c2c | 0x15 | 0x15
[OK ]  |  9261 | 0x00006c2d | 0x0e | 0x0e
[OK ]  |  9262 | 0x00006c2e | 0xff | 0xff
[OK ]  |  9263 | 0x00006c2f | 0xff | 0xff
[OK ]  |  9264 | 0x00006c30 | 0xa4 | 0xa4
[OK ]  |  9265 | 0x00006c31 | 0x98 | 0x98
[OK ]  |  9266 | 0x00006c32 | 0xfc | 0xfc
[OK ]  |  9267 | 0x00006c33 | 0xff | 0xff
[OK ]  |  9268 | 0x00006c34 | 0x92 | 0x92
[OK ]  |  9269 | 0x00006c35 | 0xfb | 0xfb
[OK ]  |  9270 | 0x00006c36 | 0x00 | 0x00
[OK ]  |  9271 | 0x00006c37 | 0x00 | 0x00
[OK ]  |  9272 | 0x00006c38 | 0x1b | 0x1b
[OK ]  |  9273 | 0x00006c39 | 0xac | 0xac
[OK ]  |  9274 | 0x00006c3a | 0xff | 0xff
[OK ]  |  9275 | 0x00006c3b | 0xff | 0xff
[OK ]  |  9276 | 0x00006c3c | 0x71 | 0x71
[OK ]  |  9277 | 0x00006c3d | 0xc2 | 0xc2
[OK ]  |  9278 | 0x00006c3e | 0xff | 0xff
[OK ]  |  9279 | 0x00006c3f | 0xff | 0xff
[OK ]  |  9280 | 0x00006c40 | 0xb8 | 0xb8
[OK ]  |  9281 | 0x00006c41 | 0x92 | 0x92
[OK ]  |  9282 | 0x00006c42 | 0xff | 0xff
[OK ]  |  9283 | 0x00006c43 | 0xff | 0xff
[OK ]  |  9284 | 0x00006c44 | 0xfa | 0xfa
[OK ]  |  9285 | 0x00006c45 | 0x97 | 0x97
[OK ]  |  9286 | 0x00006c46 | 0xfe | 0xfe
[OK ]  |  9287 | 0x00006c47 | 0xff | 0xff
[OK ]  |  9288 | 0x00006c48 | 0xef | 0xef
[OK ]  |  9289 | 0x00006c49 | 0xfd | 0xfd
[OK ]  |  9290 | 0x00006c4a | 0x00 | 0x00
[OK ]  |  9291 | 0x00006c4b | 0x00 | 0x00
[OK ]  |  9292 | 0x00006c4c | 0x66 | 0x66
[OK ]  |  9293 | 0x00006c4d | 0x22 | 0x22
[OK ]  |  9294 | 0x00006c4e | 0x01 | 0x01
[OK ]  |  9295 | 0x00006c4f | 0x00 | 0x00
[OK ]  |  9296 | 0x00006c50 | 0xca | 0xca
[OK ]  |  9297 | 0x00006c51 | 0xb8 | 0xb8
[OK ]  |  9298 | 0x00006c52 | 0x00 | 0x00
[OK ]  |  9299 | 0x00006c53 | 0x00 | 0x00
[OK ]  |  9300 | 0x00006c54 | 0x27 | 0x27
[OK ]  |  9301 | 0x00006c55 | 0xde | 0xde
[OK ]  |  9302 | 0x00006c56 | 0xff | 0xff
[OK ]  |  9303 | 0x00006c57 | 0xff | 0xff
[OK ]  |  9304 | 0x00006c58 | 0x61 | 0x61
[OK ]  |  9305 | 0x00006c59 | 0x6e | 0x6e
[OK ]  |  9306 | 0x00006c5a | 0x00 | 0x00
[OK ]  |  9307 | 0x00006c5b | 0x00 | 0x00
[OK ]  |  9308 | 0x00006c5c | 0xf8 | 0xf8
[OK ]  |  9309 | 0x00006c5d | 0x92 | 0x92
[OK ]  |  9310 | 0x00006c5e | 0xff | 0xff
[OK ]  |  9311 | 0x00006c5f | 0xff | 0xff
[OK ]  |  9312 | 0x00006c60 | 0x37 | 0x37
[OK ]  |  9313 | 0x00006c61 | 0x79 | 0x79
[OK ]  |  9314 | 0x00006c62 | 0x01 | 0x01
[OK ]  |  9315 | 0x00006c63 | 0x00 | 0x00
[OK ]  |  9316 | 0x00006c64 | 0x72 | 0x72
[OK ]  |  9317 | 0x00006c65 | 0x70 | 0x70
[OK ]  |  9318 | 0x00006c66 | 0xfe | 0xfe
[OK ]  |  9319 | 0x00006c67 | 0xff | 0xff
[OK ]  |  9320 | 0x00006c68 | 0xad | 0xad
[OK ]  |  9321 | 0x00006c69 | 0x20 | 0x20
[OK ]  |  9322 | 0x00006c6a | 0x00 | 0x00
[OK ]  |  9323 | 0x00006c6b | 0x00 | 0x00
[OK ]  |  9324 | 0x00006c6c | 0x45 | 0x45
[OK ]  |  9325 | 0x00006c6d | 0x90 | 0x90
[OK ]  |  9326 | 0x00006c6e | 0xff | 0xff
[OK ]  |  9327 | 0x00006c6f | 0xff | 0xff
[OK ]  |  9328 | 0x00006c70 | 0xec | 0xec
[OK ]  |  9329 | 0x00006c71 | 0x9a | 0x9a
[OK ]  |  9330 | 0x00006c72 | 0x00 | 0x00
[OK ]  |  9331 | 0x00006c73 | 0x00 | 0x00
[OK ]  |  9332 | 0x00006c74 | 0xf0 | 0xf0
[OK ]  |  9333 | 0x00006c75 | 0xfc | 0xfc
[OK ]  |  9334 | 0x00006c76 | 0xff | 0xff
[OK ]  |  9335 | 0x00006c77 | 0xff | 0xff
[OK ]  |  9336 | 0x00006c78 | 0x89 | 0x89
[OK ]  |  9337 | 0x00006c79 | 0xa5 | 0xa5
[OK ]  |  9338 | 0x00006c7a | 0x01 | 0x01
[OK ]  |  9339 | 0x00006c7b | 0x00 | 0x00
[OK ]  |  9340 | 0x00006c7c | 0xf5 | 0xf5
[OK ]  |  9341 | 0x00006c7d | 0x61 | 0x61
[OK ]  |  9342 | 0x00006c7e | 0x02 | 0x02
[OK ]  |  9343 | 0x00006c7f | 0x00 | 0x00
[OK ]  |  9344 | 0x00006c80 | 0x4c | 0x4c
[OK ]  |  9345 | 0x00006c81 | 0x3e | 0x3e
[OK ]  |  9346 | 0x00006c82 | 0x00 | 0x00
[OK ]  |  9347 | 0x00006c83 | 0x00 | 0x00
[OK ]  |  9348 | 0x00006c84 | 0x7c | 0x7c
[OK ]  |  9349 | 0x00006c85 | 0x19 | 0x19
[OK ]  |  9350 | 0x00006c86 | 0x01 | 0x01
[OK ]  |  9351 | 0x00006c87 | 0x00 | 0x00
[OK ]  |  9352 | 0x00006c88 | 0xde | 0xde
[OK ]  |  9353 | 0x00006c89 | 0x53 | 0x53
[OK ]  |  9354 | 0x00006c8a | 0x01 | 0x01
[OK ]  |  9355 | 0x00006c8b | 0x00 | 0x00
[OK ]  |  9356 | 0x00006c8c | 0x35 | 0x35
[OK ]  |  9357 | 0x00006c8d | 0xd3 | 0xd3
[OK ]  |  9358 | 0x00006c8e | 0xff | 0xff
[OK ]  |  9359 | 0x00006c8f | 0xff | 0xff
[OK ]  |  9360 | 0x00006c90 | 0x50 | 0x50
[OK ]  |  9361 | 0x00006c91 | 0xc9 | 0xc9
[OK ]  |  9362 | 0x00006c92 | 0xff | 0xff
[OK ]  |  9363 | 0x00006c93 | 0xff | 0xff
[OK ]  |  9364 | 0x00006c94 | 0x02 | 0x02
[OK ]  |  9365 | 0x00006c95 | 0x47 | 0x47
[OK ]  |  9366 | 0x00006c96 | 0x00 | 0x00
[OK ]  |  9367 | 0x00006c97 | 0x00 | 0x00
[OK ]  |  9368 | 0x00006c98 | 0x59 | 0x59
[OK ]  |  9369 | 0x00006c99 | 0x41 | 0x41
[OK ]  |  9370 | 0x00006c9a | 0x00 | 0x00
[OK ]  |  9371 | 0x00006c9b | 0x00 | 0x00
[OK ]  |  9372 | 0x00006c9c | 0x6b | 0x6b
[OK ]  |  9373 | 0x00006c9d | 0x62 | 0x62
[OK ]  |  9374 | 0x00006c9e | 0xff | 0xff
[OK ]  |  9375 | 0x00006c9f | 0xff | 0xff
[OK ]  |  9376 | 0x00006ca0 | 0xcb | 0xcb
[OK ]  |  9377 | 0x00006ca1 | 0x14 | 0x14
[OK ]  |  9378 | 0x00006ca2 | 0x00 | 0x00
[OK ]  |  9379 | 0x00006ca3 | 0x00 | 0x00
[OK ]  |  9380 | 0x00006ca4 | 0x78 | 0x78
[OK ]  |  9381 | 0x00006ca5 | 0xbf | 0xbf
[OK ]  |  9382 | 0x00006ca6 | 0xff | 0xff
[OK ]  |  9383 | 0x00006ca7 | 0xff | 0xff
[OK ]  |  9384 | 0x00006ca8 | 0xac | 0xac
[OK ]  |  9385 | 0x00006ca9 | 0x2c | 0x2c
[OK ]  |  9386 | 0x00006caa | 0x00 | 0x00
[OK ]  |  9387 | 0x00006cab | 0x00 | 0x00
[OK ]  |  9388 | 0x00006cac | 0x20 | 0x20
[OK ]  |  9389 | 0x00006cad | 0x9a | 0x9a
[OK ]  |  9390 | 0x00006cae | 0xff | 0xff
[OK ]  |  9391 | 0x00006caf | 0xff | 0xff
[OK ]  |  9392 | 0x00006cb0 | 0x15 | 0x15
[OK ]  |  9393 | 0x00006cb1 | 0x56 | 0x56
[OK ]  |  9394 | 0x00006cb2 | 0x00 | 0x00
[OK ]  |  9395 | 0x00006cb3 | 0x00 | 0x00
[OK ]  |  9396 | 0x00006cb4 | 0x5c | 0x5c
[OK ]  |  9397 | 0x00006cb5 | 0xe8 | 0xe8
[OK ]  |  9398 | 0x00006cb6 | 0xff | 0xff
[OK ]  |  9399 | 0x00006cb7 | 0xff | 0xff
[OK ]  |  9400 | 0x00006cb8 | 0xfa | 0xfa
[OK ]  |  9401 | 0x00006cb9 | 0x67 | 0x67
[OK ]  |  9402 | 0x00006cba | 0xff | 0xff
[OK ]  |  9403 | 0x00006cbb | 0xff | 0xff
[OK ]  |  9404 | 0x00006cbc | 0xad | 0xad
[OK ]  |  9405 | 0x00006cbd | 0x4f | 0x4f
[OK ]  |  9406 | 0x00006cbe | 0x00 | 0x00
[OK ]  |  9407 | 0x00006cbf | 0x00 | 0x00
[OK ]  |  9408 | 0x00006cc0 | 0xf9 | 0xf9
[OK ]  |  9409 | 0x00006cc1 | 0x45 | 0x45
[OK ]  |  9410 | 0x00006cc2 | 0x00 | 0x00
[OK ]  |  9411 | 0x00006cc3 | 0x00 | 0x00
[OK ]  |  9412 | 0x00006cc4 | 0xd8 | 0xd8
[OK ]  |  9413 | 0x00006cc5 | 0xeb | 0xeb
[OK ]  |  9414 | 0x00006cc6 | 0xff | 0xff
[OK ]  |  9415 | 0x00006cc7 | 0xff | 0xff
[OK ]  |  9416 | 0x00006cc8 | 0x60 | 0x60
[OK ]  |  9417 | 0x00006cc9 | 0xa0 | 0xa0
[OK ]  |  9418 | 0x00006cca | 0x00 | 0x00
[OK ]  |  9419 | 0x00006ccb | 0x00 | 0x00
[OK ]  |  9420 | 0x00006ccc | 0x4f | 0x4f
[OK ]  |  9421 | 0x00006ccd | 0x7b | 0x7b
[OK ]  |  9422 | 0x00006cce | 0x00 | 0x00
[OK ]  |  9423 | 0x00006ccf | 0x00 | 0x00
[OK ]  |  9424 | 0x00006cd0 | 0xd9 | 0xd9
[OK ]  |  9425 | 0x00006cd1 | 0xb3 | 0xb3
[OK ]  |  9426 | 0x00006cd2 | 0xfe | 0xfe
[OK ]  |  9427 | 0x00006cd3 | 0xff | 0xff
[OK ]  |  9428 | 0x00006cd4 | 0x7e | 0x7e
[OK ]  |  9429 | 0x00006cd5 | 0x4d | 0x4d
[OK ]  |  9430 | 0x00006cd6 | 0xff | 0xff
[OK ]  |  9431 | 0x00006cd7 | 0xff | 0xff
[OK ]  |  9432 | 0x00006cd8 | 0xac | 0xac
[OK ]  |  9433 | 0x00006cd9 | 0x88 | 0x88
[OK ]  |  9434 | 0x00006cda | 0xff | 0xff
[OK ]  |  9435 | 0x00006cdb | 0xff | 0xff
[OK ]  |  9436 | 0x00006cdc | 0x8c | 0x8c
[OK ]  |  9437 | 0x00006cdd | 0x40 | 0x40
[OK ]  |  9438 | 0x00006cde | 0x01 | 0x01
[OK ]  |  9439 | 0x00006cdf | 0x00 | 0x00
[OK ]  |  9440 | 0x00006ce0 | 0xec | 0xec
[OK ]  |  9441 | 0x00006ce1 | 0x9e | 0x9e
[OK ]  |  9442 | 0x00006ce2 | 0xff | 0xff
[OK ]  |  9443 | 0x00006ce3 | 0xff | 0xff
[OK ]  |  9444 | 0x00006ce4 | 0xb6 | 0xb6
[OK ]  |  9445 | 0x00006ce5 | 0x5b | 0x5b
[OK ]  |  9446 | 0x00006ce6 | 0xff | 0xff
[OK ]  |  9447 | 0x00006ce7 | 0xff | 0xff
[OK ]  |  9448 | 0x00006ce8 | 0xff | 0xff
[OK ]  |  9449 | 0x00006ce9 | 0xb0 | 0xb0
[OK ]  |  9450 | 0x00006cea | 0xfd | 0xfd
[OK ]  |  9451 | 0x00006ceb | 0xff | 0xff
[OK ]  |  9452 | 0x00006cec | 0xa2 | 0xa2
[OK ]  |  9453 | 0x00006ced | 0xd5 | 0xd5
[OK ]  |  9454 | 0x00006cee | 0x00 | 0x00
[OK ]  |  9455 | 0x00006cef | 0x00 | 0x00
[OK ]  |  9456 | 0x00006cf0 | 0x0a | 0x0a
[OK ]  |  9457 | 0x00006cf1 | 0xf6 | 0xf6
[OK ]  |  9458 | 0x00006cf2 | 0x01 | 0x01
[OK ]  |  9459 | 0x00006cf3 | 0x00 | 0x00
[OK ]  |  9460 | 0x00006cf4 | 0xbf | 0xbf
[OK ]  |  9461 | 0x00006cf5 | 0xc2 | 0xc2
[OK ]  |  9462 | 0x00006cf6 | 0xfe | 0xfe
[OK ]  |  9463 | 0x00006cf7 | 0xff | 0xff
[OK ]  |  9464 | 0x00006cf8 | 0xc8 | 0xc8
[OK ]  |  9465 | 0x00006cf9 | 0x16 | 0x16
[OK ]  |  9466 | 0x00006cfa | 0xff | 0xff
[OK ]  |  9467 | 0x00006cfb | 0xff | 0xff
[OK ]  |  9468 | 0x00006cfc | 0x17 | 0x17
[OK ]  |  9469 | 0x00006cfd | 0x31 | 0x31
[OK ]  |  9470 | 0x00006cfe | 0xff | 0xff
[OK ]  |  9471 | 0x00006cff | 0xff | 0xff
[OK ]  |  9472 | 0x00006d00 | 0xbd | 0xbd
[OK ]  |  9473 | 0x00006d01 | 0x4d | 0x4d
[OK ]  |  9474 | 0x00006d02 | 0x00 | 0x00
[OK ]  |  9475 | 0x00006d03 | 0x00 | 0x00
[OK ]  |  9476 | 0x00006d04 | 0xc9 | 0xc9
[OK ]  |  9477 | 0x00006d05 | 0x6a | 0x6a
[OK ]  |  9478 | 0x00006d06 | 0xff | 0xff
[OK ]  |  9479 | 0x00006d07 | 0xff | 0xff
[OK ]  |  9480 | 0x00006d08 | 0x48 | 0x48
[OK ]  |  9481 | 0x00006d09 | 0xd1 | 0xd1
[OK ]  |  9482 | 0x00006d0a | 0x01 | 0x01
[OK ]  |  9483 | 0x00006d0b | 0x00 | 0x00
[OK ]  |  9484 | 0x00006d0c | 0xdf | 0xdf
[OK ]  |  9485 | 0x00006d0d | 0xd4 | 0xd4
[OK ]  |  9486 | 0x00006d0e | 0x01 | 0x01
[OK ]  |  9487 | 0x00006d0f | 0x00 | 0x00
[OK ]  |  9488 | 0x00006d10 | 0x47 | 0x47
[OK ]  |  9489 | 0x00006d11 | 0x5b | 0x5b
[OK ]  |  9490 | 0x00006d12 | 0x00 | 0x00
[OK ]  |  9491 | 0x00006d13 | 0x00 | 0x00
[OK ]  |  9492 | 0x00006d14 | 0xbe | 0xbe
[OK ]  |  9493 | 0x00006d15 | 0xa1 | 0xa1
[OK ]  |  9494 | 0x00006d16 | 0x00 | 0x00
[OK ]  |  9495 | 0x00006d17 | 0x00 | 0x00
[OK ]  |  9496 | 0x00006d18 | 0x20 | 0x20
[OK ]  |  9497 | 0x00006d19 | 0x9b | 0x9b
[OK ]  |  9498 | 0x00006d1a | 0x00 | 0x00
[OK ]  |  9499 | 0x00006d1b | 0x00 | 0x00
[OK ]  |  9500 | 0x00006d1c | 0x40 | 0x40
[OK ]  |  9501 | 0x00006d1d | 0x2e | 0x2e
[OK ]  |  9502 | 0x00006d1e | 0xff | 0xff
[OK ]  |  9503 | 0x00006d1f | 0xff | 0xff
[OK ]  |  9504 | 0x00006d20 | 0xd5 | 0xd5
[OK ]  |  9505 | 0x00006d21 | 0xe0 | 0xe0
[OK ]  |  9506 | 0x00006d22 | 0xfd | 0xfd
[OK ]  |  9507 | 0x00006d23 | 0xff | 0xff
[OK ]  |  9508 | 0x00006d24 | 0x4f | 0x4f
[OK ]  |  9509 | 0x00006d25 | 0x13 | 0x13
[OK ]  |  9510 | 0x00006d26 | 0xff | 0xff
[OK ]  |  9511 | 0x00006d27 | 0xff | 0xff
[OK ]  |  9512 | 0x00006d28 | 0x83 | 0x83
[OK ]  |  9513 | 0x00006d29 | 0x3a | 0x3a
[OK ]  |  9514 | 0x00006d2a | 0x01 | 0x01
[OK ]  |  9515 | 0x00006d2b | 0x00 | 0x00
[OK ]  |  9516 | 0x00006d2c | 0x51 | 0x51
[OK ]  |  9517 | 0x00006d2d | 0xb2 | 0xb2
[OK ]  |  9518 | 0x00006d2e | 0x01 | 0x01
[OK ]  |  9519 | 0x00006d2f | 0x00 | 0x00
[OK ]  |  9520 | 0x00006d30 | 0xa4 | 0xa4
[OK ]  |  9521 | 0x00006d31 | 0xe6 | 0xe6
[OK ]  |  9522 | 0x00006d32 | 0xff | 0xff
[OK ]  |  9523 | 0x00006d33 | 0xff | 0xff
[OK ]  |  9524 | 0x00006d34 | 0x9c | 0x9c
[OK ]  |  9525 | 0x00006d35 | 0x0b | 0x0b
[OK ]  |  9526 | 0x00006d36 | 0x01 | 0x01
[OK ]  |  9527 | 0x00006d37 | 0x00 | 0x00
[OK ]  |  9528 | 0x00006d38 | 0x17 | 0x17
[OK ]  |  9529 | 0x00006d39 | 0xd2 | 0xd2
[OK ]  |  9530 | 0x00006d3a | 0xff | 0xff
[OK ]  |  9531 | 0x00006d3b | 0xff | 0xff
[OK ]  |  9532 | 0x00006d3c | 0x2c | 0x2c
[OK ]  |  9533 | 0x00006d3d | 0x0e | 0x0e
[OK ]  |  9534 | 0x00006d3e | 0x00 | 0x00
[OK ]  |  9535 | 0x00006d3f | 0x00 | 0x00
[OK ]  |  9536 | 0x00006d40 | 0x0b | 0x0b
[OK ]  |  9537 | 0x00006d41 | 0x74 | 0x74
[OK ]  |  9538 | 0x00006d42 | 0xff | 0xff
[OK ]  |  9539 | 0x00006d43 | 0xff | 0xff
[OK ]  |  9540 | 0x00006d44 | 0x67 | 0x67
[OK ]  |  9541 | 0x00006d45 | 0x78 | 0x78
[OK ]  |  9542 | 0x00006d46 | 0x00 | 0x00
[OK ]  |  9543 | 0x00006d47 | 0x00 | 0x00
[OK ]  |  9544 | 0x00006d48 | 0xff | 0xff
[OK ]  |  9545 | 0x00006d49 | 0xad | 0xad
[OK ]  |  9546 | 0x00006d4a | 0x00 | 0x00
[OK ]  |  9547 | 0x00006d4b | 0x00 | 0x00
[OK ]  |  9548 | 0x00006d4c | 0x71 | 0x71
[OK ]  |  9549 | 0x00006d4d | 0x92 | 0x92
[OK ]  |  9550 | 0x00006d4e | 0xff | 0xff
[OK ]  |  9551 | 0x00006d4f | 0xff | 0xff
[OK ]  |  9552 | 0x00006d50 | 0xab | 0xab
[OK ]  |  9553 | 0x00006d51 | 0x5d | 0x5d
[OK ]  |  9554 | 0x00006d52 | 0x02 | 0x02
[OK ]  |  9555 | 0x00006d53 | 0x00 | 0x00
[OK ]  |  9556 | 0x00006d54 | 0x00 | 0x00
[OK ]  |  9557 | 0x00006d55 | 0xbf | 0xbf
[OK ]  |  9558 | 0x00006d56 | 0x00 | 0x00
[OK ]  |  9559 | 0x00006d57 | 0x00 | 0x00
[OK ]  |  9560 | 0x00006d58 | 0xf3 | 0xf3
[OK ]  |  9561 | 0x00006d59 | 0x5e | 0x5e
[OK ]  |  9562 | 0x00006d5a | 0xfe | 0xfe
[OK ]  |  9563 | 0x00006d5b | 0xff | 0xff
[OK ]  |  9564 | 0x00006d5c | 0x2d | 0x2d
[OK ]  |  9565 | 0x00006d5d | 0xfa | 0xfa
[OK ]  |  9566 | 0x00006d5e | 0xfe | 0xfe
[OK ]  |  9567 | 0x00006d5f | 0xff | 0xff
[OK ]  |  9568 | 0x00006d60 | 0xf5 | 0xf5
[OK ]  |  9569 | 0x00006d61 | 0xd6 | 0xd6
[OK ]  |  9570 | 0x00006d62 | 0xff | 0xff
[OK ]  |  9571 | 0x00006d63 | 0xff | 0xff
[OK ]  |  9572 | 0x00006d64 | 0xbf | 0xbf
[OK ]  |  9573 | 0x00006d65 | 0x92 | 0x92
[OK ]  |  9574 | 0x00006d66 | 0xfe | 0xfe
[OK ]  |  9575 | 0x00006d67 | 0xff | 0xff
[OK ]  |  9576 | 0x00006d68 | 0x68 | 0x68
[OK ]  |  9577 | 0x00006d69 | 0x4c | 0x4c
[OK ]  |  9578 | 0x00006d6a | 0xfd | 0xfd
[OK ]  |  9579 | 0x00006d6b | 0xff | 0xff
[OK ]  |  9580 | 0x00006d6c | 0xc3 | 0xc3
[OK ]  |  9581 | 0x00006d6d | 0x90 | 0x90
[OK ]  |  9582 | 0x00006d6e | 0xff | 0xff
[OK ]  |  9583 | 0x00006d6f | 0xff | 0xff
[OK ]  |  9584 | 0x00006d70 | 0x96 | 0x96
[OK ]  |  9585 | 0x00006d71 | 0x4c | 0x4c
[OK ]  |  9586 | 0x00006d72 | 0x01 | 0x01
[OK ]  |  9587 | 0x00006d73 | 0x00 | 0x00
[OK ]  |  9588 | 0x00006d74 | 0xc6 | 0xc6
[OK ]  |  9589 | 0x00006d75 | 0x02 | 0x02
[OK ]  |  9590 | 0x00006d76 | 0xff | 0xff
[OK ]  |  9591 | 0x00006d77 | 0xff | 0xff
[OK ]  |  9592 | 0x00006d78 | 0x98 | 0x98
[OK ]  |  9593 | 0x00006d79 | 0xed | 0xed
[OK ]  |  9594 | 0x00006d7a | 0xff | 0xff
[OK ]  |  9595 | 0x00006d7b | 0xff | 0xff
[OK ]  |  9596 | 0x00006d7c | 0x8f | 0x8f
[OK ]  |  9597 | 0x00006d7d | 0xfe | 0xfe
[OK ]  |  9598 | 0x00006d7e | 0xff | 0xff
[OK ]  |  9599 | 0x00006d7f | 0xff | 0xff
[OK ]  |  9600 | 0x00006d80 | 0xe4 | 0xe4
[OK ]  |  9601 | 0x00006d81 | 0x5a | 0x5a
[OK ]  |  9602 | 0x00006d82 | 0xff | 0xff
[OK ]  |  9603 | 0x00006d83 | 0xff | 0xff
[OK ]  |  9604 | 0x00006d84 | 0x77 | 0x77
[OK ]  |  9605 | 0x00006d85 | 0x59 | 0x59
[OK ]  |  9606 | 0x00006d86 | 0x00 | 0x00
[OK ]  |  9607 | 0x00006d87 | 0x00 | 0x00
[OK ]  |  9608 | 0x00006d88 | 0x21 | 0x21
[OK ]  |  9609 | 0x00006d89 | 0xcf | 0xcf
[OK ]  |  9610 | 0x00006d8a | 0xfe | 0xfe
[OK ]  |  9611 | 0x00006d8b | 0xff | 0xff
[OK ]  |  9612 | 0x00006d8c | 0x56 | 0x56
[OK ]  |  9613 | 0x00006d8d | 0xd7 | 0xd7
[OK ]  |  9614 | 0x00006d8e | 0xff | 0xff
[OK ]  |  9615 | 0x00006d8f | 0xff | 0xff
[OK ]  |  9616 | 0x00006d90 | 0x63 | 0x63
[OK ]  |  9617 | 0x00006d91 | 0x5b | 0x5b
[OK ]  |  9618 | 0x00006d92 | 0xff | 0xff
[OK ]  |  9619 | 0x00006d93 | 0xff | 0xff
[OK ]  |  9620 | 0x00006d94 | 0xa5 | 0xa5
[OK ]  |  9621 | 0x00006d95 | 0x30 | 0x30
[OK ]  |  9622 | 0x00006d96 | 0x00 | 0x00
[OK ]  |  9623 | 0x00006d97 | 0x00 | 0x00
[OK ]  |  9624 | 0x00006d98 | 0xd9 | 0xd9
[OK ]  |  9625 | 0x00006d99 | 0x2b | 0x2b
[OK ]  |  9626 | 0x00006d9a | 0xff | 0xff
[OK ]  |  9627 | 0x00006d9b | 0xff | 0xff
[OK ]  |  9628 | 0x00006d9c | 0x0f | 0x0f
[OK ]  |  9629 | 0x00006d9d | 0xea | 0xea
[OK ]  |  9630 | 0x00006d9e | 0x01 | 0x01
[OK ]  |  9631 | 0x00006d9f | 0x00 | 0x00
[OK ]  |  9632 | 0x00006da0 | 0x90 | 0x90
[OK ]  |  9633 | 0x00006da1 | 0xb1 | 0xb1
[OK ]  |  9634 | 0x00006da2 | 0xff | 0xff
[OK ]  |  9635 | 0x00006da3 | 0xff | 0xff
[OK ]  |  9636 | 0x00006da4 | 0xff | 0xff
[OK ]  |  9637 | 0x00006da5 | 0xba | 0xba
[OK ]  |  9638 | 0x00006da6 | 0x00 | 0x00
[OK ]  |  9639 | 0x00006da7 | 0x00 | 0x00
[OK ]  |  9640 | 0x00006da8 | 0x93 | 0x93
[OK ]  |  9641 | 0x00006da9 | 0x55 | 0x55
[OK ]  |  9642 | 0x00006daa | 0x00 | 0x00
[OK ]  |  9643 | 0x00006dab | 0x00 | 0x00
[OK ]  |  9644 | 0x00006dac | 0xf9 | 0xf9
[OK ]  |  9645 | 0x00006dad | 0x09 | 0x09
[OK ]  |  9646 | 0x00006dae | 0xff | 0xff
[OK ]  |  9647 | 0x00006daf | 0xff | 0xff
[OK ]  |  9648 | 0x00006db0 | 0x95 | 0x95
[OK ]  |  9649 | 0x00006db1 | 0x8e | 0x8e
[OK ]  |  9650 | 0x00006db2 | 0x00 | 0x00
[OK ]  |  9651 | 0x00006db3 | 0x00 | 0x00
[OK ]  |  9652 | 0x00006db4 | 0xfc | 0xfc
[OK ]  |  9653 | 0x00006db5 | 0xde | 0xde
[OK ]  |  9654 | 0x00006db6 | 0xfe | 0xfe
[OK ]  |  9655 | 0x00006db7 | 0xff | 0xff
[OK ]  |  9656 | 0x00006db8 | 0x91 | 0x91
[OK ]  |  9657 | 0x00006db9 | 0x48 | 0x48
[OK ]  |  9658 | 0x00006dba | 0xff | 0xff
[OK ]  |  9659 | 0x00006dbb | 0xff | 0xff
[OK ]  |  9660 | 0x00006dbc | 0x4f | 0x4f
[OK ]  |  9661 | 0x00006dbd | 0x41 | 0x41
[OK ]  |  9662 | 0x00006dbe | 0xff | 0xff
[OK ]  |  9663 | 0x00006dbf | 0xff | 0xff
[OK ]  |  9664 | 0x00006dc0 | 0x7b | 0x7b
[OK ]  |  9665 | 0x00006dc1 | 0xfe | 0xfe
[OK ]  |  9666 | 0x00006dc2 | 0xfe | 0xfe
[OK ]  |  9667 | 0x00006dc3 | 0xff | 0xff
[OK ]  |  9668 | 0x00006dc4 | 0xf4 | 0xf4
[OK ]  |  9669 | 0x00006dc5 | 0xe8 | 0xe8
[OK ]  |  9670 | 0x00006dc6 | 0x00 | 0x00
[OK ]  |  9671 | 0x00006dc7 | 0x00 | 0x00
[OK ]  |  9672 | 0x00006dc8 | 0x42 | 0x42
[OK ]  |  9673 | 0x00006dc9 | 0x7d | 0x7d
[OK ]  |  9674 | 0x00006dca | 0x01 | 0x01
[OK ]  |  9675 | 0x00006dcb | 0x00 | 0x00
[OK ]  |  9676 | 0x00006dcc | 0x00 | 0x00
[OK ]  |  9677 | 0x00006dcd | 0x17 | 0x17
[OK ]  |  9678 | 0x00006dce | 0x00 | 0x00
[OK ]  |  9679 | 0x00006dcf | 0x00 | 0x00
[OK ]  |  9680 | 0x00006dd0 | 0xb9 | 0xb9
[OK ]  |  9681 | 0x00006dd1 | 0x25 | 0x25
[OK ]  |  9682 | 0x00006dd2 | 0x01 | 0x01
[OK ]  |  9683 | 0x00006dd3 | 0x00 | 0x00
[OK ]  |  9684 | 0x00006dd4 | 0x77 | 0x77
[OK ]  |  9685 | 0x00006dd5 | 0x0b | 0x0b
[OK ]  |  9686 | 0x00006dd6 | 0x00 | 0x00
[OK ]  |  9687 | 0x00006dd7 | 0x00 | 0x00
[OK ]  |  9688 | 0x00006dd8 | 0xce | 0xce
[OK ]  |  9689 | 0x00006dd9 | 0x29 | 0x29
[OK ]  |  9690 | 0x00006dda | 0x00 | 0x00
[OK ]  |  9691 | 0x00006ddb | 0x00 | 0x00
[OK ]  |  9692 | 0x00006ddc | 0x15 | 0x15
[OK ]  |  9693 | 0x00006ddd | 0x89 | 0x89
[OK ]  |  9694 | 0x00006dde | 0x01 | 0x01
[OK ]  |  9695 | 0x00006ddf | 0x00 | 0x00
[OK ]  |  9696 | 0x00006de0 | 0x58 | 0x58
[OK ]  |  9697 | 0x00006de1 | 0x7e | 0x7e
[OK ]  |  9698 | 0x00006de2 | 0xff | 0xff
[OK ]  |  9699 | 0x00006de3 | 0xff | 0xff
[OK ]  |  9700 | 0x00006de4 | 0x97 | 0x97
[OK ]  |  9701 | 0x00006de5 | 0x12 | 0x12
[OK ]  |  9702 | 0x00006de6 | 0x01 | 0x01
[OK ]  |  9703 | 0x00006de7 | 0x00 | 0x00
[OK ]  |  9704 | 0x00006de8 | 0x12 | 0x12
[OK ]  |  9705 | 0x00006de9 | 0xed | 0xed
[OK ]  |  9706 | 0x00006dea | 0xff | 0xff
[OK ]  |  9707 | 0x00006deb | 0xff | 0xff
[OK ]  |  9708 | 0x00006dec | 0x49 | 0x49
[OK ]  |  9709 | 0x00006ded | 0x89 | 0x89
[OK ]  |  9710 | 0x00006dee | 0x00 | 0x00
[OK ]  |  9711 | 0x00006def | 0x00 | 0x00
[OK ]  |  9712 | 0x00006df0 | 0x7c | 0x7c
[OK ]  |  9713 | 0x00006df1 | 0x6a | 0x6a
[OK ]  |  9714 | 0x00006df2 | 0x01 | 0x01
[OK ]  |  9715 | 0x00006df3 | 0x00 | 0x00
[OK ]  |  9716 | 0x00006df4 | 0x88 | 0x88
[OK ]  |  9717 | 0x00006df5 | 0xcc | 0xcc
[OK ]  |  9718 | 0x00006df6 | 0x01 | 0x01
[OK ]  |  9719 | 0x00006df7 | 0x00 | 0x00
[OK ]  |  9720 | 0x00006df8 | 0x4e | 0x4e
[OK ]  |  9721 | 0x00006df9 | 0xb0 | 0xb0
[OK ]  |  9722 | 0x00006dfa | 0xfe | 0xfe
[OK ]  |  9723 | 0x00006dfb | 0xff | 0xff
[OK ]  |  9724 | 0x00006dfc | 0x59 | 0x59
[OK ]  |  9725 | 0x00006dfd | 0x77 | 0x77
[OK ]  |  9726 | 0x00006dfe | 0x01 | 0x01
[OK ]  |  9727 | 0x00006dff | 0x00 | 0x00
[OK ]  |  9728 | 0x00006e00 | 0x79 | 0x79
[OK ]  |  9729 | 0x00006e01 | 0x1d | 0x1d
[OK ]  |  9730 | 0x00006e02 | 0xff | 0xff
[OK ]  |  9731 | 0x00006e03 | 0xff | 0xff
[OK ]  |  9732 | 0x00006e04 | 0x06 | 0x06
[OK ]  |  9733 | 0x00006e05 | 0xfa | 0xfa
[OK ]  |  9734 | 0x00006e06 | 0xfd | 0xfd
[OK ]  |  9735 | 0x00006e07 | 0xff | 0xff
[OK ]  |  9736 | 0x00006e08 | 0x97 | 0x97
[OK ]  |  9737 | 0x00006e09 | 0x15 | 0x15
[OK ]  |  9738 | 0x00006e0a | 0xff | 0xff
[OK ]  |  9739 | 0x00006e0b | 0xff | 0xff
[OK ]  |  9740 | 0x00006e0c | 0xfe | 0xfe
[OK ]  |  9741 | 0x00006e0d | 0xb5 | 0xb5
[OK ]  |  9742 | 0x00006e0e | 0xfe | 0xfe
[OK ]  |  9743 | 0x00006e0f | 0xff | 0xff
[OK ]  |  9744 | 0x00006e10 | 0x6d | 0x6d
[OK ]  |  9745 | 0x00006e11 | 0x32 | 0x32
[OK ]  |  9746 | 0x00006e12 | 0x01 | 0x01
[OK ]  |  9747 | 0x00006e13 | 0x00 | 0x00
[OK ]  |  9748 | 0x00006e14 | 0x1d | 0x1d
[OK ]  |  9749 | 0x00006e15 | 0x30 | 0x30
[OK ]  |  9750 | 0x00006e16 | 0x01 | 0x01
[OK ]  |  9751 | 0x00006e17 | 0x00 | 0x00
[OK ]  |  9752 | 0x00006e18 | 0x35 | 0x35
[OK ]  |  9753 | 0x00006e19 | 0x2b | 0x2b
[OK ]  |  9754 | 0x00006e1a | 0xff | 0xff
[OK ]  |  9755 | 0x00006e1b | 0xff | 0xff
[OK ]  |  9756 | 0x00006e1c | 0x6a | 0x6a
[OK ]  |  9757 | 0x00006e1d | 0x37 | 0x37
[OK ]  |  9758 | 0x00006e1e | 0x01 | 0x01
[OK ]  |  9759 | 0x00006e1f | 0x00 | 0x00
[OK ]  |  9760 | 0x00006e20 | 0xd3 | 0xd3
[OK ]  |  9761 | 0x00006e21 | 0x07 | 0x07
[OK ]  |  9762 | 0x00006e22 | 0x02 | 0x02
[OK ]  |  9763 | 0x00006e23 | 0x00 | 0x00
[OK ]  |  9764 | 0x00006e24 | 0x41 | 0x41
[OK ]  |  9765 | 0x00006e25 | 0x4d | 0x4d
[OK ]  |  9766 | 0x00006e26 | 0xff | 0xff
[OK ]  |  9767 | 0x00006e27 | 0xff | 0xff
[OK ]  |  9768 | 0x00006e28 | 0x8c | 0x8c
[OK ]  |  9769 | 0x00006e29 | 0x24 | 0x24
[OK ]  |  9770 | 0x00006e2a | 0x00 | 0x00
[OK ]  |  9771 | 0x00006e2b | 0x00 | 0x00
[OK ]  |  9772 | 0x00006e2c | 0x05 | 0x05
[OK ]  |  9773 | 0x00006e2d | 0xe9 | 0xe9
[OK ]  |  9774 | 0x00006e2e | 0x01 | 0x01
[OK ]  |  9775 | 0x00006e2f | 0x00 | 0x00
[OK ]  |  9776 | 0x00006e30 | 0x86 | 0x86
[OK ]  |  9777 | 0x00006e31 | 0x95 | 0x95
[OK ]  |  9778 | 0x00006e32 | 0x00 | 0x00
[OK ]  |  9779 | 0x00006e33 | 0x00 | 0x00
[OK ]  |  9780 | 0x00006e34 | 0x9e | 0x9e
[OK ]  |  9781 | 0x00006e35 | 0xc4 | 0xc4
[OK ]  |  9782 | 0x00006e36 | 0xff | 0xff
[OK ]  |  9783 | 0x00006e37 | 0xff | 0xff
[OK ]  |  9784 | 0x00006e38 | 0xfd | 0xfd
[OK ]  |  9785 | 0x00006e39 | 0x2c | 0x2c
[OK ]  |  9786 | 0x00006e3a | 0x01 | 0x01
[OK ]  |  9787 | 0x00006e3b | 0x00 | 0x00
[OK ]  |  9788 | 0x00006e3c | 0xbd | 0xbd
[OK ]  |  9789 | 0x00006e3d | 0x55 | 0x55
[OK ]  |  9790 | 0x00006e3e | 0x01 | 0x01
[OK ]  |  9791 | 0x00006e3f | 0x00 | 0x00
[OK ]  |  9792 | 0x00006e40 | 0x19 | 0x19
[OK ]  |  9793 | 0x00006e41 | 0x85 | 0x85
[OK ]  |  9794 | 0x00006e42 | 0x00 | 0x00
[OK ]  |  9795 | 0x00006e43 | 0x00 | 0x00
[OK ]  |  9796 | 0x00006e44 | 0xad | 0xad
[OK ]  |  9797 | 0x00006e45 | 0xf1 | 0xf1
[OK ]  |  9798 | 0x00006e46 | 0x00 | 0x00
[OK ]  |  9799 | 0x00006e47 | 0x00 | 0x00
[OK ]  |  9800 | 0x00006e48 | 0x23 | 0x23
[OK ]  |  9801 | 0x00006e49 | 0x2a | 0x2a
[OK ]  |  9802 | 0x00006e4a | 0x00 | 0x00
[OK ]  |  9803 | 0x00006e4b | 0x00 | 0x00
[OK ]  |  9804 | 0x00006e4c | 0x26 | 0x26
[OK ]  |  9805 | 0x00006e4d | 0x24 | 0x24
[OK ]  |  9806 | 0x00006e4e | 0x02 | 0x02
[OK ]  |  9807 | 0x00006e4f | 0x00 | 0x00
[OK ]  |  9808 | 0x00006e50 | 0x95 | 0x95
[OK ]  |  9809 | 0x00006e51 | 0x70 | 0x70
[OK ]  |  9810 | 0x00006e52 | 0xff | 0xff
[OK ]  |  9811 | 0x00006e53 | 0xff | 0xff
[OK ]  |  9812 | 0x00006e54 | 0x9e | 0x9e
[OK ]  |  9813 | 0x00006e55 | 0xa3 | 0xa3
[OK ]  |  9814 | 0x00006e56 | 0x01 | 0x01
[OK ]  |  9815 | 0x00006e57 | 0x00 | 0x00
[OK ]  |  9816 | 0x00006e58 | 0x62 | 0x62
[OK ]  |  9817 | 0x00006e59 | 0xbc | 0xbc
[OK ]  |  9818 | 0x00006e5a | 0x00 | 0x00
[OK ]  |  9819 | 0x00006e5b | 0x00 | 0x00
[OK ]  |  9820 | 0x00006e5c | 0xca | 0xca
[OK ]  |  9821 | 0x00006e5d | 0xac | 0xac
[OK ]  |  9822 | 0x00006e5e | 0xfe | 0xfe
[OK ]  |  9823 | 0x00006e5f | 0xff | 0xff
[OK ]  |  9824 | 0x00006e60 | 0x8d | 0x8d
[OK ]  |  9825 | 0x00006e61 | 0x55 | 0x55
[OK ]  |  9826 | 0x00006e62 | 0x00 | 0x00
[OK ]  |  9827 | 0x00006e63 | 0x00 | 0x00
[OK ]  |  9828 | 0x00006e64 | 0xbd | 0xbd
[OK ]  |  9829 | 0x00006e65 | 0x5b | 0x5b
[OK ]  |  9830 | 0x00006e66 | 0xff | 0xff
[OK ]  |  9831 | 0x00006e67 | 0xff | 0xff
[OK ]  |  9832 | 0x00006e68 | 0x3a | 0x3a
[OK ]  |  9833 | 0x00006e69 | 0xa6 | 0xa6
[OK ]  |  9834 | 0x00006e6a | 0xfe | 0xfe
[OK ]  |  9835 | 0x00006e6b | 0xff | 0xff
[OK ]  |  9836 | 0x00006e6c | 0x1d | 0x1d
[OK ]  |  9837 | 0x00006e6d | 0x06 | 0x06
[OK ]  |  9838 | 0x00006e6e | 0x00 | 0x00
[OK ]  |  9839 | 0x00006e6f | 0x00 | 0x00
[OK ]  |  9840 | 0x00006e70 | 0xae | 0xae
[OK ]  |  9841 | 0x00006e71 | 0x33 | 0x33
[OK ]  |  9842 | 0x00006e72 | 0x00 | 0x00
[OK ]  |  9843 | 0x00006e73 | 0x00 | 0x00
[OK ]  |  9844 | 0x00006e74 | 0x41 | 0x41
[OK ]  |  9845 | 0x00006e75 | 0x20 | 0x20
[OK ]  |  9846 | 0x00006e76 | 0x01 | 0x01
[OK ]  |  9847 | 0x00006e77 | 0x00 | 0x00
[OK ]  |  9848 | 0x00006e78 | 0x59 | 0x59
[OK ]  |  9849 | 0x00006e79 | 0xe7 | 0xe7
[OK ]  |  9850 | 0x00006e7a | 0xff | 0xff
[OK ]  |  9851 | 0x00006e7b | 0xff | 0xff
[OK ]  |  9852 | 0x00006e7c | 0xe3 | 0xe3
[OK ]  |  9853 | 0x00006e7d | 0x19 | 0x19
[OK ]  |  9854 | 0x00006e7e | 0xff | 0xff
[OK ]  |  9855 | 0x00006e7f | 0xff | 0xff
[OK ]  |  9856 | 0x00006e80 | 0x2f | 0x2f
[OK ]  |  9857 | 0x00006e81 | 0xad | 0xad
[OK ]  |  9858 | 0x00006e82 | 0x00 | 0x00
[OK ]  |  9859 | 0x00006e83 | 0x00 | 0x00
[OK ]  |  9860 | 0x00006e84 | 0x55 | 0x55
[OK ]  |  9861 | 0x00006e85 | 0xc5 | 0xc5
[OK ]  |  9862 | 0x00006e86 | 0xfe | 0xfe
[OK ]  |  9863 | 0x00006e87 | 0xff | 0xff
[OK ]  |  9864 | 0x00006e88 | 0xbb | 0xbb
[OK ]  |  9865 | 0x00006e89 | 0x75 | 0x75
[OK ]  |  9866 | 0x00006e8a | 0xff | 0xff
[OK ]  |  9867 | 0x00006e8b | 0xff | 0xff
[OK ]  |  9868 | 0x00006e8c | 0x50 | 0x50
[OK ]  |  9869 | 0x00006e8d | 0x8c | 0x8c
[OK ]  |  9870 | 0x00006e8e | 0xff | 0xff
[OK ]  |  9871 | 0x00006e8f | 0xff | 0xff
[OK ]  |  9872 | 0x00006e90 | 0xe8 | 0xe8
[OK ]  |  9873 | 0x00006e91 | 0x4a | 0x4a
[OK ]  |  9874 | 0x00006e92 | 0x00 | 0x00
[OK ]  |  9875 | 0x00006e93 | 0x00 | 0x00
[OK ]  |  9876 | 0x00006e94 | 0x9e | 0x9e
[OK ]  |  9877 | 0x00006e95 | 0xa6 | 0xa6
[OK ]  |  9878 | 0x00006e96 | 0xff | 0xff
[OK ]  |  9879 | 0x00006e97 | 0xff | 0xff
[OK ]  |  9880 | 0x00006e98 | 0x29 | 0x29
[OK ]  |  9881 | 0x00006e99 | 0x85 | 0x85
[OK ]  |  9882 | 0x00006e9a | 0x00 | 0x00
[OK ]  |  9883 | 0x00006e9b | 0x00 | 0x00
[OK ]  |  9884 | 0x00006e9c | 0x1b | 0x1b
[OK ]  |  9885 | 0x00006e9d | 0x95 | 0x95
[OK ]  |  9886 | 0x00006e9e | 0xfd | 0xfd
[OK ]  |  9887 | 0x00006e9f | 0xff | 0xff
[OK ]  |  9888 | 0x00006ea0 | 0xb8 | 0xb8
[OK ]  |  9889 | 0x00006ea1 | 0xae | 0xae
[OK ]  |  9890 | 0x00006ea2 | 0xff | 0xff
[OK ]  |  9891 | 0x00006ea3 | 0xff | 0xff
[OK ]  |  9892 | 0x00006ea4 | 0xaf | 0xaf
[OK ]  |  9893 | 0x00006ea5 | 0x17 | 0x17
[OK ]  |  9894 | 0x00006ea6 | 0x01 | 0x01
[OK ]  |  9895 | 0x00006ea7 | 0x00 | 0x00
[OK ]  |  9896 | 0x00006ea8 | 0xed | 0xed
[OK ]  |  9897 | 0x00006ea9 | 0xd5 | 0xd5
[OK ]  |  9898 | 0x00006eaa | 0x01 | 0x01
[OK ]  |  9899 | 0x00006eab | 0x00 | 0x00
[OK ]  |  9900 | 0x00006eac | 0x52 | 0x52
[OK ]  |  9901 | 0x00006ead | 0xb2 | 0xb2
[OK ]  |  9902 | 0x00006eae | 0xff | 0xff
[OK ]  |  9903 | 0x00006eaf | 0xff | 0xff
[OK ]  |  9904 | 0x00006eb0 | 0x00 | 0x00
[OK ]  |  9905 | 0x00006eb1 | 0x48 | 0x48
[OK ]  |  9906 | 0x00006eb2 | 0xff | 0xff
[OK ]  |  9907 | 0x00006eb3 | 0xff | 0xff
[OK ]  |  9908 | 0x00006eb4 | 0xfa | 0xfa
[OK ]  |  9909 | 0x00006eb5 | 0x71 | 0x71
[OK ]  |  9910 | 0x00006eb6 | 0x00 | 0x00
[OK ]  |  9911 | 0x00006eb7 | 0x00 | 0x00
[OK ]  |  9912 | 0x00006eb8 | 0x7e | 0x7e
[OK ]  |  9913 | 0x00006eb9 | 0xbc | 0xbc
[OK ]  |  9914 | 0x00006eba | 0x00 | 0x00
[OK ]  |  9915 | 0x00006ebb | 0x00 | 0x00
[OK ]  |  9916 | 0x00006ebc | 0x19 | 0x19
[OK ]  |  9917 | 0x00006ebd | 0x20 | 0x20
[OK ]  |  9918 | 0x00006ebe | 0x00 | 0x00
[OK ]  |  9919 | 0x00006ebf | 0x00 | 0x00
[OK ]  |  9920 | 0x00006ec0 | 0xda | 0xda
[OK ]  |  9921 | 0x00006ec1 | 0x2f | 0x2f
[OK ]  |  9922 | 0x00006ec2 | 0x00 | 0x00
[OK ]  |  9923 | 0x00006ec3 | 0x00 | 0x00
[OK ]  |  9924 | 0x00006ec4 | 0xee | 0xee
[OK ]  |  9925 | 0x00006ec5 | 0xc9 | 0xc9
[OK ]  |  9926 | 0x00006ec6 | 0xfe | 0xfe
[OK ]  |  9927 | 0x00006ec7 | 0xff | 0xff
[OK ]  |  9928 | 0x00006ec8 | 0xd8 | 0xd8
[OK ]  |  9929 | 0x00006ec9 | 0xb1 | 0xb1
[OK ]  |  9930 | 0x00006eca | 0xff | 0xff
[OK ]  |  9931 | 0x00006ecb | 0xff | 0xff
[OK ]  |  9932 | 0x00006ecc | 0xbf | 0xbf
[OK ]  |  9933 | 0x00006ecd | 0xc0 | 0xc0
[OK ]  |  9934 | 0x00006ece | 0xff | 0xff
[OK ]  |  9935 | 0x00006ecf | 0xff | 0xff
[OK ]  |  9936 | 0x00006ed0 | 0x3f | 0x3f
[OK ]  |  9937 | 0x00006ed1 | 0x56 | 0x56
[OK ]  |  9938 | 0x00006ed2 | 0x02 | 0x02
[OK ]  |  9939 | 0x00006ed3 | 0x00 | 0x00
[OK ]  |  9940 | 0x00006ed4 | 0x7e | 0x7e
[OK ]  |  9941 | 0x00006ed5 | 0x39 | 0x39
[OK ]  |  9942 | 0x00006ed6 | 0x01 | 0x01
[OK ]  |  9943 | 0x00006ed7 | 0x00 | 0x00
[OK ]  |  9944 | 0x00006ed8 | 0x5a | 0x5a
[OK ]  |  9945 | 0x00006ed9 | 0xa3 | 0xa3
[OK ]  |  9946 | 0x00006eda | 0xff | 0xff
[OK ]  |  9947 | 0x00006edb | 0xff | 0xff
[OK ]  |  9948 | 0x00006edc | 0xd0 | 0xd0
[OK ]  |  9949 | 0x00006edd | 0x73 | 0x73
[OK ]  |  9950 | 0x00006ede | 0x00 | 0x00
[OK ]  |  9951 | 0x00006edf | 0x00 | 0x00
[OK ]  |  9952 | 0x00006ee0 | 0xe4 | 0xe4
[OK ]  |  9953 | 0x00006ee1 | 0x86 | 0x86
[OK ]  |  9954 | 0x00006ee2 | 0x00 | 0x00
[OK ]  |  9955 | 0x00006ee3 | 0x00 | 0x00
[OK ]  |  9956 | 0x00006ee4 | 0xa3 | 0xa3
[OK ]  |  9957 | 0x00006ee5 | 0xde | 0xde
[OK ]  |  9958 | 0x00006ee6 | 0xff | 0xff
[OK ]  |  9959 | 0x00006ee7 | 0xff | 0xff
[OK ]  |  9960 | 0x00006ee8 | 0x94 | 0x94
[OK ]  |  9961 | 0x00006ee9 | 0x9a | 0x9a
[OK ]  |  9962 | 0x00006eea | 0x00 | 0x00
[OK ]  |  9963 | 0x00006eeb | 0x00 | 0x00
[OK ]  |  9964 | 0x00006eec | 0x61 | 0x61
[OK ]  |  9965 | 0x00006eed | 0xaa | 0xaa
[OK ]  |  9966 | 0x00006eee | 0xff | 0xff
[OK ]  |  9967 | 0x00006eef | 0xff | 0xff
[OK ]  |  9968 | 0x00006ef0 | 0xab | 0xab
[OK ]  |  9969 | 0x00006ef1 | 0xd6 | 0xd6
[OK ]  |  9970 | 0x00006ef2 | 0xff | 0xff
[OK ]  |  9971 | 0x00006ef3 | 0xff | 0xff
[OK ]  |  9972 | 0x00006ef4 | 0xe9 | 0xe9
[OK ]  |  9973 | 0x00006ef5 | 0x19 | 0x19
[OK ]  |  9974 | 0x00006ef6 | 0x01 | 0x01
[OK ]  |  9975 | 0x00006ef7 | 0x00 | 0x00
[OK ]  |  9976 | 0x00006ef8 | 0x6a | 0x6a
[OK ]  |  9977 | 0x00006ef9 | 0x09 | 0x09
[OK ]  |  9978 | 0x00006efa | 0xff | 0xff
[OK ]  |  9979 | 0x00006efb | 0xff | 0xff
[OK ]  |  9980 | 0x00006efc | 0xa0 | 0xa0
[OK ]  |  9981 | 0x00006efd | 0x2c | 0x2c
[OK ]  |  9982 | 0x00006efe | 0x00 | 0x00
[OK ]  |  9983 | 0x00006eff | 0x00 | 0x00
[OK ]  |  9984 | 0x00006f00 | 0xc0 | 0xc0
[OK ]  |  9985 | 0x00006f01 | 0x3a | 0x3a
[OK ]  |  9986 | 0x00006f02 | 0x00 | 0x00
[OK ]  |  9987 | 0x00006f03 | 0x00 | 0x00
[OK ]  |  9988 | 0x00006f04 | 0xbd | 0xbd
[OK ]  |  9989 | 0x00006f05 | 0xa4 | 0xa4
[OK ]  |  9990 | 0x00006f06 | 0x00 | 0x00
[OK ]  |  9991 | 0x00006f07 | 0x00 | 0x00
[OK ]  |  9992 | 0x00006f08 | 0x29 | 0x29
[OK ]  |  9993 | 0x00006f09 | 0x0e | 0x0e
[OK ]  |  9994 | 0x00006f0a | 0x00 | 0x00
[OK ]  |  9995 | 0x00006f0b | 0x00 | 0x00
[OK ]  |  9996 | 0x00006f0c | 0xdc | 0xdc
[OK ]  |  9997 | 0x00006f0d | 0x58 | 0x58
[OK ]  |  9998 | 0x00006f0e | 0xff | 0xff
[OK ]  |  9999 | 0x00006f0f | 0xff | 0xff
[OK ]  | 10000 | 0x00006f10 | 0xa6 | 0xa6
[OK ]  | 10001 | 0x00006f11 | 0xba | 0xba
[OK ]  | 10002 | 0x00006f12 | 0x00 | 0x00
[OK ]  | 10003 | 0x00006f13 | 0x00 | 0x00
[OK ]  | 10004 | 0x00006f14 | 0x26 | 0x26
[OK ]  | 10005 | 0x00006f15 | 0xfd | 0xfd
[OK ]  | 10006 | 0x00006f16 | 0xff | 0xff
[OK ]  | 10007 | 0x00006f17 | 0xff | 0xff
[OK ]  | 10008 | 0x00006f18 | 0x39 | 0x39
[OK ]  | 10009 | 0x00006f19 | 0xdf | 0xdf
[OK ]  | 10010 | 0x00006f1a | 0xff | 0xff
[OK ]  | 10011 | 0x00006f1b | 0xff | 0xff
[OK ]  | 10012 | 0x00006f1c | 0x42 | 0x42
[OK ]  | 10013 | 0x00006f1d | 0x3a | 0x3a
[OK ]  | 10014 | 0x00006f1e | 0x01 | 0x01
[OK ]  | 10015 | 0x00006f1f | 0x00 | 0x00
[OK ]  | 10016 | 0x00006f20 | 0x43 | 0x43
[OK ]  | 10017 | 0x00006f21 | 0x3f | 0x3f
[OK ]  | 10018 | 0x00006f22 | 0x00 | 0x00
[OK ]  | 10019 | 0x00006f23 | 0x00 | 0x00
[OK ]  | 10020 | 0x00006f24 | 0xa0 | 0xa0
[OK ]  | 10021 | 0x00006f25 | 0x9c | 0x9c
[OK ]  | 10022 | 0x00006f26 | 0x01 | 0x01
[OK ]  | 10023 | 0x00006f27 | 0x00 | 0x00
[OK ]  | 10024 | 0x00006f28 | 0x5c | 0x5c
[OK ]  | 10025 | 0x00006f29 | 0xb0 | 0xb0
[OK ]  | 10026 | 0x00006f2a | 0x02 | 0x02
[OK ]  | 10027 | 0x00006f2b | 0x00 | 0x00
[OK ]  | 10028 | 0x00006f2c | 0xc2 | 0xc2
[OK ]  | 10029 | 0x00006f2d | 0x67 | 0x67
[OK ]  | 10030 | 0x00006f2e | 0xff | 0xff
[OK ]  | 10031 | 0x00006f2f | 0xff | 0xff
[OK ]  | 10032 | 0x00006f30 | 0x1b | 0x1b
[OK ]  | 10033 | 0x00006f31 | 0xbe | 0xbe
[OK ]  | 10034 | 0x00006f32 | 0xfe | 0xfe
[OK ]  | 10035 | 0x00006f33 | 0xff | 0xff
[OK ]  | 10036 | 0x00006f34 | 0x13 | 0x13
[OK ]  | 10037 | 0x00006f35 | 0xb0 | 0xb0
[OK ]  | 10038 | 0x00006f36 | 0xff | 0xff
[OK ]  | 10039 | 0x00006f37 | 0xff | 0xff
[OK ]  | 10040 | 0x00006f38 | 0x05 | 0x05
[OK ]  | 10041 | 0x00006f39 | 0x58 | 0x58
[OK ]  | 10042 | 0x00006f3a | 0xff | 0xff
[OK ]  | 10043 | 0x00006f3b | 0xff | 0xff
[OK ]  | 10044 | 0x00006f3c | 0xb3 | 0xb3
[OK ]  | 10045 | 0x00006f3d | 0xaf | 0xaf
[OK ]  | 10046 | 0x00006f3e | 0x01 | 0x01
[OK ]  | 10047 | 0x00006f3f | 0x00 | 0x00
[OK ]  | 10048 | 0x00006f40 | 0x45 | 0x45
[OK ]  | 10049 | 0x00006f41 | 0xd8 | 0xd8
[OK ]  | 10050 | 0x00006f42 | 0x01 | 0x01
[OK ]  | 10051 | 0x00006f43 | 0x00 | 0x00
[OK ]  | 10052 | 0x00006f44 | 0xad | 0xad
[OK ]  | 10053 | 0x00006f45 | 0xa9 | 0xa9
[OK ]  | 10054 | 0x00006f46 | 0xff | 0xff
[OK ]  | 10055 | 0x00006f47 | 0xff | 0xff
[OK ]  | 10056 | 0x00006f48 | 0x91 | 0x91
[OK ]  | 10057 | 0x00006f49 | 0x4b | 0x4b
[OK ]  | 10058 | 0x00006f4a | 0xff | 0xff
[OK ]  | 10059 | 0x00006f4b | 0xff | 0xff
[OK ]  | 10060 | 0x00006f4c | 0x5b | 0x5b
[OK ]  | 10061 | 0x00006f4d | 0x36 | 0x36
[OK ]  | 10062 | 0x00006f4e | 0xfc | 0xfc
[OK ]  | 10063 | 0x00006f4f | 0xff | 0xff
[OK ]  | 10064 | 0x00006f50 | 0xc2 | 0xc2
[OK ]  | 10065 | 0x00006f51 | 0x27 | 0x27
[OK ]  | 10066 | 0x00006f52 | 0xff | 0xff
[OK ]  | 10067 | 0x00006f53 | 0xff | 0xff
[OK ]  | 10068 | 0x00006f54 | 0x6b | 0x6b
[OK ]  | 10069 | 0x00006f55 | 0x4a | 0x4a
[OK ]  | 10070 | 0x00006f56 | 0xfe | 0xfe
[OK ]  | 10071 | 0x00006f57 | 0xff | 0xff
[OK ]  | 10072 | 0x00006f58 | 0xd0 | 0xd0
[OK ]  | 10073 | 0x00006f59 | 0x38 | 0x38
[OK ]  | 10074 | 0x00006f5a | 0xff | 0xff
[OK ]  | 10075 | 0x00006f5b | 0xff | 0xff
[OK ]  | 10076 | 0x00006f5c | 0x68 | 0x68
[OK ]  | 10077 | 0x00006f5d | 0xd3 | 0xd3
[OK ]  | 10078 | 0x00006f5e | 0x01 | 0x01
[OK ]  | 10079 | 0x00006f5f | 0x00 | 0x00
[OK ]  | 10080 | 0x00006f60 | 0xda | 0xda
[OK ]  | 10081 | 0x00006f61 | 0x76 | 0x76
[OK ]  | 10082 | 0x00006f62 | 0xfe | 0xfe
[OK ]  | 10083 | 0x00006f63 | 0xff | 0xff
[OK ]  | 10084 | 0x00006f64 | 0xc0 | 0xc0
[OK ]  | 10085 | 0x00006f65 | 0xe6 | 0xe6
[OK ]  | 10086 | 0x00006f66 | 0xff | 0xff
[OK ]  | 10087 | 0x00006f67 | 0xff | 0xff
[OK ]  | 10088 | 0x00006f68 | 0x44 | 0x44
[OK ]  | 10089 | 0x00006f69 | 0x58 | 0x58
[OK ]  | 10090 | 0x00006f6a | 0x00 | 0x00
[OK ]  | 10091 | 0x00006f6b | 0x00 | 0x00
[OK ]  | 10092 | 0x00006f6c | 0xac | 0xac
[OK ]  | 10093 | 0x00006f6d | 0x79 | 0x79
[OK ]  | 10094 | 0x00006f6e | 0xff | 0xff
[OK ]  | 10095 | 0x00006f6f | 0xff | 0xff
[OK ]  | 10096 | 0x00006f70 | 0x3a | 0x3a
[OK ]  | 10097 | 0x00006f71 | 0xe9 | 0xe9
[OK ]  | 10098 | 0x00006f72 | 0xff | 0xff
[OK ]  | 10099 | 0x00006f73 | 0xff | 0xff
[OK ]  | 10100 | 0x00006f74 | 0x08 | 0x08
[OK ]  | 10101 | 0x00006f75 | 0x60 | 0x60
[OK ]  | 10102 | 0x00006f76 | 0x00 | 0x00
[OK ]  | 10103 | 0x00006f77 | 0x00 | 0x00
[OK ]  | 10104 | 0x00006f78 | 0x6f | 0x6f
[OK ]  | 10105 | 0x00006f79 | 0xea | 0xea
[OK ]  | 10106 | 0x00006f7a | 0xff | 0xff
[OK ]  | 10107 | 0x00006f7b | 0xff | 0xff
[OK ]  | 10108 | 0x00006f7c | 0x29 | 0x29
[OK ]  | 10109 | 0x00006f7d | 0x7a | 0x7a
[OK ]  | 10110 | 0x00006f7e | 0x00 | 0x00
[OK ]  | 10111 | 0x00006f7f | 0x00 | 0x00
[OK ]  | 10112 | 0x00006f80 | 0xf1 | 0xf1
[OK ]  | 10113 | 0x00006f81 | 0x94 | 0x94
[OK ]  | 10114 | 0x00006f82 | 0xfd | 0xfd
[OK ]  | 10115 | 0x00006f83 | 0xff | 0xff
[OK ]  | 10116 | 0x00006f84 | 0x2a | 0x2a
[OK ]  | 10117 | 0x00006f85 | 0xc6 | 0xc6
[OK ]  | 10118 | 0x00006f86 | 0x01 | 0x01
[OK ]  | 10119 | 0x00006f87 | 0x00 | 0x00
[OK ]  | 10120 | 0x00006f88 | 0x65 | 0x65
[OK ]  | 10121 | 0x00006f89 | 0x8a | 0x8a
[OK ]  | 10122 | 0x00006f8a | 0xff | 0xff
[OK ]  | 10123 | 0x00006f8b | 0xff | 0xff
[OK ]  | 10124 | 0x00006f8c | 0x52 | 0x52
[OK ]  | 10125 | 0x00006f8d | 0xcf | 0xcf
[OK ]  | 10126 | 0x00006f8e | 0xff | 0xff
[OK ]  | 10127 | 0x00006f8f | 0xff | 0xff
[OK ]  | 10128 | 0x00006f90 | 0x1d | 0x1d
[OK ]  | 10129 | 0x00006f91 | 0xbb | 0xbb
[OK ]  | 10130 | 0x00006f92 | 0x00 | 0x00
[OK ]  | 10131 | 0x00006f93 | 0x00 | 0x00
[OK ]  | 10132 | 0x00006f94 | 0x85 | 0x85
[OK ]  | 10133 | 0x00006f95 | 0x87 | 0x87
[OK ]  | 10134 | 0x00006f96 | 0x00 | 0x00
[OK ]  | 10135 | 0x00006f97 | 0x00 | 0x00
[OK ]  | 10136 | 0x00006f98 | 0xc2 | 0xc2
[OK ]  | 10137 | 0x00006f99 | 0x8b | 0x8b
[OK ]  | 10138 | 0x00006f9a | 0xff | 0xff
[OK ]  | 10139 | 0x00006f9b | 0xff | 0xff
[OK ]  | 10140 | 0x00006f9c | 0x9f | 0x9f
[OK ]  | 10141 | 0x00006f9d | 0xda | 0xda
[OK ]  | 10142 | 0x00006f9e | 0xfe | 0xfe
[OK ]  | 10143 | 0x00006f9f | 0xff | 0xff
[OK ]  | 10144 | 0x00006fa0 | 0x12 | 0x12
[OK ]  | 10145 | 0x00006fa1 | 0x3e | 0x3e
[OK ]  | 10146 | 0x00006fa2 | 0x00 | 0x00
[OK ]  | 10147 | 0x00006fa3 | 0x00 | 0x00
[OK ]  | 10148 | 0x00006fa4 | 0x8b | 0x8b
[OK ]  | 10149 | 0x00006fa5 | 0x9f | 0x9f
[OK ]  | 10150 | 0x00006fa6 | 0xff | 0xff
[OK ]  | 10151 | 0x00006fa7 | 0xff | 0xff
[OK ]  | 10152 | 0x00006fa8 | 0x8a | 0x8a
[OK ]  | 10153 | 0x00006fa9 | 0xa3 | 0xa3
[OK ]  | 10154 | 0x00006faa | 0x00 | 0x00
[OK ]  | 10155 | 0x00006fab | 0x00 | 0x00
[OK ]  | 10156 | 0x00006fac | 0x27 | 0x27
[OK ]  | 10157 | 0x00006fad | 0x47 | 0x47
[OK ]  | 10158 | 0x00006fae | 0xff | 0xff
[OK ]  | 10159 | 0x00006faf | 0xff | 0xff
[OK ]  | 10160 | 0x00006fb0 | 0x7b | 0x7b
[OK ]  | 10161 | 0x00006fb1 | 0x0f | 0x0f
[OK ]  | 10162 | 0x00006fb2 | 0x01 | 0x01
[OK ]  | 10163 | 0x00006fb3 | 0x00 | 0x00
[OK ]  | 10164 | 0x00006fb4 | 0xc3 | 0xc3
[OK ]  | 10165 | 0x00006fb5 | 0x66 | 0x66
[OK ]  | 10166 | 0x00006fb6 | 0x00 | 0x00
[OK ]  | 10167 | 0x00006fb7 | 0x00 | 0x00
[OK ]  | 10168 | 0x00006fb8 | 0xe1 | 0xe1
[OK ]  | 10169 | 0x00006fb9 | 0x77 | 0x77
[OK ]  | 10170 | 0x00006fba | 0x00 | 0x00
[OK ]  | 10171 | 0x00006fbb | 0x00 | 0x00
[OK ]  | 10172 | 0x00006fbc | 0x3d | 0x3d
[OK ]  | 10173 | 0x00006fbd | 0x5d | 0x5d
[OK ]  | 10174 | 0x00006fbe | 0x00 | 0x00
[OK ]  | 10175 | 0x00006fbf | 0x00 | 0x00
[OK ]  | 10176 | 0x00006fc0 | 0x3a | 0x3a
[OK ]  | 10177 | 0x00006fc1 | 0x0c | 0x0c
[OK ]  | 10178 | 0x00006fc2 | 0x03 | 0x03
[OK ]  | 10179 | 0x00006fc3 | 0x00 | 0x00
[OK ]  | 10180 | 0x00006fc4 | 0x13 | 0x13
[OK ]  | 10181 | 0x00006fc5 | 0x9a | 0x9a
[OK ]  | 10182 | 0x00006fc6 | 0xff | 0xff
[OK ]  | 10183 | 0x00006fc7 | 0xff | 0xff
[OK ]  | 10184 | 0x00006fc8 | 0x9b | 0x9b
[OK ]  | 10185 | 0x00006fc9 | 0xfa | 0xfa
[OK ]  | 10186 | 0x00006fca | 0xfe | 0xfe
[OK ]  | 10187 | 0x00006fcb | 0xff | 0xff
[OK ]  | 10188 | 0x00006fcc | 0x99 | 0x99
[OK ]  | 10189 | 0x00006fcd | 0x19 | 0x19
[OK ]  | 10190 | 0x00006fce | 0x00 | 0x00
[OK ]  | 10191 | 0x00006fcf | 0x00 | 0x00
[OK ]  | 10192 | 0x00006fd0 | 0x23 | 0x23
[OK ]  | 10193 | 0x00006fd1 | 0x96 | 0x96
[OK ]  | 10194 | 0x00006fd2 | 0xff | 0xff
[OK ]  | 10195 | 0x00006fd3 | 0xff | 0xff
[OK ]  | 10196 | 0x00006fd4 | 0x97 | 0x97
[OK ]  | 10197 | 0x00006fd5 | 0x4c | 0x4c
[OK ]  | 10198 | 0x00006fd6 | 0x01 | 0x01
[OK ]  | 10199 | 0x00006fd7 | 0x00 | 0x00
[OK ]  | 10200 | 0x00006fd8 | 0x3f | 0x3f
[OK ]  | 10201 | 0x00006fd9 | 0x3f | 0x3f
[OK ]  | 10202 | 0x00006fda | 0xff | 0xff
[OK ]  | 10203 | 0x00006fdb | 0xff | 0xff
[OK ]  | 10204 | 0x00006fdc | 0xd0 | 0xd0
[OK ]  | 10205 | 0x00006fdd | 0x7a | 0x7a
[OK ]  | 10206 | 0x00006fde | 0xff | 0xff
[OK ]  | 10207 | 0x00006fdf | 0xff | 0xff
[OK ]  | 10208 | 0x00006fe0 | 0xf1 | 0xf1
[OK ]  | 10209 | 0x00006fe1 | 0xd5 | 0xd5
[OK ]  | 10210 | 0x00006fe2 | 0xff | 0xff
[OK ]  | 10211 | 0x00006fe3 | 0xff | 0xff
[OK ]  | 10212 | 0x00006fe4 | 0x45 | 0x45
[OK ]  | 10213 | 0x00006fe5 | 0xfc | 0xfc
[OK ]  | 10214 | 0x00006fe6 | 0x00 | 0x00
[OK ]  | 10215 | 0x00006fe7 | 0x00 | 0x00
[OK ]  | 10216 | 0x00006fe8 | 0xdb | 0xdb
[OK ]  | 10217 | 0x00006fe9 | 0x0e | 0x0e
[OK ]  | 10218 | 0x00006fea | 0x01 | 0x01
[OK ]  | 10219 | 0x00006feb | 0x00 | 0x00
[OK ]  | 10220 | 0x00006fec | 0xa3 | 0xa3
[OK ]  | 10221 | 0x00006fed | 0xe1 | 0xe1
[OK ]  | 10222 | 0x00006fee | 0xff | 0xff
[OK ]  | 10223 | 0x00006fef | 0xff | 0xff
[OK ]  | 10224 | 0x00006ff0 | 0x8d | 0x8d
[OK ]  | 10225 | 0x00006ff1 | 0x47 | 0x47
[OK ]  | 10226 | 0x00006ff2 | 0xfe | 0xfe
[OK ]  | 10227 | 0x00006ff3 | 0xff | 0xff
[OK ]  | 10228 | 0x00006ff4 | 0xe5 | 0xe5
[OK ]  | 10229 | 0x00006ff5 | 0x38 | 0x38
[OK ]  | 10230 | 0x00006ff6 | 0x00 | 0x00
[OK ]  | 10231 | 0x00006ff7 | 0x00 | 0x00
[OK ]  | 10232 | 0x00006ff8 | 0xbe | 0xbe
[OK ]  | 10233 | 0x00006ff9 | 0xd1 | 0xd1
[OK ]  | 10234 | 0x00006ffa | 0xff | 0xff
[OK ]  | 10235 | 0x00006ffb | 0xff | 0xff
[OK ]  | 10236 | 0x00006ffc | 0x6f | 0x6f
[OK ]  | 10237 | 0x00006ffd | 0xeb | 0xeb
[OK ]  | 10238 | 0x00006ffe | 0xff | 0xff
[OK ]  | 10239 | 0x00006fff | 0xff | 0xff
[OK ]  | 10240 | 0x00007000 | 0x46 | 0x46
[OK ]  | 10241 | 0x00007001 | 0x8f | 0x8f
[OK ]  | 10242 | 0x00007002 | 0x00 | 0x00
[OK ]  | 10243 | 0x00007003 | 0x00 | 0x00
[OK ]  | 10244 | 0x00007004 | 0x78 | 0x78
[OK ]  | 10245 | 0x00007005 | 0x14 | 0x14
[OK ]  | 10246 | 0x00007006 | 0xfe | 0xfe
[OK ]  | 10247 | 0x00007007 | 0xff | 0xff
[OK ]  | 10248 | 0x00007008 | 0x54 | 0x54
[OK ]  | 10249 | 0x00007009 | 0x90 | 0x90
[OK ]  | 10250 | 0x0000700a | 0xfe | 0xfe
[OK ]  | 10251 | 0x0000700b | 0xff | 0xff
[OK ]  | 10252 | 0x0000700c | 0x77 | 0x77
[OK ]  | 10253 | 0x0000700d | 0xe6 | 0xe6
[OK ]  | 10254 | 0x0000700e | 0xff | 0xff
[OK ]  | 10255 | 0x0000700f | 0xff | 0xff
[OK ]  | 10256 | 0x00007010 | 0x65 | 0x65
[OK ]  | 10257 | 0x00007011 | 0x23 | 0x23
[OK ]  | 10258 | 0x00007012 | 0x01 | 0x01
[OK ]  | 10259 | 0x00007013 | 0x00 | 0x00
[OK ]  | 10260 | 0x00007014 | 0xd2 | 0xd2
[OK ]  | 10261 | 0x00007015 | 0xee | 0xee
[OK ]  | 10262 | 0x00007016 | 0xff | 0xff
[OK ]  | 10263 | 0x00007017 | 0xff | 0xff
[OK ]  | 10264 | 0x00007018 | 0xcb | 0xcb
[OK ]  | 10265 | 0x00007019 | 0xa2 | 0xa2
[OK ]  | 10266 | 0x0000701a | 0xfe | 0xfe
[OK ]  | 10267 | 0x0000701b | 0xff | 0xff
[OK ]  | 10268 | 0x0000701c | 0xd1 | 0xd1
[OK ]  | 10269 | 0x0000701d | 0xf0 | 0xf0
[OK ]  | 10270 | 0x0000701e | 0x00 | 0x00
[OK ]  | 10271 | 0x0000701f | 0x00 | 0x00
[OK ]  | 10272 | 0x00007020 | 0x2f | 0x2f
[OK ]  | 10273 | 0x00007021 | 0x6e | 0x6e
[OK ]  | 10274 | 0x00007022 | 0xff | 0xff
[OK ]  | 10275 | 0x00007023 | 0xff | 0xff
[OK ]  | 10276 | 0x00007024 | 0xed | 0xed
[OK ]  | 10277 | 0x00007025 | 0xda | 0xda
[OK ]  | 10278 | 0x00007026 | 0xff | 0xff
[OK ]  | 10279 | 0x00007027 | 0xff | 0xff
[OK ]  | 10280 | 0x00007028 | 0x9f | 0x9f
[OK ]  | 10281 | 0x00007029 | 0xe0 | 0xe0
[OK ]  | 10282 | 0x0000702a | 0xff | 0xff
[OK ]  | 10283 | 0x0000702b | 0xff | 0xff
[OK ]  | 10284 | 0x0000702c | 0xa8 | 0xa8
[OK ]  | 10285 | 0x0000702d | 0x62 | 0x62
[OK ]  | 10286 | 0x0000702e | 0x01 | 0x01
[OK ]  | 10287 | 0x0000702f | 0x00 | 0x00
[OK ]  | 10288 | 0x00007030 | 0x75 | 0x75
[OK ]  | 10289 | 0x00007031 | 0x28 | 0x28
[OK ]  | 10290 | 0x00007032 | 0xfe | 0xfe
[OK ]  | 10291 | 0x00007033 | 0xff | 0xff
[OK ]  | 10292 | 0x00007034 | 0x7b | 0x7b
[OK ]  | 10293 | 0x00007035 | 0xa8 | 0xa8
[OK ]  | 10294 | 0x00007036 | 0xfe | 0xfe
[OK ]  | 10295 | 0x00007037 | 0xff | 0xff
[OK ]  | 10296 | 0x00007038 | 0xcf | 0xcf
[OK ]  | 10297 | 0x00007039 | 0x2d | 0x2d
[OK ]  | 10298 | 0x0000703a | 0x00 | 0x00
[OK ]  | 10299 | 0x0000703b | 0x00 | 0x00
[OK ]  | 10300 | 0x0000703c | 0x23 | 0x23
[OK ]  | 10301 | 0x0000703d | 0x93 | 0x93
[OK ]  | 10302 | 0x0000703e | 0x00 | 0x00
[OK ]  | 10303 | 0x0000703f | 0x00 | 0x00
[OK ]  | 10304 | 0x00007040 | 0xae | 0xae
[OK ]  | 10305 | 0x00007041 | 0x7f | 0x7f
[OK ]  | 10306 | 0x00007042 | 0x00 | 0x00
[OK ]  | 10307 | 0x00007043 | 0x00 | 0x00
[OK ]  | 10308 | 0x00007044 | 0x77 | 0x77
[OK ]  | 10309 | 0x00007045 | 0x84 | 0x84
[OK ]  | 10310 | 0x00007046 | 0x00 | 0x00
[OK ]  | 10311 | 0x00007047 | 0x00 | 0x00
[OK ]  | 10312 | 0x00007048 | 0x4d | 0x4d
[OK ]  | 10313 | 0x00007049 | 0x6d | 0x6d
[OK ]  | 10314 | 0x0000704a | 0xff | 0xff
[OK ]  | 10315 | 0x0000704b | 0xff | 0xff
[OK ]  | 10316 | 0x0000704c | 0xf3 | 0xf3
[OK ]  | 10317 | 0x0000704d | 0x16 | 0x16
[OK ]  | 10318 | 0x0000704e | 0xff | 0xff
[OK ]  | 10319 | 0x0000704f | 0xff | 0xff
[OK ]  | 10320 | 0x00007050 | 0xfa | 0xfa
[OK ]  | 10321 | 0x00007051 | 0x83 | 0x83
[OK ]  | 10322 | 0x00007052 | 0x00 | 0x00
[OK ]  | 10323 | 0x00007053 | 0x00 | 0x00
[OK ]  | 10324 | 0x00007054 | 0x54 | 0x54
[OK ]  | 10325 | 0x00007055 | 0x9e | 0x9e
[OK ]  | 10326 | 0x00007056 | 0x00 | 0x00
[OK ]  | 10327 | 0x00007057 | 0x00 | 0x00
[OK ]  | 10328 | 0x00007058 | 0x65 | 0x65
[OK ]  | 10329 | 0x00007059 | 0x31 | 0x31
[OK ]  | 10330 | 0x0000705a | 0x00 | 0x00
[OK ]  | 10331 | 0x0000705b | 0x00 | 0x00
[OK ]  | 10332 | 0x0000705c | 0xb6 | 0xb6
[OK ]  | 10333 | 0x0000705d | 0x4d | 0x4d
[OK ]  | 10334 | 0x0000705e | 0x00 | 0x00
[OK ]  | 10335 | 0x0000705f | 0x00 | 0x00
[OK ]  | 10336 | 0x00007060 | 0x72 | 0x72
[OK ]  | 10337 | 0x00007061 | 0xbe | 0xbe
[OK ]  | 10338 | 0x00007062 | 0xfe | 0xfe
[OK ]  | 10339 | 0x00007063 | 0xff | 0xff
[OK ]  | 10340 | 0x00007064 | 0x04 | 0x04
[OK ]  | 10341 | 0x00007065 | 0x06 | 0x06
[OK ]  | 10342 | 0x00007066 | 0x00 | 0x00
[OK ]  | 10343 | 0x00007067 | 0x00 | 0x00
[OK ]  | 10344 | 0x00007068 | 0x56 | 0x56
[OK ]  | 10345 | 0x00007069 | 0xf4 | 0xf4
[OK ]  | 10346 | 0x0000706a | 0xff | 0xff
[OK ]  | 10347 | 0x0000706b | 0xff | 0xff
[OK ]  | 10348 | 0x0000706c | 0x95 | 0x95
[OK ]  | 10349 | 0x0000706d | 0x9d | 0x9d
[OK ]  | 10350 | 0x0000706e | 0xff | 0xff
[OK ]  | 10351 | 0x0000706f | 0xff | 0xff
[OK ]  | 10352 | 0x00007070 | 0xa1 | 0xa1
[OK ]  | 10353 | 0x00007071 | 0x98 | 0x98
[OK ]  | 10354 | 0x00007072 | 0xfe | 0xfe
[OK ]  | 10355 | 0x00007073 | 0xff | 0xff
[OK ]  | 10356 | 0x00007074 | 0x14 | 0x14
[OK ]  | 10357 | 0x00007075 | 0x93 | 0x93
[OK ]  | 10358 | 0x00007076 | 0xfd | 0xfd
[OK ]  | 10359 | 0x00007077 | 0xff | 0xff
[OK ]  | 10360 | 0x00007078 | 0x1a | 0x1a
[OK ]  | 10361 | 0x00007079 | 0x6c | 0x6c
[OK ]  | 10362 | 0x0000707a | 0xfe | 0xfe
[OK ]  | 10363 | 0x0000707b | 0xff | 0xff
[OK ]  | 10364 | 0x0000707c | 0xd1 | 0xd1
[OK ]  | 10365 | 0x0000707d | 0x6b | 0x6b
[OK ]  | 10366 | 0x0000707e | 0xfe | 0xfe
[OK ]  | 10367 | 0x0000707f | 0xff | 0xff
[OK ]  | 10368 | 0x00007080 | 0x84 | 0x84
[OK ]  | 10369 | 0x00007081 | 0x35 | 0x35
[OK ]  | 10370 | 0x00007082 | 0xff | 0xff
[OK ]  | 10371 | 0x00007083 | 0xff | 0xff
[OK ]  | 10372 | 0x00007084 | 0x0a | 0x0a
[OK ]  | 10373 | 0x00007085 | 0x8e | 0x8e
[OK ]  | 10374 | 0x00007086 | 0xff | 0xff
[OK ]  | 10375 | 0x00007087 | 0xff | 0xff
[OK ]  | 10376 | 0x00007088 | 0x61 | 0x61
[OK ]  | 10377 | 0x00007089 | 0xed | 0xed
[OK ]  | 10378 | 0x0000708a | 0xff | 0xff
[OK ]  | 10379 | 0x0000708b | 0xff | 0xff
[OK ]  | 10380 | 0x0000708c | 0x08 | 0x08
[OK ]  | 10381 | 0x0000708d | 0xfc | 0xfc
[OK ]  | 10382 | 0x0000708e | 0x00 | 0x00
[OK ]  | 10383 | 0x0000708f | 0x00 | 0x00
[OK ]  | 10384 | 0x00007090 | 0x65 | 0x65
[OK ]  | 10385 | 0x00007091 | 0x74 | 0x74
[OK ]  | 10386 | 0x00007092 | 0xff | 0xff
[OK ]  | 10387 | 0x00007093 | 0xff | 0xff
[OK ]  | 10388 | 0x00007094 | 0x7a | 0x7a
[OK ]  | 10389 | 0x00007095 | 0x1d | 0x1d
[OK ]  | 10390 | 0x00007096 | 0xff | 0xff
[OK ]  | 10391 | 0x00007097 | 0xff | 0xff
[OK ]  | 10392 | 0x00007098 | 0x5f | 0x5f
[OK ]  | 10393 | 0x00007099 | 0x1f | 0x1f
[OK ]  | 10394 | 0x0000709a | 0xff | 0xff
[OK ]  | 10395 | 0x0000709b | 0xff | 0xff
[OK ]  | 10396 | 0x0000709c | 0xef | 0xef
[OK ]  | 10397 | 0x0000709d | 0xed | 0xed
[OK ]  | 10398 | 0x0000709e | 0xfe | 0xfe
[OK ]  | 10399 | 0x0000709f | 0xff | 0xff
[OK ]  | 10400 | 0x000070a0 | 0xe9 | 0xe9
[OK ]  | 10401 | 0x000070a1 | 0x36 | 0x36
[OK ]  | 10402 | 0x000070a2 | 0x01 | 0x01
[OK ]  | 10403 | 0x000070a3 | 0x00 | 0x00
[OK ]  | 10404 | 0x000070a4 | 0x97 | 0x97
[OK ]  | 10405 | 0x000070a5 | 0xc1 | 0xc1
[OK ]  | 10406 | 0x000070a6 | 0x00 | 0x00
[OK ]  | 10407 | 0x000070a7 | 0x00 | 0x00
[OK ]  | 10408 | 0x000070a8 | 0xad | 0xad
[OK ]  | 10409 | 0x000070a9 | 0x5b | 0x5b
[OK ]  | 10410 | 0x000070aa | 0x00 | 0x00
[OK ]  | 10411 | 0x000070ab | 0x00 | 0x00
[OK ]  | 10412 | 0x000070ac | 0x0e | 0x0e
[OK ]  | 10413 | 0x000070ad | 0x89 | 0x89
[OK ]  | 10414 | 0x000070ae | 0xff | 0xff
[OK ]  | 10415 | 0x000070af | 0xff | 0xff
[OK ]  | 10416 | 0x000070b0 | 0xce | 0xce
[OK ]  | 10417 | 0x000070b1 | 0xa3 | 0xa3
[OK ]  | 10418 | 0x000070b2 | 0xfe | 0xfe
[OK ]  | 10419 | 0x000070b3 | 0xff | 0xff
[OK ]  | 10420 | 0x000070b4 | 0x7c | 0x7c
[OK ]  | 10421 | 0x000070b5 | 0xb7 | 0xb7
[OK ]  | 10422 | 0x000070b6 | 0xff | 0xff
[OK ]  | 10423 | 0x000070b7 | 0xff | 0xff
[OK ]  | 10424 | 0x000070b8 | 0x45 | 0x45
[OK ]  | 10425 | 0x000070b9 | 0x19 | 0x19
[OK ]  | 10426 | 0x000070ba | 0xff | 0xff
[OK ]  | 10427 | 0x000070bb | 0xff | 0xff
[OK ]  | 10428 | 0x000070bc | 0x0a | 0x0a
[OK ]  | 10429 | 0x000070bd | 0x1e | 0x1e
[OK ]  | 10430 | 0x000070be | 0xfe | 0xfe
[OK ]  | 10431 | 0x000070bf | 0xff | 0xff
[OK ]  | 10432 | 0x000070c0 | 0x0d | 0x0d
[OK ]  | 10433 | 0x000070c1 | 0xfb | 0xfb
[OK ]  | 10434 | 0x000070c2 | 0x00 | 0x00
[OK ]  | 10435 | 0x000070c3 | 0x00 | 0x00
[OK ]  | 10436 | 0x000070c4 | 0x9c | 0x9c
[OK ]  | 10437 | 0x000070c5 | 0x36 | 0x36
[OK ]  | 10438 | 0x000070c6 | 0x00 | 0x00
[OK ]  | 10439 | 0x000070c7 | 0x00 | 0x00
[OK ]  | 10440 | 0x000070c8 | 0x9c | 0x9c
[OK ]  | 10441 | 0x000070c9 | 0x6a | 0x6a
[OK ]  | 10442 | 0x000070ca | 0xff | 0xff
[OK ]  | 10443 | 0x000070cb | 0xff | 0xff
[OK ]  | 10444 | 0x000070cc | 0xf1 | 0xf1
[OK ]  | 10445 | 0x000070cd | 0x6f | 0x6f
[OK ]  | 10446 | 0x000070ce | 0x00 | 0x00
[OK ]  | 10447 | 0x000070cf | 0x00 | 0x00
[OK ]  | 10448 | 0x000070d0 | 0x52 | 0x52
[OK ]  | 10449 | 0x000070d1 | 0xea | 0xea
[OK ]  | 10450 | 0x000070d2 | 0x00 | 0x00
[OK ]  | 10451 | 0x000070d3 | 0x00 | 0x00
[OK ]  | 10452 | 0x000070d4 | 0x2d | 0x2d
[OK ]  | 10453 | 0x000070d5 | 0xf3 | 0xf3
[OK ]  | 10454 | 0x000070d6 | 0x00 | 0x00
[OK ]  | 10455 | 0x000070d7 | 0x00 | 0x00
[OK ]  | 10456 | 0x000070d8 | 0xa4 | 0xa4
[OK ]  | 10457 | 0x000070d9 | 0xa0 | 0xa0
[OK ]  | 10458 | 0x000070da | 0x00 | 0x00
[OK ]  | 10459 | 0x000070db | 0x00 | 0x00
[OK ]  | 10460 | 0x000070dc | 0xef | 0xef
[OK ]  | 10461 | 0x000070dd | 0xf8 | 0xf8
[OK ]  | 10462 | 0x000070de | 0xfe | 0xfe
[OK ]  | 10463 | 0x000070df | 0xff | 0xff
[OK ]  | 10464 | 0x000070e0 | 0x18 | 0x18
[OK ]  | 10465 | 0x000070e1 | 0x68 | 0x68
[OK ]  | 10466 | 0x000070e2 | 0x00 | 0x00
[OK ]  | 10467 | 0x000070e3 | 0x00 | 0x00
[OK ]  | 10468 | 0x000070e4 | 0xd6 | 0xd6
[OK ]  | 10469 | 0x000070e5 | 0x56 | 0x56
[OK ]  | 10470 | 0x000070e6 | 0x00 | 0x00
[OK ]  | 10471 | 0x000070e7 | 0x00 | 0x00
[OK ]  | 10472 | 0x000070e8 | 0xce | 0xce
[OK ]  | 10473 | 0x000070e9 | 0x5e | 0x5e
[OK ]  | 10474 | 0x000070ea | 0xfe | 0xfe
[OK ]  | 10475 | 0x000070eb | 0xff | 0xff
[OK ]  | 10476 | 0x000070ec | 0x80 | 0x80
[OK ]  | 10477 | 0x000070ed | 0x50 | 0x50
[OK ]  | 10478 | 0x000070ee | 0xfe | 0xfe
[OK ]  | 10479 | 0x000070ef | 0xff | 0xff
[OK ]  | 10480 | 0x000070f0 | 0x11 | 0x11
[OK ]  | 10481 | 0x000070f1 | 0x10 | 0x10
[OK ]  | 10482 | 0x000070f2 | 0x00 | 0x00
[OK ]  | 10483 | 0x000070f3 | 0x00 | 0x00
[OK ]  | 10484 | 0x000070f4 | 0x24 | 0x24
[OK ]  | 10485 | 0x000070f5 | 0x92 | 0x92
[OK ]  | 10486 | 0x000070f6 | 0x01 | 0x01
[OK ]  | 10487 | 0x000070f7 | 0x00 | 0x00
[OK ]  | 10488 | 0x000070f8 | 0x6e | 0x6e
[OK ]  | 10489 | 0x000070f9 | 0xcf | 0xcf
[OK ]  | 10490 | 0x000070fa | 0xff | 0xff
[OK ]  | 10491 | 0x000070fb | 0xff | 0xff
[OK ]  | 10492 | 0x000070fc | 0xbe | 0xbe
[OK ]  | 10493 | 0x000070fd | 0x17 | 0x17
[OK ]  | 10494 | 0x000070fe | 0x01 | 0x01
[OK ]  | 10495 | 0x000070ff | 0x00 | 0x00
[OK ]  | 10496 | 0x00007100 | 0x31 | 0x31
[OK ]  | 10497 | 0x00007101 | 0xef | 0xef
[OK ]  | 10498 | 0x00007102 | 0xff | 0xff
[OK ]  | 10499 | 0x00007103 | 0xff | 0xff
[OK ]  | 10500 | 0x00007104 | 0xe3 | 0xe3
[OK ]  | 10501 | 0x00007105 | 0x1c | 0x1c
[OK ]  | 10502 | 0x00007106 | 0xff | 0xff
[OK ]  | 10503 | 0x00007107 | 0xff | 0xff
[OK ]  | 10504 | 0x00007108 | 0xa5 | 0xa5
[OK ]  | 10505 | 0x00007109 | 0xe4 | 0xe4
[OK ]  | 10506 | 0x0000710a | 0xff | 0xff
[OK ]  | 10507 | 0x0000710b | 0xff | 0xff
[OK ]  | 10508 | 0x0000710c | 0x63 | 0x63
[OK ]  | 10509 | 0x0000710d | 0xe8 | 0xe8
[OK ]  | 10510 | 0x0000710e | 0xfe | 0xfe
[OK ]  | 10511 | 0x0000710f | 0xff | 0xff
[OK ]  | 10512 | 0x00007110 | 0xf1 | 0xf1
[OK ]  | 10513 | 0x00007111 | 0x9a | 0x9a
[OK ]  | 10514 | 0x00007112 | 0xff | 0xff
[OK ]  | 10515 | 0x00007113 | 0xff | 0xff
[OK ]  | 10516 | 0x00007114 | 0xfa | 0xfa
[OK ]  | 10517 | 0x00007115 | 0xdc | 0xdc
[OK ]  | 10518 | 0x00007116 | 0xfe | 0xfe
[OK ]  | 10519 | 0x00007117 | 0xff | 0xff
[OK ]  | 10520 | 0x00007118 | 0xe5 | 0xe5
[OK ]  | 10521 | 0x00007119 | 0xe9 | 0xe9
[OK ]  | 10522 | 0x0000711a | 0xfe | 0xfe
[OK ]  | 10523 | 0x0000711b | 0xff | 0xff
[OK ]  | 10524 | 0x0000711c | 0x34 | 0x34
[OK ]  | 10525 | 0x0000711d | 0x0b | 0x0b
[OK ]  | 10526 | 0x0000711e | 0xff | 0xff
[OK ]  | 10527 | 0x0000711f | 0xff | 0xff
[OK ]  | 10528 | 0x00007120 | 0x20 | 0x20
[OK ]  | 10529 | 0x00007121 | 0x97 | 0x97
[OK ]  | 10530 | 0x00007122 | 0xff | 0xff
[OK ]  | 10531 | 0x00007123 | 0xff | 0xff
[OK ]  | 10532 | 0x00007124 | 0x76 | 0x76
[OK ]  | 10533 | 0x00007125 | 0x1b | 0x1b
[OK ]  | 10534 | 0x00007126 | 0xff | 0xff
[OK ]  | 10535 | 0x00007127 | 0xff | 0xff
[OK ]  | 10536 | 0x00007128 | 0x74 | 0x74
[OK ]  | 10537 | 0x00007129 | 0xbc | 0xbc
[OK ]  | 10538 | 0x0000712a | 0xfe | 0xfe
[OK ]  | 10539 | 0x0000712b | 0xff | 0xff
[OK ]  | 10540 | 0x0000712c | 0x66 | 0x66
[OK ]  | 10541 | 0x0000712d | 0x1b | 0x1b
[OK ]  | 10542 | 0x0000712e | 0x00 | 0x00
[OK ]  | 10543 | 0x0000712f | 0x00 | 0x00
[OK ]  | 10544 | 0x00007130 | 0x02 | 0x02
[OK ]  | 10545 | 0x00007131 | 0x7d | 0x7d
[OK ]  | 10546 | 0x00007132 | 0x01 | 0x01
[OK ]  | 10547 | 0x00007133 | 0x00 | 0x00
[OK ]  | 10548 | 0x00007134 | 0x6a | 0x6a
[OK ]  | 10549 | 0x00007135 | 0x25 | 0x25
[OK ]  | 10550 | 0x00007136 | 0x00 | 0x00
[OK ]  | 10551 | 0x00007137 | 0x00 | 0x00
[OK ]  | 10552 | 0x00007138 | 0x40 | 0x40
[OK ]  | 10553 | 0x00007139 | 0xce | 0xce
[OK ]  | 10554 | 0x0000713a | 0xfe | 0xfe
[OK ]  | 10555 | 0x0000713b | 0xff | 0xff
[OK ]  | 10556 | 0x0000713c | 0x6b | 0x6b
[OK ]  | 10557 | 0x0000713d | 0x28 | 0x28
[OK ]  | 10558 | 0x0000713e | 0xff | 0xff
[OK ]  | 10559 | 0x0000713f | 0xff | 0xff
[OK ]  | 10560 | 0x00007140 | 0xe4 | 0xe4
[OK ]  | 10561 | 0x00007141 | 0x86 | 0x86
[OK ]  | 10562 | 0x00007142 | 0xff | 0xff
[OK ]  | 10563 | 0x00007143 | 0xff | 0xff
[OK ]  | 10564 | 0x00007144 | 0x0d | 0x0d
[OK ]  | 10565 | 0x00007145 | 0x85 | 0x85
[OK ]  | 10566 | 0x00007146 | 0x00 | 0x00
[OK ]  | 10567 | 0x00007147 | 0x00 | 0x00
[OK ]  | 10568 | 0x00007148 | 0xd0 | 0xd0
[OK ]  | 10569 | 0x00007149 | 0x0f | 0x0f
[OK ]  | 10570 | 0x0000714a | 0x00 | 0x00
[OK ]  | 10571 | 0x0000714b | 0x00 | 0x00
[OK ]  | 10572 | 0x0000714c | 0xc0 | 0xc0
[OK ]  | 10573 | 0x0000714d | 0x2c | 0x2c
[OK ]  | 10574 | 0x0000714e | 0x00 | 0x00
[OK ]  | 10575 | 0x0000714f | 0x00 | 0x00
[OK ]  | 10576 | 0x00007150 | 0xf4 | 0xf4
[OK ]  | 10577 | 0x00007151 | 0x20 | 0x20
[OK ]  | 10578 | 0x00007152 | 0x01 | 0x01
[OK ]  | 10579 | 0x00007153 | 0x00 | 0x00
[OK ]  | 10580 | 0x00007154 | 0xb1 | 0xb1
[OK ]  | 10581 | 0x00007155 | 0x7f | 0x7f
[OK ]  | 10582 | 0x00007156 | 0x00 | 0x00
[OK ]  | 10583 | 0x00007157 | 0x00 | 0x00
[OK ]  | 10584 | 0x00007158 | 0xf3 | 0xf3
[OK ]  | 10585 | 0x00007159 | 0x81 | 0x81
[OK ]  | 10586 | 0x0000715a | 0xff | 0xff
[OK ]  | 10587 | 0x0000715b | 0xff | 0xff
[OK ]  | 10588 | 0x0000715c | 0x02 | 0x02
[OK ]  | 10589 | 0x0000715d | 0xed | 0xed
[OK ]  | 10590 | 0x0000715e | 0xfe | 0xfe
[OK ]  | 10591 | 0x0000715f | 0xff | 0xff
[OK ]  | 10592 | 0x00007160 | 0x1d | 0x1d
[OK ]  | 10593 | 0x00007161 | 0x04 | 0x04
[OK ]  | 10594 | 0x00007162 | 0x02 | 0x02
[OK ]  | 10595 | 0x00007163 | 0x00 | 0x00
[OK ]  | 10596 | 0x00007164 | 0x48 | 0x48
[OK ]  | 10597 | 0x00007165 | 0xb7 | 0xb7
[OK ]  | 10598 | 0x00007166 | 0xff | 0xff
[OK ]  | 10599 | 0x00007167 | 0xff | 0xff
[OK ]  | 10600 | 0x00007168 | 0x81 | 0x81
[OK ]  | 10601 | 0x00007169 | 0x47 | 0x47
[OK ]  | 10602 | 0x0000716a | 0x01 | 0x01
[OK ]  | 10603 | 0x0000716b | 0x00 | 0x00
[OK ]  | 10604 | 0x0000716c | 0x55 | 0x55
[OK ]  | 10605 | 0x0000716d | 0x32 | 0x32
[OK ]  | 10606 | 0x0000716e | 0x01 | 0x01
[OK ]  | 10607 | 0x0000716f | 0x00 | 0x00
[OK ]  | 10608 | 0x00007170 | 0x85 | 0x85
[OK ]  | 10609 | 0x00007171 | 0xe6 | 0xe6
[OK ]  | 10610 | 0x00007172 | 0xff | 0xff
[OK ]  | 10611 | 0x00007173 | 0xff | 0xff
[OK ]  | 10612 | 0x00007174 | 0xf1 | 0xf1
[OK ]  | 10613 | 0x00007175 | 0x8d | 0x8d
[OK ]  | 10614 | 0x00007176 | 0xff | 0xff
[OK ]  | 10615 | 0x00007177 | 0xff | 0xff
[OK ]  | 10616 | 0x00007178 | 0xd3 | 0xd3
[OK ]  | 10617 | 0x00007179 | 0x49 | 0x49
[OK ]  | 10618 | 0x0000717a | 0xff | 0xff
[OK ]  | 10619 | 0x0000717b | 0xff | 0xff
[OK ]  | 10620 | 0x0000717c | 0xc9 | 0xc9
[OK ]  | 10621 | 0x0000717d | 0xe3 | 0xe3
[OK ]  | 10622 | 0x0000717e | 0x00 | 0x00
[OK ]  | 10623 | 0x0000717f | 0x00 | 0x00
[OK ]  | 10624 | 0x00007180 | 0x92 | 0x92
[OK ]  | 10625 | 0x00007181 | 0x79 | 0x79
[OK ]  | 10626 | 0x00007182 | 0x00 | 0x00
[OK ]  | 10627 | 0x00007183 | 0x00 | 0x00
[OK ]  | 10628 | 0x00007184 | 0x8f | 0x8f
[OK ]  | 10629 | 0x00007185 | 0x39 | 0x39
[OK ]  | 10630 | 0x00007186 | 0xff | 0xff
[OK ]  | 10631 | 0x00007187 | 0xff | 0xff
[OK ]  | 10632 | 0x00007188 | 0x6f | 0x6f
[OK ]  | 10633 | 0x00007189 | 0xa4 | 0xa4
[OK ]  | 10634 | 0x0000718a | 0x00 | 0x00
[OK ]  | 10635 | 0x0000718b | 0x00 | 0x00
[OK ]  | 10636 | 0x0000718c | 0x93 | 0x93
[OK ]  | 10637 | 0x0000718d | 0xb6 | 0xb6
[OK ]  | 10638 | 0x0000718e | 0xfe | 0xfe
[OK ]  | 10639 | 0x0000718f | 0xff | 0xff
[OK ]  | 10640 | 0x00007190 | 0x4a | 0x4a
[OK ]  | 10641 | 0x00007191 | 0x4b | 0x4b
[OK ]  | 10642 | 0x00007192 | 0x00 | 0x00
[OK ]  | 10643 | 0x00007193 | 0x00 | 0x00
[OK ]  | 10644 | 0x00007194 | 0xdb | 0xdb
[OK ]  | 10645 | 0x00007195 | 0x8e | 0x8e
[OK ]  | 10646 | 0x00007196 | 0x00 | 0x00
[OK ]  | 10647 | 0x00007197 | 0x00 | 0x00
[OK ]  | 10648 | 0x00007198 | 0x73 | 0x73
[OK ]  | 10649 | 0x00007199 | 0x33 | 0x33
[OK ]  | 10650 | 0x0000719a | 0x00 | 0x00
[OK ]  | 10651 | 0x0000719b | 0x00 | 0x00
[OK ]  | 10652 | 0x0000719c | 0x92 | 0x92
[OK ]  | 10653 | 0x0000719d | 0x2e | 0x2e
[OK ]  | 10654 | 0x0000719e | 0x01 | 0x01
[OK ]  | 10655 | 0x0000719f | 0x00 | 0x00
[OK ]  | 10656 | 0x000071a0 | 0x0d | 0x0d
[OK ]  | 10657 | 0x000071a1 | 0x80 | 0x80
[OK ]  | 10658 | 0x000071a2 | 0xff | 0xff
[OK ]  | 10659 | 0x000071a3 | 0xff | 0xff
[OK ]  | 10660 | 0x000071a4 | 0x0c | 0x0c
[OK ]  | 10661 | 0x000071a5 | 0x05 | 0x05
[OK ]  | 10662 | 0x000071a6 | 0xff | 0xff
[OK ]  | 10663 | 0x000071a7 | 0xff | 0xff
[OK ]  | 10664 | 0x000071a8 | 0x2a | 0x2a
[OK ]  | 10665 | 0x000071a9 | 0x33 | 0x33
[OK ]  | 10666 | 0x000071aa | 0x00 | 0x00
[OK ]  | 10667 | 0x000071ab | 0x00 | 0x00
[OK ]  | 10668 | 0x000071ac | 0x08 | 0x08
[OK ]  | 10669 | 0x000071ad | 0xd6 | 0xd6
[OK ]  | 10670 | 0x000071ae | 0xfe | 0xfe
[OK ]  | 10671 | 0x000071af | 0xff | 0xff
[OK ]  | 10672 | 0x000071b0 | 0x47 | 0x47
[OK ]  | 10673 | 0x000071b1 | 0xd0 | 0xd0
[OK ]  | 10674 | 0x000071b2 | 0x01 | 0x01
[OK ]  | 10675 | 0x000071b3 | 0x00 | 0x00
[OK ]  | 10676 | 0x000071b4 | 0xb9 | 0xb9
[OK ]  | 10677 | 0x000071b5 | 0x61 | 0x61
[OK ]  | 10678 | 0x000071b6 | 0x00 | 0x00
[OK ]  | 10679 | 0x000071b7 | 0x00 | 0x00
[OK ]  | 10680 | 0x000071b8 | 0x7b | 0x7b
[OK ]  | 10681 | 0x000071b9 | 0x00 | 0x00
[OK ]  | 10682 | 0x000071ba | 0xff | 0xff
[OK ]  | 10683 | 0x000071bb | 0xff | 0xff
[OK ]  | 10684 | 0x000071bc | 0x4d | 0x4d
[OK ]  | 10685 | 0x000071bd | 0xd6 | 0xd6
[OK ]  | 10686 | 0x000071be | 0x01 | 0x01
[OK ]  | 10687 | 0x000071bf | 0x00 | 0x00
[OK ]  | 10688 | 0x000071c0 | 0xe2 | 0xe2
[OK ]  | 10689 | 0x000071c1 | 0xaf | 0xaf
[OK ]  | 10690 | 0x000071c2 | 0xff | 0xff
[OK ]  | 10691 | 0x000071c3 | 0xff | 0xff
[OK ]  | 10692 | 0x000071c4 | 0xb6 | 0xb6
[OK ]  | 10693 | 0x000071c5 | 0xdb | 0xdb
[OK ]  | 10694 | 0x000071c6 | 0xfe | 0xfe
[OK ]  | 10695 | 0x000071c7 | 0xff | 0xff
[OK ]  | 10696 | 0x000071c8 | 0x27 | 0x27
[OK ]  | 10697 | 0x000071c9 | 0xfc | 0xfc
[OK ]  | 10698 | 0x000071ca | 0xff | 0xff
[OK ]  | 10699 | 0x000071cb | 0xff | 0xff
[OK ]  | 10700 | 0x000071cc | 0x4a | 0x4a
[OK ]  | 10701 | 0x000071cd | 0xc1 | 0xc1
[OK ]  | 10702 | 0x000071ce | 0x00 | 0x00
[OK ]  | 10703 | 0x000071cf | 0x00 | 0x00
[OK ]  | 10704 | 0x000071d0 | 0xff | 0xff
[OK ]  | 10705 | 0x000071d1 | 0xf1 | 0xf1
[OK ]  | 10706 | 0x000071d2 | 0xfe | 0xfe
[OK ]  | 10707 | 0x000071d3 | 0xff | 0xff
[OK ]  | 10708 | 0x000071d4 | 0x56 | 0x56
[OK ]  | 10709 | 0x000071d5 | 0xbb | 0xbb
[OK ]  | 10710 | 0x000071d6 | 0x00 | 0x00
[OK ]  | 10711 | 0x000071d7 | 0x00 | 0x00
[OK ]  | 10712 | 0x000071d8 | 0xf5 | 0xf5
[OK ]  | 10713 | 0x000071d9 | 0x21 | 0x21
[OK ]  | 10714 | 0x000071da | 0x00 | 0x00
[OK ]  | 10715 | 0x000071db | 0x00 | 0x00
[OK ]  | 10716 | 0x000071dc | 0x52 | 0x52
[OK ]  | 10717 | 0x000071dd | 0x2f | 0x2f
[OK ]  | 10718 | 0x000071de | 0x00 | 0x00
[OK ]  | 10719 | 0x000071df | 0x00 | 0x00
[OK ]  | 10720 | 0x000071e0 | 0xf3 | 0xf3
[OK ]  | 10721 | 0x000071e1 | 0xb3 | 0xb3
[OK ]  | 10722 | 0x000071e2 | 0xff | 0xff
[OK ]  | 10723 | 0x000071e3 | 0xff | 0xff
[OK ]  | 10724 | 0x000071e4 | 0xaa | 0xaa
[OK ]  | 10725 | 0x000071e5 | 0x02 | 0x02
[OK ]  | 10726 | 0x000071e6 | 0x01 | 0x01
[OK ]  | 10727 | 0x000071e7 | 0x00 | 0x00
[OK ]  | 10728 | 0x000071e8 | 0x4d | 0x4d
[OK ]  | 10729 | 0x000071e9 | 0x78 | 0x78
[OK ]  | 10730 | 0x000071ea | 0x00 | 0x00
[OK ]  | 10731 | 0x000071eb | 0x00 | 0x00
[OK ]  | 10732 | 0x000071ec | 0xeb | 0xeb
[OK ]  | 10733 | 0x000071ed | 0x97 | 0x97
[OK ]  | 10734 | 0x000071ee | 0x01 | 0x01
[OK ]  | 10735 | 0x000071ef | 0x00 | 0x00
[OK ]  | 10736 | 0x000071f0 | 0xc4 | 0xc4
[OK ]  | 10737 | 0x000071f1 | 0x2b | 0x2b
[OK ]  | 10738 | 0x000071f2 | 0xfe | 0xfe
[OK ]  | 10739 | 0x000071f3 | 0xff | 0xff
[OK ]  | 10740 | 0x000071f4 | 0x3d | 0x3d
[OK ]  | 10741 | 0x000071f5 | 0x4e | 0x4e
[OK ]  | 10742 | 0x000071f6 | 0x00 | 0x00
[OK ]  | 10743 | 0x000071f7 | 0x00 | 0x00
[OK ]  | 10744 | 0x000071f8 | 0xb4 | 0xb4
[OK ]  | 10745 | 0x000071f9 | 0x5c | 0x5c
[OK ]  | 10746 | 0x000071fa | 0x00 | 0x00
[OK ]  | 10747 | 0x000071fb | 0x00 | 0x00
[OK ]  | 10748 | 0x000071fc | 0x2b | 0x2b
[OK ]  | 10749 | 0x000071fd | 0xaa | 0xaa
[OK ]  | 10750 | 0x000071fe | 0xff | 0xff
[OK ]  | 10751 | 0x000071ff | 0xff | 0xff
[OK ]  | 10752 | 0x00007200 | 0x85 | 0x85
[OK ]  | 10753 | 0x00007201 | 0x63 | 0x63
[OK ]  | 10754 | 0x00007202 | 0x00 | 0x00
[OK ]  | 10755 | 0x00007203 | 0x00 | 0x00
[OK ]  | 10756 | 0x00007204 | 0xb3 | 0xb3
[OK ]  | 10757 | 0x00007205 | 0x2c | 0x2c
[OK ]  | 10758 | 0x00007206 | 0xff | 0xff
[OK ]  | 10759 | 0x00007207 | 0xff | 0xff
[OK ]  | 10760 | 0x00007208 | 0xbe | 0xbe
[OK ]  | 10761 | 0x00007209 | 0x0a | 0x0a
[OK ]  | 10762 | 0x0000720a | 0x00 | 0x00
[OK ]  | 10763 | 0x0000720b | 0x00 | 0x00
[OK ]  | 10764 | 0x0000720c | 0xee | 0xee
[OK ]  | 10765 | 0x0000720d | 0x55 | 0x55
[OK ]  | 10766 | 0x0000720e | 0x00 | 0x00
[OK ]  | 10767 | 0x0000720f | 0x00 | 0x00
[OK ]  | 10768 | 0x00007210 | 0x26 | 0x26
[OK ]  | 10769 | 0x00007211 | 0xc4 | 0xc4
[OK ]  | 10770 | 0x00007212 | 0xfe | 0xfe
[OK ]  | 10771 | 0x00007213 | 0xff | 0xff
[OK ]  | 10772 | 0x00007214 | 0x1a | 0x1a
[OK ]  | 10773 | 0x00007215 | 0x2b | 0x2b
[OK ]  | 10774 | 0x00007216 | 0xfd | 0xfd
[OK ]  | 10775 | 0x00007217 | 0xff | 0xff
[OK ]  | 10776 | 0x00007218 | 0xf8 | 0xf8
[OK ]  | 10777 | 0x00007219 | 0x4c | 0x4c
[OK ]  | 10778 | 0x0000721a | 0x00 | 0x00
[OK ]  | 10779 | 0x0000721b | 0x00 | 0x00
[OK ]  | 10780 | 0x0000721c | 0x87 | 0x87
[OK ]  | 10781 | 0x0000721d | 0x85 | 0x85
[OK ]  | 10782 | 0x0000721e | 0xff | 0xff
[OK ]  | 10783 | 0x0000721f | 0xff | 0xff
[OK ]  | 10784 | 0x00007220 | 0x08 | 0x08
[OK ]  | 10785 | 0x00007221 | 0x01 | 0x01
[OK ]  | 10786 | 0x00007222 | 0x00 | 0x00
[OK ]  | 10787 | 0x00007223 | 0x00 | 0x00
[OK ]  | 10788 | 0x00007224 | 0xe2 | 0xe2
[OK ]  | 10789 | 0x00007225 | 0x36 | 0x36
[OK ]  | 10790 | 0x00007226 | 0x00 | 0x00
[OK ]  | 10791 | 0x00007227 | 0x00 | 0x00
[OK ]  | 10792 | 0x00007228 | 0xf8 | 0xf8
[OK ]  | 10793 | 0x00007229 | 0xa4 | 0xa4
[OK ]  | 10794 | 0x0000722a | 0xff | 0xff
[OK ]  | 10795 | 0x0000722b | 0xff | 0xff
[OK ]  | 10796 | 0x0000722c | 0xfc | 0xfc
[OK ]  | 10797 | 0x0000722d | 0x1e | 0x1e
[OK ]  | 10798 | 0x0000722e | 0xff | 0xff
[OK ]  | 10799 | 0x0000722f | 0xff | 0xff
[OK ]  | 10800 | 0x00007230 | 0x34 | 0x34
[OK ]  | 10801 | 0x00007231 | 0x9a | 0x9a
[OK ]  | 10802 | 0x00007232 | 0x00 | 0x00
[OK ]  | 10803 | 0x00007233 | 0x00 | 0x00
[OK ]  | 10804 | 0x00007234 | 0xda | 0xda
[OK ]  | 10805 | 0x00007235 | 0x68 | 0x68
[OK ]  | 10806 | 0x00007236 | 0x00 | 0x00
[OK ]  | 10807 | 0x00007237 | 0x00 | 0x00
[OK ]  | 10808 | 0x00007238 | 0xcc | 0xcc
[OK ]  | 10809 | 0x00007239 | 0x84 | 0x84
[OK ]  | 10810 | 0x0000723a | 0xfd | 0xfd
[OK ]  | 10811 | 0x0000723b | 0xff | 0xff
[OK ]  | 10812 | 0x0000723c | 0xdd | 0xdd
[OK ]  | 10813 | 0x0000723d | 0xd6 | 0xd6
[OK ]  | 10814 | 0x0000723e | 0xff | 0xff
[OK ]  | 10815 | 0x0000723f | 0xff | 0xff
[OK ]  | 10816 | 0x00007240 | 0xb6 | 0xb6
[OK ]  | 10817 | 0x00007241 | 0x7b | 0x7b
[OK ]  | 10818 | 0x00007242 | 0xff | 0xff
[OK ]  | 10819 | 0x00007243 | 0xff | 0xff
[OK ]  | 10820 | 0x00007244 | 0xd8 | 0xd8
[OK ]  | 10821 | 0x00007245 | 0x90 | 0x90
[OK ]  | 10822 | 0x00007246 | 0xff | 0xff
[OK ]  | 10823 | 0x00007247 | 0xff | 0xff
[OK ]  | 10824 | 0x00007248 | 0xc1 | 0xc1
[OK ]  | 10825 | 0x00007249 | 0x5a | 0x5a
[OK ]  | 10826 | 0x0000724a | 0xff | 0xff
[OK ]  | 10827 | 0x0000724b | 0xff | 0xff
[OK ]  | 10828 | 0x0000724c | 0xd4 | 0xd4
[OK ]  | 10829 | 0x0000724d | 0x49 | 0x49
[OK ]  | 10830 | 0x0000724e | 0xff | 0xff
[OK ]  | 10831 | 0x0000724f | 0xff | 0xff
[OK ]  | 10832 | 0x00007250 | 0xf8 | 0xf8
[OK ]  | 10833 | 0x00007251 | 0xdc | 0xdc
[OK ]  | 10834 | 0x00007252 | 0xfe | 0xfe
[OK ]  | 10835 | 0x00007253 | 0xff | 0xff
[OK ]  | 10836 | 0x00007254 | 0x24 | 0x24
[OK ]  | 10837 | 0x00007255 | 0x97 | 0x97
[OK ]  | 10838 | 0x00007256 | 0xff | 0xff
[OK ]  | 10839 | 0x00007257 | 0xff | 0xff
[OK ]  | 10840 | 0x00007258 | 0x89 | 0x89
[OK ]  | 10841 | 0x00007259 | 0x41 | 0x41
[OK ]  | 10842 | 0x0000725a | 0x00 | 0x00
[OK ]  | 10843 | 0x0000725b | 0x00 | 0x00
[OK ]  | 10844 | 0x0000725c | 0x82 | 0x82
[OK ]  | 10845 | 0x0000725d | 0x8f | 0x8f
[OK ]  | 10846 | 0x0000725e | 0x00 | 0x00
[OK ]  | 10847 | 0x0000725f | 0x00 | 0x00
[OK ]  | 10848 | 0x00007260 | 0x67 | 0x67
[OK ]  | 10849 | 0x00007261 | 0xc9 | 0xc9
[OK ]  | 10850 | 0x00007262 | 0xff | 0xff
[OK ]  | 10851 | 0x00007263 | 0xff | 0xff
[OK ]  | 10852 | 0x00007264 | 0x73 | 0x73
[OK ]  | 10853 | 0x00007265 | 0x11 | 0x11
[OK ]  | 10854 | 0x00007266 | 0x01 | 0x01
[OK ]  | 10855 | 0x00007267 | 0x00 | 0x00
[OK ]  | 10856 | 0x00007268 | 0x44 | 0x44
[OK ]  | 10857 | 0x00007269 | 0x5a | 0x5a
[OK ]  | 10858 | 0x0000726a | 0xff | 0xff
[OK ]  | 10859 | 0x0000726b | 0xff | 0xff
[OK ]  | 10860 | 0x0000726c | 0x99 | 0x99
[OK ]  | 10861 | 0x0000726d | 0x1f | 0x1f
[OK ]  | 10862 | 0x0000726e | 0x01 | 0x01
[OK ]  | 10863 | 0x0000726f | 0x00 | 0x00
[OK ]  | 10864 | 0x00007270 | 0xf9 | 0xf9
[OK ]  | 10865 | 0x00007271 | 0x21 | 0x21
[OK ]  | 10866 | 0x00007272 | 0x00 | 0x00
[OK ]  | 10867 | 0x00007273 | 0x00 | 0x00
[OK ]  | 10868 | 0x00007274 | 0x96 | 0x96
[OK ]  | 10869 | 0x00007275 | 0x24 | 0x24
[OK ]  | 10870 | 0x00007276 | 0x01 | 0x01
[OK ]  | 10871 | 0x00007277 | 0x00 | 0x00
[OK ]  | 10872 | 0x00007278 | 0xe8 | 0xe8
[OK ]  | 10873 | 0x00007279 | 0xf3 | 0xf3
[OK ]  | 10874 | 0x0000727a | 0xfe | 0xfe
[OK ]  | 10875 | 0x0000727b | 0xff | 0xff
[OK ]  | 10876 | 0x0000727c | 0xb4 | 0xb4
[OK ]  | 10877 | 0x0000727d | 0xe9 | 0xe9
[OK ]  | 10878 | 0x0000727e | 0x00 | 0x00
[OK ]  | 10879 | 0x0000727f | 0x00 | 0x00
[OK ]  | 10880 | 0x00007280 | 0x77 | 0x77
[OK ]  | 10881 | 0x00007281 | 0x3c | 0x3c
[OK ]  | 10882 | 0x00007282 | 0x00 | 0x00
[OK ]  | 10883 | 0x00007283 | 0x00 | 0x00
[OK ]  | 10884 | 0x00007284 | 0x49 | 0x49
[OK ]  | 10885 | 0x00007285 | 0x9d | 0x9d
[OK ]  | 10886 | 0x00007286 | 0xff | 0xff
[OK ]  | 10887 | 0x00007287 | 0xff | 0xff
[OK ]  | 10888 | 0x00007288 | 0x8c | 0x8c
[OK ]  | 10889 | 0x00007289 | 0xb7 | 0xb7
[OK ]  | 10890 | 0x0000728a | 0xff | 0xff
[OK ]  | 10891 | 0x0000728b | 0xff | 0xff
[OK ]  | 10892 | 0x0000728c | 0x2d | 0x2d
[OK ]  | 10893 | 0x0000728d | 0xb3 | 0xb3
[OK ]  | 10894 | 0x0000728e | 0x00 | 0x00
[OK ]  | 10895 | 0x0000728f | 0x00 | 0x00
[OK ]  | 10896 | 0x00007290 | 0xa5 | 0xa5
[OK ]  | 10897 | 0x00007291 | 0x82 | 0x82
[OK ]  | 10898 | 0x00007292 | 0x00 | 0x00
[OK ]  | 10899 | 0x00007293 | 0x00 | 0x00
[OK ]  | 10900 | 0x00007294 | 0x34 | 0x34
[OK ]  | 10901 | 0x00007295 | 0xd9 | 0xd9
[OK ]  | 10902 | 0x00007296 | 0x00 | 0x00
[OK ]  | 10903 | 0x00007297 | 0x00 | 0x00
[OK ]  | 10904 | 0x00007298 | 0x08 | 0x08
[OK ]  | 10905 | 0x00007299 | 0x83 | 0x83
[OK ]  | 10906 | 0x0000729a | 0x00 | 0x00
[OK ]  | 10907 | 0x0000729b | 0x00 | 0x00
[OK ]  | 10908 | 0x0000729c | 0x42 | 0x42
[OK ]  | 10909 | 0x0000729d | 0xe9 | 0xe9
[OK ]  | 10910 | 0x0000729e | 0xff | 0xff
[OK ]  | 10911 | 0x0000729f | 0xff | 0xff
[OK ]  | 10912 | 0x000072a0 | 0xef | 0xef
[OK ]  | 10913 | 0x000072a1 | 0x4f | 0x4f
[OK ]  | 10914 | 0x000072a2 | 0x01 | 0x01
[OK ]  | 10915 | 0x000072a3 | 0x00 | 0x00
[OK ]  | 10916 | 0x000072a4 | 0xfd | 0xfd
[OK ]  | 10917 | 0x000072a5 | 0xf4 | 0xf4
[OK ]  | 10918 | 0x000072a6 | 0xff | 0xff
[OK ]  | 10919 | 0x000072a7 | 0xff | 0xff
[OK ]  | 10920 | 0x000072a8 | 0xfd | 0xfd
[OK ]  | 10921 | 0x000072a9 | 0xc7 | 0xc7
[OK ]  | 10922 | 0x000072aa | 0xff | 0xff
[OK ]  | 10923 | 0x000072ab | 0xff | 0xff
[OK ]  | 10924 | 0x000072ac | 0x6a | 0x6a
[OK ]  | 10925 | 0x000072ad | 0xa6 | 0xa6
[OK ]  | 10926 | 0x000072ae | 0x00 | 0x00
[OK ]  | 10927 | 0x000072af | 0x00 | 0x00
[OK ]  | 10928 | 0x000072b0 | 0x0a | 0x0a
[OK ]  | 10929 | 0x000072b1 | 0x25 | 0x25
[OK ]  | 10930 | 0x000072b2 | 0xff | 0xff
[OK ]  | 10931 | 0x000072b3 | 0xff | 0xff
[OK ]  | 10932 | 0x000072b4 | 0x1b | 0x1b
[OK ]  | 10933 | 0x000072b5 | 0xcd | 0xcd
[OK ]  | 10934 | 0x000072b6 | 0x00 | 0x00
[OK ]  | 10935 | 0x000072b7 | 0x00 | 0x00
[OK ]  | 10936 | 0x000072b8 | 0xfb | 0xfb
[OK ]  | 10937 | 0x000072b9 | 0xe6 | 0xe6
[OK ]  | 10938 | 0x000072ba | 0xfe | 0xfe
[OK ]  | 10939 | 0x000072bb | 0xff | 0xff
[OK ]  | 10940 | 0x000072bc | 0x8c | 0x8c
[OK ]  | 10941 | 0x000072bd | 0x18 | 0x18
[OK ]  | 10942 | 0x000072be | 0x00 | 0x00
[OK ]  | 10943 | 0x000072bf | 0x00 | 0x00
[OK ]  | 10944 | 0x000072c0 | 0xc8 | 0xc8
[OK ]  | 10945 | 0x000072c1 | 0x2d | 0x2d
[OK ]  | 10946 | 0x000072c2 | 0xff | 0xff
[OK ]  | 10947 | 0x000072c3 | 0xff | 0xff
[OK ]  | 10948 | 0x000072c4 | 0x7c | 0x7c
[OK ]  | 10949 | 0x000072c5 | 0x52 | 0x52
[OK ]  | 10950 | 0x000072c6 | 0xff | 0xff
[OK ]  | 10951 | 0x000072c7 | 0xff | 0xff
[OK ]  | 10952 | 0x000072c8 | 0x6f | 0x6f
[OK ]  | 10953 | 0x000072c9 | 0xd3 | 0xd3
[OK ]  | 10954 | 0x000072ca | 0xff | 0xff
[OK ]  | 10955 | 0x000072cb | 0xff | 0xff
[OK ]  | 10956 | 0x000072cc | 0x74 | 0x74
[OK ]  | 10957 | 0x000072cd | 0x93 | 0x93
[OK ]  | 10958 | 0x000072ce | 0xff | 0xff
[OK ]  | 10959 | 0x000072cf | 0xff | 0xff
[OK ]  | 10960 | 0x000072d0 | 0xdf | 0xdf
[OK ]  | 10961 | 0x000072d1 | 0xec | 0xec
[OK ]  | 10962 | 0x000072d2 | 0xff | 0xff
[OK ]  | 10963 | 0x000072d3 | 0xff | 0xff
[OK ]  | 10964 | 0x000072d4 | 0x6d | 0x6d
[OK ]  | 10965 | 0x000072d5 | 0xeb | 0xeb
[OK ]  | 10966 | 0x000072d6 | 0x01 | 0x01
[OK ]  | 10967 | 0x000072d7 | 0x00 | 0x00
[OK ]  | 10968 | 0x000072d8 | 0x48 | 0x48
[OK ]  | 10969 | 0x000072d9 | 0xcb | 0xcb
[OK ]  | 10970 | 0x000072da | 0x00 | 0x00
[OK ]  | 10971 | 0x000072db | 0x00 | 0x00
[OK ]  | 10972 | 0x000072dc | 0x56 | 0x56
[OK ]  | 10973 | 0x000072dd | 0x47 | 0x47
[OK ]  | 10974 | 0x000072de | 0xff | 0xff
[OK ]  | 10975 | 0x000072df | 0xff | 0xff
[OK ]  | 10976 | 0x000072e0 | 0x2f | 0x2f
[OK ]  | 10977 | 0x000072e1 | 0x53 | 0x53
[OK ]  | 10978 | 0x000072e2 | 0x00 | 0x00
[OK ]  | 10979 | 0x000072e3 | 0x00 | 0x00
[OK ]  | 10980 | 0x000072e4 | 0xb0 | 0xb0
[OK ]  | 10981 | 0x000072e5 | 0xf0 | 0xf0
[OK ]  | 10982 | 0x000072e6 | 0xff | 0xff
[OK ]  | 10983 | 0x000072e7 | 0xff | 0xff
[OK ]  | 10984 | 0x000072e8 | 0xd3 | 0xd3
[OK ]  | 10985 | 0x000072e9 | 0x02 | 0x02
[OK ]  | 10986 | 0x000072ea | 0x00 | 0x00
[OK ]  | 10987 | 0x000072eb | 0x00 | 0x00
[OK ]  | 10988 | 0x000072ec | 0x8d | 0x8d
[OK ]  | 10989 | 0x000072ed | 0x65 | 0x65
[OK ]  | 10990 | 0x000072ee | 0x00 | 0x00
[OK ]  | 10991 | 0x000072ef | 0x00 | 0x00
[OK ]  | 10992 | 0x000072f0 | 0x02 | 0x02
[OK ]  | 10993 | 0x000072f1 | 0x42 | 0x42
[OK ]  | 10994 | 0x000072f2 | 0xfe | 0xfe
[OK ]  | 10995 | 0x000072f3 | 0xff | 0xff
[OK ]  | 10996 | 0x000072f4 | 0xdf | 0xdf
[OK ]  | 10997 | 0x000072f5 | 0x81 | 0x81
[OK ]  | 10998 | 0x000072f6 | 0x00 | 0x00
[OK ]  | 10999 | 0x000072f7 | 0x00 | 0x00
[OK ]  | 11000 | 0x000072f8 | 0xa5 | 0xa5
[OK ]  | 11001 | 0x000072f9 | 0xb7 | 0xb7
[OK ]  | 11002 | 0x000072fa | 0x00 | 0x00
[OK ]  | 11003 | 0x000072fb | 0x00 | 0x00
[OK ]  | 11004 | 0x000072fc | 0x92 | 0x92
[OK ]  | 11005 | 0x000072fd | 0x6a | 0x6a
[OK ]  | 11006 | 0x000072fe | 0x00 | 0x00
[OK ]  | 11007 | 0x000072ff | 0x00 | 0x00
[OK ]  | 11008 | 0x00007300 | 0x96 | 0x96
[OK ]  | 11009 | 0x00007301 | 0xaf | 0xaf
[OK ]  | 11010 | 0x00007302 | 0x00 | 0x00
[OK ]  | 11011 | 0x00007303 | 0x00 | 0x00
[OK ]  | 11012 | 0x00007304 | 0x39 | 0x39
[OK ]  | 11013 | 0x00007305 | 0x40 | 0x40
[OK ]  | 11014 | 0x00007306 | 0x01 | 0x01
[OK ]  | 11015 | 0x00007307 | 0x00 | 0x00
[OK ]  | 11016 | 0x00007308 | 0x07 | 0x07
[OK ]  | 11017 | 0x00007309 | 0xd6 | 0xd6
[OK ]  | 11018 | 0x0000730a | 0x01 | 0x01
[OK ]  | 11019 | 0x0000730b | 0x00 | 0x00
[OK ]  | 11020 | 0x0000730c | 0x27 | 0x27
[OK ]  | 11021 | 0x0000730d | 0x23 | 0x23
[OK ]  | 11022 | 0x0000730e | 0x00 | 0x00
[OK ]  | 11023 | 0x0000730f | 0x00 | 0x00
[OK ]  | 11024 | 0x00007310 | 0x7f | 0x7f
[OK ]  | 11025 | 0x00007311 | 0x83 | 0x83
[OK ]  | 11026 | 0x00007312 | 0x00 | 0x00
[OK ]  | 11027 | 0x00007313 | 0x00 | 0x00
[OK ]  | 11028 | 0x00007314 | 0xce | 0xce
[OK ]  | 11029 | 0x00007315 | 0x68 | 0x68
[OK ]  | 11030 | 0x00007316 | 0xff | 0xff
[OK ]  | 11031 | 0x00007317 | 0xff | 0xff
[OK ]  | 11032 | 0x00007318 | 0x2a | 0x2a
[OK ]  | 11033 | 0x00007319 | 0x15 | 0x15
[OK ]  | 11034 | 0x0000731a | 0x00 | 0x00
[OK ]  | 11035 | 0x0000731b | 0x00 | 0x00
[OK ]  | 11036 | 0x0000731c | 0x80 | 0x80
[OK ]  | 11037 | 0x0000731d | 0x28 | 0x28
[OK ]  | 11038 | 0x0000731e | 0xff | 0xff
[OK ]  | 11039 | 0x0000731f | 0xff | 0xff
[OK ]  | 11040 | 0x00007320 | 0x91 | 0x91
[OK ]  | 11041 | 0x00007321 | 0xf8 | 0xf8
[OK ]  | 11042 | 0x00007322 | 0x00 | 0x00
[OK ]  | 11043 | 0x00007323 | 0x00 | 0x00
[OK ]  | 11044 | 0x00007324 | 0x0c | 0x0c
[OK ]  | 11045 | 0x00007325 | 0x13 | 0x13
[OK ]  | 11046 | 0x00007326 | 0xfe | 0xfe
[OK ]  | 11047 | 0x00007327 | 0xff | 0xff
[OK ]  | 11048 | 0x00007328 | 0x42 | 0x42
[OK ]  | 11049 | 0x00007329 | 0x0a | 0x0a
[OK ]  | 11050 | 0x0000732a | 0x00 | 0x00
[OK ]  | 11051 | 0x0000732b | 0x00 | 0x00
[OK ]  | 11052 | 0x0000732c | 0xb7 | 0xb7
[OK ]  | 11053 | 0x0000732d | 0x45 | 0x45
[OK ]  | 11054 | 0x0000732e | 0x00 | 0x00
[OK ]  | 11055 | 0x0000732f | 0x00 | 0x00
[OK ]  | 11056 | 0x00007330 | 0xb5 | 0xb5
[OK ]  | 11057 | 0x00007331 | 0x3a | 0x3a
[OK ]  | 11058 | 0x00007332 | 0xff | 0xff
[OK ]  | 11059 | 0x00007333 | 0xff | 0xff
[OK ]  | 11060 | 0x00007334 | 0x2d | 0x2d
[OK ]  | 11061 | 0x00007335 | 0x6e | 0x6e
[OK ]  | 11062 | 0x00007336 | 0x00 | 0x00
[OK ]  | 11063 | 0x00007337 | 0x00 | 0x00
[OK ]  | 11064 | 0x00007338 | 0x0a | 0x0a
[OK ]  | 11065 | 0x00007339 | 0x5a | 0x5a
[OK ]  | 11066 | 0x0000733a | 0x00 | 0x00
[OK ]  | 11067 | 0x0000733b | 0x00 | 0x00
[OK ]  | 11068 | 0x0000733c | 0xa2 | 0xa2
[OK ]  | 11069 | 0x0000733d | 0x5f | 0x5f
[OK ]  | 11070 | 0x0000733e | 0x00 | 0x00
[OK ]  | 11071 | 0x0000733f | 0x00 | 0x00
[OK ]  | 11072 | 0x00007340 | 0x7b | 0x7b
[OK ]  | 11073 | 0x00007341 | 0xcd | 0xcd
[OK ]  | 11074 | 0x00007342 | 0xfe | 0xfe
[OK ]  | 11075 | 0x00007343 | 0xff | 0xff
[OK ]  | 11076 | 0x00007344 | 0x6a | 0x6a
[OK ]  | 11077 | 0x00007345 | 0x79 | 0x79
[OK ]  | 11078 | 0x00007346 | 0xff | 0xff
[OK ]  | 11079 | 0x00007347 | 0xff | 0xff
[OK ]  | 11080 | 0x00007348 | 0x25 | 0x25
[OK ]  | 11081 | 0x00007349 | 0x97 | 0x97
[OK ]  | 11082 | 0x0000734a | 0x01 | 0x01
[OK ]  | 11083 | 0x0000734b | 0x00 | 0x00
[OK ]  | 11084 | 0x0000734c | 0x71 | 0x71
[OK ]  | 11085 | 0x0000734d | 0xd2 | 0xd2
[OK ]  | 11086 | 0x0000734e | 0x01 | 0x01
[OK ]  | 11087 | 0x0000734f | 0x00 | 0x00
[OK ]  | 11088 | 0x00007350 | 0x2b | 0x2b
[OK ]  | 11089 | 0x00007351 | 0xe9 | 0xe9
[OK ]  | 11090 | 0x00007352 | 0xff | 0xff
[OK ]  | 11091 | 0x00007353 | 0xff | 0xff
[OK ]  | 11092 | 0x00007354 | 0x65 | 0x65
[OK ]  | 11093 | 0x00007355 | 0x08 | 0x08
[OK ]  | 11094 | 0x00007356 | 0x01 | 0x01
[OK ]  | 11095 | 0x00007357 | 0x00 | 0x00
[OK ]  | 11096 | 0x00007358 | 0xf7 | 0xf7
[OK ]  | 11097 | 0x00007359 | 0x22 | 0x22
[OK ]  | 11098 | 0x0000735a | 0xff | 0xff
[OK ]  | 11099 | 0x0000735b | 0xff | 0xff
[OK ]  | 11100 | 0x0000735c | 0x9a | 0x9a
[OK ]  | 11101 | 0x0000735d | 0xad | 0xad
[OK ]  | 11102 | 0x0000735e | 0x00 | 0x00
[OK ]  | 11103 | 0x0000735f | 0x00 | 0x00
[OK ]  | 11104 | 0x00007360 | 0xa0 | 0xa0
[OK ]  | 11105 | 0x00007361 | 0x0b | 0x0b
[OK ]  | 11106 | 0x00007362 | 0x00 | 0x00
[OK ]  | 11107 | 0x00007363 | 0x00 | 0x00
[OK ]  | 11108 | 0x00007364 | 0x19 | 0x19
[OK ]  | 11109 | 0x00007365 | 0x55 | 0x55
[OK ]  | 11110 | 0x00007366 | 0xff | 0xff
[OK ]  | 11111 | 0x00007367 | 0xff | 0xff
[OK ]  | 11112 | 0x00007368 | 0x4a | 0x4a
[OK ]  | 11113 | 0x00007369 | 0x72 | 0x72
[OK ]  | 11114 | 0x0000736a | 0xff | 0xff
[OK ]  | 11115 | 0x0000736b | 0xff | 0xff
[OK ]  | 11116 | 0x0000736c | 0xd6 | 0xd6
[OK ]  | 11117 | 0x0000736d | 0xe9 | 0xe9
[OK ]  | 11118 | 0x0000736e | 0x00 | 0x00
[OK ]  | 11119 | 0x0000736f | 0x00 | 0x00
[OK ]  | 11120 | 0x00007370 | 0x93 | 0x93
[OK ]  | 11121 | 0x00007371 | 0xf5 | 0xf5
[OK ]  | 11122 | 0x00007372 | 0x01 | 0x01
[OK ]  | 11123 | 0x00007373 | 0x00 | 0x00
[OK ]  | 11124 | 0x00007374 | 0x2f | 0x2f
[OK ]  | 11125 | 0x00007375 | 0x2b | 0x2b
[OK ]  | 11126 | 0x00007376 | 0xfe | 0xfe
[OK ]  | 11127 | 0x00007377 | 0xff | 0xff
[OK ]  | 11128 | 0x00007378 | 0xdc | 0xdc
[OK ]  | 11129 | 0x00007379 | 0xa5 | 0xa5
[OK ]  | 11130 | 0x0000737a | 0x02 | 0x02
[OK ]  | 11131 | 0x0000737b | 0x00 | 0x00
[OK ]  | 11132 | 0x0000737c | 0xb4 | 0xb4
[OK ]  | 11133 | 0x0000737d | 0xc2 | 0xc2
[OK ]  | 11134 | 0x0000737e | 0xff | 0xff
[OK ]  | 11135 | 0x0000737f | 0xff | 0xff
[OK ]  | 11136 | 0x00007380 | 0xd2 | 0xd2
[OK ]  | 11137 | 0x00007381 | 0x29 | 0x29
[OK ]  | 11138 | 0x00007382 | 0x00 | 0x00
[OK ]  | 11139 | 0x00007383 | 0x00 | 0x00
[OK ]  | 11140 | 0x00007384 | 0xf5 | 0xf5
[OK ]  | 11141 | 0x00007385 | 0x73 | 0x73
[OK ]  | 11142 | 0x00007386 | 0x01 | 0x01
[OK ]  | 11143 | 0x00007387 | 0x00 | 0x00
[OK ]  | 11144 | 0x00007388 | 0x14 | 0x14
[OK ]  | 11145 | 0x00007389 | 0x58 | 0x58
[OK ]  | 11146 | 0x0000738a | 0xff | 0xff
[OK ]  | 11147 | 0x0000738b | 0xff | 0xff
[OK ]  | 11148 | 0x0000738c | 0xa9 | 0xa9
[OK ]  | 11149 | 0x0000738d | 0x7a | 0x7a
[OK ]  | 11150 | 0x0000738e | 0x01 | 0x01
[OK ]  | 11151 | 0x0000738f | 0x00 | 0x00
[OK ]  | 11152 | 0x00007390 | 0x95 | 0x95
[OK ]  | 11153 | 0x00007391 | 0x7d | 0x7d
[OK ]  | 11154 | 0x00007392 | 0xff | 0xff
[OK ]  | 11155 | 0x00007393 | 0xff | 0xff
[OK ]  | 11156 | 0x00007394 | 0x61 | 0x61
[OK ]  | 11157 | 0x00007395 | 0x91 | 0x91
[OK ]  | 11158 | 0x00007396 | 0x01 | 0x01
[OK ]  | 11159 | 0x00007397 | 0x00 | 0x00
[OK ]  | 11160 | 0x00007398 | 0xf0 | 0xf0
[OK ]  | 11161 | 0x00007399 | 0x07 | 0x07
[OK ]  | 11162 | 0x0000739a | 0x00 | 0x00
[OK ]  | 11163 | 0x0000739b | 0x00 | 0x00
[OK ]  | 11164 | 0x0000739c | 0xa4 | 0xa4
[OK ]  | 11165 | 0x0000739d | 0x9f | 0x9f
[OK ]  | 11166 | 0x0000739e | 0xfe | 0xfe
[OK ]  | 11167 | 0x0000739f | 0xff | 0xff
[OK ]  | 11168 | 0x000073a0 | 0xd5 | 0xd5
[OK ]  | 11169 | 0x000073a1 | 0x77 | 0x77
[OK ]  | 11170 | 0x000073a2 | 0xfe | 0xfe
[OK ]  | 11171 | 0x000073a3 | 0xff | 0xff
[OK ]  | 11172 | 0x000073a4 | 0x0a | 0x0a
[OK ]  | 11173 | 0x000073a5 | 0x91 | 0x91
[OK ]  | 11174 | 0x000073a6 | 0xff | 0xff
[OK ]  | 11175 | 0x000073a7 | 0xff | 0xff
[OK ]  | 11176 | 0x000073a8 | 0x37 | 0x37
[OK ]  | 11177 | 0x000073a9 | 0x89 | 0x89
[OK ]  | 11178 | 0x000073aa | 0x01 | 0x01
[OK ]  | 11179 | 0x000073ab | 0x00 | 0x00
[OK ]  | 11180 | 0x000073ac | 0xaf | 0xaf
[OK ]  | 11181 | 0x000073ad | 0x0f | 0x0f
[OK ]  | 11182 | 0x000073ae | 0x00 | 0x00
[OK ]  | 11183 | 0x000073af | 0x00 | 0x00
[OK ]  | 11184 | 0x000073b0 | 0x1c | 0x1c
[OK ]  | 11185 | 0x000073b1 | 0x6a | 0x6a
[OK ]  | 11186 | 0x000073b2 | 0x00 | 0x00
[OK ]  | 11187 | 0x000073b3 | 0x00 | 0x00
[OK ]  | 11188 | 0x000073b4 | 0x33 | 0x33
[OK ]  | 11189 | 0x000073b5 | 0x69 | 0x69
[OK ]  | 11190 | 0x000073b6 | 0xfe | 0xfe
[OK ]  | 11191 | 0x000073b7 | 0xff | 0xff
[OK ]  | 11192 | 0x000073b8 | 0x93 | 0x93
[OK ]  | 11193 | 0x000073b9 | 0x97 | 0x97
[OK ]  | 11194 | 0x000073ba | 0x00 | 0x00
[OK ]  | 11195 | 0x000073bb | 0x00 | 0x00
[OK ]  | 11196 | 0x000073bc | 0x53 | 0x53
[OK ]  | 11197 | 0x000073bd | 0xef | 0xef
[OK ]  | 11198 | 0x000073be | 0xff | 0xff
[OK ]  | 11199 | 0x000073bf | 0xff | 0xff
[OK ]  | 11200 | 0x000073c0 | 0x24 | 0x24
[OK ]  | 11201 | 0x000073c1 | 0x55 | 0x55
[OK ]  | 11202 | 0x000073c2 | 0x00 | 0x00
[OK ]  | 11203 | 0x000073c3 | 0x00 | 0x00
[OK ]  | 11204 | 0x000073c4 | 0x12 | 0x12
[OK ]  | 11205 | 0x000073c5 | 0x94 | 0x94
[OK ]  | 11206 | 0x000073c6 | 0xfe | 0xfe
[OK ]  | 11207 | 0x000073c7 | 0xff | 0xff
[OK ]  | 11208 | 0x000073c8 | 0xfe | 0xfe
[OK ]  | 11209 | 0x000073c9 | 0x49 | 0x49
[OK ]  | 11210 | 0x000073ca | 0xff | 0xff
[OK ]  | 11211 | 0x000073cb | 0xff | 0xff
[OK ]  | 11212 | 0x000073cc | 0x99 | 0x99
[OK ]  | 11213 | 0x000073cd | 0x73 | 0x73
[OK ]  | 11214 | 0x000073ce | 0x01 | 0x01
[OK ]  | 11215 | 0x000073cf | 0x00 | 0x00
[OK ]  | 11216 | 0x000073d0 | 0x79 | 0x79
[OK ]  | 11217 | 0x000073d1 | 0x71 | 0x71
[OK ]  | 11218 | 0x000073d2 | 0x01 | 0x01
[OK ]  | 11219 | 0x000073d3 | 0x00 | 0x00
[OK ]  | 11220 | 0x000073d4 | 0xa4 | 0xa4
[OK ]  | 11221 | 0x000073d5 | 0x51 | 0x51
[OK ]  | 11222 | 0x000073d6 | 0xff | 0xff
[OK ]  | 11223 | 0x000073d7 | 0xff | 0xff
[OK ]  | 11224 | 0x000073d8 | 0x97 | 0x97
[OK ]  | 11225 | 0x000073d9 | 0x5c | 0x5c
[OK ]  | 11226 | 0x000073da | 0x00 | 0x00
[OK ]  | 11227 | 0x000073db | 0x00 | 0x00
[OK ]  | 11228 | 0x000073dc | 0xb7 | 0xb7
[OK ]  | 11229 | 0x000073dd | 0x37 | 0x37
[OK ]  | 11230 | 0x000073de | 0xfe | 0xfe
[OK ]  | 11231 | 0x000073df | 0xff | 0xff
[OK ]  | 11232 | 0x000073e0 | 0xfc | 0xfc
[OK ]  | 11233 | 0x000073e1 | 0x8f | 0x8f
[OK ]  | 11234 | 0x000073e2 | 0x00 | 0x00
[OK ]  | 11235 | 0x000073e3 | 0x00 | 0x00
[OK ]  | 11236 | 0x000073e4 | 0x99 | 0x99
[OK ]  | 11237 | 0x000073e5 | 0xf7 | 0xf7
[OK ]  | 11238 | 0x000073e6 | 0xfe | 0xfe
[OK ]  | 11239 | 0x000073e7 | 0xff | 0xff
[OK ]  | 11240 | 0x000073e8 | 0x93 | 0x93
[OK ]  | 11241 | 0x000073e9 | 0x68 | 0x68
[OK ]  | 11242 | 0x000073ea | 0xfd | 0xfd
[OK ]  | 11243 | 0x000073eb | 0xff | 0xff
[OK ]  | 11244 | 0x000073ec | 0x6a | 0x6a
[OK ]  | 11245 | 0x000073ed | 0xd0 | 0xd0
[OK ]  | 11246 | 0x000073ee | 0xff | 0xff
[OK ]  | 11247 | 0x000073ef | 0xff | 0xff
[OK ]  | 11248 | 0x000073f0 | 0x3c | 0x3c
[OK ]  | 11249 | 0x000073f1 | 0xfb | 0xfb
[OK ]  | 11250 | 0x000073f2 | 0xfe | 0xfe
[OK ]  | 11251 | 0x000073f3 | 0xff | 0xff
[OK ]  | 11252 | 0x000073f4 | 0x3d | 0x3d
[OK ]  | 11253 | 0x000073f5 | 0x59 | 0x59
[OK ]  | 11254 | 0x000073f6 | 0xff | 0xff
[OK ]  | 11255 | 0x000073f7 | 0xff | 0xff
[OK ]  | 11256 | 0x000073f8 | 0xf2 | 0xf2
[OK ]  | 11257 | 0x000073f9 | 0x8f | 0x8f
[OK ]  | 11258 | 0x000073fa | 0x00 | 0x00
[OK ]  | 11259 | 0x000073fb | 0x00 | 0x00
[OK ]  | 11260 | 0x000073fc | 0xc1 | 0xc1
[OK ]  | 11261 | 0x000073fd | 0xb0 | 0xb0
[OK ]  | 11262 | 0x000073fe | 0xfe | 0xfe
[OK ]  | 11263 | 0x000073ff | 0xff | 0xff
[OK ]  | 11264 | 0x00007400 | 0xe5 | 0xe5
[OK ]  | 11265 | 0x00007401 | 0xc3 | 0xc3
[OK ]  | 11266 | 0x00007402 | 0x00 | 0x00
[OK ]  | 11267 | 0x00007403 | 0x00 | 0x00
[OK ]  | 11268 | 0x00007404 | 0xa2 | 0xa2
[OK ]  | 11269 | 0x00007405 | 0x2c | 0x2c
[OK ]  | 11270 | 0x00007406 | 0xff | 0xff
[OK ]  | 11271 | 0x00007407 | 0xff | 0xff
[OK ]  | 11272 | 0x00007408 | 0x04 | 0x04
[OK ]  | 11273 | 0x00007409 | 0xec | 0xec
[OK ]  | 11274 | 0x0000740a | 0xfe | 0xfe
[OK ]  | 11275 | 0x0000740b | 0xff | 0xff
[OK ]  | 11276 | 0x0000740c | 0x52 | 0x52
[OK ]  | 11277 | 0x0000740d | 0xc0 | 0xc0
[OK ]  | 11278 | 0x0000740e | 0x00 | 0x00
[OK ]  | 11279 | 0x0000740f | 0x00 | 0x00
[OK ]  | 11280 | 0x00007410 | 0x9c | 0x9c
[OK ]  | 11281 | 0x00007411 | 0x1d | 0x1d
[OK ]  | 11282 | 0x00007412 | 0x01 | 0x01
[OK ]  | 11283 | 0x00007413 | 0x00 | 0x00
[OK ]  | 11284 | 0x00007414 | 0x4f | 0x4f
[OK ]  | 11285 | 0x00007415 | 0x94 | 0x94
[OK ]  | 11286 | 0x00007416 | 0xff | 0xff
[OK ]  | 11287 | 0x00007417 | 0xff | 0xff
[OK ]  | 11288 | 0x00007418 | 0x5f | 0x5f
[OK ]  | 11289 | 0x00007419 | 0x5f | 0x5f
[OK ]  | 11290 | 0x0000741a | 0xff | 0xff
[OK ]  | 11291 | 0x0000741b | 0xff | 0xff
[OK ]  | 11292 | 0x0000741c | 0x39 | 0x39
[OK ]  | 11293 | 0x0000741d | 0xf8 | 0xf8
[OK ]  | 11294 | 0x0000741e | 0x00 | 0x00
[OK ]  | 11295 | 0x0000741f | 0x00 | 0x00
[OK ]  | 11296 | 0x00007420 | 0x9e | 0x9e
[OK ]  | 11297 | 0x00007421 | 0x3e | 0x3e
[OK ]  | 11298 | 0x00007422 | 0xff | 0xff
[OK ]  | 11299 | 0x00007423 | 0xff | 0xff
[OK ]  | 11300 | 0x00007424 | 0xbb | 0xbb
[OK ]  | 11301 | 0x00007425 | 0xe5 | 0xe5
[OK ]  | 11302 | 0x00007426 | 0x00 | 0x00
[OK ]  | 11303 | 0x00007427 | 0x00 | 0x00
[OK ]  | 11304 | 0x00007428 | 0x07 | 0x07
[OK ]  | 11305 | 0x00007429 | 0x0f | 0x0f
[OK ]  | 11306 | 0x0000742a | 0x01 | 0x01
[OK ]  | 11307 | 0x0000742b | 0x00 | 0x00
[OK ]  | 11308 | 0x0000742c | 0xa9 | 0xa9
[OK ]  | 11309 | 0x0000742d | 0x1d | 0x1d
[OK ]  | 11310 | 0x0000742e | 0x02 | 0x02
[OK ]  | 11311 | 0x0000742f | 0x00 | 0x00
[OK ]  | 11312 | 0x00007430 | 0x9e | 0x9e
[OK ]  | 11313 | 0x00007431 | 0xd5 | 0xd5
[OK ]  | 11314 | 0x00007432 | 0xff | 0xff
[OK ]  | 11315 | 0x00007433 | 0xff | 0xff
[OK ]  | 11316 | 0x00007434 | 0xd1 | 0xd1
[OK ]  | 11317 | 0x00007435 | 0x60 | 0x60
[OK ]  | 11318 | 0x00007436 | 0xff | 0xff
[OK ]  | 11319 | 0x00007437 | 0xff | 0xff
[OK ]  | 11320 | 0x00007438 | 0x9e | 0x9e
[OK ]  | 11321 | 0x00007439 | 0x43 | 0x43
[OK ]  | 11322 | 0x0000743a | 0x01 | 0x01
[OK ]  | 11323 | 0x0000743b | 0x00 | 0x00
[OK ]  | 11324 | 0x0000743c | 0xfb | 0xfb
[OK ]  | 11325 | 0x0000743d | 0xa2 | 0xa2
[OK ]  | 11326 | 0x0000743e | 0x00 | 0x00
[OK ]  | 11327 | 0x0000743f | 0x00 | 0x00
[OK ]  | 11328 | 0x00007440 | 0xfc | 0xfc
[OK ]  | 11329 | 0x00007441 | 0x53 | 0x53
[OK ]  | 11330 | 0x00007442 | 0x00 | 0x00
[OK ]  | 11331 | 0x00007443 | 0x00 | 0x00
[OK ]  | 11332 | 0x00007444 | 0x7c | 0x7c
[OK ]  | 11333 | 0x00007445 | 0x33 | 0x33
[OK ]  | 11334 | 0x00007446 | 0x00 | 0x00
[OK ]  | 11335 | 0x00007447 | 0x00 | 0x00
[OK ]  | 11336 | 0x00007448 | 0xc8 | 0xc8
[OK ]  | 11337 | 0x00007449 | 0xd4 | 0xd4
[OK ]  | 11338 | 0x0000744a | 0xfe | 0xfe
[OK ]  | 11339 | 0x0000744b | 0xff | 0xff
[OK ]  | 11340 | 0x0000744c | 0x08 | 0x08
[OK ]  | 11341 | 0x0000744d | 0x24 | 0x24
[OK ]  | 11342 | 0x0000744e | 0x00 | 0x00
[OK ]  | 11343 | 0x0000744f | 0x00 | 0x00
[OK ]  | 11344 | 0x00007450 | 0x41 | 0x41
[OK ]  | 11345 | 0x00007451 | 0x6a | 0x6a
[OK ]  | 11346 | 0x00007452 | 0x01 | 0x01
[OK ]  | 11347 | 0x00007453 | 0x00 | 0x00
[OK ]  | 11348 | 0x00007454 | 0x23 | 0x23
[OK ]  | 11349 | 0x00007455 | 0x02 | 0x02
[OK ]  | 11350 | 0x00007456 | 0x02 | 0x02
[OK ]  | 11351 | 0x00007457 | 0x00 | 0x00
[OK ]  | 11352 | 0x00007458 | 0xa9 | 0xa9
[OK ]  | 11353 | 0x00007459 | 0x43 | 0x43
[OK ]  | 11354 | 0x0000745a | 0xfe | 0xfe
[OK ]  | 11355 | 0x0000745b | 0xff | 0xff
[OK ]  | 11356 | 0x0000745c | 0x84 | 0x84
[OK ]  | 11357 | 0x0000745d | 0xaa | 0xaa
[OK ]  | 11358 | 0x0000745e | 0xfe | 0xfe
[OK ]  | 11359 | 0x0000745f | 0xff | 0xff
[OK ]  | 11360 | 0x00007460 | 0x96 | 0x96
[OK ]  | 11361 | 0x00007461 | 0xf5 | 0xf5
[OK ]  | 11362 | 0x00007462 | 0x00 | 0x00
[OK ]  | 11363 | 0x00007463 | 0x00 | 0x00
[OK ]  | 11364 | 0x00007464 | 0x94 | 0x94
[OK ]  | 11365 | 0x00007465 | 0x76 | 0x76
[OK ]  | 11366 | 0x00007466 | 0xfe | 0xfe
[OK ]  | 11367 | 0x00007467 | 0xff | 0xff
[OK ]  | 11368 | 0x00007468 | 0x9e | 0x9e
[OK ]  | 11369 | 0x00007469 | 0xb1 | 0xb1
[OK ]  | 11370 | 0x0000746a | 0xfe | 0xfe
[OK ]  | 11371 | 0x0000746b | 0xff | 0xff
[OK ]  | 11372 | 0x0000746c | 0x5e | 0x5e
[OK ]  | 11373 | 0x0000746d | 0x0e | 0x0e
[OK ]  | 11374 | 0x0000746e | 0x00 | 0x00
[OK ]  | 11375 | 0x0000746f | 0x00 | 0x00
[OK ]  | 11376 | 0x00007470 | 0x1e | 0x1e
[OK ]  | 11377 | 0x00007471 | 0x8d | 0x8d
[OK ]  | 11378 | 0x00007472 | 0x02 | 0x02
[OK ]  | 11379 | 0x00007473 | 0x00 | 0x00
[OK ]  | 11380 | 0x00007474 | 0x7c | 0x7c
[OK ]  | 11381 | 0x00007475 | 0x08 | 0x08
[OK ]  | 11382 | 0x00007476 | 0xff | 0xff
[OK ]  | 11383 | 0x00007477 | 0xff | 0xff
[OK ]  | 11384 | 0x00007478 | 0x4b | 0x4b
[OK ]  | 11385 | 0x00007479 | 0xe4 | 0xe4
[OK ]  | 11386 | 0x0000747a | 0xff | 0xff
[OK ]  | 11387 | 0x0000747b | 0xff | 0xff
[OK ]  | 11388 | 0x0000747c | 0x56 | 0x56
[OK ]  | 11389 | 0x0000747d | 0x5c | 0x5c
[OK ]  | 11390 | 0x0000747e | 0xff | 0xff
[OK ]  | 11391 | 0x0000747f | 0xff | 0xff
[OK ]  | 11392 | 0x00007480 | 0xc0 | 0xc0
[OK ]  | 11393 | 0x00007481 | 0xa1 | 0xa1
[OK ]  | 11394 | 0x00007482 | 0xff | 0xff
[OK ]  | 11395 | 0x00007483 | 0xff | 0xff
[OK ]  | 11396 | 0x00007484 | 0x33 | 0x33
[OK ]  | 11397 | 0x00007485 | 0x6a | 0x6a
[OK ]  | 11398 | 0x00007486 | 0x00 | 0x00
[OK ]  | 11399 | 0x00007487 | 0x00 | 0x00
[OK ]  | 11400 | 0x00007488 | 0x6c | 0x6c
[OK ]  | 11401 | 0x00007489 | 0xb4 | 0xb4
[OK ]  | 11402 | 0x0000748a | 0xff | 0xff
[OK ]  | 11403 | 0x0000748b | 0xff | 0xff
[OK ]  | 11404 | 0x0000748c | 0x6f | 0x6f
[OK ]  | 11405 | 0x0000748d | 0xf4 | 0xf4
[OK ]  | 11406 | 0x0000748e | 0xff | 0xff
[OK ]  | 11407 | 0x0000748f | 0xff | 0xff
[OK ]  | 11408 | 0x00007490 | 0x41 | 0x41
[OK ]  | 11409 | 0x00007491 | 0xd2 | 0xd2
[OK ]  | 11410 | 0x00007492 | 0xff | 0xff
[OK ]  | 11411 | 0x00007493 | 0xff | 0xff
[OK ]  | 11412 | 0x00007494 | 0x1c | 0x1c
[OK ]  | 11413 | 0x00007495 | 0x91 | 0x91
[OK ]  | 11414 | 0x00007496 | 0xff | 0xff
[OK ]  | 11415 | 0x00007497 | 0xff | 0xff
[OK ]  | 11416 | 0x00007498 | 0x4c | 0x4c
[OK ]  | 11417 | 0x00007499 | 0xfe | 0xfe
[OK ]  | 11418 | 0x0000749a | 0x00 | 0x00
[OK ]  | 11419 | 0x0000749b | 0x00 | 0x00
[OK ]  | 11420 | 0x0000749c | 0xbc | 0xbc
[OK ]  | 11421 | 0x0000749d | 0x53 | 0x53
[OK ]  | 11422 | 0x0000749e | 0x01 | 0x01
[OK ]  | 11423 | 0x0000749f | 0x00 | 0x00
[OK ]  | 11424 | 0x000074a0 | 0x9e | 0x9e
[OK ]  | 11425 | 0x000074a1 | 0x41 | 0x41
[OK ]  | 11426 | 0x000074a2 | 0xff | 0xff
[OK ]  | 11427 | 0x000074a3 | 0xff | 0xff
[OK ]  | 11428 | 0x000074a4 | 0xcd | 0xcd
[OK ]  | 11429 | 0x000074a5 | 0x8f | 0x8f
[OK ]  | 11430 | 0x000074a6 | 0xff | 0xff
[OK ]  | 11431 | 0x000074a7 | 0xff | 0xff
[OK ]  | 11432 | 0x000074a8 | 0xfb | 0xfb
[OK ]  | 11433 | 0x000074a9 | 0xb7 | 0xb7
[OK ]  | 11434 | 0x000074aa | 0x00 | 0x00
[OK ]  | 11435 | 0x000074ab | 0x00 | 0x00
[OK ]  | 11436 | 0x000074ac | 0x71 | 0x71
[OK ]  | 11437 | 0x000074ad | 0xa2 | 0xa2
[OK ]  | 11438 | 0x000074ae | 0x00 | 0x00
[OK ]  | 11439 | 0x000074af | 0x00 | 0x00
[OK ]  | 11440 | 0x000074b0 | 0x14 | 0x14
[OK ]  | 11441 | 0x000074b1 | 0xca | 0xca
[OK ]  | 11442 | 0x000074b2 | 0xff | 0xff
[OK ]  | 11443 | 0x000074b3 | 0xff | 0xff
[OK ]  | 11444 | 0x000074b4 | 0xa7 | 0xa7
[OK ]  | 11445 | 0x000074b5 | 0xca | 0xca
[OK ]  | 11446 | 0x000074b6 | 0x00 | 0x00
[OK ]  | 11447 | 0x000074b7 | 0x00 | 0x00
[OK ]  | 11448 | 0x000074b8 | 0x6a | 0x6a
[OK ]  | 11449 | 0x000074b9 | 0x33 | 0x33
[OK ]  | 11450 | 0x000074ba | 0x01 | 0x01
[OK ]  | 11451 | 0x000074bb | 0x00 | 0x00
[OK ]  | 11452 | 0x000074bc | 0xc3 | 0xc3
[OK ]  | 11453 | 0x000074bd | 0x42 | 0x42
[OK ]  | 11454 | 0x000074be | 0xfc | 0xfc
[OK ]  | 11455 | 0x000074bf | 0xff | 0xff
[OK ]  | 11456 | 0x000074c0 | 0xbf | 0xbf
[OK ]  | 11457 | 0x000074c1 | 0x5a | 0x5a
[OK ]  | 11458 | 0x000074c2 | 0x01 | 0x01
[OK ]  | 11459 | 0x000074c3 | 0x00 | 0x00
[OK ]  | 11460 | 0x000074c4 | 0x87 | 0x87
[OK ]  | 11461 | 0x000074c5 | 0xa8 | 0xa8
[OK ]  | 11462 | 0x000074c6 | 0x02 | 0x02
[OK ]  | 11463 | 0x000074c7 | 0x00 | 0x00
[OK ]  | 11464 | 0x000074c8 | 0x38 | 0x38
[OK ]  | 11465 | 0x000074c9 | 0xa0 | 0xa0
[OK ]  | 11466 | 0x000074ca | 0xff | 0xff
[OK ]  | 11467 | 0x000074cb | 0xff | 0xff
[OK ]  | 11468 | 0x000074cc | 0x70 | 0x70
[OK ]  | 11469 | 0x000074cd | 0x40 | 0x40
[OK ]  | 11470 | 0x000074ce | 0x01 | 0x01
[OK ]  | 11471 | 0x000074cf | 0x00 | 0x00
[OK ]  | 11472 | 0x000074d0 | 0x03 | 0x03
[OK ]  | 11473 | 0x000074d1 | 0x21 | 0x21
[OK ]  | 11474 | 0x000074d2 | 0xff | 0xff
[OK ]  | 11475 | 0x000074d3 | 0xff | 0xff
[OK ]  | 11476 | 0x000074d4 | 0x60 | 0x60
[OK ]  | 11477 | 0x000074d5 | 0x47 | 0x47
[OK ]  | 11478 | 0x000074d6 | 0xff | 0xff
[OK ]  | 11479 | 0x000074d7 | 0xff | 0xff
[OK ]  | 11480 | 0x000074d8 | 0x94 | 0x94
[OK ]  | 11481 | 0x000074d9 | 0x29 | 0x29
[OK ]  | 11482 | 0x000074da | 0xff | 0xff
[OK ]  | 11483 | 0x000074db | 0xff | 0xff
[OK ]  | 11484 | 0x000074dc | 0xad | 0xad
[OK ]  | 11485 | 0x000074dd | 0xb1 | 0xb1
[OK ]  | 11486 | 0x000074de | 0xff | 0xff
[OK ]  | 11487 | 0x000074df | 0xff | 0xff
[OK ]  | 11488 | 0x000074e0 | 0xda | 0xda
[OK ]  | 11489 | 0x000074e1 | 0x51 | 0x51
[OK ]  | 11490 | 0x000074e2 | 0x01 | 0x01
[OK ]  | 11491 | 0x000074e3 | 0x00 | 0x00
[OK ]  | 11492 | 0x000074e4 | 0x66 | 0x66
[OK ]  | 11493 | 0x000074e5 | 0x6a | 0x6a
[OK ]  | 11494 | 0x000074e6 | 0xff | 0xff
[OK ]  | 11495 | 0x000074e7 | 0xff | 0xff
[OK ]  | 11496 | 0x000074e8 | 0x2f | 0x2f
[OK ]  | 11497 | 0x000074e9 | 0x43 | 0x43
[OK ]  | 11498 | 0x000074ea | 0x00 | 0x00
[OK ]  | 11499 | 0x000074eb | 0x00 | 0x00
[OK ]  | 11500 | 0x000074ec | 0x15 | 0x15
[OK ]  | 11501 | 0x000074ed | 0xd1 | 0xd1
[OK ]  | 11502 | 0x000074ee | 0xfd | 0xfd
[OK ]  | 11503 | 0x000074ef | 0xff | 0xff
[OK ]  | 11504 | 0x000074f0 | 0xe0 | 0xe0
[OK ]  | 11505 | 0x000074f1 | 0xbd | 0xbd
[OK ]  | 11506 | 0x000074f2 | 0xfe | 0xfe
[OK ]  | 11507 | 0x000074f3 | 0xff | 0xff
[OK ]  | 11508 | 0x000074f4 | 0xa0 | 0xa0
[OK ]  | 11509 | 0x000074f5 | 0x8f | 0x8f
[OK ]  | 11510 | 0x000074f6 | 0xff | 0xff
[OK ]  | 11511 | 0x000074f7 | 0xff | 0xff
[OK ]  | 11512 | 0x000074f8 | 0xc0 | 0xc0
[OK ]  | 11513 | 0x000074f9 | 0x5a | 0x5a
[OK ]  | 11514 | 0x000074fa | 0x00 | 0x00
[OK ]  | 11515 | 0x000074fb | 0x00 | 0x00
[OK ]  | 11516 | 0x000074fc | 0x0c | 0x0c
[OK ]  | 11517 | 0x000074fd | 0xbb | 0xbb
[OK ]  | 11518 | 0x000074fe | 0xff | 0xff
[OK ]  | 11519 | 0x000074ff | 0xff | 0xff
[OK ]  | 11520 | 0x00007500 | 0x19 | 0x19
[OK ]  | 11521 | 0x00007501 | 0x66 | 0x66
[OK ]  | 11522 | 0x00007502 | 0xfe | 0xfe
[OK ]  | 11523 | 0x00007503 | 0xff | 0xff
[OK ]  | 11524 | 0x00007504 | 0x38 | 0x38
[OK ]  | 11525 | 0x00007505 | 0x79 | 0x79
[OK ]  | 11526 | 0x00007506 | 0x00 | 0x00
[OK ]  | 11527 | 0x00007507 | 0x00 | 0x00
[OK ]  | 11528 | 0x00007508 | 0x0a | 0x0a
[OK ]  | 11529 | 0x00007509 | 0xcc | 0xcc
[OK ]  | 11530 | 0x0000750a | 0xff | 0xff
[OK ]  | 11531 | 0x0000750b | 0xff | 0xff
[OK ]  | 11532 | 0x0000750c | 0xd7 | 0xd7
[OK ]  | 11533 | 0x0000750d | 0x55 | 0x55
[OK ]  | 11534 | 0x0000750e | 0xff | 0xff
[OK ]  | 11535 | 0x0000750f | 0xff | 0xff
[OK ]  | 11536 | 0x00007510 | 0x47 | 0x47
[OK ]  | 11537 | 0x00007511 | 0x19 | 0x19
[OK ]  | 11538 | 0x00007512 | 0x00 | 0x00
[OK ]  | 11539 | 0x00007513 | 0x00 | 0x00
[OK ]  | 11540 | 0x00007514 | 0x57 | 0x57
[OK ]  | 11541 | 0x00007515 | 0xa9 | 0xa9
[OK ]  | 11542 | 0x00007516 | 0x00 | 0x00
[OK ]  | 11543 | 0x00007517 | 0x00 | 0x00
[OK ]  | 11544 | 0x00007518 | 0x6a | 0x6a
[OK ]  | 11545 | 0x00007519 | 0x9f | 0x9f
[OK ]  | 11546 | 0x0000751a | 0xff | 0xff
[OK ]  | 11547 | 0x0000751b | 0xff | 0xff
[OK ]  | 11548 | 0x0000751c | 0x4c | 0x4c
[OK ]  | 11549 | 0x0000751d | 0x5a | 0x5a
[OK ]  | 11550 | 0x0000751e | 0xff | 0xff
[OK ]  | 11551 | 0x0000751f | 0xff | 0xff
[OK ]  | 11552 | 0x00007520 | 0x40 | 0x40
[OK ]  | 11553 | 0x00007521 | 0x2e | 0x2e
[OK ]  | 11554 | 0x00007522 | 0xff | 0xff
[OK ]  | 11555 | 0x00007523 | 0xff | 0xff
[OK ]  | 11556 | 0x00007524 | 0x24 | 0x24
[OK ]  | 11557 | 0x00007525 | 0xef | 0xef
[OK ]  | 11558 | 0x00007526 | 0xff | 0xff
[OK ]  | 11559 | 0x00007527 | 0xff | 0xff
[OK ]  | 11560 | 0x00007528 | 0xba | 0xba
[OK ]  | 11561 | 0x00007529 | 0x06 | 0x06
[OK ]  | 11562 | 0x0000752a | 0xff | 0xff
[OK ]  | 11563 | 0x0000752b | 0xff | 0xff
[OK ]  | 11564 | 0x0000752c | 0xe1 | 0xe1
[OK ]  | 11565 | 0x0000752d | 0xbc | 0xbc
[OK ]  | 11566 | 0x0000752e | 0xff | 0xff
[OK ]  | 11567 | 0x0000752f | 0xff | 0xff
[OK ]  | 11568 | 0x00007530 | 0x61 | 0x61
[OK ]  | 11569 | 0x00007531 | 0xeb | 0xeb
[OK ]  | 11570 | 0x00007532 | 0xff | 0xff
[OK ]  | 11571 | 0x00007533 | 0xff | 0xff
[OK ]  | 11572 | 0x00007534 | 0x70 | 0x70
[OK ]  | 11573 | 0x00007535 | 0x4e | 0x4e
[OK ]  | 11574 | 0x00007536 | 0x01 | 0x01
[OK ]  | 11575 | 0x00007537 | 0x00 | 0x00
[OK ]  | 11576 | 0x00007538 | 0x97 | 0x97
[OK ]  | 11577 | 0x00007539 | 0xd6 | 0xd6
[OK ]  | 11578 | 0x0000753a | 0xff | 0xff
[OK ]  | 11579 | 0x0000753b | 0xff | 0xff
[OK ]  | 11580 | 0x0000753c | 0x38 | 0x38
[OK ]  | 11581 | 0x0000753d | 0xfd | 0xfd
[OK ]  | 11582 | 0x0000753e | 0x01 | 0x01
[OK ]  | 11583 | 0x0000753f | 0x00 | 0x00
[OK ]  | 11584 | 0x00007540 | 0x9c | 0x9c
[OK ]  | 11585 | 0x00007541 | 0x49 | 0x49
[OK ]  | 11586 | 0x00007542 | 0xff | 0xff
[OK ]  | 11587 | 0x00007543 | 0xff | 0xff
[OK ]  | 11588 | 0x00007544 | 0x60 | 0x60
[OK ]  | 11589 | 0x00007545 | 0x39 | 0x39
[OK ]  | 11590 | 0x00007546 | 0xff | 0xff
[OK ]  | 11591 | 0x00007547 | 0xff | 0xff
[OK ]  | 11592 | 0x00007548 | 0xa3 | 0xa3
[OK ]  | 11593 | 0x00007549 | 0x15 | 0x15
[OK ]  | 11594 | 0x0000754a | 0x01 | 0x01
[OK ]  | 11595 | 0x0000754b | 0x00 | 0x00
[OK ]  | 11596 | 0x0000754c | 0xfe | 0xfe
[OK ]  | 11597 | 0x0000754d | 0xe1 | 0xe1
[OK ]  | 11598 | 0x0000754e | 0xfe | 0xfe
[OK ]  | 11599 | 0x0000754f | 0xff | 0xff
[OK ]  | 11600 | 0x00007550 | 0x8c | 0x8c
[OK ]  | 11601 | 0x00007551 | 0x94 | 0x94
[OK ]  | 11602 | 0x00007552 | 0xfd | 0xfd
[OK ]  | 11603 | 0x00007553 | 0xff | 0xff
[OK ]  | 11604 | 0x00007554 | 0x00 | 0x00
[OK ]  | 11605 | 0x00007555 | 0xea | 0xea
[OK ]  | 11606 | 0x00007556 | 0x00 | 0x00
[OK ]  | 11607 | 0x00007557 | 0x00 | 0x00
[OK ]  | 11608 | 0x00007558 | 0x2c | 0x2c
[OK ]  | 11609 | 0x00007559 | 0x20 | 0x20
[OK ]  | 11610 | 0x0000755a | 0xfe | 0xfe
[OK ]  | 11611 | 0x0000755b | 0xff | 0xff
[OK ]  | 11612 | 0x0000755c | 0x66 | 0x66
[OK ]  | 11613 | 0x0000755d | 0x5d | 0x5d
[OK ]  | 11614 | 0x0000755e | 0xff | 0xff
[OK ]  | 11615 | 0x0000755f | 0xff | 0xff
[OK ]  | 11616 | 0x00007560 | 0xe5 | 0xe5
[OK ]  | 11617 | 0x00007561 | 0x72 | 0x72
[OK ]  | 11618 | 0x00007562 | 0xff | 0xff
[OK ]  | 11619 | 0x00007563 | 0xff | 0xff
[OK ]  | 11620 | 0x00007564 | 0x67 | 0x67
[OK ]  | 11621 | 0x00007565 | 0x32 | 0x32
[OK ]  | 11622 | 0x00007566 | 0x00 | 0x00
[OK ]  | 11623 | 0x00007567 | 0x00 | 0x00
[OK ]  | 11624 | 0x00007568 | 0x57 | 0x57
[OK ]  | 11625 | 0x00007569 | 0x9c | 0x9c
[OK ]  | 11626 | 0x0000756a | 0x00 | 0x00
[OK ]  | 11627 | 0x0000756b | 0x00 | 0x00
[OK ]  | 11628 | 0x0000756c | 0x53 | 0x53
[OK ]  | 11629 | 0x0000756d | 0xc8 | 0xc8
[OK ]  | 11630 | 0x0000756e | 0xff | 0xff
[OK ]  | 11631 | 0x0000756f | 0xff | 0xff
[OK ]  | 11632 | 0x00007570 | 0x0b | 0x0b
[OK ]  | 11633 | 0x00007571 | 0xa3 | 0xa3
[OK ]  | 11634 | 0x00007572 | 0x00 | 0x00
[OK ]  | 11635 | 0x00007573 | 0x00 | 0x00
[OK ]  | 11636 | 0x00007574 | 0xd8 | 0xd8
[OK ]  | 11637 | 0x00007575 | 0x3c | 0x3c
[OK ]  | 11638 | 0x00007576 | 0x00 | 0x00
[OK ]  | 11639 | 0x00007577 | 0x00 | 0x00
[OK ]  | 11640 | 0x00007578 | 0x83 | 0x83
[OK ]  | 11641 | 0x00007579 | 0x67 | 0x67
[OK ]  | 11642 | 0x0000757a | 0xff | 0xff
[OK ]  | 11643 | 0x0000757b | 0xff | 0xff
[OK ]  | 11644 | 0x0000757c | 0x78 | 0x78
[OK ]  | 11645 | 0x0000757d | 0x1f | 0x1f
[OK ]  | 11646 | 0x0000757e | 0x00 | 0x00
[OK ]  | 11647 | 0x0000757f | 0x00 | 0x00
[OK ]  | 11648 | 0x00007580 | 0x17 | 0x17
[OK ]  | 11649 | 0x00007581 | 0xdc | 0xdc
[OK ]  | 11650 | 0x00007582 | 0xff | 0xff
[OK ]  | 11651 | 0x00007583 | 0xff | 0xff
[OK ]  | 11652 | 0x00007584 | 0xd0 | 0xd0
[OK ]  | 11653 | 0x00007585 | 0x1c | 0x1c
[OK ]  | 11654 | 0x00007586 | 0x00 | 0x00
[OK ]  | 11655 | 0x00007587 | 0x00 | 0x00
[OK ]  | 11656 | 0x00007588 | 0x82 | 0x82
[OK ]  | 11657 | 0x00007589 | 0xad | 0xad
[OK ]  | 11658 | 0x0000758a | 0xfe | 0xfe
[OK ]  | 11659 | 0x0000758b | 0xff | 0xff
[OK ]  | 11660 | 0x0000758c | 0x86 | 0x86
[OK ]  | 11661 | 0x0000758d | 0x6a | 0x6a
[OK ]  | 11662 | 0x0000758e | 0x01 | 0x01
[OK ]  | 11663 | 0x0000758f | 0x00 | 0x00
[OK ]  | 11664 | 0x00007590 | 0x64 | 0x64
[OK ]  | 11665 | 0x00007591 | 0xe8 | 0xe8
[OK ]  | 11666 | 0x00007592 | 0x01 | 0x01
[OK ]  | 11667 | 0x00007593 | 0x00 | 0x00
[OK ]  | 11668 | 0x00007594 | 0x52 | 0x52
[OK ]  | 11669 | 0x00007595 | 0x2f | 0x2f
[OK ]  | 11670 | 0x00007596 | 0x00 | 0x00
[OK ]  | 11671 | 0x00007597 | 0x00 | 0x00
[OK ]  | 11672 | 0x00007598 | 0xdc | 0xdc
[OK ]  | 11673 | 0x00007599 | 0x9f | 0x9f
[OK ]  | 11674 | 0x0000759a | 0xfe | 0xfe
[OK ]  | 11675 | 0x0000759b | 0xff | 0xff
[OK ]  | 11676 | 0x0000759c | 0xd6 | 0xd6
[OK ]  | 11677 | 0x0000759d | 0xfd | 0xfd
[OK ]  | 11678 | 0x0000759e | 0xff | 0xff
[OK ]  | 11679 | 0x0000759f | 0xff | 0xff
[OK ]  | 11680 | 0x000075a0 | 0x2d | 0x2d
[OK ]  | 11681 | 0x000075a1 | 0xd1 | 0xd1
[OK ]  | 11682 | 0x000075a2 | 0x00 | 0x00
[OK ]  | 11683 | 0x000075a3 | 0x00 | 0x00
[OK ]  | 11684 | 0x000075a4 | 0x5f | 0x5f
[OK ]  | 11685 | 0x000075a5 | 0xc1 | 0xc1
[OK ]  | 11686 | 0x000075a6 | 0xff | 0xff
[OK ]  | 11687 | 0x000075a7 | 0xff | 0xff
[OK ]  | 11688 | 0x000075a8 | 0xee | 0xee
[OK ]  | 11689 | 0x000075a9 | 0xc5 | 0xc5
[OK ]  | 11690 | 0x000075aa | 0x00 | 0x00
[OK ]  | 11691 | 0x000075ab | 0x00 | 0x00
[OK ]  | 11692 | 0x000075ac | 0x46 | 0x46
[OK ]  | 11693 | 0x000075ad | 0x3d | 0x3d
[OK ]  | 11694 | 0x000075ae | 0xfd | 0xfd
[OK ]  | 11695 | 0x000075af | 0xff | 0xff
[OK ]  | 11696 | 0x000075b0 | 0xd4 | 0xd4
[OK ]  | 11697 | 0x000075b1 | 0x03 | 0x03
[OK ]  | 11698 | 0x000075b2 | 0xff | 0xff
[OK ]  | 11699 | 0x000075b3 | 0xff | 0xff
[OK ]  | 11700 | 0x000075b4 | 0xdc | 0xdc
[OK ]  | 11701 | 0x000075b5 | 0x8c | 0x8c
[OK ]  | 11702 | 0x000075b6 | 0x00 | 0x00
[OK ]  | 11703 | 0x000075b7 | 0x00 | 0x00
[OK ]  | 11704 | 0x000075b8 | 0x76 | 0x76
[OK ]  | 11705 | 0x000075b9 | 0xc4 | 0xc4
[OK ]  | 11706 | 0x000075ba | 0x00 | 0x00
[OK ]  | 11707 | 0x000075bb | 0x00 | 0x00
[OK ]  | 11708 | 0x000075bc | 0x04 | 0x04
[OK ]  | 11709 | 0x000075bd | 0x8f | 0x8f
[OK ]  | 11710 | 0x000075be | 0x00 | 0x00
[OK ]  | 11711 | 0x000075bf | 0x00 | 0x00
[OK ]  | 11712 | 0x000075c0 | 0x0a | 0x0a
[OK ]  | 11713 | 0x000075c1 | 0xf5 | 0xf5
[OK ]  | 11714 | 0x000075c2 | 0xfe | 0xfe
[OK ]  | 11715 | 0x000075c3 | 0xff | 0xff
[OK ]  | 11716 | 0x000075c4 | 0x14 | 0x14
[OK ]  | 11717 | 0x000075c5 | 0x9d | 0x9d
[OK ]  | 11718 | 0x000075c6 | 0xff | 0xff
[OK ]  | 11719 | 0x000075c7 | 0xff | 0xff
[OK ]  | 11720 | 0x000075c8 | 0xa2 | 0xa2
[OK ]  | 11721 | 0x000075c9 | 0x9e | 0x9e
[OK ]  | 11722 | 0x000075ca | 0xff | 0xff
[OK ]  | 11723 | 0x000075cb | 0xff | 0xff
[OK ]  | 11724 | 0x000075cc | 0x21 | 0x21
[OK ]  | 11725 | 0x000075cd | 0xfe | 0xfe
[OK ]  | 11726 | 0x000075ce | 0xff | 0xff
[OK ]  | 11727 | 0x000075cf | 0xff | 0xff
[OK ]  | 11728 | 0x000075d0 | 0x6a | 0x6a
[OK ]  | 11729 | 0x000075d1 | 0x7a | 0x7a
[OK ]  | 11730 | 0x000075d2 | 0x00 | 0x00
[OK ]  | 11731 | 0x000075d3 | 0x00 | 0x00
[OK ]  | 11732 | 0x000075d4 | 0xcc | 0xcc
[OK ]  | 11733 | 0x000075d5 | 0xb0 | 0xb0
[OK ]  | 11734 | 0x000075d6 | 0xff | 0xff
[OK ]  | 11735 | 0x000075d7 | 0xff | 0xff
[OK ]  | 11736 | 0x000075d8 | 0x36 | 0x36
[OK ]  | 11737 | 0x000075d9 | 0x51 | 0x51
[OK ]  | 11738 | 0x000075da | 0x00 | 0x00
[OK ]  | 11739 | 0x000075db | 0x00 | 0x00
[OK ]  | 11740 | 0x000075dc | 0xd2 | 0xd2
[OK ]  | 11741 | 0x000075dd | 0x22 | 0x22
[OK ]  | 11742 | 0x000075de | 0x00 | 0x00
[OK ]  | 11743 | 0x000075df | 0x00 | 0x00
[OK ]  | 11744 | 0x000075e0 | 0xec | 0xec
[OK ]  | 11745 | 0x000075e1 | 0x2f | 0x2f
[OK ]  | 11746 | 0x000075e2 | 0xfe | 0xfe
[OK ]  | 11747 | 0x000075e3 | 0xff | 0xff
[OK ]  | 11748 | 0x000075e4 | 0x89 | 0x89
[OK ]  | 11749 | 0x000075e5 | 0xd2 | 0xd2
[OK ]  | 11750 | 0x000075e6 | 0xff | 0xff
[OK ]  | 11751 | 0x000075e7 | 0xff | 0xff
[OK ]  | 11752 | 0x000075e8 | 0x62 | 0x62
[OK ]  | 11753 | 0x000075e9 | 0x19 | 0x19
[OK ]  | 11754 | 0x000075ea | 0xff | 0xff
[OK ]  | 11755 | 0x000075eb | 0xff | 0xff
[OK ]  | 11756 | 0x000075ec | 0x9c | 0x9c
[OK ]  | 11757 | 0x000075ed | 0x70 | 0x70
[OK ]  | 11758 | 0x000075ee | 0x00 | 0x00
[OK ]  | 11759 | 0x000075ef | 0x00 | 0x00
[OK ]  | 11760 | 0x000075f0 | 0x19 | 0x19
[OK ]  | 11761 | 0x000075f1 | 0x71 | 0x71
[OK ]  | 11762 | 0x000075f2 | 0xff | 0xff
[OK ]  | 11763 | 0x000075f3 | 0xff | 0xff
[OK ]  | 11764 | 0x000075f4 | 0x15 | 0x15
[OK ]  | 11765 | 0x000075f5 | 0x6b | 0x6b
[OK ]  | 11766 | 0x000075f6 | 0xff | 0xff
[OK ]  | 11767 | 0x000075f7 | 0xff | 0xff
[OK ]  | 11768 | 0x000075f8 | 0xed | 0xed
[OK ]  | 11769 | 0x000075f9 | 0x26 | 0x26
[OK ]  | 11770 | 0x000075fa | 0x01 | 0x01
[OK ]  | 11771 | 0x000075fb | 0x00 | 0x00
[OK ]  | 11772 | 0x000075fc | 0x91 | 0x91
[OK ]  | 11773 | 0x000075fd | 0x6f | 0x6f
[OK ]  | 11774 | 0x000075fe | 0x00 | 0x00
[OK ]  | 11775 | 0x000075ff | 0x00 | 0x00
[OK ]  | 11776 | 0x00007600 | 0x7f | 0x7f
[OK ]  | 11777 | 0x00007601 | 0x06 | 0x06
[OK ]  | 11778 | 0x00007602 | 0x00 | 0x00
[OK ]  | 11779 | 0x00007603 | 0x00 | 0x00
[OK ]  | 11780 | 0x00007604 | 0x92 | 0x92
[OK ]  | 11781 | 0x00007605 | 0x11 | 0x11
[OK ]  | 11782 | 0x00007606 | 0x00 | 0x00
[OK ]  | 11783 | 0x00007607 | 0x00 | 0x00
[OK ]  | 11784 | 0x00007608 | 0x07 | 0x07
[OK ]  | 11785 | 0x00007609 | 0x6b | 0x6b
[OK ]  | 11786 | 0x0000760a | 0x00 | 0x00
[OK ]  | 11787 | 0x0000760b | 0x00 | 0x00
[OK ]  | 11788 | 0x0000760c | 0x0d | 0x0d
[OK ]  | 11789 | 0x0000760d | 0x53 | 0x53
[OK ]  | 11790 | 0x0000760e | 0x00 | 0x00
[OK ]  | 11791 | 0x0000760f | 0x00 | 0x00
[OK ]  | 11792 | 0x00007610 | 0x7d | 0x7d
[OK ]  | 11793 | 0x00007611 | 0x6d | 0x6d
[OK ]  | 11794 | 0x00007612 | 0xff | 0xff
[OK ]  | 11795 | 0x00007613 | 0xff | 0xff
[OK ]  | 11796 | 0x00007614 | 0xf8 | 0xf8
[OK ]  | 11797 | 0x00007615 | 0x61 | 0x61
[OK ]  | 11798 | 0x00007616 | 0xff | 0xff
[OK ]  | 11799 | 0x00007617 | 0xff | 0xff
[OK ]  | 11800 | 0x00007618 | 0xd1 | 0xd1
[OK ]  | 11801 | 0x00007619 | 0x30 | 0x30
[OK ]  | 11802 | 0x0000761a | 0x01 | 0x01
[OK ]  | 11803 | 0x0000761b | 0x00 | 0x00
[OK ]  | 11804 | 0x0000761c | 0xf4 | 0xf4
[OK ]  | 11805 | 0x0000761d | 0x2a | 0x2a
[OK ]  | 11806 | 0x0000761e | 0x01 | 0x01
[OK ]  | 11807 | 0x0000761f | 0x00 | 0x00
[OK ]  | 11808 | 0x00007620 | 0xd8 | 0xd8
[OK ]  | 11809 | 0x00007621 | 0xba | 0xba
[OK ]  | 11810 | 0x00007622 | 0x00 | 0x00
[OK ]  | 11811 | 0x00007623 | 0x00 | 0x00
[OK ]  | 11812 | 0x00007624 | 0x63 | 0x63
[OK ]  | 11813 | 0x00007625 | 0x48 | 0x48
[OK ]  | 11814 | 0x00007626 | 0x00 | 0x00
[OK ]  | 11815 | 0x00007627 | 0x00 | 0x00
[OK ]  | 11816 | 0x00007628 | 0x0e | 0x0e
[OK ]  | 11817 | 0x00007629 | 0x8d | 0x8d
[OK ]  | 11818 | 0x0000762a | 0x00 | 0x00
[OK ]  | 11819 | 0x0000762b | 0x00 | 0x00
[OK ]  | 11820 | 0x0000762c | 0xb8 | 0xb8
[OK ]  | 11821 | 0x0000762d | 0x1d | 0x1d
[OK ]  | 11822 | 0x0000762e | 0x00 | 0x00
[OK ]  | 11823 | 0x0000762f | 0x00 | 0x00
[OK ]  | 11824 | 0x00007630 | 0x4c | 0x4c
[OK ]  | 11825 | 0x00007631 | 0xfc | 0xfc
[OK ]  | 11826 | 0x00007632 | 0xfd | 0xfd
[OK ]  | 11827 | 0x00007633 | 0xff | 0xff
[OK ]  | 11828 | 0x00007634 | 0xb6 | 0xb6
[OK ]  | 11829 | 0x00007635 | 0xad | 0xad
[OK ]  | 11830 | 0x00007636 | 0xff | 0xff
[OK ]  | 11831 | 0x00007637 | 0xff | 0xff
[OK ]  | 11832 | 0x00007638 | 0xdb | 0xdb
[OK ]  | 11833 | 0x00007639 | 0x7c | 0x7c
[OK ]  | 11834 | 0x0000763a | 0x00 | 0x00
[OK ]  | 11835 | 0x0000763b | 0x00 | 0x00
[OK ]  | 11836 | 0x0000763c | 0x00 | 0x00
[OK ]  | 11837 | 0x0000763d | 0x69 | 0x69
[OK ]  | 11838 | 0x0000763e | 0x00 | 0x00
[OK ]  | 11839 | 0x0000763f | 0x00 | 0x00
[OK ]  | 11840 | 0x00007640 | 0x2c | 0x2c
[OK ]  | 11841 | 0x00007641 | 0xab | 0xab
[OK ]  | 11842 | 0x00007642 | 0x00 | 0x00
[OK ]  | 11843 | 0x00007643 | 0x00 | 0x00
[OK ]  | 11844 | 0x00007644 | 0xa7 | 0xa7
[OK ]  | 11845 | 0x00007645 | 0xe4 | 0xe4
[OK ]  | 11846 | 0x00007646 | 0xfe | 0xfe
[OK ]  | 11847 | 0x00007647 | 0xff | 0xff
[OK ]  | 11848 | 0x00007648 | 0x58 | 0x58
[OK ]  | 11849 | 0x00007649 | 0x34 | 0x34
[OK ]  | 11850 | 0x0000764a | 0x00 | 0x00
[OK ]  | 11851 | 0x0000764b | 0x00 | 0x00
[OK ]  | 11852 | 0x0000764c | 0x67 | 0x67
[OK ]  | 11853 | 0x0000764d | 0x0d | 0x0d
[OK ]  | 11854 | 0x0000764e | 0x00 | 0x00
[OK ]  | 11855 | 0x0000764f | 0x00 | 0x00
[OK ]  | 11856 | 0x00007650 | 0x74 | 0x74
[OK ]  | 11857 | 0x00007651 | 0xeb | 0xeb
[OK ]  | 11858 | 0x00007652 | 0x00 | 0x00
[OK ]  | 11859 | 0x00007653 | 0x00 | 0x00
[OK ]  | 11860 | 0x00007654 | 0x03 | 0x03
[OK ]  | 11861 | 0x00007655 | 0x68 | 0x68
[OK ]  | 11862 | 0x00007656 | 0xff | 0xff
[OK ]  | 11863 | 0x00007657 | 0xff | 0xff
[OK ]  | 11864 | 0x00007658 | 0x83 | 0x83
[OK ]  | 11865 | 0x00007659 | 0x49 | 0x49
[OK ]  | 11866 | 0x0000765a | 0xff | 0xff
[OK ]  | 11867 | 0x0000765b | 0xff | 0xff
[OK ]  | 11868 | 0x0000765c | 0x37 | 0x37
[OK ]  | 11869 | 0x0000765d | 0xd5 | 0xd5
[OK ]  | 11870 | 0x0000765e | 0x00 | 0x00
[OK ]  | 11871 | 0x0000765f | 0x00 | 0x00
[OK ]  | 11872 | 0x00007660 | 0x42 | 0x42
[OK ]  | 11873 | 0x00007661 | 0xb0 | 0xb0
[OK ]  | 11874 | 0x00007662 | 0xff | 0xff
[OK ]  | 11875 | 0x00007663 | 0xff | 0xff
[OK ]  | 11876 | 0x00007664 | 0x60 | 0x60
[OK ]  | 11877 | 0x00007665 | 0x63 | 0x63
[OK ]  | 11878 | 0x00007666 | 0x00 | 0x00
[OK ]  | 11879 | 0x00007667 | 0x00 | 0x00
[OK ]  | 11880 | 0x00007668 | 0x9e | 0x9e
[OK ]  | 11881 | 0x00007669 | 0x26 | 0x26
[OK ]  | 11882 | 0x0000766a | 0x00 | 0x00
[OK ]  | 11883 | 0x0000766b | 0x00 | 0x00
[OK ]  | 11884 | 0x0000766c | 0x6a | 0x6a
[OK ]  | 11885 | 0x0000766d | 0xee | 0xee
[OK ]  | 11886 | 0x0000766e | 0xfe | 0xfe
[OK ]  | 11887 | 0x0000766f | 0xff | 0xff
[OK ]  | 11888 | 0x00007670 | 0x98 | 0x98
[OK ]  | 11889 | 0x00007671 | 0x5b | 0x5b
[OK ]  | 11890 | 0x00007672 | 0x01 | 0x01
[OK ]  | 11891 | 0x00007673 | 0x00 | 0x00
[OK ]  | 11892 | 0x00007674 | 0x29 | 0x29
[OK ]  | 11893 | 0x00007675 | 0xc6 | 0xc6
[OK ]  | 11894 | 0x00007676 | 0xff | 0xff
[OK ]  | 11895 | 0x00007677 | 0xff | 0xff
[OK ]  | 11896 | 0x00007678 | 0xef | 0xef
[OK ]  | 11897 | 0x00007679 | 0x6a | 0x6a
[OK ]  | 11898 | 0x0000767a | 0x00 | 0x00
[OK ]  | 11899 | 0x0000767b | 0x00 | 0x00
[OK ]  | 11900 | 0x0000767c | 0xe5 | 0xe5
[OK ]  | 11901 | 0x0000767d | 0xa6 | 0xa6
[OK ]  | 11902 | 0x0000767e | 0x00 | 0x00
[OK ]  | 11903 | 0x0000767f | 0x00 | 0x00
[OK ]  | 11904 | 0x00007680 | 0x3c | 0x3c
[OK ]  | 11905 | 0x00007681 | 0xfb | 0xfb
[OK ]  | 11906 | 0x00007682 | 0xff | 0xff
[OK ]  | 11907 | 0x00007683 | 0xff | 0xff
[OK ]  | 11908 | 0x00007684 | 0xed | 0xed
[OK ]  | 11909 | 0x00007685 | 0x10 | 0x10
[OK ]  | 11910 | 0x00007686 | 0x01 | 0x01
[OK ]  | 11911 | 0x00007687 | 0x00 | 0x00
[OK ]  | 11912 | 0x00007688 | 0x8a | 0x8a
[OK ]  | 11913 | 0x00007689 | 0x3b | 0x3b
[OK ]  | 11914 | 0x0000768a | 0x01 | 0x01
[OK ]  | 11915 | 0x0000768b | 0x00 | 0x00
[OK ]  | 11916 | 0x0000768c | 0x41 | 0x41
[OK ]  | 11917 | 0x0000768d | 0x41 | 0x41
[OK ]  | 11918 | 0x0000768e | 0x01 | 0x01
[OK ]  | 11919 | 0x0000768f | 0x00 | 0x00
[OK ]  | 11920 | 0x00007690 | 0x23 | 0x23
[OK ]  | 11921 | 0x00007691 | 0x0b | 0x0b
[OK ]  | 11922 | 0x00007692 | 0xff | 0xff
[OK ]  | 11923 | 0x00007693 | 0xff | 0xff
[OK ]  | 11924 | 0x00007694 | 0x7b | 0x7b
[OK ]  | 11925 | 0x00007695 | 0x2d | 0x2d
[OK ]  | 11926 | 0x00007696 | 0xff | 0xff
[OK ]  | 11927 | 0x00007697 | 0xff | 0xff
[OK ]  | 11928 | 0x00007698 | 0x35 | 0x35
[OK ]  | 11929 | 0x00007699 | 0x9e | 0x9e
[OK ]  | 11930 | 0x0000769a | 0x01 | 0x01
[OK ]  | 11931 | 0x0000769b | 0x00 | 0x00
[OK ]  | 11932 | 0x0000769c | 0x2f | 0x2f
[OK ]  | 11933 | 0x0000769d | 0x9a | 0x9a
[OK ]  | 11934 | 0x0000769e | 0x00 | 0x00
[OK ]  | 11935 | 0x0000769f | 0x00 | 0x00
[OK ]  | 11936 | 0x000076a0 | 0x79 | 0x79
[OK ]  | 11937 | 0x000076a1 | 0xd3 | 0xd3
[OK ]  | 11938 | 0x000076a2 | 0x00 | 0x00
[OK ]  | 11939 | 0x000076a3 | 0x00 | 0x00
[OK ]  | 11940 | 0x000076a4 | 0x3a | 0x3a
[OK ]  | 11941 | 0x000076a5 | 0x12 | 0x12
[OK ]  | 11942 | 0x000076a6 | 0x01 | 0x01
[OK ]  | 11943 | 0x000076a7 | 0x00 | 0x00
[OK ]  | 11944 | 0x000076a8 | 0x81 | 0x81
[OK ]  | 11945 | 0x000076a9 | 0x3c | 0x3c
[OK ]  | 11946 | 0x000076aa | 0x01 | 0x01
[OK ]  | 11947 | 0x000076ab | 0x00 | 0x00
[OK ]  | 11948 | 0x000076ac | 0x4d | 0x4d
[OK ]  | 11949 | 0x000076ad | 0x4f | 0x4f
[OK ]  | 11950 | 0x000076ae | 0x00 | 0x00
[OK ]  | 11951 | 0x000076af | 0x00 | 0x00
[OK ]  | 11952 | 0x000076b0 | 0x82 | 0x82
[OK ]  | 11953 | 0x000076b1 | 0x4c | 0x4c
[OK ]  | 11954 | 0x000076b2 | 0xff | 0xff
[OK ]  | 11955 | 0x000076b3 | 0xff | 0xff
[OK ]  | 11956 | 0x000076b4 | 0x2c | 0x2c
[OK ]  | 11957 | 0x000076b5 | 0x47 | 0x47
[OK ]  | 11958 | 0x000076b6 | 0xff | 0xff
[OK ]  | 11959 | 0x000076b7 | 0xff | 0xff
[OK ]  | 11960 | 0x000076b8 | 0xa4 | 0xa4
[OK ]  | 11961 | 0x000076b9 | 0xdc | 0xdc
[OK ]  | 11962 | 0x000076ba | 0x00 | 0x00
[OK ]  | 11963 | 0x000076bb | 0x00 | 0x00
[OK ]  | 11964 | 0x000076bc | 0x59 | 0x59
[OK ]  | 11965 | 0x000076bd | 0x47 | 0x47
[OK ]  | 11966 | 0x000076be | 0xfe | 0xfe
[OK ]  | 11967 | 0x000076bf | 0xff | 0xff
[OK ]  | 11968 | 0x000076c0 | 0xd5 | 0xd5
[OK ]  | 11969 | 0x000076c1 | 0x6e | 0x6e
[OK ]  | 11970 | 0x000076c2 | 0x00 | 0x00
[OK ]  | 11971 | 0x000076c3 | 0x00 | 0x00
[OK ]  | 11972 | 0x000076c4 | 0xf0 | 0xf0
[OK ]  | 11973 | 0x000076c5 | 0x51 | 0x51
[OK ]  | 11974 | 0x000076c6 | 0xff | 0xff
[OK ]  | 11975 | 0x000076c7 | 0xff | 0xff
[OK ]  | 11976 | 0x000076c8 | 0x90 | 0x90
[OK ]  | 11977 | 0x000076c9 | 0x51 | 0x51
[OK ]  | 11978 | 0x000076ca | 0xff | 0xff
[OK ]  | 11979 | 0x000076cb | 0xff | 0xff
[OK ]  | 11980 | 0x000076cc | 0xef | 0xef
[OK ]  | 11981 | 0x000076cd | 0x29 | 0x29
[OK ]  | 11982 | 0x000076ce | 0x00 | 0x00
[OK ]  | 11983 | 0x000076cf | 0x00 | 0x00
[OK ]  | 11984 | 0x000076d0 | 0xda | 0xda
[OK ]  | 11985 | 0x000076d1 | 0xe0 | 0xe0
[OK ]  | 11986 | 0x000076d2 | 0xff | 0xff
[OK ]  | 11987 | 0x000076d3 | 0xff | 0xff
[OK ]  | 11988 | 0x000076d4 | 0x44 | 0x44
[OK ]  | 11989 | 0x000076d5 | 0x3d | 0x3d
[OK ]  | 11990 | 0x000076d6 | 0x01 | 0x01
[OK ]  | 11991 | 0x000076d7 | 0x00 | 0x00
[OK ]  | 11992 | 0x000076d8 | 0xab | 0xab
[OK ]  | 11993 | 0x000076d9 | 0x26 | 0x26
[OK ]  | 11994 | 0x000076da | 0x01 | 0x01
[OK ]  | 11995 | 0x000076db | 0x00 | 0x00
[OK ]  | 11996 | 0x000076dc | 0xd9 | 0xd9
[OK ]  | 11997 | 0x000076dd | 0x46 | 0x46
[OK ]  | 11998 | 0x000076de | 0x00 | 0x00
[OK ]  | 11999 | 0x000076df | 0x00 | 0x00
[OK ]  | 12000 | 0x000076e0 | 0x2d | 0x2d
[OK ]  | 12001 | 0x000076e1 | 0x2f | 0x2f
[OK ]  | 12002 | 0x000076e2 | 0x00 | 0x00
[OK ]  | 12003 | 0x000076e3 | 0x00 | 0x00
[OK ]  | 12004 | 0x000076e4 | 0xf2 | 0xf2
[OK ]  | 12005 | 0x000076e5 | 0x98 | 0x98
[OK ]  | 12006 | 0x000076e6 | 0xfe | 0xfe
[OK ]  | 12007 | 0x000076e7 | 0xff | 0xff
[OK ]  | 12008 | 0x000076e8 | 0xde | 0xde
[OK ]  | 12009 | 0x000076e9 | 0x31 | 0x31
[OK ]  | 12010 | 0x000076ea | 0x01 | 0x01
[OK ]  | 12011 | 0x000076eb | 0x00 | 0x00
[OK ]  | 12012 | 0x000076ec | 0x65 | 0x65
[OK ]  | 12013 | 0x000076ed | 0xf4 | 0xf4
[OK ]  | 12014 | 0x000076ee | 0xff | 0xff
[OK ]  | 12015 | 0x000076ef | 0xff | 0xff
[OK ]  | 12016 | 0x000076f0 | 0x5d | 0x5d
[OK ]  | 12017 | 0x000076f1 | 0x32 | 0x32
[OK ]  | 12018 | 0x000076f2 | 0x01 | 0x01
[OK ]  | 12019 | 0x000076f3 | 0x00 | 0x00
[OK ]  | 12020 | 0x000076f4 | 0x92 | 0x92
[OK ]  | 12021 | 0x000076f5 | 0x00 | 0x00
[OK ]  | 12022 | 0x000076f6 | 0x00 | 0x00
[OK ]  | 12023 | 0x000076f7 | 0x00 | 0x00
[OK ]  | 12024 | 0x000076f8 | 0x84 | 0x84
[OK ]  | 12025 | 0x000076f9 | 0xf2 | 0xf2
[OK ]  | 12026 | 0x000076fa | 0xfe | 0xfe
[OK ]  | 12027 | 0x000076fb | 0xff | 0xff
[OK ]  | 12028 | 0x000076fc | 0x9d | 0x9d
[OK ]  | 12029 | 0x000076fd | 0xae | 0xae
[OK ]  | 12030 | 0x000076fe | 0x00 | 0x00
[OK ]  | 12031 | 0x000076ff | 0x00 | 0x00
[OK ]  | 12032 | 0x00007700 | 0x17 | 0x17
[OK ]  | 12033 | 0x00007701 | 0xb1 | 0xb1
[OK ]  | 12034 | 0x00007702 | 0x00 | 0x00
[OK ]  | 12035 | 0x00007703 | 0x00 | 0x00
[OK ]  | 12036 | 0x00007704 | 0xc3 | 0xc3
[OK ]  | 12037 | 0x00007705 | 0x00 | 0x00
[OK ]  | 12038 | 0x00007706 | 0x00 | 0x00
[OK ]  | 12039 | 0x00007707 | 0x00 | 0x00
[OK ]  | 12040 | 0x00007708 | 0x05 | 0x05
[OK ]  | 12041 | 0x00007709 | 0xa0 | 0xa0
[OK ]  | 12042 | 0x0000770a | 0x00 | 0x00
[OK ]  | 12043 | 0x0000770b | 0x00 | 0x00
[OK ]  | 12044 | 0x0000770c | 0xed | 0xed
[OK ]  | 12045 | 0x0000770d | 0x8c | 0x8c
[OK ]  | 12046 | 0x0000770e | 0xfe | 0xfe
[OK ]  | 12047 | 0x0000770f | 0xff | 0xff
[OK ]  | 12048 | 0x00007710 | 0x62 | 0x62
[OK ]  | 12049 | 0x00007711 | 0x48 | 0x48
[OK ]  | 12050 | 0x00007712 | 0xff | 0xff
[OK ]  | 12051 | 0x00007713 | 0xff | 0xff
[OK ]  | 12052 | 0x00007714 | 0x37 | 0x37
[OK ]  | 12053 | 0x00007715 | 0x6d | 0x6d
[OK ]  | 12054 | 0x00007716 | 0xff | 0xff
[OK ]  | 12055 | 0x00007717 | 0xff | 0xff
[OK ]  | 12056 | 0x00007718 | 0x00 | 0x00
[OK ]  | 12057 | 0x00007719 | 0x44 | 0x44
[OK ]  | 12058 | 0x0000771a | 0x01 | 0x01
[OK ]  | 12059 | 0x0000771b | 0x00 | 0x00
[OK ]  | 12060 | 0x0000771c | 0xec | 0xec
[OK ]  | 12061 | 0x0000771d | 0xfc | 0xfc
[OK ]  | 12062 | 0x0000771e | 0xff | 0xff
[OK ]  | 12063 | 0x0000771f | 0xff | 0xff
[OK ]  | 12064 | 0x00007720 | 0xe2 | 0xe2
[OK ]  | 12065 | 0x00007721 | 0xfd | 0xfd
[OK ]  | 12066 | 0x00007722 | 0xff | 0xff
[OK ]  | 12067 | 0x00007723 | 0xff | 0xff
[OK ]  | 12068 | 0x00007724 | 0x0a | 0x0a
[OK ]  | 12069 | 0x00007725 | 0x8a | 0x8a
[OK ]  | 12070 | 0x00007726 | 0xff | 0xff
[OK ]  | 12071 | 0x00007727 | 0xff | 0xff
[OK ]  | 12072 | 0x00007728 | 0x9f | 0x9f
[OK ]  | 12073 | 0x00007729 | 0x81 | 0x81
[OK ]  | 12074 | 0x0000772a | 0xff | 0xff
[OK ]  | 12075 | 0x0000772b | 0xff | 0xff
[OK ]  | 12076 | 0x0000772c | 0xa7 | 0xa7
[OK ]  | 12077 | 0x0000772d | 0xe0 | 0xe0
[OK ]  | 12078 | 0x0000772e | 0x00 | 0x00
[OK ]  | 12079 | 0x0000772f | 0x00 | 0x00
[OK ]  | 12080 | 0x00007730 | 0x52 | 0x52
[OK ]  | 12081 | 0x00007731 | 0xd8 | 0xd8
[OK ]  | 12082 | 0x00007732 | 0xff | 0xff
[OK ]  | 12083 | 0x00007733 | 0xff | 0xff
[OK ]  | 12084 | 0x00007734 | 0xd9 | 0xd9
[OK ]  | 12085 | 0x00007735 | 0xc1 | 0xc1
[OK ]  | 12086 | 0x00007736 | 0xfe | 0xfe
[OK ]  | 12087 | 0x00007737 | 0xff | 0xff
[OK ]  | 12088 | 0x00007738 | 0xe0 | 0xe0
[OK ]  | 12089 | 0x00007739 | 0xa4 | 0xa4
[OK ]  | 12090 | 0x0000773a | 0x01 | 0x01
[OK ]  | 12091 | 0x0000773b | 0x00 | 0x00
[OK ]  | 12092 | 0x0000773c | 0x26 | 0x26
[OK ]  | 12093 | 0x0000773d | 0x3d | 0x3d
[OK ]  | 12094 | 0x0000773e | 0x01 | 0x01
[OK ]  | 12095 | 0x0000773f | 0x00 | 0x00
[OK ]  | 12096 | 0x00007740 | 0xb4 | 0xb4
[OK ]  | 12097 | 0x00007741 | 0x15 | 0x15
[OK ]  | 12098 | 0x00007742 | 0xff | 0xff
[OK ]  | 12099 | 0x00007743 | 0xff | 0xff
[OK ]  | 12100 | 0x00007744 | 0x15 | 0x15
[OK ]  | 12101 | 0x00007745 | 0x7c | 0x7c
[OK ]  | 12102 | 0x00007746 | 0x00 | 0x00
[OK ]  | 12103 | 0x00007747 | 0x00 | 0x00
[OK ]  | 12104 | 0x00007748 | 0xb9 | 0xb9
[OK ]  | 12105 | 0x00007749 | 0x11 | 0x11
[OK ]  | 12106 | 0x0000774a | 0xff | 0xff
[OK ]  | 12107 | 0x0000774b | 0xff | 0xff
[OK ]  | 12108 | 0x0000774c | 0x45 | 0x45
[OK ]  | 12109 | 0x0000774d | 0xa8 | 0xa8
[OK ]  | 12110 | 0x0000774e | 0x00 | 0x00
[OK ]  | 12111 | 0x0000774f | 0x00 | 0x00
[OK ]  | 12112 | 0x00007750 | 0xa2 | 0xa2
[OK ]  | 12113 | 0x00007751 | 0x68 | 0x68
[OK ]  | 12114 | 0x00007752 | 0x00 | 0x00
[OK ]  | 12115 | 0x00007753 | 0x00 | 0x00
[OK ]  | 12116 | 0x00007754 | 0xef | 0xef
[OK ]  | 12117 | 0x00007755 | 0x80 | 0x80
[OK ]  | 12118 | 0x00007756 | 0x01 | 0x01
[OK ]  | 12119 | 0x00007757 | 0x00 | 0x00
[OK ]  | 12120 | 0x00007758 | 0x67 | 0x67
[OK ]  | 12121 | 0x00007759 | 0xa2 | 0xa2
[OK ]  | 12122 | 0x0000775a | 0xff | 0xff
[OK ]  | 12123 | 0x0000775b | 0xff | 0xff
[OK ]  | 12124 | 0x0000775c | 0xf0 | 0xf0
[OK ]  | 12125 | 0x0000775d | 0x00 | 0x00
[OK ]  | 12126 | 0x0000775e | 0xff | 0xff
[OK ]  | 12127 | 0x0000775f | 0xff | 0xff
[OK ]  | 12128 | 0x00007760 | 0xfa | 0xfa
[OK ]  | 12129 | 0x00007761 | 0xa5 | 0xa5
[OK ]  | 12130 | 0x00007762 | 0x00 | 0x00
[OK ]  | 12131 | 0x00007763 | 0x00 | 0x00
[OK ]  | 12132 | 0x00007764 | 0xa3 | 0xa3
[OK ]  | 12133 | 0x00007765 | 0x48 | 0x48
[OK ]  | 12134 | 0x00007766 | 0x00 | 0x00
[OK ]  | 12135 | 0x00007767 | 0x00 | 0x00
[OK ]  | 12136 | 0x00007768 | 0x6d | 0x6d
[OK ]  | 12137 | 0x00007769 | 0x4d | 0x4d
[OK ]  | 12138 | 0x0000776a | 0x00 | 0x00
[OK ]  | 12139 | 0x0000776b | 0x00 | 0x00
[OK ]  | 12140 | 0x0000776c | 0x05 | 0x05
[OK ]  | 12141 | 0x0000776d | 0x03 | 0x03
[OK ]  | 12142 | 0x0000776e | 0xff | 0xff
[OK ]  | 12143 | 0x0000776f | 0xff | 0xff
[OK ]  | 12144 | 0x00007770 | 0x50 | 0x50
[OK ]  | 12145 | 0x00007771 | 0x1d | 0x1d
[OK ]  | 12146 | 0x00007772 | 0x01 | 0x01
[OK ]  | 12147 | 0x00007773 | 0x00 | 0x00
[OK ]  | 12148 | 0x00007774 | 0xd5 | 0xd5
[OK ]  | 12149 | 0x00007775 | 0x0d | 0x0d
[OK ]  | 12150 | 0x00007776 | 0x00 | 0x00
[OK ]  | 12151 | 0x00007777 | 0x00 | 0x00
[OK ]  | 12152 | 0x00007778 | 0x1f | 0x1f
[OK ]  | 12153 | 0x00007779 | 0x61 | 0x61
[OK ]  | 12154 | 0x0000777a | 0x01 | 0x01
[OK ]  | 12155 | 0x0000777b | 0x00 | 0x00
[OK ]  | 12156 | 0x0000777c | 0xca | 0xca
[OK ]  | 12157 | 0x0000777d | 0x07 | 0x07
[OK ]  | 12158 | 0x0000777e | 0x00 | 0x00
[OK ]  | 12159 | 0x0000777f | 0x00 | 0x00
[OK ]  | 12160 | 0x00007780 | 0xdc | 0xdc
[OK ]  | 12161 | 0x00007781 | 0x5d | 0x5d
[OK ]  | 12162 | 0x00007782 | 0x01 | 0x01
[OK ]  | 12163 | 0x00007783 | 0x00 | 0x00
[OK ]  | 12164 | 0x00007784 | 0x53 | 0x53
[OK ]  | 12165 | 0x00007785 | 0x44 | 0x44
[OK ]  | 12166 | 0x00007786 | 0x00 | 0x00
[OK ]  | 12167 | 0x00007787 | 0x00 | 0x00
[OK ]  | 12168 | 0x00007788 | 0x07 | 0x07
[OK ]  | 12169 | 0x00007789 | 0x29 | 0x29
[OK ]  | 12170 | 0x0000778a | 0x01 | 0x01
[OK ]  | 12171 | 0x0000778b | 0x00 | 0x00
[OK ]  | 12172 | 0x0000778c | 0x32 | 0x32
[OK ]  | 12173 | 0x0000778d | 0xa4 | 0xa4
[OK ]  | 12174 | 0x0000778e | 0xff | 0xff
[OK ]  | 12175 | 0x0000778f | 0xff | 0xff
[OK ]  | 12176 | 0x00007790 | 0xd6 | 0xd6
[OK ]  | 12177 | 0x00007791 | 0x64 | 0x64
[OK ]  | 12178 | 0x00007792 | 0x00 | 0x00
[OK ]  | 12179 | 0x00007793 | 0x00 | 0x00
[OK ]  | 12180 | 0x00007794 | 0xd9 | 0xd9
[OK ]  | 12181 | 0x00007795 | 0x42 | 0x42
[OK ]  | 12182 | 0x00007796 | 0x01 | 0x01
[OK ]  | 12183 | 0x00007797 | 0x00 | 0x00
[OK ]  | 12184 | 0x00007798 | 0x3e | 0x3e
[OK ]  | 12185 | 0x00007799 | 0x4f | 0x4f
[OK ]  | 12186 | 0x0000779a | 0x01 | 0x01
[OK ]  | 12187 | 0x0000779b | 0x00 | 0x00
[OK ]  | 12188 | 0x0000779c | 0x6c | 0x6c
[OK ]  | 12189 | 0x0000779d | 0x72 | 0x72
[OK ]  | 12190 | 0x0000779e | 0x00 | 0x00
[OK ]  | 12191 | 0x0000779f | 0x00 | 0x00
[OK ]  | 12192 | 0x000077a0 | 0xff | 0xff
[OK ]  | 12193 | 0x000077a1 | 0x1a | 0x1a
[OK ]  | 12194 | 0x000077a2 | 0xff | 0xff
[OK ]  | 12195 | 0x000077a3 | 0xff | 0xff
[OK ]  | 12196 | 0x000077a4 | 0xaf | 0xaf
[OK ]  | 12197 | 0x000077a5 | 0xa1 | 0xa1
[OK ]  | 12198 | 0x000077a6 | 0xfe | 0xfe
[OK ]  | 12199 | 0x000077a7 | 0xff | 0xff
[OK ]  | 12200 | 0x000077a8 | 0xb9 | 0xb9
[OK ]  | 12201 | 0x000077a9 | 0x54 | 0x54
[OK ]  | 12202 | 0x000077aa | 0xff | 0xff
[OK ]  | 12203 | 0x000077ab | 0xff | 0xff
[OK ]  | 12204 | 0x000077ac | 0xda | 0xda
[OK ]  | 12205 | 0x000077ad | 0x72 | 0x72
[OK ]  | 12206 | 0x000077ae | 0x00 | 0x00
[OK ]  | 12207 | 0x000077af | 0x00 | 0x00
[OK ]  | 12208 | 0x000077b0 | 0x04 | 0x04
[OK ]  | 12209 | 0x000077b1 | 0x10 | 0x10
[OK ]  | 12210 | 0x000077b2 | 0xff | 0xff
[OK ]  | 12211 | 0x000077b3 | 0xff | 0xff
[OK ]  | 12212 | 0x000077b4 | 0x3a | 0x3a
[OK ]  | 12213 | 0x000077b5 | 0x68 | 0x68
[OK ]  | 12214 | 0x000077b6 | 0xff | 0xff
[OK ]  | 12215 | 0x000077b7 | 0xff | 0xff
[OK ]  | 12216 | 0x000077b8 | 0x93 | 0x93
[OK ]  | 12217 | 0x000077b9 | 0x6f | 0x6f
[OK ]  | 12218 | 0x000077ba | 0xff | 0xff
[OK ]  | 12219 | 0x000077bb | 0xff | 0xff
[OK ]  | 12220 | 0x000077bc | 0x40 | 0x40
[OK ]  | 12221 | 0x000077bd | 0x68 | 0x68
[OK ]  | 12222 | 0x000077be | 0xff | 0xff
[OK ]  | 12223 | 0x000077bf | 0xff | 0xff
[OK ]  | 12224 | 0x000077c0 | 0x53 | 0x53
[OK ]  | 12225 | 0x000077c1 | 0x86 | 0x86
[OK ]  | 12226 | 0x000077c2 | 0xff | 0xff
[OK ]  | 12227 | 0x000077c3 | 0xff | 0xff
[OK ]  | 12228 | 0x000077c4 | 0xc2 | 0xc2
[OK ]  | 12229 | 0x000077c5 | 0x84 | 0x84
[OK ]  | 12230 | 0x000077c6 | 0x00 | 0x00
[OK ]  | 12231 | 0x000077c7 | 0x00 | 0x00
[OK ]  | 12232 | 0x000077c8 | 0xd5 | 0xd5
[OK ]  | 12233 | 0x000077c9 | 0x6c | 0x6c
[OK ]  | 12234 | 0x000077ca | 0x01 | 0x01
[OK ]  | 12235 | 0x000077cb | 0x00 | 0x00
[OK ]  | 12236 | 0x000077cc | 0x6e | 0x6e
[OK ]  | 12237 | 0x000077cd | 0x33 | 0x33
[OK ]  | 12238 | 0x000077ce | 0x00 | 0x00
[OK ]  | 12239 | 0x000077cf | 0x00 | 0x00
[OK ]  | 12240 | 0x000077d0 | 0xdf | 0xdf
[OK ]  | 12241 | 0x000077d1 | 0xb3 | 0xb3
[OK ]  | 12242 | 0x000077d2 | 0xff | 0xff
[OK ]  | 12243 | 0x000077d3 | 0xff | 0xff
[OK ]  | 12244 | 0x000077d4 | 0x20 | 0x20
[OK ]  | 12245 | 0x000077d5 | 0xb3 | 0xb3
[OK ]  | 12246 | 0x000077d6 | 0xff | 0xff
[OK ]  | 12247 | 0x000077d7 | 0xff | 0xff
[OK ]  | 12248 | 0x000077d8 | 0xb8 | 0xb8
[OK ]  | 12249 | 0x000077d9 | 0x44 | 0x44
[OK ]  | 12250 | 0x000077da | 0xff | 0xff
[OK ]  | 12251 | 0x000077db | 0xff | 0xff
[OK ]  | 12252 | 0x000077dc | 0x00 | 0x00
[OK ]  | 12253 | 0x000077dd | 0x99 | 0x99
[OK ]  | 12254 | 0x000077de | 0xff | 0xff
[OK ]  | 12255 | 0x000077df | 0xff | 0xff
[OK ]  | 12256 | 0x000077e0 | 0x92 | 0x92
[OK ]  | 12257 | 0x000077e1 | 0x89 | 0x89
[OK ]  | 12258 | 0x000077e2 | 0x00 | 0x00
[OK ]  | 12259 | 0x000077e3 | 0x00 | 0x00
[OK ]  | 12260 | 0x000077e4 | 0xdb | 0xdb
[OK ]  | 12261 | 0x000077e5 | 0x35 | 0x35
[OK ]  | 12262 | 0x000077e6 | 0x00 | 0x00
[OK ]  | 12263 | 0x000077e7 | 0x00 | 0x00
[OK ]  | 12264 | 0x000077e8 | 0x56 | 0x56
[OK ]  | 12265 | 0x000077e9 | 0xa8 | 0xa8
[OK ]  | 12266 | 0x000077ea | 0xff | 0xff
[OK ]  | 12267 | 0x000077eb | 0xff | 0xff
[OK ]  | 12268 | 0x000077ec | 0xca | 0xca
[OK ]  | 12269 | 0x000077ed | 0x80 | 0x80
[OK ]  | 12270 | 0x000077ee | 0xff | 0xff
[OK ]  | 12271 | 0x000077ef | 0xff | 0xff
[OK ]  | 12272 | 0x000077f0 | 0xcf | 0xcf
[OK ]  | 12273 | 0x000077f1 | 0x45 | 0x45
[OK ]  | 12274 | 0x000077f2 | 0xfd | 0xfd
[OK ]  | 12275 | 0x000077f3 | 0xff | 0xff
[OK ]  | 12276 | 0x000077f4 | 0x3a | 0x3a
[OK ]  | 12277 | 0x000077f5 | 0xe7 | 0xe7
[OK ]  | 12278 | 0x000077f6 | 0x00 | 0x00
[OK ]  | 12279 | 0x000077f7 | 0x00 | 0x00
[OK ]  | 12280 | 0x000077f8 | 0x36 | 0x36
[OK ]  | 12281 | 0x000077f9 | 0x26 | 0x26
[OK ]  | 12282 | 0x000077fa | 0xff | 0xff
[OK ]  | 12283 | 0x000077fb | 0xff | 0xff
[OK ]  | 12284 | 0x000077fc | 0x35 | 0x35
[OK ]  | 12285 | 0x000077fd | 0x7f | 0x7f
[OK ]  | 12286 | 0x000077fe | 0xff | 0xff
[OK ]  | 12287 | 0x000077ff | 0xff | 0xff
[OK ]  | 12288 | 0x00007800 | 0x2a | 0x2a
[OK ]  | 12289 | 0x00007801 | 0xe0 | 0xe0
[OK ]  | 12290 | 0x00007802 | 0xfe | 0xfe
[OK ]  | 12291 | 0x00007803 | 0xff | 0xff
[OK ]  | 12292 | 0x00007804 | 0x83 | 0x83
[OK ]  | 12293 | 0x00007805 | 0x65 | 0x65
[OK ]  | 12294 | 0x00007806 | 0x01 | 0x01
[OK ]  | 12295 | 0x00007807 | 0x00 | 0x00
[OK ]  | 12296 | 0x00007808 | 0xcc | 0xcc
[OK ]  | 12297 | 0x00007809 | 0x7f | 0x7f
[OK ]  | 12298 | 0x0000780a | 0x01 | 0x01
[OK ]  | 12299 | 0x0000780b | 0x00 | 0x00
[OK ]  | 12300 | 0x0000780c | 0xed | 0xed
[OK ]  | 12301 | 0x0000780d | 0xed | 0xed
[OK ]  | 12302 | 0x0000780e | 0x00 | 0x00
[OK ]  | 12303 | 0x0000780f | 0x00 | 0x00
[OK ]  | 12304 | 0x00007810 | 0x16 | 0x16
[OK ]  | 12305 | 0x00007811 | 0x94 | 0x94
[OK ]  | 12306 | 0x00007812 | 0x01 | 0x01
[OK ]  | 12307 | 0x00007813 | 0x00 | 0x00
[OK ]  | 12308 | 0x00007814 | 0x6e | 0x6e
[OK ]  | 12309 | 0x00007815 | 0xcf | 0xcf
[OK ]  | 12310 | 0x00007816 | 0x00 | 0x00
[OK ]  | 12311 | 0x00007817 | 0x00 | 0x00
[OK ]  | 12312 | 0x00007818 | 0x89 | 0x89
[OK ]  | 12313 | 0x00007819 | 0x3e | 0x3e
[OK ]  | 12314 | 0x0000781a | 0x01 | 0x01
[OK ]  | 12315 | 0x0000781b | 0x00 | 0x00
[OK ]  | 12316 | 0x0000781c | 0x74 | 0x74
[OK ]  | 12317 | 0x0000781d | 0x53 | 0x53
[OK ]  | 12318 | 0x0000781e | 0x00 | 0x00
[OK ]  | 12319 | 0x0000781f | 0x00 | 0x00
[OK ]  | 12320 | 0x00007820 | 0x01 | 0x01
[OK ]  | 12321 | 0x00007821 | 0x57 | 0x57
[OK ]  | 12322 | 0x00007822 | 0x00 | 0x00
[OK ]  | 12323 | 0x00007823 | 0x00 | 0x00
[OK ]  | 12324 | 0x00007824 | 0x38 | 0x38
[OK ]  | 12325 | 0x00007825 | 0xf7 | 0xf7
[OK ]  | 12326 | 0x00007826 | 0xfd | 0xfd
[OK ]  | 12327 | 0x00007827 | 0xff | 0xff
[OK ]  | 12328 | 0x00007828 | 0xa5 | 0xa5
[OK ]  | 12329 | 0x00007829 | 0xd7 | 0xd7
[OK ]  | 12330 | 0x0000782a | 0xff | 0xff
[OK ]  | 12331 | 0x0000782b | 0xff | 0xff
[OK ]  | 12332 | 0x0000782c | 0x42 | 0x42
[OK ]  | 12333 | 0x0000782d | 0xd3 | 0xd3
[OK ]  | 12334 | 0x0000782e | 0xff | 0xff
[OK ]  | 12335 | 0x0000782f | 0xff | 0xff
[OK ]  | 12336 | 0x00007830 | 0x47 | 0x47
[OK ]  | 12337 | 0x00007831 | 0xf3 | 0xf3
[OK ]  | 12338 | 0x00007832 | 0xfe | 0xfe
[OK ]  | 12339 | 0x00007833 | 0xff | 0xff
[OK ]  | 12340 | 0x00007834 | 0xb8 | 0xb8
[OK ]  | 12341 | 0x00007835 | 0x68 | 0x68
[OK ]  | 12342 | 0x00007836 | 0xfe | 0xfe
[OK ]  | 12343 | 0x00007837 | 0xff | 0xff
[OK ]  | 12344 | 0x00007838 | 0xe2 | 0xe2
[OK ]  | 12345 | 0x00007839 | 0x5b | 0x5b
[OK ]  | 12346 | 0x0000783a | 0x00 | 0x00
[OK ]  | 12347 | 0x0000783b | 0x00 | 0x00
[OK ]  | 12348 | 0x0000783c | 0x83 | 0x83
[OK ]  | 12349 | 0x0000783d | 0x0c | 0x0c
[OK ]  | 12350 | 0x0000783e | 0xff | 0xff
[OK ]  | 12351 | 0x0000783f | 0xff | 0xff
[OK ]  | 12352 | 0x00007840 | 0xa8 | 0xa8
[OK ]  | 12353 | 0x00007841 | 0xe9 | 0xe9
[OK ]  | 12354 | 0x00007842 | 0x00 | 0x00
[OK ]  | 12355 | 0x00007843 | 0x00 | 0x00
[OK ]  | 12356 | 0x00007844 | 0xc1 | 0xc1
[OK ]  | 12357 | 0x00007845 | 0x90 | 0x90
[OK ]  | 12358 | 0x00007846 | 0x00 | 0x00
[OK ]  | 12359 | 0x00007847 | 0x00 | 0x00
[OK ]  | 12360 | 0x00007848 | 0xc2 | 0xc2
[OK ]  | 12361 | 0x00007849 | 0x7c | 0x7c
[OK ]  | 12362 | 0x0000784a | 0x00 | 0x00
[OK ]  | 12363 | 0x0000784b | 0x00 | 0x00
[OK ]  | 12364 | 0x0000784c | 0xa9 | 0xa9
[OK ]  | 12365 | 0x0000784d | 0xb4 | 0xb4
[OK ]  | 12366 | 0x0000784e | 0xff | 0xff
[OK ]  | 12367 | 0x0000784f | 0xff | 0xff
[OK ]  | 12368 | 0x00007850 | 0x2d | 0x2d
[OK ]  | 12369 | 0x00007851 | 0x03 | 0x03
[OK ]  | 12370 | 0x00007852 | 0x01 | 0x01
[OK ]  | 12371 | 0x00007853 | 0x00 | 0x00
[OK ]  | 12372 | 0x00007854 | 0xf0 | 0xf0
[OK ]  | 12373 | 0x00007855 | 0xb6 | 0xb6
[OK ]  | 12374 | 0x00007856 | 0x00 | 0x00
[OK ]  | 12375 | 0x00007857 | 0x00 | 0x00
[OK ]  | 12376 | 0x00007858 | 0x23 | 0x23
[OK ]  | 12377 | 0x00007859 | 0xad | 0xad
[OK ]  | 12378 | 0x0000785a | 0xff | 0xff
[OK ]  | 12379 | 0x0000785b | 0xff | 0xff
[OK ]  | 12380 | 0x0000785c | 0x7b | 0x7b
[OK ]  | 12381 | 0x0000785d | 0x74 | 0x74
[OK ]  | 12382 | 0x0000785e | 0xff | 0xff
[OK ]  | 12383 | 0x0000785f | 0xff | 0xff
[OK ]  | 12384 | 0x00007860 | 0xfd | 0xfd
[OK ]  | 12385 | 0x00007861 | 0x4b | 0x4b
[OK ]  | 12386 | 0x00007862 | 0xfe | 0xfe
[OK ]  | 12387 | 0x00007863 | 0xff | 0xff
[OK ]  | 12388 | 0x00007864 | 0x20 | 0x20
[OK ]  | 12389 | 0x00007865 | 0xc8 | 0xc8
[OK ]  | 12390 | 0x00007866 | 0x00 | 0x00
[OK ]  | 12391 | 0x00007867 | 0x00 | 0x00
[OK ]  | 12392 | 0x00007868 | 0x87 | 0x87
[OK ]  | 12393 | 0x00007869 | 0x29 | 0x29
[OK ]  | 12394 | 0x0000786a | 0xff | 0xff
[OK ]  | 12395 | 0x0000786b | 0xff | 0xff
[OK ]  | 12396 | 0x0000786c | 0x12 | 0x12
[OK ]  | 12397 | 0x0000786d | 0xc8 | 0xc8
[OK ]  | 12398 | 0x0000786e | 0xff | 0xff
[OK ]  | 12399 | 0x0000786f | 0xff | 0xff
[OK ]  | 12400 | 0x00007870 | 0x1e | 0x1e
[OK ]  | 12401 | 0x00007871 | 0x78 | 0x78
[OK ]  | 12402 | 0x00007872 | 0x00 | 0x00
[OK ]  | 12403 | 0x00007873 | 0x00 | 0x00
[OK ]  | 12404 | 0x00007874 | 0x45 | 0x45
[OK ]  | 12405 | 0x00007875 | 0x1b | 0x1b
[OK ]  | 12406 | 0x00007876 | 0xfe | 0xfe
[OK ]  | 12407 | 0x00007877 | 0xff | 0xff
[OK ]  | 12408 | 0x00007878 | 0xe7 | 0xe7
[OK ]  | 12409 | 0x00007879 | 0x59 | 0x59
[OK ]  | 12410 | 0x0000787a | 0x01 | 0x01
[OK ]  | 12411 | 0x0000787b | 0x00 | 0x00
[OK ]  | 12412 | 0x0000787c | 0xd1 | 0xd1
[OK ]  | 12413 | 0x0000787d | 0xb9 | 0xb9
[OK ]  | 12414 | 0x0000787e | 0xff | 0xff
[OK ]  | 12415 | 0x0000787f | 0xff | 0xff
[OK ]  | 12416 | 0x00007880 | 0x8f | 0x8f
[OK ]  | 12417 | 0x00007881 | 0x81 | 0x81
[OK ]  | 12418 | 0x00007882 | 0xff | 0xff
[OK ]  | 12419 | 0x00007883 | 0xff | 0xff
[OK ]  | 12420 | 0x00007884 | 0x56 | 0x56
[OK ]  | 12421 | 0x00007885 | 0x76 | 0x76
[OK ]  | 12422 | 0x00007886 | 0xfe | 0xfe
[OK ]  | 12423 | 0x00007887 | 0xff | 0xff
[OK ]  | 12424 | 0x00007888 | 0x74 | 0x74
[OK ]  | 12425 | 0x00007889 | 0x8e | 0x8e
[OK ]  | 12426 | 0x0000788a | 0xff | 0xff
[OK ]  | 12427 | 0x0000788b | 0xff | 0xff
[OK ]  | 12428 | 0x0000788c | 0x95 | 0x95
[OK ]  | 12429 | 0x0000788d | 0x9c | 0x9c
[OK ]  | 12430 | 0x0000788e | 0xff | 0xff
[OK ]  | 12431 | 0x0000788f | 0xff | 0xff
[OK ]  | 12432 | 0x00007890 | 0xb7 | 0xb7
[OK ]  | 12433 | 0x00007891 | 0x51 | 0x51
[OK ]  | 12434 | 0x00007892 | 0xfe | 0xfe
[OK ]  | 12435 | 0x00007893 | 0xff | 0xff
[OK ]  | 12436 | 0x00007894 | 0xbd | 0xbd
[OK ]  | 12437 | 0x00007895 | 0x66 | 0x66
[OK ]  | 12438 | 0x00007896 | 0xff | 0xff
[OK ]  | 12439 | 0x00007897 | 0xff | 0xff
[OK ]  | 12440 | 0x00007898 | 0x27 | 0x27
[OK ]  | 12441 | 0x00007899 | 0x23 | 0x23
[OK ]  | 12442 | 0x0000789a | 0x00 | 0x00
[OK ]  | 12443 | 0x0000789b | 0x00 | 0x00
[OK ]  | 12444 | 0x0000789c | 0x62 | 0x62
[OK ]  | 12445 | 0x0000789d | 0xcf | 0xcf
[OK ]  | 12446 | 0x0000789e | 0xfe | 0xfe
[OK ]  | 12447 | 0x0000789f | 0xff | 0xff
[OK ]  | 12448 | 0x000078a0 | 0x64 | 0x64
[OK ]  | 12449 | 0x000078a1 | 0x63 | 0x63
[OK ]  | 12450 | 0x000078a2 | 0x00 | 0x00
[OK ]  | 12451 | 0x000078a3 | 0x00 | 0x00
[OK ]  | 12452 | 0x000078a4 | 0xce | 0xce
[OK ]  | 12453 | 0x000078a5 | 0x40 | 0x40
[OK ]  | 12454 | 0x000078a6 | 0xff | 0xff
[OK ]  | 12455 | 0x000078a7 | 0xff | 0xff
[OK ]  | 12456 | 0x000078a8 | 0x17 | 0x17
[OK ]  | 12457 | 0x000078a9 | 0x98 | 0x98
[OK ]  | 12458 | 0x000078aa | 0x00 | 0x00
[OK ]  | 12459 | 0x000078ab | 0x00 | 0x00
[OK ]  | 12460 | 0x000078ac | 0xca | 0xca
[OK ]  | 12461 | 0x000078ad | 0xcf | 0xcf
[OK ]  | 12462 | 0x000078ae | 0x00 | 0x00
[OK ]  | 12463 | 0x000078af | 0x00 | 0x00
[OK ]  | 12464 | 0x000078b0 | 0x42 | 0x42
[OK ]  | 12465 | 0x000078b1 | 0x2b | 0x2b
[OK ]  | 12466 | 0x000078b2 | 0xfe | 0xfe
[OK ]  | 12467 | 0x000078b3 | 0xff | 0xff
[OK ]  | 12468 | 0x000078b4 | 0xe2 | 0xe2
[OK ]  | 12469 | 0x000078b5 | 0x63 | 0x63
[OK ]  | 12470 | 0x000078b6 | 0xff | 0xff
[OK ]  | 12471 | 0x000078b7 | 0xff | 0xff
[OK ]  | 12472 | 0x000078b8 | 0x31 | 0x31
[OK ]  | 12473 | 0x000078b9 | 0xd2 | 0xd2
[OK ]  | 12474 | 0x000078ba | 0x00 | 0x00
[OK ]  | 12475 | 0x000078bb | 0x00 | 0x00
[OK ]  | 12476 | 0x000078bc | 0x30 | 0x30
[OK ]  | 12477 | 0x000078bd | 0x5d | 0x5d
[OK ]  | 12478 | 0x000078be | 0x01 | 0x01
[OK ]  | 12479 | 0x000078bf | 0x00 | 0x00
[OK ]  | 12480 | 0x000078c0 | 0xf3 | 0xf3
[OK ]  | 12481 | 0x000078c1 | 0x94 | 0x94
[OK ]  | 12482 | 0x000078c2 | 0xff | 0xff
[OK ]  | 12483 | 0x000078c3 | 0xff | 0xff
[OK ]  | 12484 | 0x000078c4 | 0x5f | 0x5f
[OK ]  | 12485 | 0x000078c5 | 0xd2 | 0xd2
[OK ]  | 12486 | 0x000078c6 | 0xfe | 0xfe
[OK ]  | 12487 | 0x000078c7 | 0xff | 0xff
[OK ]  | 12488 | 0x000078c8 | 0xeb | 0xeb
[OK ]  | 12489 | 0x000078c9 | 0x64 | 0x64
[OK ]  | 12490 | 0x000078ca | 0x00 | 0x00
[OK ]  | 12491 | 0x000078cb | 0x00 | 0x00
[OK ]  | 12492 | 0x000078cc | 0xf6 | 0xf6
[OK ]  | 12493 | 0x000078cd | 0xf7 | 0xf7
[OK ]  | 12494 | 0x000078ce | 0xff | 0xff
[OK ]  | 12495 | 0x000078cf | 0xff | 0xff
[OK ]  | 12496 | 0x000078d0 | 0x11 | 0x11
[OK ]  | 12497 | 0x000078d1 | 0x85 | 0x85
[OK ]  | 12498 | 0x000078d2 | 0x00 | 0x00
[OK ]  | 12499 | 0x000078d3 | 0x00 | 0x00
[OK ]  | 12500 | 0x000078d4 | 0x28 | 0x28
[OK ]  | 12501 | 0x000078d5 | 0x42 | 0x42
[OK ]  | 12502 | 0x000078d6 | 0xff | 0xff
[OK ]  | 12503 | 0x000078d7 | 0xff | 0xff
[OK ]  | 12504 | 0x000078d8 | 0x02 | 0x02
[OK ]  | 12505 | 0x000078d9 | 0xad | 0xad
[OK ]  | 12506 | 0x000078da | 0xfe | 0xfe
[OK ]  | 12507 | 0x000078db | 0xff | 0xff
[OK ]  | 12508 | 0x000078dc | 0x7b | 0x7b
[OK ]  | 12509 | 0x000078dd | 0x03 | 0x03
[OK ]  | 12510 | 0x000078de | 0x00 | 0x00
[OK ]  | 12511 | 0x000078df | 0x00 | 0x00
[OK ]  | 12512 | 0x000078e0 | 0xf7 | 0xf7
[OK ]  | 12513 | 0x000078e1 | 0x57 | 0x57
[OK ]  | 12514 | 0x000078e2 | 0xff | 0xff
[OK ]  | 12515 | 0x000078e3 | 0xff | 0xff
[OK ]  | 12516 | 0x000078e4 | 0xeb | 0xeb
[OK ]  | 12517 | 0x000078e5 | 0x40 | 0x40
[OK ]  | 12518 | 0x000078e6 | 0x02 | 0x02
[OK ]  | 12519 | 0x000078e7 | 0x00 | 0x00
[OK ]  | 12520 | 0x000078e8 | 0x69 | 0x69
[OK ]  | 12521 | 0x000078e9 | 0x6d | 0x6d
[OK ]  | 12522 | 0x000078ea | 0xfe | 0xfe
[OK ]  | 12523 | 0x000078eb | 0xff | 0xff
[OK ]  | 12524 | 0x000078ec | 0xd2 | 0xd2
[OK ]  | 12525 | 0x000078ed | 0xd6 | 0xd6
[OK ]  | 12526 | 0x000078ee | 0x00 | 0x00
[OK ]  | 12527 | 0x000078ef | 0x00 | 0x00
[OK ]  | 12528 | 0x000078f0 | 0xf7 | 0xf7
[OK ]  | 12529 | 0x000078f1 | 0xdf | 0xdf
[OK ]  | 12530 | 0x000078f2 | 0xfe | 0xfe
[OK ]  | 12531 | 0x000078f3 | 0xff | 0xff
[OK ]  | 12532 | 0x000078f4 | 0x63 | 0x63
[OK ]  | 12533 | 0x000078f5 | 0xd5 | 0xd5
[OK ]  | 12534 | 0x000078f6 | 0xff | 0xff
[OK ]  | 12535 | 0x000078f7 | 0xff | 0xff
[OK ]  | 12536 | 0x000078f8 | 0x97 | 0x97
[OK ]  | 12537 | 0x000078f9 | 0x24 | 0x24
[OK ]  | 12538 | 0x000078fa | 0xff | 0xff
[OK ]  | 12539 | 0x000078fb | 0xff | 0xff
[OK ]  | 12540 | 0x000078fc | 0xf2 | 0xf2
[OK ]  | 12541 | 0x000078fd | 0x67 | 0x67
[OK ]  | 12542 | 0x000078fe | 0x00 | 0x00
[OK ]  | 12543 | 0x000078ff | 0x00 | 0x00
[OK ]  | 12544 | 0x00007900 | 0xd2 | 0xd2
[OK ]  | 12545 | 0x00007901 | 0x37 | 0x37
[OK ]  | 12546 | 0x00007902 | 0xfd | 0xfd
[OK ]  | 12547 | 0x00007903 | 0xff | 0xff
[OK ]  | 12548 | 0x00007904 | 0x4a | 0x4a
[OK ]  | 12549 | 0x00007905 | 0x7a | 0x7a
[OK ]  | 12550 | 0x00007906 | 0x02 | 0x02
[OK ]  | 12551 | 0x00007907 | 0x00 | 0x00
[OK ]  | 12552 | 0x00007908 | 0xce | 0xce
[OK ]  | 12553 | 0x00007909 | 0x41 | 0x41
[OK ]  | 12554 | 0x0000790a | 0xff | 0xff
[OK ]  | 12555 | 0x0000790b | 0xff | 0xff
[OK ]  | 12556 | 0x0000790c | 0xd2 | 0xd2
[OK ]  | 12557 | 0x0000790d | 0x3a | 0x3a
[OK ]  | 12558 | 0x0000790e | 0xff | 0xff
[OK ]  | 12559 | 0x0000790f | 0xff | 0xff
[OK ]  | 12560 | 0x00007910 | 0xcc | 0xcc
[OK ]  | 12561 | 0x00007911 | 0x10 | 0x10
[OK ]  | 12562 | 0x00007912 | 0x00 | 0x00
[OK ]  | 12563 | 0x00007913 | 0x00 | 0x00
[OK ]  | 12564 | 0x00007914 | 0x44 | 0x44
[OK ]  | 12565 | 0x00007915 | 0xb2 | 0xb2
[OK ]  | 12566 | 0x00007916 | 0xfe | 0xfe
[OK ]  | 12567 | 0x00007917 | 0xff | 0xff
[OK ]  | 12568 | 0x00007918 | 0x58 | 0x58
[OK ]  | 12569 | 0x00007919 | 0x77 | 0x77
[OK ]  | 12570 | 0x0000791a | 0x00 | 0x00
[OK ]  | 12571 | 0x0000791b | 0x00 | 0x00
[OK ]  | 12572 | 0x0000791c | 0x6c | 0x6c
[OK ]  | 12573 | 0x0000791d | 0x3a | 0x3a
[OK ]  | 12574 | 0x0000791e | 0x00 | 0x00
[OK ]  | 12575 | 0x0000791f | 0x00 | 0x00
[OK ]  | 12576 | 0x00007920 | 0x46 | 0x46
[OK ]  | 12577 | 0x00007921 | 0xa1 | 0xa1
[OK ]  | 12578 | 0x00007922 | 0xff | 0xff
[OK ]  | 12579 | 0x00007923 | 0xff | 0xff
[OK ]  | 12580 | 0x00007924 | 0x4e | 0x4e
[OK ]  | 12581 | 0x00007925 | 0x01 | 0x01
[OK ]  | 12582 | 0x00007926 | 0x01 | 0x01
[OK ]  | 12583 | 0x00007927 | 0x00 | 0x00
[OK ]  | 12584 | 0x00007928 | 0xce | 0xce
[OK ]  | 12585 | 0x00007929 | 0x21 | 0x21
[OK ]  | 12586 | 0x0000792a | 0x00 | 0x00
[OK ]  | 12587 | 0x0000792b | 0x00 | 0x00
[OK ]  | 12588 | 0x0000792c | 0x9c | 0x9c
[OK ]  | 12589 | 0x0000792d | 0x15 | 0x15
[OK ]  | 12590 | 0x0000792e | 0xff | 0xff
[OK ]  | 12591 | 0x0000792f | 0xff | 0xff
[OK ]  | 12592 | 0x00007930 | 0xac | 0xac
[OK ]  | 12593 | 0x00007931 | 0x0d | 0x0d
[OK ]  | 12594 | 0x00007932 | 0xff | 0xff
[OK ]  | 12595 | 0x00007933 | 0xff | 0xff
[OK ]  | 12596 | 0x00007934 | 0x97 | 0x97
[OK ]  | 12597 | 0x00007935 | 0xf3 | 0xf3
[OK ]  | 12598 | 0x00007936 | 0xff | 0xff
[OK ]  | 12599 | 0x00007937 | 0xff | 0xff
[OK ]  | 12600 | 0x00007938 | 0x33 | 0x33
[OK ]  | 12601 | 0x00007939 | 0x33 | 0x33
[OK ]  | 12602 | 0x0000793a | 0x01 | 0x01
[OK ]  | 12603 | 0x0000793b | 0x00 | 0x00
[OK ]  | 12604 | 0x0000793c | 0x88 | 0x88
[OK ]  | 12605 | 0x0000793d | 0xba | 0xba
[OK ]  | 12606 | 0x0000793e | 0x00 | 0x00
[OK ]  | 12607 | 0x0000793f | 0x00 | 0x00
[OK ]  | 12608 | 0x00007940 | 0x45 | 0x45
[OK ]  | 12609 | 0x00007941 | 0x9f | 0x9f
[OK ]  | 12610 | 0x00007942 | 0xff | 0xff
[OK ]  | 12611 | 0x00007943 | 0xff | 0xff
[OK ]  | 12612 | 0x00007944 | 0xff | 0xff
[OK ]  | 12613 | 0x00007945 | 0x9c | 0x9c
[OK ]  | 12614 | 0x00007946 | 0xfd | 0xfd
[OK ]  | 12615 | 0x00007947 | 0xff | 0xff
[OK ]  | 12616 | 0x00007948 | 0x01 | 0x01
[OK ]  | 12617 | 0x00007949 | 0x6a | 0x6a
[OK ]  | 12618 | 0x0000794a | 0x02 | 0x02
[OK ]  | 12619 | 0x0000794b | 0x00 | 0x00
[OK ]  | 12620 | 0x0000794c | 0xdb | 0xdb
[OK ]  | 12621 | 0x0000794d | 0x35 | 0x35
[OK ]  | 12622 | 0x0000794e | 0x00 | 0x00
[OK ]  | 12623 | 0x0000794f | 0x00 | 0x00
[OK ]  | 12624 | 0x00007950 | 0x1d | 0x1d
[OK ]  | 12625 | 0x00007951 | 0x9a | 0x9a
[OK ]  | 12626 | 0x00007952 | 0xfe | 0xfe
[OK ]  | 12627 | 0x00007953 | 0xff | 0xff
[OK ]  | 12628 | 0x00007954 | 0xeb | 0xeb
[OK ]  | 12629 | 0x00007955 | 0xc0 | 0xc0
[OK ]  | 12630 | 0x00007956 | 0x01 | 0x01
[OK ]  | 12631 | 0x00007957 | 0x00 | 0x00
[OK ]  | 12632 | 0x00007958 | 0x3c | 0x3c
[OK ]  | 12633 | 0x00007959 | 0x03 | 0x03
[OK ]  | 12634 | 0x0000795a | 0x00 | 0x00
[OK ]  | 12635 | 0x0000795b | 0x00 | 0x00
[OK ]  | 12636 | 0x0000795c | 0x1d | 0x1d
[OK ]  | 12637 | 0x0000795d | 0x0b | 0x0b
[OK ]  | 12638 | 0x0000795e | 0x01 | 0x01
[OK ]  | 12639 | 0x0000795f | 0x00 | 0x00
[OK ]  | 12640 | 0x00007960 | 0x08 | 0x08
[OK ]  | 12641 | 0x00007961 | 0x5a | 0x5a
[OK ]  | 12642 | 0x00007962 | 0x01 | 0x01
[OK ]  | 12643 | 0x00007963 | 0x00 | 0x00
[OK ]  | 12644 | 0x00007964 | 0x3d | 0x3d
[OK ]  | 12645 | 0x00007965 | 0x95 | 0x95
[OK ]  | 12646 | 0x00007966 | 0xfe | 0xfe
[OK ]  | 12647 | 0x00007967 | 0xff | 0xff
[OK ]  | 12648 | 0x00007968 | 0x5b | 0x5b
[OK ]  | 12649 | 0x00007969 | 0xdf | 0xdf
[OK ]  | 12650 | 0x0000796a | 0xff | 0xff
[OK ]  | 12651 | 0x0000796b | 0xff | 0xff
[OK ]  | 12652 | 0x0000796c | 0xe3 | 0xe3
[OK ]  | 12653 | 0x0000796d | 0x39 | 0x39
[OK ]  | 12654 | 0x0000796e | 0x02 | 0x02
[OK ]  | 12655 | 0x0000796f | 0x00 | 0x00
[OK ]  | 12656 | 0x00007970 | 0xaa | 0xaa
[OK ]  | 12657 | 0x00007971 | 0xd7 | 0xd7
[OK ]  | 12658 | 0x00007972 | 0x01 | 0x01
[OK ]  | 12659 | 0x00007973 | 0x00 | 0x00
[OK ]  | 12660 | 0x00007974 | 0xce | 0xce
[OK ]  | 12661 | 0x00007975 | 0x35 | 0x35
[OK ]  | 12662 | 0x00007976 | 0x00 | 0x00
[OK ]  | 12663 | 0x00007977 | 0x00 | 0x00
[OK ]  | 12664 | 0x00007978 | 0x8d | 0x8d
[OK ]  | 12665 | 0x00007979 | 0xdd | 0xdd
[OK ]  | 12666 | 0x0000797a | 0x00 | 0x00
[OK ]  | 12667 | 0x0000797b | 0x00 | 0x00
[OK ]  | 12668 | 0x0000797c | 0xaa | 0xaa
[OK ]  | 12669 | 0x0000797d | 0x33 | 0x33
[OK ]  | 12670 | 0x0000797e | 0x00 | 0x00
[OK ]  | 12671 | 0x0000797f | 0x00 | 0x00
[OK ]  | 12672 | 0x00007980 | 0x97 | 0x97
[OK ]  | 12673 | 0x00007981 | 0x66 | 0x66
[OK ]  | 12674 | 0x00007982 | 0x00 | 0x00
[OK ]  | 12675 | 0x00007983 | 0x00 | 0x00
[OK ]  | 12676 | 0x00007984 | 0x6e | 0x6e
[OK ]  | 12677 | 0x00007985 | 0xb1 | 0xb1
[OK ]  | 12678 | 0x00007986 | 0xff | 0xff
[OK ]  | 12679 | 0x00007987 | 0xff | 0xff
[OK ]  | 12680 | 0x00007988 | 0xe7 | 0xe7
[OK ]  | 12681 | 0x00007989 | 0x39 | 0x39
[OK ]  | 12682 | 0x0000798a | 0xfe | 0xfe
[OK ]  | 12683 | 0x0000798b | 0xff | 0xff
[OK ]  | 12684 | 0x0000798c | 0x0f | 0x0f
[OK ]  | 12685 | 0x0000798d | 0x8f | 0x8f
[OK ]  | 12686 | 0x0000798e | 0x00 | 0x00
[OK ]  | 12687 | 0x0000798f | 0x00 | 0x00
[OK ]  | 12688 | 0x00007990 | 0xf1 | 0xf1
[OK ]  | 12689 | 0x00007991 | 0xd9 | 0xd9
[OK ]  | 12690 | 0x00007992 | 0x00 | 0x00
[OK ]  | 12691 | 0x00007993 | 0x00 | 0x00
[OK ]  | 12692 | 0x00007994 | 0x47 | 0x47
[OK ]  | 12693 | 0x00007995 | 0x42 | 0x42
[OK ]  | 12694 | 0x00007996 | 0x00 | 0x00
[OK ]  | 12695 | 0x00007997 | 0x00 | 0x00
[OK ]  | 12696 | 0x00007998 | 0x8e | 0x8e
[OK ]  | 12697 | 0x00007999 | 0xee | 0xee
[OK ]  | 12698 | 0x0000799a | 0xfe | 0xfe
[OK ]  | 12699 | 0x0000799b | 0xff | 0xff
[OK ]  | 12700 | 0x0000799c | 0x93 | 0x93
[OK ]  | 12701 | 0x0000799d | 0xa0 | 0xa0
[OK ]  | 12702 | 0x0000799e | 0x00 | 0x00
[OK ]  | 12703 | 0x0000799f | 0x00 | 0x00
[OK ]  | 12704 | 0x000079a0 | 0xcd | 0xcd
[OK ]  | 12705 | 0x000079a1 | 0x9a | 0x9a
[OK ]  | 12706 | 0x000079a2 | 0x00 | 0x00
[OK ]  | 12707 | 0x000079a3 | 0x00 | 0x00
[OK ]  | 12708 | 0x000079a4 | 0x20 | 0x20
[OK ]  | 12709 | 0x000079a5 | 0x25 | 0x25
[OK ]  | 12710 | 0x000079a6 | 0x00 | 0x00
[OK ]  | 12711 | 0x000079a7 | 0x00 | 0x00
[OK ]  | 12712 | 0x000079a8 | 0x71 | 0x71
[OK ]  | 12713 | 0x000079a9 | 0xe6 | 0xe6
[OK ]  | 12714 | 0x000079aa | 0xfe | 0xfe
[OK ]  | 12715 | 0x000079ab | 0xff | 0xff
[OK ]  | 12716 | 0x000079ac | 0x5d | 0x5d
[OK ]  | 12717 | 0x000079ad | 0xa9 | 0xa9
[OK ]  | 12718 | 0x000079ae | 0x00 | 0x00
[OK ]  | 12719 | 0x000079af | 0x00 | 0x00
[OK ]  | 12720 | 0x000079b0 | 0x09 | 0x09
[OK ]  | 12721 | 0x000079b1 | 0x6a | 0x6a
[OK ]  | 12722 | 0x000079b2 | 0x01 | 0x01
[OK ]  | 12723 | 0x000079b3 | 0x00 | 0x00
[OK ]  | 12724 | 0x000079b4 | 0x34 | 0x34
[OK ]  | 12725 | 0x000079b5 | 0xbb | 0xbb
[OK ]  | 12726 | 0x000079b6 | 0xff | 0xff
[OK ]  | 12727 | 0x000079b7 | 0xff | 0xff
[OK ]  | 12728 | 0x000079b8 | 0x8a | 0x8a
[OK ]  | 12729 | 0x000079b9 | 0xac | 0xac
[OK ]  | 12730 | 0x000079ba | 0xff | 0xff
[OK ]  | 12731 | 0x000079bb | 0xff | 0xff
[OK ]  | 12732 | 0x000079bc | 0x28 | 0x28
[OK ]  | 12733 | 0x000079bd | 0x9d | 0x9d
[OK ]  | 12734 | 0x000079be | 0xfd | 0xfd
[OK ]  | 12735 | 0x000079bf | 0xff | 0xff
[OK ]  | 12736 | 0x000079c0 | 0x2e | 0x2e
[OK ]  | 12737 | 0x000079c1 | 0x11 | 0x11
[OK ]  | 12738 | 0x000079c2 | 0xff | 0xff
[OK ]  | 12739 | 0x000079c3 | 0xff | 0xff
[OK ]  | 12740 | 0x000079c4 | 0x4b | 0x4b
[OK ]  | 12741 | 0x000079c5 | 0x5d | 0x5d
[OK ]  | 12742 | 0x000079c6 | 0x00 | 0x00
[OK ]  | 12743 | 0x000079c7 | 0x00 | 0x00
[OK ]  | 12744 | 0x000079c8 | 0x38 | 0x38
[OK ]  | 12745 | 0x000079c9 | 0x3e | 0x3e
[OK ]  | 12746 | 0x000079ca | 0xff | 0xff
[OK ]  | 12747 | 0x000079cb | 0xff | 0xff
[OK ]  | 12748 | 0x000079cc | 0x28 | 0x28
[OK ]  | 12749 | 0x000079cd | 0x56 | 0x56
[OK ]  | 12750 | 0x000079ce | 0x00 | 0x00
[OK ]  | 12751 | 0x000079cf | 0x00 | 0x00
[OK ]  | 12752 | 0x000079d0 | 0xf8 | 0xf8
[OK ]  | 12753 | 0x000079d1 | 0xa9 | 0xa9
[OK ]  | 12754 | 0x000079d2 | 0xff | 0xff
[OK ]  | 12755 | 0x000079d3 | 0xff | 0xff
[OK ]  | 12756 | 0x000079d4 | 0x73 | 0x73
[OK ]  | 12757 | 0x000079d5 | 0x21 | 0x21
[OK ]  | 12758 | 0x000079d6 | 0x00 | 0x00
[OK ]  | 12759 | 0x000079d7 | 0x00 | 0x00
[OK ]  | 12760 | 0x000079d8 | 0x0a | 0x0a
[OK ]  | 12761 | 0x000079d9 | 0x04 | 0x04
[OK ]  | 12762 | 0x000079da | 0x00 | 0x00
[OK ]  | 12763 | 0x000079db | 0x00 | 0x00
[OK ]  | 12764 | 0x000079dc | 0xb3 | 0xb3
[OK ]  | 12765 | 0x000079dd | 0x97 | 0x97
[OK ]  | 12766 | 0x000079de | 0xfe | 0xfe
[OK ]  | 12767 | 0x000079df | 0xff | 0xff
[OK ]  | 12768 | 0x000079e0 | 0xbd | 0xbd
[OK ]  | 12769 | 0x000079e1 | 0x12 | 0x12
[OK ]  | 12770 | 0x000079e2 | 0xff | 0xff
[OK ]  | 12771 | 0x000079e3 | 0xff | 0xff
[OK ]  | 12772 | 0x000079e4 | 0x20 | 0x20
[OK ]  | 12773 | 0x000079e5 | 0x19 | 0x19
[OK ]  | 12774 | 0x000079e6 | 0x00 | 0x00
[OK ]  | 12775 | 0x000079e7 | 0x00 | 0x00
[OK ]  | 12776 | 0x000079e8 | 0x81 | 0x81
[OK ]  | 12777 | 0x000079e9 | 0x9f | 0x9f
[OK ]  | 12778 | 0x000079ea | 0x01 | 0x01
[OK ]  | 12779 | 0x000079eb | 0x00 | 0x00
[OK ]  | 12780 | 0x000079ec | 0x68 | 0x68
[OK ]  | 12781 | 0x000079ed | 0xdb | 0xdb
[OK ]  | 12782 | 0x000079ee | 0x00 | 0x00
[OK ]  | 12783 | 0x000079ef | 0x00 | 0x00
[OK ]  | 12784 | 0x000079f0 | 0x0d | 0x0d
[OK ]  | 12785 | 0x000079f1 | 0xb4 | 0xb4
[OK ]  | 12786 | 0x000079f2 | 0x00 | 0x00
[OK ]  | 12787 | 0x000079f3 | 0x00 | 0x00
[OK ]  | 12788 | 0x000079f4 | 0x24 | 0x24
[OK ]  | 12789 | 0x000079f5 | 0x87 | 0x87
[OK ]  | 12790 | 0x000079f6 | 0xfe | 0xfe
[OK ]  | 12791 | 0x000079f7 | 0xff | 0xff
[OK ]  | 12792 | 0x000079f8 | 0x4b | 0x4b
[OK ]  | 12793 | 0x000079f9 | 0x06 | 0x06
[OK ]  | 12794 | 0x000079fa | 0x02 | 0x02
[OK ]  | 12795 | 0x000079fb | 0x00 | 0x00
[OK ]  | 12796 | 0x000079fc | 0x77 | 0x77
[OK ]  | 12797 | 0x000079fd | 0xd8 | 0xd8
[OK ]  | 12798 | 0x000079fe | 0x00 | 0x00
[OK ]  | 12799 | 0x000079ff | 0x00 | 0x00
[OK ]  | 12800 | 0x00007a00 | 0x7a | 0x7a
[OK ]  | 12801 | 0x00007a01 | 0x89 | 0x89
[OK ]  | 12802 | 0x00007a02 | 0x00 | 0x00
[OK ]  | 12803 | 0x00007a03 | 0x00 | 0x00
[OK ]  | 12804 | 0x00007a04 | 0xf0 | 0xf0
[OK ]  | 12805 | 0x00007a05 | 0xf9 | 0xf9
[OK ]  | 12806 | 0x00007a06 | 0x00 | 0x00
[OK ]  | 12807 | 0x00007a07 | 0x00 | 0x00
[OK ]  | 12808 | 0x00007a08 | 0x55 | 0x55
[OK ]  | 12809 | 0x00007a09 | 0x37 | 0x37
[OK ]  | 12810 | 0x00007a0a | 0x00 | 0x00
[OK ]  | 12811 | 0x00007a0b | 0x00 | 0x00
[OK ]  | 12812 | 0x00007a0c | 0xb2 | 0xb2
[OK ]  | 12813 | 0x00007a0d | 0x9f | 0x9f
[OK ]  | 12814 | 0x00007a0e | 0xff | 0xff
[OK ]  | 12815 | 0x00007a0f | 0xff | 0xff
[OK ]  | 12816 | 0x00007a10 | 0x3a | 0x3a
[OK ]  | 12817 | 0x00007a11 | 0x19 | 0x19
[OK ]  | 12818 | 0x00007a12 | 0x01 | 0x01
[OK ]  | 12819 | 0x00007a13 | 0x00 | 0x00
[OK ]  | 12820 | 0x00007a14 | 0x6a | 0x6a
[OK ]  | 12821 | 0x00007a15 | 0xcd | 0xcd
[OK ]  | 12822 | 0x00007a16 | 0xfe | 0xfe
[OK ]  | 12823 | 0x00007a17 | 0xff | 0xff
[OK ]  | 12824 | 0x00007a18 | 0x0e | 0x0e
[OK ]  | 12825 | 0x00007a19 | 0xb2 | 0xb2
[OK ]  | 12826 | 0x00007a1a | 0x01 | 0x01
[OK ]  | 12827 | 0x00007a1b | 0x00 | 0x00
[OK ]  | 12828 | 0x00007a1c | 0x05 | 0x05
[OK ]  | 12829 | 0x00007a1d | 0x90 | 0x90
[OK ]  | 12830 | 0x00007a1e | 0x00 | 0x00
[OK ]  | 12831 | 0x00007a1f | 0x00 | 0x00
[OK ]  | 12832 | 0x00007a20 | 0xb3 | 0xb3
[OK ]  | 12833 | 0x00007a21 | 0xbe | 0xbe
[OK ]  | 12834 | 0x00007a22 | 0x01 | 0x01
[OK ]  | 12835 | 0x00007a23 | 0x00 | 0x00
[OK ]  | 12836 | 0x00007a24 | 0x35 | 0x35
[OK ]  | 12837 | 0x00007a25 | 0x53 | 0x53
[OK ]  | 12838 | 0x00007a26 | 0xff | 0xff
[OK ]  | 12839 | 0x00007a27 | 0xff | 0xff
[OK ]  | 12840 | 0x00007a28 | 0xb2 | 0xb2
[OK ]  | 12841 | 0x00007a29 | 0xc1 | 0xc1
[OK ]  | 12842 | 0x00007a2a | 0xff | 0xff
[OK ]  | 12843 | 0x00007a2b | 0xff | 0xff
[OK ]  | 12844 | 0x00007a2c | 0x2f | 0x2f
[OK ]  | 12845 | 0x00007a2d | 0x3c | 0x3c
[OK ]  | 12846 | 0x00007a2e | 0x01 | 0x01
[OK ]  | 12847 | 0x00007a2f | 0x00 | 0x00
[OK ]  | 12848 | 0x00007a30 | 0xd3 | 0xd3
[OK ]  | 12849 | 0x00007a31 | 0xa2 | 0xa2
[OK ]  | 12850 | 0x00007a32 | 0x01 | 0x01
[OK ]  | 12851 | 0x00007a33 | 0x00 | 0x00
[OK ]  | 12852 | 0x00007a34 | 0x9a | 0x9a
[OK ]  | 12853 | 0x00007a35 | 0x52 | 0x52
[OK ]  | 12854 | 0x00007a36 | 0x00 | 0x00
[OK ]  | 12855 | 0x00007a37 | 0x00 | 0x00
[OK ]  | 12856 | 0x00007a38 | 0xaa | 0xaa
[OK ]  | 12857 | 0x00007a39 | 0x4c | 0x4c
[OK ]  | 12858 | 0x00007a3a | 0xff | 0xff
[OK ]  | 12859 | 0x00007a3b | 0xff | 0xff
[OK ]  | 12860 | 0x00007a3c | 0xc1 | 0xc1
[OK ]  | 12861 | 0x00007a3d | 0x02 | 0x02
[OK ]  | 12862 | 0x00007a3e | 0xff | 0xff
[OK ]  | 12863 | 0x00007a3f | 0xff | 0xff
[OK ]  | 12864 | 0x00007a40 | 0xbc | 0xbc
[OK ]  | 12865 | 0x00007a41 | 0x40 | 0x40
[OK ]  | 12866 | 0x00007a42 | 0x00 | 0x00
[OK ]  | 12867 | 0x00007a43 | 0x00 | 0x00
[OK ]  | 12868 | 0x00007a44 | 0x5d | 0x5d
[OK ]  | 12869 | 0x00007a45 | 0xf1 | 0xf1
[OK ]  | 12870 | 0x00007a46 | 0xff | 0xff
[OK ]  | 12871 | 0x00007a47 | 0xff | 0xff
[OK ]  | 12872 | 0x00007a48 | 0x14 | 0x14
[OK ]  | 12873 | 0x00007a49 | 0x41 | 0x41
[OK ]  | 12874 | 0x00007a4a | 0x02 | 0x02
[OK ]  | 12875 | 0x00007a4b | 0x00 | 0x00
[OK ]  | 12876 | 0x00007a4c | 0x86 | 0x86
[OK ]  | 12877 | 0x00007a4d | 0x97 | 0x97
[OK ]  | 12878 | 0x00007a4e | 0xfd | 0xfd
[OK ]  | 12879 | 0x00007a4f | 0xff | 0xff
[OK ]  | 12880 | 0x00007a50 | 0x9b | 0x9b
[OK ]  | 12881 | 0x00007a51 | 0x79 | 0x79
[OK ]  | 12882 | 0x00007a52 | 0x01 | 0x01
[OK ]  | 12883 | 0x00007a53 | 0x00 | 0x00
[OK ]  | 12884 | 0x00007a54 | 0x61 | 0x61
[OK ]  | 12885 | 0x00007a55 | 0x76 | 0x76
[OK ]  | 12886 | 0x00007a56 | 0x00 | 0x00
[OK ]  | 12887 | 0x00007a57 | 0x00 | 0x00
[OK ]  | 12888 | 0x00007a58 | 0xef | 0xef
[OK ]  | 12889 | 0x00007a59 | 0xd7 | 0xd7
[OK ]  | 12890 | 0x00007a5a | 0xff | 0xff
[OK ]  | 12891 | 0x00007a5b | 0xff | 0xff
[OK ]  | 12892 | 0x00007a5c | 0x54 | 0x54
[OK ]  | 12893 | 0x00007a5d | 0x90 | 0x90
[OK ]  | 12894 | 0x00007a5e | 0xff | 0xff
[OK ]  | 12895 | 0x00007a5f | 0xff | 0xff
[OK ]  | 12896 | 0x00007a60 | 0xc7 | 0xc7
[OK ]  | 12897 | 0x00007a61 | 0x45 | 0x45
[OK ]  | 12898 | 0x00007a62 | 0xff | 0xff
[OK ]  | 12899 | 0x00007a63 | 0xff | 0xff
[OK ]  | 12900 | 0x00007a64 | 0x5e | 0x5e
[OK ]  | 12901 | 0x00007a65 | 0x21 | 0x21
[OK ]  | 12902 | 0x00007a66 | 0xfd | 0xfd
[OK ]  | 12903 | 0x00007a67 | 0xff | 0xff
[OK ]  | 12904 | 0x00007a68 | 0x96 | 0x96
[OK ]  | 12905 | 0x00007a69 | 0x20 | 0x20
[OK ]  | 12906 | 0x00007a6a | 0x00 | 0x00
[OK ]  | 12907 | 0x00007a6b | 0x00 | 0x00
[OK ]  | 12908 | 0x00007a6c | 0x4b | 0x4b
[OK ]  | 12909 | 0x00007a6d | 0xf0 | 0xf0
[OK ]  | 12910 | 0x00007a6e | 0xff | 0xff
[OK ]  | 12911 | 0x00007a6f | 0xff | 0xff
[OK ]  | 12912 | 0x00007a70 | 0x10 | 0x10
[OK ]  | 12913 | 0x00007a71 | 0x2b | 0x2b
[OK ]  | 12914 | 0x00007a72 | 0x02 | 0x02
[OK ]  | 12915 | 0x00007a73 | 0x00 | 0x00
[OK ]  | 12916 | 0x00007a74 | 0xf4 | 0xf4
[OK ]  | 12917 | 0x00007a75 | 0x87 | 0x87
[OK ]  | 12918 | 0x00007a76 | 0x01 | 0x01
[OK ]  | 12919 | 0x00007a77 | 0x00 | 0x00
[OK ]  | 12920 | 0x00007a78 | 0x1f | 0x1f
[OK ]  | 12921 | 0x00007a79 | 0x71 | 0x71
[OK ]  | 12922 | 0x00007a7a | 0x00 | 0x00
[OK ]  | 12923 | 0x00007a7b | 0x00 | 0x00
[OK ]  | 12924 | 0x00007a7c | 0x33 | 0x33
[OK ]  | 12925 | 0x00007a7d | 0x90 | 0x90
[OK ]  | 12926 | 0x00007a7e | 0x00 | 0x00
[OK ]  | 12927 | 0x00007a7f | 0x00 | 0x00
[OK ]  | 12928 | 0x00007a80 | 0x60 | 0x60
[OK ]  | 12929 | 0x00007a81 | 0xe9 | 0xe9
[OK ]  | 12930 | 0x00007a82 | 0xff | 0xff
[OK ]  | 12931 | 0x00007a83 | 0xff | 0xff
[OK ]  | 12932 | 0x00007a84 | 0xef | 0xef
[OK ]  | 12933 | 0x00007a85 | 0xc0 | 0xc0
[OK ]  | 12934 | 0x00007a86 | 0x00 | 0x00
[OK ]  | 12935 | 0x00007a87 | 0x00 | 0x00
[OK ]  | 12936 | 0x00007a88 | 0xba | 0xba
[OK ]  | 12937 | 0x00007a89 | 0x1f | 0x1f
[OK ]  | 12938 | 0x00007a8a | 0x00 | 0x00
[OK ]  | 12939 | 0x00007a8b | 0x00 | 0x00
[OK ]  | 12940 | 0x00007a8c | 0xa9 | 0xa9
[OK ]  | 12941 | 0x00007a8d | 0x7c | 0x7c
[OK ]  | 12942 | 0x00007a8e | 0xfe | 0xfe
[OK ]  | 12943 | 0x00007a8f | 0xff | 0xff
[OK ]  | 12944 | 0x00007a90 | 0xc9 | 0xc9
[OK ]  | 12945 | 0x00007a91 | 0x7a | 0x7a
[OK ]  | 12946 | 0x00007a92 | 0xff | 0xff
[OK ]  | 12947 | 0x00007a93 | 0xff | 0xff
[OK ]  | 12948 | 0x00007a94 | 0xd9 | 0xd9
[OK ]  | 12949 | 0x00007a95 | 0x50 | 0x50
[OK ]  | 12950 | 0x00007a96 | 0x01 | 0x01
[OK ]  | 12951 | 0x00007a97 | 0x00 | 0x00
[OK ]  | 12952 | 0x00007a98 | 0x50 | 0x50
[OK ]  | 12953 | 0x00007a99 | 0x0d | 0x0d
[OK ]  | 12954 | 0x00007a9a | 0xff | 0xff
[OK ]  | 12955 | 0x00007a9b | 0xff | 0xff
[OK ]  | 12956 | 0x00007a9c | 0xf0 | 0xf0
[OK ]  | 12957 | 0x00007a9d | 0xa6 | 0xa6
[OK ]  | 12958 | 0x00007a9e | 0xff | 0xff
[OK ]  | 12959 | 0x00007a9f | 0xff | 0xff
[OK ]  | 12960 | 0x00007aa0 | 0xc0 | 0xc0
[OK ]  | 12961 | 0x00007aa1 | 0x27 | 0x27
[OK ]  | 12962 | 0x00007aa2 | 0x00 | 0x00
[OK ]  | 12963 | 0x00007aa3 | 0x00 | 0x00
[OK ]  | 12964 | 0x00007aa4 | 0x14 | 0x14
[OK ]  | 12965 | 0x00007aa5 | 0x57 | 0x57
[OK ]  | 12966 | 0x00007aa6 | 0x00 | 0x00
[OK ]  | 12967 | 0x00007aa7 | 0x00 | 0x00
[OK ]  | 12968 | 0x00007aa8 | 0x88 | 0x88
[OK ]  | 12969 | 0x00007aa9 | 0xca | 0xca
[OK ]  | 12970 | 0x00007aaa | 0xff | 0xff
[OK ]  | 12971 | 0x00007aab | 0xff | 0xff
[OK ]  | 12972 | 0x00007aac | 0x03 | 0x03
[OK ]  | 12973 | 0x00007aad | 0x30 | 0x30
[OK ]  | 12974 | 0x00007aae | 0x01 | 0x01
[OK ]  | 12975 | 0x00007aaf | 0x00 | 0x00
[OK ]  | 12976 | 0x00007ab0 | 0x20 | 0x20
[OK ]  | 12977 | 0x00007ab1 | 0xba | 0xba
[OK ]  | 12978 | 0x00007ab2 | 0xff | 0xff
[OK ]  | 12979 | 0x00007ab3 | 0xff | 0xff
[OK ]  | 12980 | 0x00007ab4 | 0x37 | 0x37
[OK ]  | 12981 | 0x00007ab5 | 0xa5 | 0xa5
[OK ]  | 12982 | 0x00007ab6 | 0x01 | 0x01
[OK ]  | 12983 | 0x00007ab7 | 0x00 | 0x00
[OK ]  | 12984 | 0x00007ab8 | 0x45 | 0x45
[OK ]  | 12985 | 0x00007ab9 | 0xdb | 0xdb
[OK ]  | 12986 | 0x00007aba | 0x00 | 0x00
[OK ]  | 12987 | 0x00007abb | 0x00 | 0x00
[OK ]  | 12988 | 0x00007abc | 0x3a | 0x3a
[OK ]  | 12989 | 0x00007abd | 0x7b | 0x7b
[OK ]  | 12990 | 0x00007abe | 0xff | 0xff
[OK ]  | 12991 | 0x00007abf | 0xff | 0xff
[OK ]  | 12992 | 0x00007ac0 | 0xda | 0xda
[OK ]  | 12993 | 0x00007ac1 | 0xff | 0xff
[OK ]  | 12994 | 0x00007ac2 | 0xfe | 0xfe
[OK ]  | 12995 | 0x00007ac3 | 0xff | 0xff
[OK ]  | 12996 | 0x00007ac4 | 0x6a | 0x6a
[OK ]  | 12997 | 0x00007ac5 | 0x3e | 0x3e
[OK ]  | 12998 | 0x00007ac6 | 0x02 | 0x02
[OK ]  | 12999 | 0x00007ac7 | 0x00 | 0x00
[OK ]  | 13000 | 0x00007ac8 | 0x3d | 0x3d
[OK ]  | 13001 | 0x00007ac9 | 0x20 | 0x20
[OK ]  | 13002 | 0x00007aca | 0x00 | 0x00
[OK ]  | 13003 | 0x00007acb | 0x00 | 0x00
[OK ]  | 13004 | 0x00007acc | 0x12 | 0x12
[OK ]  | 13005 | 0x00007acd | 0xf3 | 0xf3
[OK ]  | 13006 | 0x00007ace | 0x00 | 0x00
[OK ]  | 13007 | 0x00007acf | 0x00 | 0x00
[OK ]  | 13008 | 0x00007ad0 | 0xb9 | 0xb9
[OK ]  | 13009 | 0x00007ad1 | 0x7e | 0x7e
[OK ]  | 13010 | 0x00007ad2 | 0xff | 0xff
[OK ]  | 13011 | 0x00007ad3 | 0xff | 0xff
[OK ]  | 13012 | 0x00007ad4 | 0x7a | 0x7a
[OK ]  | 13013 | 0x00007ad5 | 0xcc | 0xcc
[OK ]  | 13014 | 0x00007ad6 | 0x00 | 0x00
[OK ]  | 13015 | 0x00007ad7 | 0x00 | 0x00
[OK ]  | 13016 | 0x00007ad8 | 0x5a | 0x5a
[OK ]  | 13017 | 0x00007ad9 | 0x94 | 0x94
[OK ]  | 13018 | 0x00007ada | 0xff | 0xff
[OK ]  | 13019 | 0x00007adb | 0xff | 0xff
[OK ]  | 13020 | 0x00007adc | 0x14 | 0x14
[OK ]  | 13021 | 0x00007add | 0xce | 0xce
[OK ]  | 13022 | 0x00007ade | 0xfe | 0xfe
[OK ]  | 13023 | 0x00007adf | 0xff | 0xff
[OK ]  | 13024 | 0x00007ae0 | 0xd5 | 0xd5
[OK ]  | 13025 | 0x00007ae1 | 0xe5 | 0xe5
[OK ]  | 13026 | 0x00007ae2 | 0xfe | 0xfe
[OK ]  | 13027 | 0x00007ae3 | 0xff | 0xff
[OK ]  | 13028 | 0x00007ae4 | 0x7a | 0x7a
[OK ]  | 13029 | 0x00007ae5 | 0x06 | 0x06
[OK ]  | 13030 | 0x00007ae6 | 0xff | 0xff
[OK ]  | 13031 | 0x00007ae7 | 0xff | 0xff
[OK ]  | 13032 | 0x00007ae8 | 0x64 | 0x64
[OK ]  | 13033 | 0x00007ae9 | 0x17 | 0x17
[OK ]  | 13034 | 0x00007aea | 0x01 | 0x01
[OK ]  | 13035 | 0x00007aeb | 0x00 | 0x00
[OK ]  | 13036 | 0x00007aec | 0xc7 | 0xc7
[OK ]  | 13037 | 0x00007aed | 0x82 | 0x82
[OK ]  | 13038 | 0x00007aee | 0xfe | 0xfe
[OK ]  | 13039 | 0x00007aef | 0xff | 0xff
[OK ]  | 13040 | 0x00007af0 | 0x74 | 0x74
[OK ]  | 13041 | 0x00007af1 | 0x87 | 0x87
[OK ]  | 13042 | 0x00007af2 | 0x00 | 0x00
[OK ]  | 13043 | 0x00007af3 | 0x00 | 0x00
[OK ]  | 13044 | 0x00007af4 | 0x2e | 0x2e
[OK ]  | 13045 | 0x00007af5 | 0x15 | 0x15
[OK ]  | 13046 | 0x00007af6 | 0x00 | 0x00
[OK ]  | 13047 | 0x00007af7 | 0x00 | 0x00
[OK ]  | 13048 | 0x00007af8 | 0xa2 | 0xa2
[OK ]  | 13049 | 0x00007af9 | 0x27 | 0x27
[OK ]  | 13050 | 0x00007afa | 0x01 | 0x01
[OK ]  | 13051 | 0x00007afb | 0x00 | 0x00
[OK ]  | 13052 | 0x00007afc | 0x5a | 0x5a
[OK ]  | 13053 | 0x00007afd | 0xd0 | 0xd0
[OK ]  | 13054 | 0x00007afe | 0xff | 0xff
[OK ]  | 13055 | 0x00007aff | 0xff | 0xff
[OK ]  | 13056 | 0x00007b00 | 0xa3 | 0xa3
[OK ]  | 13057 | 0x00007b01 | 0xa8 | 0xa8
[OK ]  | 13058 | 0x00007b02 | 0xff | 0xff
[OK ]  | 13059 | 0x00007b03 | 0xff | 0xff
[OK ]  | 13060 | 0x00007b04 | 0x48 | 0x48
[OK ]  | 13061 | 0x00007b05 | 0xbd | 0xbd
[OK ]  | 13062 | 0x00007b06 | 0x00 | 0x00
[OK ]  | 13063 | 0x00007b07 | 0x00 | 0x00
[OK ]  | 13064 | 0x00007b08 | 0xe0 | 0xe0
[OK ]  | 13065 | 0x00007b09 | 0x01 | 0x01
[OK ]  | 13066 | 0x00007b0a | 0x01 | 0x01
[OK ]  | 13067 | 0x00007b0b | 0x00 | 0x00
[OK ]  | 13068 | 0x00007b0c | 0xa7 | 0xa7
[OK ]  | 13069 | 0x00007b0d | 0x60 | 0x60
[OK ]  | 13070 | 0x00007b0e | 0x00 | 0x00
[OK ]  | 13071 | 0x00007b0f | 0x00 | 0x00
[OK ]  | 13072 | 0x00007b10 | 0xf7 | 0xf7
[OK ]  | 13073 | 0x00007b11 | 0x06 | 0x06
[OK ]  | 13074 | 0x00007b12 | 0xff | 0xff
[OK ]  | 13075 | 0x00007b13 | 0xff | 0xff
[OK ]  | 13076 | 0x00007b14 | 0x3f | 0x3f
[OK ]  | 13077 | 0x00007b15 | 0x16 | 0x16
[OK ]  | 13078 | 0x00007b16 | 0x01 | 0x01
[OK ]  | 13079 | 0x00007b17 | 0x00 | 0x00
[OK ]  | 13080 | 0x00007b18 | 0xc7 | 0xc7
[OK ]  | 13081 | 0x00007b19 | 0x47 | 0x47
[OK ]  | 13082 | 0x00007b1a | 0x00 | 0x00
[OK ]  | 13083 | 0x00007b1b | 0x00 | 0x00
[OK ]  | 13084 | 0x00007b1c | 0xa1 | 0xa1
[OK ]  | 13085 | 0x00007b1d | 0xe2 | 0xe2
[OK ]  | 13086 | 0x00007b1e | 0xff | 0xff
[OK ]  | 13087 | 0x00007b1f | 0xff | 0xff
[OK ]  | 13088 | 0x00007b20 | 0x84 | 0x84
[OK ]  | 13089 | 0x00007b21 | 0x31 | 0x31
[OK ]  | 13090 | 0x00007b22 | 0xfe | 0xfe
[OK ]  | 13091 | 0x00007b23 | 0xff | 0xff
[OK ]  | 13092 | 0x00007b24 | 0xab | 0xab
[OK ]  | 13093 | 0x00007b25 | 0x25 | 0x25
[OK ]  | 13094 | 0x00007b26 | 0xff | 0xff
[OK ]  | 13095 | 0x00007b27 | 0xff | 0xff
[OK ]  | 13096 | 0x00007b28 | 0x30 | 0x30
[OK ]  | 13097 | 0x00007b29 | 0x16 | 0x16
[OK ]  | 13098 | 0x00007b2a | 0x00 | 0x00
[OK ]  | 13099 | 0x00007b2b | 0x00 | 0x00
[OK ]  | 13100 | 0x00007b2c | 0xd6 | 0xd6
[OK ]  | 13101 | 0x00007b2d | 0xea | 0xea
[OK ]  | 13102 | 0x00007b2e | 0x00 | 0x00
[OK ]  | 13103 | 0x00007b2f | 0x00 | 0x00
[OK ]  | 13104 | 0x00007b30 | 0x97 | 0x97
[OK ]  | 13105 | 0x00007b31 | 0xf4 | 0xf4
[OK ]  | 13106 | 0x00007b32 | 0xff | 0xff
[OK ]  | 13107 | 0x00007b33 | 0xff | 0xff
[OK ]  | 13108 | 0x00007b34 | 0xff | 0xff
[OK ]  | 13109 | 0x00007b35 | 0x6e | 0x6e
[OK ]  | 13110 | 0x00007b36 | 0xff | 0xff
[OK ]  | 13111 | 0x00007b37 | 0xff | 0xff
[OK ]  | 13112 | 0x00007b38 | 0xde | 0xde
[OK ]  | 13113 | 0x00007b39 | 0x16 | 0x16
[OK ]  | 13114 | 0x00007b3a | 0xff | 0xff
[OK ]  | 13115 | 0x00007b3b | 0xff | 0xff
[OK ]  | 13116 | 0x00007b3c | 0xd7 | 0xd7
[OK ]  | 13117 | 0x00007b3d | 0x98 | 0x98
[OK ]  | 13118 | 0x00007b3e | 0x00 | 0x00
[OK ]  | 13119 | 0x00007b3f | 0x00 | 0x00
[OK ]  | 13120 | 0x00007b40 | 0xdb | 0xdb
[OK ]  | 13121 | 0x00007b41 | 0xf1 | 0xf1
[OK ]  | 13122 | 0x00007b42 | 0xff | 0xff
[OK ]  | 13123 | 0x00007b43 | 0xff | 0xff
[OK ]  | 13124 | 0x00007b44 | 0x35 | 0x35
[OK ]  | 13125 | 0x00007b45 | 0xb1 | 0xb1
[OK ]  | 13126 | 0x00007b46 | 0xfd | 0xfd
[OK ]  | 13127 | 0x00007b47 | 0xff | 0xff
[OK ]  | 13128 | 0x00007b48 | 0xb5 | 0xb5
[OK ]  | 13129 | 0x00007b49 | 0xfb | 0xfb
[OK ]  | 13130 | 0x00007b4a | 0xfe | 0xfe
[OK ]  | 13131 | 0x00007b4b | 0xff | 0xff
[OK ]  | 13132 | 0x00007b4c | 0xe5 | 0xe5
[OK ]  | 13133 | 0x00007b4d | 0xab | 0xab
[OK ]  | 13134 | 0x00007b4e | 0xff | 0xff
[OK ]  | 13135 | 0x00007b4f | 0xff | 0xff
[OK ]  | 13136 | 0x00007b50 | 0xf0 | 0xf0
[OK ]  | 13137 | 0x00007b51 | 0xe3 | 0xe3
[OK ]  | 13138 | 0x00007b52 | 0x01 | 0x01
[OK ]  | 13139 | 0x00007b53 | 0x00 | 0x00
[OK ]  | 13140 | 0x00007b54 | 0x89 | 0x89
[OK ]  | 13141 | 0x00007b55 | 0xdd | 0xdd
[OK ]  | 13142 | 0x00007b56 | 0xff | 0xff
[OK ]  | 13143 | 0x00007b57 | 0xff | 0xff
[OK ]  | 13144 | 0x00007b58 | 0xa6 | 0xa6
[OK ]  | 13145 | 0x00007b59 | 0x9a | 0x9a
[OK ]  | 13146 | 0x00007b5a | 0xff | 0xff
[OK ]  | 13147 | 0x00007b5b | 0xff | 0xff
[OK ]  | 13148 | 0x00007b5c | 0xca | 0xca
[OK ]  | 13149 | 0x00007b5d | 0xa3 | 0xa3
[OK ]  | 13150 | 0x00007b5e | 0x00 | 0x00
[OK ]  | 13151 | 0x00007b5f | 0x00 | 0x00
[OK ]  | 13152 | 0x00007b60 | 0xd8 | 0xd8
[OK ]  | 13153 | 0x00007b61 | 0x2e | 0x2e
[OK ]  | 13154 | 0x00007b62 | 0x00 | 0x00
[OK ]  | 13155 | 0x00007b63 | 0x00 | 0x00
[OK ]  | 13156 | 0x00007b64 | 0xfd | 0xfd
[OK ]  | 13157 | 0x00007b65 | 0x4e | 0x4e
[OK ]  | 13158 | 0x00007b66 | 0x00 | 0x00
[OK ]  | 13159 | 0x00007b67 | 0x00 | 0x00
[OK ]  | 13160 | 0x00007b68 | 0xc9 | 0xc9
[OK ]  | 13161 | 0x00007b69 | 0xc6 | 0xc6
[OK ]  | 13162 | 0x00007b6a | 0xff | 0xff
[OK ]  | 13163 | 0x00007b6b | 0xff | 0xff
[OK ]  | 13164 | 0x00007b6c | 0xce | 0xce
[OK ]  | 13165 | 0x00007b6d | 0x27 | 0x27
[OK ]  | 13166 | 0x00007b6e | 0x01 | 0x01
[OK ]  | 13167 | 0x00007b6f | 0x00 | 0x00
[OK ]  | 13168 | 0x00007b70 | 0x5c | 0x5c
[OK ]  | 13169 | 0x00007b71 | 0x68 | 0x68
[OK ]  | 13170 | 0x00007b72 | 0x01 | 0x01
[OK ]  | 13171 | 0x00007b73 | 0x00 | 0x00
[OK ]  | 13172 | 0x00007b74 | 0x36 | 0x36
[OK ]  | 13173 | 0x00007b75 | 0x12 | 0x12
[OK ]  | 13174 | 0x00007b76 | 0xff | 0xff
[OK ]  | 13175 | 0x00007b77 | 0xff | 0xff
[OK ]  | 13176 | 0x00007b78 | 0x02 | 0x02
[OK ]  | 13177 | 0x00007b79 | 0xcc | 0xcc
[OK ]  | 13178 | 0x00007b7a | 0xfe | 0xfe
[OK ]  | 13179 | 0x00007b7b | 0xff | 0xff
[OK ]  | 13180 | 0x00007b7c | 0xd1 | 0xd1
[OK ]  | 13181 | 0x00007b7d | 0x7a | 0x7a
[OK ]  | 13182 | 0x00007b7e | 0xff | 0xff
[OK ]  | 13183 | 0x00007b7f | 0xff | 0xff
[OK ]  | 13184 | 0x00007b80 | 0x88 | 0x88
[OK ]  | 13185 | 0x00007b81 | 0x29 | 0x29
[OK ]  | 13186 | 0x00007b82 | 0x00 | 0x00
[OK ]  | 13187 | 0x00007b83 | 0x00 | 0x00
[OK ]  | 13188 | 0x00007b84 | 0x28 | 0x28
[OK ]  | 13189 | 0x00007b85 | 0x4f | 0x4f
[OK ]  | 13190 | 0x00007b86 | 0x00 | 0x00
[OK ]  | 13191 | 0x00007b87 | 0x00 | 0x00
[OK ]  | 13192 | 0x00007b88 | 0x1a | 0x1a
[OK ]  | 13193 | 0x00007b89 | 0x2e | 0x2e
[OK ]  | 13194 | 0x00007b8a | 0xff | 0xff
[OK ]  | 13195 | 0x00007b8b | 0xff | 0xff
[OK ]  | 13196 | 0x00007b8c | 0x29 | 0x29
[OK ]  | 13197 | 0x00007b8d | 0xfa | 0xfa
[OK ]  | 13198 | 0x00007b8e | 0x00 | 0x00
[OK ]  | 13199 | 0x00007b8f | 0x00 | 0x00
[OK ]  | 13200 | 0x00007b90 | 0xd1 | 0xd1
[OK ]  | 13201 | 0x00007b91 | 0xf4 | 0xf4
[OK ]  | 13202 | 0x00007b92 | 0x00 | 0x00
[OK ]  | 13203 | 0x00007b93 | 0x00 | 0x00
[OK ]  | 13204 | 0x00007b94 | 0x49 | 0x49
[OK ]  | 13205 | 0x00007b95 | 0x89 | 0x89
[OK ]  | 13206 | 0x00007b96 | 0xff | 0xff
[OK ]  | 13207 | 0x00007b97 | 0xff | 0xff
[OK ]  | 13208 | 0x00007b98 | 0x57 | 0x57
[OK ]  | 13209 | 0x00007b99 | 0xa7 | 0xa7
[OK ]  | 13210 | 0x00007b9a | 0xff | 0xff
[OK ]  | 13211 | 0x00007b9b | 0xff | 0xff
[OK ]  | 13212 | 0x00007b9c | 0xde | 0xde
[OK ]  | 13213 | 0x00007b9d | 0xd3 | 0xd3
[OK ]  | 13214 | 0x00007b9e | 0x00 | 0x00
[OK ]  | 13215 | 0x00007b9f | 0x00 | 0x00
[OK ]  | 13216 | 0x00007ba0 | 0x9e | 0x9e
[OK ]  | 13217 | 0x00007ba1 | 0xc6 | 0xc6
[OK ]  | 13218 | 0x00007ba2 | 0x01 | 0x01
[OK ]  | 13219 | 0x00007ba3 | 0x00 | 0x00
[OK ]  | 13220 | 0x00007ba4 | 0xc5 | 0xc5
[OK ]  | 13221 | 0x00007ba5 | 0x02 | 0x02
[OK ]  | 13222 | 0x00007ba6 | 0xff | 0xff
[OK ]  | 13223 | 0x00007ba7 | 0xff | 0xff
[OK ]  | 13224 | 0x00007ba8 | 0x18 | 0x18
[OK ]  | 13225 | 0x00007ba9 | 0x60 | 0x60
[OK ]  | 13226 | 0x00007baa | 0x01 | 0x01
[OK ]  | 13227 | 0x00007bab | 0x00 | 0x00
[OK ]  | 13228 | 0x00007bac | 0x59 | 0x59
[OK ]  | 13229 | 0x00007bad | 0x7d | 0x7d
[OK ]  | 13230 | 0x00007bae | 0xfe | 0xfe
[OK ]  | 13231 | 0x00007baf | 0xff | 0xff
[OK ]  | 13232 | 0x00007bb0 | 0xed | 0xed
[OK ]  | 13233 | 0x00007bb1 | 0x34 | 0x34
[OK ]  | 13234 | 0x00007bb2 | 0x00 | 0x00
[OK ]  | 13235 | 0x00007bb3 | 0x00 | 0x00
[OK ]  | 13236 | 0x00007bb4 | 0x0c | 0x0c
[OK ]  | 13237 | 0x00007bb5 | 0x17 | 0x17
[OK ]  | 13238 | 0x00007bb6 | 0x00 | 0x00
[OK ]  | 13239 | 0x00007bb7 | 0x00 | 0x00
[OK ]  | 13240 | 0x00007bb8 | 0x20 | 0x20
[OK ]  | 13241 | 0x00007bb9 | 0x48 | 0x48
[OK ]  | 13242 | 0x00007bba | 0xff | 0xff
[OK ]  | 13243 | 0x00007bbb | 0xff | 0xff
[OK ]  | 13244 | 0x00007bbc | 0x45 | 0x45
[OK ]  | 13245 | 0x00007bbd | 0xfe | 0xfe
[OK ]  | 13246 | 0x00007bbe | 0xfe | 0xfe
[OK ]  | 13247 | 0x00007bbf | 0xff | 0xff
[OK ]  | 13248 | 0x00007bc0 | 0x97 | 0x97
[OK ]  | 13249 | 0x00007bc1 | 0x53 | 0x53
[OK ]  | 13250 | 0x00007bc2 | 0x00 | 0x00
[OK ]  | 13251 | 0x00007bc3 | 0x00 | 0x00
[OK ]  | 13252 | 0x00007bc4 | 0x04 | 0x04
[OK ]  | 13253 | 0x00007bc5 | 0x4f | 0x4f
[OK ]  | 13254 | 0x00007bc6 | 0xff | 0xff
[OK ]  | 13255 | 0x00007bc7 | 0xff | 0xff
[OK ]  | 13256 | 0x00007bc8 | 0xd1 | 0xd1
[OK ]  | 13257 | 0x00007bc9 | 0x41 | 0x41
[OK ]  | 13258 | 0x00007bca | 0x01 | 0x01
[OK ]  | 13259 | 0x00007bcb | 0x00 | 0x00
[OK ]  | 13260 | 0x00007bcc | 0x7b | 0x7b
[OK ]  | 13261 | 0x00007bcd | 0xde | 0xde
[OK ]  | 13262 | 0x00007bce | 0xff | 0xff
[OK ]  | 13263 | 0x00007bcf | 0xff | 0xff
[OK ]  | 13264 | 0x00007bd0 | 0xa2 | 0xa2
[OK ]  | 13265 | 0x00007bd1 | 0x3d | 0x3d
[OK ]  | 13266 | 0x00007bd2 | 0x00 | 0x00
[OK ]  | 13267 | 0x00007bd3 | 0x00 | 0x00
[OK ]  | 13268 | 0x00007bd4 | 0x51 | 0x51
[OK ]  | 13269 | 0x00007bd5 | 0x36 | 0x36
[OK ]  | 13270 | 0x00007bd6 | 0xfe | 0xfe
[OK ]  | 13271 | 0x00007bd7 | 0xff | 0xff
[OK ]  | 13272 | 0x00007bd8 | 0x45 | 0x45
[OK ]  | 13273 | 0x00007bd9 | 0xaa | 0xaa
[OK ]  | 13274 | 0x00007bda | 0xff | 0xff
[OK ]  | 13275 | 0x00007bdb | 0xff | 0xff
[OK ]  | 13276 | 0x00007bdc | 0xb7 | 0xb7
[OK ]  | 13277 | 0x00007bdd | 0x06 | 0x06
[OK ]  | 13278 | 0x00007bde | 0xff | 0xff
[OK ]  | 13279 | 0x00007bdf | 0xff | 0xff
[OK ]  | 13280 | 0x00007be0 | 0xc9 | 0xc9
[OK ]  | 13281 | 0x00007be1 | 0xb1 | 0xb1
[OK ]  | 13282 | 0x00007be2 | 0xfe | 0xfe
[OK ]  | 13283 | 0x00007be3 | 0xff | 0xff
[OK ]  | 13284 | 0x00007be4 | 0x64 | 0x64
[OK ]  | 13285 | 0x00007be5 | 0x19 | 0x19
[OK ]  | 13286 | 0x00007be6 | 0x00 | 0x00
[OK ]  | 13287 | 0x00007be7 | 0x00 | 0x00
[OK ]  | 13288 | 0x00007be8 | 0x51 | 0x51
[OK ]  | 13289 | 0x00007be9 | 0xba | 0xba
[OK ]  | 13290 | 0x00007bea | 0xff | 0xff
[OK ]  | 13291 | 0x00007beb | 0xff | 0xff
[OK ]  | 13292 | 0x00007bec | 0x19 | 0x19
[OK ]  | 13293 | 0x00007bed | 0x02 | 0x02
[OK ]  | 13294 | 0x00007bee | 0x02 | 0x02
[OK ]  | 13295 | 0x00007bef | 0x00 | 0x00
[OK ]  | 13296 | 0x00007bf0 | 0xaf | 0xaf
[OK ]  | 13297 | 0x00007bf1 | 0xa9 | 0xa9
[OK ]  | 13298 | 0x00007bf2 | 0xff | 0xff
[OK ]  | 13299 | 0x00007bf3 | 0xff | 0xff
[OK ]  | 13300 | 0x00007bf4 | 0x47 | 0x47
[OK ]  | 13301 | 0x00007bf5 | 0x24 | 0x24
[OK ]  | 13302 | 0x00007bf6 | 0x01 | 0x01
[OK ]  | 13303 | 0x00007bf7 | 0x00 | 0x00
[OK ]  | 13304 | 0x00007bf8 | 0x2a | 0x2a
[OK ]  | 13305 | 0x00007bf9 | 0x6e | 0x6e
[OK ]  | 13306 | 0x00007bfa | 0xfe | 0xfe
[OK ]  | 13307 | 0x00007bfb | 0xff | 0xff
[OK ]  | 13308 | 0x00007bfc | 0x57 | 0x57
[OK ]  | 13309 | 0x00007bfd | 0x14 | 0x14
[OK ]  | 13310 | 0x00007bfe | 0x01 | 0x01
[OK ]  | 13311 | 0x00007bff | 0x00 | 0x00
[OK ]  | 13312 | 0x00007c00 | 0x23 | 0x23
[OK ]  | 13313 | 0x00007c01 | 0x1a | 0x1a
[OK ]  | 13314 | 0x00007c02 | 0x01 | 0x01
[OK ]  | 13315 | 0x00007c03 | 0x00 | 0x00
[OK ]  | 13316 | 0x00007c04 | 0x7f | 0x7f
[OK ]  | 13317 | 0x00007c05 | 0xe8 | 0xe8
[OK ]  | 13318 | 0x00007c06 | 0xfd | 0xfd
[OK ]  | 13319 | 0x00007c07 | 0xff | 0xff
[OK ]  | 13320 | 0x00007c08 | 0x32 | 0x32
[OK ]  | 13321 | 0x00007c09 | 0x38 | 0x38
[OK ]  | 13322 | 0x00007c0a | 0x01 | 0x01
[OK ]  | 13323 | 0x00007c0b | 0x00 | 0x00
[OK ]  | 13324 | 0x00007c0c | 0x48 | 0x48
[OK ]  | 13325 | 0x00007c0d | 0xb9 | 0xb9
[OK ]  | 13326 | 0x00007c0e | 0x00 | 0x00
[OK ]  | 13327 | 0x00007c0f | 0x00 | 0x00
[OK ]  | 13328 | 0x00007c10 | 0x3e | 0x3e
[OK ]  | 13329 | 0x00007c11 | 0x65 | 0x65
[OK ]  | 13330 | 0x00007c12 | 0x00 | 0x00
[OK ]  | 13331 | 0x00007c13 | 0x00 | 0x00
[OK ]  | 13332 | 0x00007c14 | 0xa5 | 0xa5
[OK ]  | 13333 | 0x00007c15 | 0xce | 0xce
[OK ]  | 13334 | 0x00007c16 | 0xff | 0xff
[OK ]  | 13335 | 0x00007c17 | 0xff | 0xff
[OK ]  | 13336 | 0x00007c18 | 0xc6 | 0xc6
[OK ]  | 13337 | 0x00007c19 | 0xa1 | 0xa1
[OK ]  | 13338 | 0x00007c1a | 0xff | 0xff
[OK ]  | 13339 | 0x00007c1b | 0xff | 0xff
[OK ]  | 13340 | 0x00007c1c | 0x6b | 0x6b
[OK ]  | 13341 | 0x00007c1d | 0x50 | 0x50
[OK ]  | 13342 | 0x00007c1e | 0x00 | 0x00
[OK ]  | 13343 | 0x00007c1f | 0x00 | 0x00
[OK ]  | 13344 | 0x00007c20 | 0x76 | 0x76
[OK ]  | 13345 | 0x00007c21 | 0x0a | 0x0a
[OK ]  | 13346 | 0x00007c22 | 0xfe | 0xfe
[OK ]  | 13347 | 0x00007c23 | 0xff | 0xff
[OK ]  | 13348 | 0x00007c24 | 0xc6 | 0xc6
[OK ]  | 13349 | 0x00007c25 | 0x9a | 0x9a
[OK ]  | 13350 | 0x00007c26 | 0xff | 0xff
[OK ]  | 13351 | 0x00007c27 | 0xff | 0xff
[OK ]  | 13352 | 0x00007c28 | 0x2d | 0x2d
[OK ]  | 13353 | 0x00007c29 | 0xde | 0xde
[OK ]  | 13354 | 0x00007c2a | 0xff | 0xff
[OK ]  | 13355 | 0x00007c2b | 0xff | 0xff
[OK ]  | 13356 | 0x00007c2c | 0xbe | 0xbe
[OK ]  | 13357 | 0x00007c2d | 0x41 | 0x41
[OK ]  | 13358 | 0x00007c2e | 0x00 | 0x00
[OK ]  | 13359 | 0x00007c2f | 0x00 | 0x00
[OK ]  | 13360 | 0x00007c30 | 0x0d | 0x0d
[OK ]  | 13361 | 0x00007c31 | 0x8b | 0x8b
[OK ]  | 13362 | 0x00007c32 | 0x00 | 0x00
[OK ]  | 13363 | 0x00007c33 | 0x00 | 0x00
[OK ]  | 13364 | 0x00007c34 | 0x18 | 0x18
[OK ]  | 13365 | 0x00007c35 | 0x4a | 0x4a
[OK ]  | 13366 | 0x00007c36 | 0x00 | 0x00
[OK ]  | 13367 | 0x00007c37 | 0x00 | 0x00
[OK ]  | 13368 | 0x00007c38 | 0x19 | 0x19
[OK ]  | 13369 | 0x00007c39 | 0x3a | 0x3a
[OK ]  | 13370 | 0x00007c3a | 0xff | 0xff
[OK ]  | 13371 | 0x00007c3b | 0xff | 0xff
[OK ]  | 13372 | 0x00007c3c | 0x3b | 0x3b
[OK ]  | 13373 | 0x00007c3d | 0x5f | 0x5f
[OK ]  | 13374 | 0x00007c3e | 0x01 | 0x01
[OK ]  | 13375 | 0x00007c3f | 0x00 | 0x00
[OK ]  | 13376 | 0x00007c40 | 0x43 | 0x43
[OK ]  | 13377 | 0x00007c41 | 0x00 | 0x00
[OK ]  | 13378 | 0x00007c42 | 0x01 | 0x01
[OK ]  | 13379 | 0x00007c43 | 0x00 | 0x00
[OK ]  | 13380 | 0x00007c44 | 0xb5 | 0xb5
[OK ]  | 13381 | 0x00007c45 | 0xf5 | 0xf5
[OK ]  | 13382 | 0x00007c46 | 0xff | 0xff
[OK ]  | 13383 | 0x00007c47 | 0xff | 0xff
[OK ]  | 13384 | 0x00007c48 | 0x94 | 0x94
[OK ]  | 13385 | 0x00007c49 | 0x03 | 0x03
[OK ]  | 13386 | 0x00007c4a | 0xff | 0xff
[OK ]  | 13387 | 0x00007c4b | 0xff | 0xff
[OK ]  | 13388 | 0x00007c4c | 0x6f | 0x6f
[OK ]  | 13389 | 0x00007c4d | 0x8a | 0x8a
[OK ]  | 13390 | 0x00007c4e | 0x01 | 0x01
[OK ]  | 13391 | 0x00007c4f | 0x00 | 0x00
[OK ]  | 13392 | 0x00007c50 | 0x99 | 0x99
[OK ]  | 13393 | 0x00007c51 | 0x3f | 0x3f
[OK ]  | 13394 | 0x00007c52 | 0x02 | 0x02
[OK ]  | 13395 | 0x00007c53 | 0x00 | 0x00
[OK ]  | 13396 | 0x00007c54 | 0x80 | 0x80
[OK ]  | 13397 | 0x00007c55 | 0xe1 | 0xe1
[OK ]  | 13398 | 0x00007c56 | 0x00 | 0x00
[OK ]  | 13399 | 0x00007c57 | 0x00 | 0x00
[OK ]  | 13400 | 0x00007c58 | 0xb7 | 0xb7
[OK ]  | 13401 | 0x00007c59 | 0xa9 | 0xa9
[OK ]  | 13402 | 0x00007c5a | 0xfe | 0xfe
[OK ]  | 13403 | 0x00007c5b | 0xff | 0xff
[OK ]  | 13404 | 0x00007c5c | 0xe4 | 0xe4
[OK ]  | 13405 | 0x00007c5d | 0x67 | 0x67
[OK ]  | 13406 | 0x00007c5e | 0x00 | 0x00
[OK ]  | 13407 | 0x00007c5f | 0x00 | 0x00
[OK ]  | 13408 | 0x00007c60 | 0xf6 | 0xf6
[OK ]  | 13409 | 0x00007c61 | 0xcc | 0xcc
[OK ]  | 13410 | 0x00007c62 | 0xff | 0xff
[OK ]  | 13411 | 0x00007c63 | 0xff | 0xff
[OK ]  | 13412 | 0x00007c64 | 0x61 | 0x61
[OK ]  | 13413 | 0x00007c65 | 0x2a | 0x2a
[OK ]  | 13414 | 0x00007c66 | 0x00 | 0x00
[OK ]  | 13415 | 0x00007c67 | 0x00 | 0x00
[OK ]  | 13416 | 0x00007c68 | 0x97 | 0x97
[OK ]  | 13417 | 0x00007c69 | 0x10 | 0x10
[OK ]  | 13418 | 0x00007c6a | 0x00 | 0x00
[OK ]  | 13419 | 0x00007c6b | 0x00 | 0x00
[OK ]  | 13420 | 0x00007c6c | 0xca | 0xca
[OK ]  | 13421 | 0x00007c6d | 0xd8 | 0xd8
[OK ]  | 13422 | 0x00007c6e | 0xfe | 0xfe
[OK ]  | 13423 | 0x00007c6f | 0xff | 0xff
[OK ]  | 13424 | 0x00007c70 | 0x25 | 0x25
[OK ]  | 13425 | 0x00007c71 | 0xd1 | 0xd1
[OK ]  | 13426 | 0x00007c72 | 0xff | 0xff
[OK ]  | 13427 | 0x00007c73 | 0xff | 0xff
[OK ]  | 13428 | 0x00007c74 | 0xf4 | 0xf4
[OK ]  | 13429 | 0x00007c75 | 0xe6 | 0xe6
[OK ]  | 13430 | 0x00007c76 | 0xfe | 0xfe
[OK ]  | 13431 | 0x00007c77 | 0xff | 0xff
[OK ]  | 13432 | 0x00007c78 | 0xeb | 0xeb
[OK ]  | 13433 | 0x00007c79 | 0x81 | 0x81
[OK ]  | 13434 | 0x00007c7a | 0xfe | 0xfe
[OK ]  | 13435 | 0x00007c7b | 0xff | 0xff
[OK ]  | 13436 | 0x00007c7c | 0xc1 | 0xc1
[OK ]  | 13437 | 0x00007c7d | 0xea | 0xea
[OK ]  | 13438 | 0x00007c7e | 0xfe | 0xfe
[OK ]  | 13439 | 0x00007c7f | 0xff | 0xff
[OK ]  | 13440 | 0x00007c80 | 0x8e | 0x8e
[OK ]  | 13441 | 0x00007c81 | 0x0a | 0x0a
[OK ]  | 13442 | 0x00007c82 | 0x00 | 0x00
[OK ]  | 13443 | 0x00007c83 | 0x00 | 0x00
[OK ]  | 13444 | 0x00007c84 | 0x3b | 0x3b
[OK ]  | 13445 | 0x00007c85 | 0xb0 | 0xb0
[OK ]  | 13446 | 0x00007c86 | 0xff | 0xff
[OK ]  | 13447 | 0x00007c87 | 0xff | 0xff
[OK ]  | 13448 | 0x00007c88 | 0x1e | 0x1e
[OK ]  | 13449 | 0x00007c89 | 0x71 | 0x71
[OK ]  | 13450 | 0x00007c8a | 0x01 | 0x01
[OK ]  | 13451 | 0x00007c8b | 0x00 | 0x00
[OK ]  | 13452 | 0x00007c8c | 0x51 | 0x51
[OK ]  | 13453 | 0x00007c8d | 0x2d | 0x2d
[OK ]  | 13454 | 0x00007c8e | 0x01 | 0x01
[OK ]  | 13455 | 0x00007c8f | 0x00 | 0x00
[OK ]  | 13456 | 0x00007c90 | 0x5a | 0x5a
[OK ]  | 13457 | 0x00007c91 | 0x21 | 0x21
[OK ]  | 13458 | 0x00007c92 | 0x00 | 0x00
[OK ]  | 13459 | 0x00007c93 | 0x00 | 0x00
[OK ]  | 13460 | 0x00007c94 | 0x94 | 0x94
[OK ]  | 13461 | 0x00007c95 | 0x76 | 0x76
[OK ]  | 13462 | 0x00007c96 | 0xff | 0xff
[OK ]  | 13463 | 0x00007c97 | 0xff | 0xff
[OK ]  | 13464 | 0x00007c98 | 0x1a | 0x1a
[OK ]  | 13465 | 0x00007c99 | 0x0f | 0x0f
[OK ]  | 13466 | 0x00007c9a | 0x00 | 0x00
[OK ]  | 13467 | 0x00007c9b | 0x00 | 0x00
[OK ]  | 13468 | 0x00007c9c | 0x5a | 0x5a
[OK ]  | 13469 | 0x00007c9d | 0x1f | 0x1f
[OK ]  | 13470 | 0x00007c9e | 0x01 | 0x01
[OK ]  | 13471 | 0x00007c9f | 0x00 | 0x00
[OK ]  | 13472 | 0x00007ca0 | 0xfe | 0xfe
[OK ]  | 13473 | 0x00007ca1 | 0xfa | 0xfa
[OK ]  | 13474 | 0x00007ca2 | 0xfe | 0xfe
[OK ]  | 13475 | 0x00007ca3 | 0xff | 0xff
[OK ]  | 13476 | 0x00007ca4 | 0xee | 0xee
[OK ]  | 13477 | 0x00007ca5 | 0xc7 | 0xc7
[OK ]  | 13478 | 0x00007ca6 | 0xfe | 0xfe
[OK ]  | 13479 | 0x00007ca7 | 0xff | 0xff
[OK ]  | 13480 | 0x00007ca8 | 0x33 | 0x33
[OK ]  | 13481 | 0x00007ca9 | 0x40 | 0x40
[OK ]  | 13482 | 0x00007caa | 0xff | 0xff
[OK ]  | 13483 | 0x00007cab | 0xff | 0xff
[OK ]  | 13484 | 0x00007cac | 0x67 | 0x67
[OK ]  | 13485 | 0x00007cad | 0x3c | 0x3c
[OK ]  | 13486 | 0x00007cae | 0xff | 0xff
[OK ]  | 13487 | 0x00007caf | 0xff | 0xff
[OK ]  | 13488 | 0x00007cb0 | 0x9f | 0x9f
[OK ]  | 13489 | 0x00007cb1 | 0xfc | 0xfc
[OK ]  | 13490 | 0x00007cb2 | 0xff | 0xff
[OK ]  | 13491 | 0x00007cb3 | 0xff | 0xff
[OK ]  | 13492 | 0x00007cb4 | 0xf4 | 0xf4
[OK ]  | 13493 | 0x00007cb5 | 0x37 | 0x37
[OK ]  | 13494 | 0x00007cb6 | 0xff | 0xff
[OK ]  | 13495 | 0x00007cb7 | 0xff | 0xff
[OK ]  | 13496 | 0x00007cb8 | 0x83 | 0x83
[OK ]  | 13497 | 0x00007cb9 | 0x4d | 0x4d
[OK ]  | 13498 | 0x00007cba | 0xff | 0xff
[OK ]  | 13499 | 0x00007cbb | 0xff | 0xff
[OK ]  | 13500 | 0x00007cbc | 0x1f | 0x1f
[OK ]  | 13501 | 0x00007cbd | 0xe0 | 0xe0
[OK ]  | 13502 | 0x00007cbe | 0x00 | 0x00
[OK ]  | 13503 | 0x00007cbf | 0x00 | 0x00
[OK ]  | 13504 | 0x00007cc0 | 0x31 | 0x31
[OK ]  | 13505 | 0x00007cc1 | 0x9c | 0x9c
[OK ]  | 13506 | 0x00007cc2 | 0x00 | 0x00
[OK ]  | 13507 | 0x00007cc3 | 0x00 | 0x00
[OK ]  | 13508 | 0x00007cc4 | 0x8a | 0x8a
[OK ]  | 13509 | 0x00007cc5 | 0xa5 | 0xa5
[OK ]  | 13510 | 0x00007cc6 | 0x02 | 0x02
[OK ]  | 13511 | 0x00007cc7 | 0x00 | 0x00
[OK ]  | 13512 | 0x00007cc8 | 0x9a | 0x9a
[OK ]  | 13513 | 0x00007cc9 | 0x57 | 0x57
[OK ]  | 13514 | 0x00007cca | 0xff | 0xff
[OK ]  | 13515 | 0x00007ccb | 0xff | 0xff
[OK ]  | 13516 | 0x00007ccc | 0x2f | 0x2f
[OK ]  | 13517 | 0x00007ccd | 0xdf | 0xdf
[OK ]  | 13518 | 0x00007cce | 0x00 | 0x00
[OK ]  | 13519 | 0x00007ccf | 0x00 | 0x00
[OK ]  | 13520 | 0x00007cd0 | 0x73 | 0x73
[OK ]  | 13521 | 0x00007cd1 | 0x85 | 0x85
[OK ]  | 13522 | 0x00007cd2 | 0x01 | 0x01
[OK ]  | 13523 | 0x00007cd3 | 0x00 | 0x00
[OK ]  | 13524 | 0x00007cd4 | 0xd0 | 0xd0
[OK ]  | 13525 | 0x00007cd5 | 0x5e | 0x5e
[OK ]  | 13526 | 0x00007cd6 | 0x00 | 0x00
[OK ]  | 13527 | 0x00007cd7 | 0x00 | 0x00
[OK ]  | 13528 | 0x00007cd8 | 0x89 | 0x89
[OK ]  | 13529 | 0x00007cd9 | 0xfe | 0xfe
[OK ]  | 13530 | 0x00007cda | 0xff | 0xff
[OK ]  | 13531 | 0x00007cdb | 0xff | 0xff
[OK ]  | 13532 | 0x00007cdc | 0x61 | 0x61
[OK ]  | 13533 | 0x00007cdd | 0xfd | 0xfd
[OK ]  | 13534 | 0x00007cde | 0xff | 0xff
[OK ]  | 13535 | 0x00007cdf | 0xff | 0xff
[OK ]  | 13536 | 0x00007ce0 | 0x14 | 0x14
[OK ]  | 13537 | 0x00007ce1 | 0x36 | 0x36
[OK ]  | 13538 | 0x00007ce2 | 0x00 | 0x00
[OK ]  | 13539 | 0x00007ce3 | 0x00 | 0x00
[OK ]  | 13540 | 0x00007ce4 | 0xde | 0xde
[OK ]  | 13541 | 0x00007ce5 | 0xb4 | 0xb4
[OK ]  | 13542 | 0x00007ce6 | 0xff | 0xff
[OK ]  | 13543 | 0x00007ce7 | 0xff | 0xff
[OK ]  | 13544 | 0x00007ce8 | 0xc7 | 0xc7
[OK ]  | 13545 | 0x00007ce9 | 0x36 | 0x36
[OK ]  | 13546 | 0x00007cea | 0x01 | 0x01
[OK ]  | 13547 | 0x00007ceb | 0x00 | 0x00
[OK ]  | 13548 | 0x00007cec | 0x4a | 0x4a
[OK ]  | 13549 | 0x00007ced | 0x8c | 0x8c
[OK ]  | 13550 | 0x00007cee | 0xff | 0xff
[OK ]  | 13551 | 0x00007cef | 0xff | 0xff
[OK ]  | 13552 | 0x00007cf0 | 0x46 | 0x46
[OK ]  | 13553 | 0x00007cf1 | 0x8d | 0x8d
[OK ]  | 13554 | 0x00007cf2 | 0xfe | 0xfe
[OK ]  | 13555 | 0x00007cf3 | 0xff | 0xff
[OK ]  | 13556 | 0x00007cf4 | 0x1b | 0x1b
[OK ]  | 13557 | 0x00007cf5 | 0x90 | 0x90
[OK ]  | 13558 | 0x00007cf6 | 0x00 | 0x00
[OK ]  | 13559 | 0x00007cf7 | 0x00 | 0x00
[OK ]  | 13560 | 0x00007cf8 | 0x0f | 0x0f
[OK ]  | 13561 | 0x00007cf9 | 0x11 | 0x11
[OK ]  | 13562 | 0x00007cfa | 0x00 | 0x00
[OK ]  | 13563 | 0x00007cfb | 0x00 | 0x00
[OK ]  | 13564 | 0x00007cfc | 0xe2 | 0xe2
[OK ]  | 13565 | 0x00007cfd | 0x3e | 0x3e
[OK ]  | 13566 | 0x00007cfe | 0x00 | 0x00
[OK ]  | 13567 | 0x00007cff | 0x00 | 0x00
[OK ]  | 13568 | 0x00007d00 | 0xe4 | 0xe4
[OK ]  | 13569 | 0x00007d01 | 0xb4 | 0xb4
[OK ]  | 13570 | 0x00007d02 | 0x01 | 0x01
[OK ]  | 13571 | 0x00007d03 | 0x00 | 0x00
[OK ]  | 13572 | 0x00007d04 | 0x0f | 0x0f
[OK ]  | 13573 | 0x00007d05 | 0x02 | 0x02
[OK ]  | 13574 | 0x00007d06 | 0x00 | 0x00
[OK ]  | 13575 | 0x00007d07 | 0x00 | 0x00
[OK ]  | 13576 | 0x00007d08 | 0x99 | 0x99
[OK ]  | 13577 | 0x00007d09 | 0x8f | 0x8f
[OK ]  | 13578 | 0x00007d0a | 0xfe | 0xfe
[OK ]  | 13579 | 0x00007d0b | 0xff | 0xff
[OK ]  | 13580 | 0x00007d0c | 0x28 | 0x28
[OK ]  | 13581 | 0x00007d0d | 0x1d | 0x1d
[OK ]  | 13582 | 0x00007d0e | 0x00 | 0x00
[OK ]  | 13583 | 0x00007d0f | 0x00 | 0x00
[OK ]  | 13584 | 0x00007d10 | 0x94 | 0x94
[OK ]  | 13585 | 0x00007d11 | 0x40 | 0x40
[OK ]  | 13586 | 0x00007d12 | 0x02 | 0x02
[OK ]  | 13587 | 0x00007d13 | 0x00 | 0x00
[OK ]  | 13588 | 0x00007d14 | 0x1e | 0x1e
[OK ]  | 13589 | 0x00007d15 | 0x71 | 0x71
[OK ]  | 13590 | 0x00007d16 | 0x00 | 0x00
[OK ]  | 13591 | 0x00007d17 | 0x00 | 0x00
[OK ]  | 13592 | 0x00007d18 | 0x65 | 0x65
[OK ]  | 13593 | 0x00007d19 | 0x70 | 0x70
[OK ]  | 13594 | 0x00007d1a | 0xfd | 0xfd
[OK ]  | 13595 | 0x00007d1b | 0xff | 0xff
[OK ]  | 13596 | 0x00007d1c | 0x06 | 0x06
[OK ]  | 13597 | 0x00007d1d | 0x0d | 0x0d
[OK ]  | 13598 | 0x00007d1e | 0xfe | 0xfe
[OK ]  | 13599 | 0x00007d1f | 0xff | 0xff
[OK ]  | 13600 | 0x00007d20 | 0x33 | 0x33
[OK ]  | 13601 | 0x00007d21 | 0xad | 0xad
[OK ]  | 13602 | 0x00007d22 | 0xff | 0xff
[OK ]  | 13603 | 0x00007d23 | 0xff | 0xff
[OK ]  | 13604 | 0x00007d24 | 0x9d | 0x9d
[OK ]  | 13605 | 0x00007d25 | 0xb0 | 0xb0
[OK ]  | 13606 | 0x00007d26 | 0xfe | 0xfe
[OK ]  | 13607 | 0x00007d27 | 0xff | 0xff
[OK ]  | 13608 | 0x00007d28 | 0x99 | 0x99
[OK ]  | 13609 | 0x00007d29 | 0x06 | 0x06
[OK ]  | 13610 | 0x00007d2a | 0x00 | 0x00
[OK ]  | 13611 | 0x00007d2b | 0x00 | 0x00
[OK ]  | 13612 | 0x00007d2c | 0x1f | 0x1f
[OK ]  | 13613 | 0x00007d2d | 0x4a | 0x4a
[OK ]  | 13614 | 0x00007d2e | 0x00 | 0x00
[OK ]  | 13615 | 0x00007d2f | 0x00 | 0x00
[OK ]  | 13616 | 0x00007d30 | 0x4e | 0x4e
[OK ]  | 13617 | 0x00007d31 | 0x7e | 0x7e
[OK ]  | 13618 | 0x00007d32 | 0x00 | 0x00
[OK ]  | 13619 | 0x00007d33 | 0x00 | 0x00
[OK ]  | 13620 | 0x00007d34 | 0x90 | 0x90
[OK ]  | 13621 | 0x00007d35 | 0x25 | 0x25
[OK ]  | 13622 | 0x00007d36 | 0x00 | 0x00
[OK ]  | 13623 | 0x00007d37 | 0x00 | 0x00
[OK ]  | 13624 | 0x00007d38 | 0x8f | 0x8f
[OK ]  | 13625 | 0x00007d39 | 0xca | 0xca
[OK ]  | 13626 | 0x00007d3a | 0xfe | 0xfe
[OK ]  | 13627 | 0x00007d3b | 0xff | 0xff
[OK ]  | 13628 | 0x00007d3c | 0x6b | 0x6b
[OK ]  | 13629 | 0x00007d3d | 0x3d | 0x3d
[OK ]  | 13630 | 0x00007d3e | 0x00 | 0x00
[OK ]  | 13631 | 0x00007d3f | 0x00 | 0x00
[OK ]  | 13632 | 0x00007d40 | 0xb8 | 0xb8
[OK ]  | 13633 | 0x00007d41 | 0x42 | 0x42
[OK ]  | 13634 | 0x00007d42 | 0x00 | 0x00
[OK ]  | 13635 | 0x00007d43 | 0x00 | 0x00
[OK ]  | 13636 | 0x00007d44 | 0x0d | 0x0d
[OK ]  | 13637 | 0x00007d45 | 0x44 | 0x44
[OK ]  | 13638 | 0x00007d46 | 0x00 | 0x00
[OK ]  | 13639 | 0x00007d47 | 0x00 | 0x00
[OK ]  | 13640 | 0x00007d48 | 0x29 | 0x29
[OK ]  | 13641 | 0x00007d49 | 0xb0 | 0xb0
[OK ]  | 13642 | 0x00007d4a | 0x01 | 0x01
[OK ]  | 13643 | 0x00007d4b | 0x00 | 0x00
[OK ]  | 13644 | 0x00007d4c | 0xad | 0xad
[OK ]  | 13645 | 0x00007d4d | 0xab | 0xab
[OK ]  | 13646 | 0x00007d4e | 0x00 | 0x00
[OK ]  | 13647 | 0x00007d4f | 0x00 | 0x00
[OK ]  | 13648 | 0x00007d50 | 0xb0 | 0xb0
[OK ]  | 13649 | 0x00007d51 | 0xd0 | 0xd0
[OK ]  | 13650 | 0x00007d52 | 0x00 | 0x00
[OK ]  | 13651 | 0x00007d53 | 0x00 | 0x00
[OK ]  | 13652 | 0x00007d54 | 0xec | 0xec
[OK ]  | 13653 | 0x00007d55 | 0xe3 | 0xe3
[OK ]  | 13654 | 0x00007d56 | 0xfe | 0xfe
[OK ]  | 13655 | 0x00007d57 | 0xff | 0xff
[OK ]  | 13656 | 0x00007d58 | 0x0e | 0x0e
[OK ]  | 13657 | 0x00007d59 | 0x01 | 0x01
[OK ]  | 13658 | 0x00007d5a | 0xff | 0xff
[OK ]  | 13659 | 0x00007d5b | 0xff | 0xff
[OK ]  | 13660 | 0x00007d5c | 0x37 | 0x37
[OK ]  | 13661 | 0x00007d5d | 0x7c | 0x7c
[OK ]  | 13662 | 0x00007d5e | 0x00 | 0x00
[OK ]  | 13663 | 0x00007d5f | 0x00 | 0x00
[OK ]  | 13664 | 0x00007d60 | 0x28 | 0x28
[OK ]  | 13665 | 0x00007d61 | 0x35 | 0x35
[OK ]  | 13666 | 0x00007d62 | 0x01 | 0x01
[OK ]  | 13667 | 0x00007d63 | 0x00 | 0x00
[OK ]  | 13668 | 0x00007d64 | 0x8a | 0x8a
[OK ]  | 13669 | 0x00007d65 | 0xa3 | 0xa3
[OK ]  | 13670 | 0x00007d66 | 0x00 | 0x00
[OK ]  | 13671 | 0x00007d67 | 0x00 | 0x00
[OK ]  | 13672 | 0x00007d68 | 0x72 | 0x72
[OK ]  | 13673 | 0x00007d69 | 0xe2 | 0xe2
[OK ]  | 13674 | 0x00007d6a | 0xfe | 0xfe
[OK ]  | 13675 | 0x00007d6b | 0xff | 0xff
[OK ]  | 13676 | 0x00007d6c | 0x85 | 0x85
[OK ]  | 13677 | 0x00007d6d | 0x02 | 0x02
[OK ]  | 13678 | 0x00007d6e | 0xfe | 0xfe
[OK ]  | 13679 | 0x00007d6f | 0xff | 0xff
[OK ]  | 13680 | 0x00007d70 | 0xea | 0xea
[OK ]  | 13681 | 0x00007d71 | 0xa8 | 0xa8
[OK ]  | 13682 | 0x00007d72 | 0xfe | 0xfe
[OK ]  | 13683 | 0x00007d73 | 0xff | 0xff
[OK ]  | 13684 | 0x00007d74 | 0x19 | 0x19
[OK ]  | 13685 | 0x00007d75 | 0xbf | 0xbf
[OK ]  | 13686 | 0x00007d76 | 0xfe | 0xfe
[OK ]  | 13687 | 0x00007d77 | 0xff | 0xff
[OK ]  | 13688 | 0x00007d78 | 0xf5 | 0xf5
[OK ]  | 13689 | 0x00007d79 | 0xed | 0xed
[OK ]  | 13690 | 0x00007d7a | 0xfe | 0xfe
[OK ]  | 13691 | 0x00007d7b | 0xff | 0xff
[OK ]  | 13692 | 0x00007d7c | 0xca | 0xca
[OK ]  | 13693 | 0x00007d7d | 0xe5 | 0xe5
[OK ]  | 13694 | 0x00007d7e | 0xfe | 0xfe
[OK ]  | 13695 | 0x00007d7f | 0xff | 0xff
[OK ]  | 13696 | 0x00007d80 | 0xf9 | 0xf9
[OK ]  | 13697 | 0x00007d81 | 0xb5 | 0xb5
[OK ]  | 13698 | 0x00007d82 | 0x00 | 0x00
[OK ]  | 13699 | 0x00007d83 | 0x00 | 0x00
[OK ]  | 13700 | 0x00007d84 | 0xe7 | 0xe7
[OK ]  | 13701 | 0x00007d85 | 0x74 | 0x74
[OK ]  | 13702 | 0x00007d86 | 0x00 | 0x00
[OK ]  | 13703 | 0x00007d87 | 0x00 | 0x00
[OK ]  | 13704 | 0x00007d88 | 0x82 | 0x82
[OK ]  | 13705 | 0x00007d89 | 0xa8 | 0xa8
[OK ]  | 13706 | 0x00007d8a | 0xff | 0xff
[OK ]  | 13707 | 0x00007d8b | 0xff | 0xff
[OK ]  | 13708 | 0x00007d8c | 0xa4 | 0xa4
[OK ]  | 13709 | 0x00007d8d | 0x37 | 0x37
[OK ]  | 13710 | 0x00007d8e | 0x01 | 0x01
[OK ]  | 13711 | 0x00007d8f | 0x00 | 0x00
[OK ]  | 13712 | 0x00007d90 | 0x83 | 0x83
[OK ]  | 13713 | 0x00007d91 | 0xe1 | 0xe1
[OK ]  | 13714 | 0x00007d92 | 0xff | 0xff
[OK ]  | 13715 | 0x00007d93 | 0xff | 0xff
[OK ]  | 13716 | 0x00007d94 | 0xf7 | 0xf7
[OK ]  | 13717 | 0x00007d95 | 0xac | 0xac
[OK ]  | 13718 | 0x00007d96 | 0xff | 0xff
[OK ]  | 13719 | 0x00007d97 | 0xff | 0xff
[OK ]  | 13720 | 0x00007d98 | 0x2a | 0x2a
[OK ]  | 13721 | 0x00007d99 | 0xa1 | 0xa1
[OK ]  | 13722 | 0x00007d9a | 0x00 | 0x00
[OK ]  | 13723 | 0x00007d9b | 0x00 | 0x00
[OK ]  | 13724 | 0x00007d9c | 0xcd | 0xcd
[OK ]  | 13725 | 0x00007d9d | 0x18 | 0x18
[OK ]  | 13726 | 0x00007d9e | 0xff | 0xff
[OK ]  | 13727 | 0x00007d9f | 0xff | 0xff
[OK ]  | 13728 | 0x00007da0 | 0xb9 | 0xb9
[OK ]  | 13729 | 0x00007da1 | 0xa1 | 0xa1
[OK ]  | 13730 | 0x00007da2 | 0x00 | 0x00
[OK ]  | 13731 | 0x00007da3 | 0x00 | 0x00
[OK ]  | 13732 | 0x00007da4 | 0xef | 0xef
[OK ]  | 13733 | 0x00007da5 | 0x8e | 0x8e
[OK ]  | 13734 | 0x00007da6 | 0x01 | 0x01
[OK ]  | 13735 | 0x00007da7 | 0x00 | 0x00
[OK ]  | 13736 | 0x00007da8 | 0xb0 | 0xb0
[OK ]  | 13737 | 0x00007da9 | 0x98 | 0x98
[OK ]  | 13738 | 0x00007daa | 0x00 | 0x00
[OK ]  | 13739 | 0x00007dab | 0x00 | 0x00
[OK ]  | 13740 | 0x00007dac | 0xe6 | 0xe6
[OK ]  | 13741 | 0x00007dad | 0xbf | 0xbf
[OK ]  | 13742 | 0x00007dae | 0xfc | 0xfc
[OK ]  | 13743 | 0x00007daf | 0xff | 0xff
[OK ]  | 13744 | 0x00007db0 | 0x83 | 0x83
[OK ]  | 13745 | 0x00007db1 | 0xa9 | 0xa9
[OK ]  | 13746 | 0x00007db2 | 0xff | 0xff
[OK ]  | 13747 | 0x00007db3 | 0xff | 0xff
[OK ]  | 13748 | 0x00007db4 | 0x19 | 0x19
[OK ]  | 13749 | 0x00007db5 | 0xf9 | 0xf9
[OK ]  | 13750 | 0x00007db6 | 0x00 | 0x00
[OK ]  | 13751 | 0x00007db7 | 0x00 | 0x00
[OK ]  | 13752 | 0x00007db8 | 0xb2 | 0xb2
[OK ]  | 13753 | 0x00007db9 | 0xf6 | 0xf6
[OK ]  | 13754 | 0x00007dba | 0xff | 0xff
[OK ]  | 13755 | 0x00007dbb | 0xff | 0xff
[OK ]  | 13756 | 0x00007dbc | 0x38 | 0x38
[OK ]  | 13757 | 0x00007dbd | 0x13 | 0x13
[OK ]  | 13758 | 0x00007dbe | 0x00 | 0x00
[OK ]  | 13759 | 0x00007dbf | 0x00 | 0x00
[OK ]  | 13760 | 0x00007dc0 | 0x4d | 0x4d
[OK ]  | 13761 | 0x00007dc1 | 0xd0 | 0xd0
[OK ]  | 13762 | 0x00007dc2 | 0x00 | 0x00
[OK ]  | 13763 | 0x00007dc3 | 0x00 | 0x00
[OK ]  | 13764 | 0x00007dc4 | 0xbc | 0xbc
[OK ]  | 13765 | 0x00007dc5 | 0x0e | 0x0e
[OK ]  | 13766 | 0x00007dc6 | 0x00 | 0x00
[OK ]  | 13767 | 0x00007dc7 | 0x00 | 0x00
[OK ]  | 13768 | 0x00007dc8 | 0x63 | 0x63
[OK ]  | 13769 | 0x00007dc9 | 0xd4 | 0xd4
[OK ]  | 13770 | 0x00007dca | 0x00 | 0x00
[OK ]  | 13771 | 0x00007dcb | 0x00 | 0x00
[OK ]  | 13772 | 0x00007dcc | 0xcc | 0xcc
[OK ]  | 13773 | 0x00007dcd | 0x7a | 0x7a
[OK ]  | 13774 | 0x00007dce | 0xff | 0xff
[OK ]  | 13775 | 0x00007dcf | 0xff | 0xff
[OK ]  | 13776 | 0x00007dd0 | 0x0b | 0x0b
[OK ]  | 13777 | 0x00007dd1 | 0x0c | 0x0c
[OK ]  | 13778 | 0x00007dd2 | 0x01 | 0x01
[OK ]  | 13779 | 0x00007dd3 | 0x00 | 0x00
[OK ]  | 13780 | 0x00007dd4 | 0xe6 | 0xe6
[OK ]  | 13781 | 0x00007dd5 | 0xea | 0xea
[OK ]  | 13782 | 0x00007dd6 | 0xff | 0xff
[OK ]  | 13783 | 0x00007dd7 | 0xff | 0xff
[OK ]  | 13784 | 0x00007dd8 | 0x75 | 0x75
[OK ]  | 13785 | 0x00007dd9 | 0xc3 | 0xc3
[OK ]  | 13786 | 0x00007dda | 0x01 | 0x01
[OK ]  | 13787 | 0x00007ddb | 0x00 | 0x00
[OK ]  | 13788 | 0x00007ddc | 0xfe | 0xfe
[OK ]  | 13789 | 0x00007ddd | 0x5a | 0x5a
[OK ]  | 13790 | 0x00007dde | 0x00 | 0x00
[OK ]  | 13791 | 0x00007ddf | 0x00 | 0x00
[OK ]  | 13792 | 0x00007de0 | 0xdc | 0xdc
[OK ]  | 13793 | 0x00007de1 | 0x0a | 0x0a
[OK ]  | 13794 | 0x00007de2 | 0xfe | 0xfe
[OK ]  | 13795 | 0x00007de3 | 0xff | 0xff
[OK ]  | 13796 | 0x00007de4 | 0xc9 | 0xc9
[OK ]  | 13797 | 0x00007de5 | 0x9f | 0x9f
[OK ]  | 13798 | 0x00007de6 | 0xfe | 0xfe
[OK ]  | 13799 | 0x00007de7 | 0xff | 0xff
[OK ]  | 13800 | 0x00007de8 | 0x43 | 0x43
[OK ]  | 13801 | 0x00007de9 | 0x91 | 0x91
[OK ]  | 13802 | 0x00007dea | 0xff | 0xff
[OK ]  | 13803 | 0x00007deb | 0xff | 0xff
[OK ]  | 13804 | 0x00007dec | 0x9e | 0x9e
[OK ]  | 13805 | 0x00007ded | 0xec | 0xec
[OK ]  | 13806 | 0x00007dee | 0xfe | 0xfe
[OK ]  | 13807 | 0x00007def | 0xff | 0xff
[OK ]  | 13808 | 0x00007df0 | 0xa6 | 0xa6
[OK ]  | 13809 | 0x00007df1 | 0x05 | 0x05
[OK ]  | 13810 | 0x00007df2 | 0x00 | 0x00
[OK ]  | 13811 | 0x00007df3 | 0x00 | 0x00
[OK ]  | 13812 | 0x00007df4 | 0x2f | 0x2f
[OK ]  | 13813 | 0x00007df5 | 0x77 | 0x77
[OK ]  | 13814 | 0x00007df6 | 0xfe | 0xfe
[OK ]  | 13815 | 0x00007df7 | 0xff | 0xff
[OK ]  | 13816 | 0x00007df8 | 0x4d | 0x4d
[OK ]  | 13817 | 0x00007df9 | 0x3c | 0x3c
[OK ]  | 13818 | 0x00007dfa | 0x00 | 0x00
[OK ]  | 13819 | 0x00007dfb | 0x00 | 0x00
[OK ]  | 13820 | 0x00007dfc | 0x4e | 0x4e
[OK ]  | 13821 | 0x00007dfd | 0x29 | 0x29
[OK ]  | 13822 | 0x00007dfe | 0x00 | 0x00
[OK ]  | 13823 | 0x00007dff | 0x00 | 0x00
[OK ]  | 13824 | 0x00007e00 | 0x32 | 0x32
[OK ]  | 13825 | 0x00007e01 | 0xd2 | 0xd2
[OK ]  | 13826 | 0x00007e02 | 0xff | 0xff
[OK ]  | 13827 | 0x00007e03 | 0xff | 0xff
[OK ]  | 13828 | 0x00007e04 | 0xec | 0xec
[OK ]  | 13829 | 0x00007e05 | 0xa6 | 0xa6
[OK ]  | 13830 | 0x00007e06 | 0x00 | 0x00
[OK ]  | 13831 | 0x00007e07 | 0x00 | 0x00
[OK ]  | 13832 | 0x00007e08 | 0x79 | 0x79
[OK ]  | 13833 | 0x00007e09 | 0x2d | 0x2d
[OK ]  | 13834 | 0x00007e0a | 0x00 | 0x00
[OK ]  | 13835 | 0x00007e0b | 0x00 | 0x00
[OK ]  | 13836 | 0x00007e0c | 0x2b | 0x2b
[OK ]  | 13837 | 0x00007e0d | 0xef | 0xef
[OK ]  | 13838 | 0x00007e0e | 0x00 | 0x00
[OK ]  | 13839 | 0x00007e0f | 0x00 | 0x00
[OK ]  | 13840 | 0x00007e10 | 0x4e | 0x4e
[OK ]  | 13841 | 0x00007e11 | 0xa4 | 0xa4
[OK ]  | 13842 | 0x00007e12 | 0x00 | 0x00
[OK ]  | 13843 | 0x00007e13 | 0x00 | 0x00
[OK ]  | 13844 | 0x00007e14 | 0xb8 | 0xb8
[OK ]  | 13845 | 0x00007e15 | 0x50 | 0x50
[OK ]  | 13846 | 0x00007e16 | 0xff | 0xff
[OK ]  | 13847 | 0x00007e17 | 0xff | 0xff
[OK ]  | 13848 | 0x00007e18 | 0x42 | 0x42
[OK ]  | 13849 | 0x00007e19 | 0x77 | 0x77
[OK ]  | 13850 | 0x00007e1a | 0x01 | 0x01
[OK ]  | 13851 | 0x00007e1b | 0x00 | 0x00
[OK ]  | 13852 | 0x00007e1c | 0xbe | 0xbe
[OK ]  | 13853 | 0x00007e1d | 0xd1 | 0xd1
[OK ]  | 13854 | 0x00007e1e | 0xff | 0xff
[OK ]  | 13855 | 0x00007e1f | 0xff | 0xff
[OK ]  | 13856 | 0x00007e20 | 0x3b | 0x3b
[OK ]  | 13857 | 0x00007e21 | 0x12 | 0x12
[OK ]  | 13858 | 0x00007e22 | 0xff | 0xff
[OK ]  | 13859 | 0x00007e23 | 0xff | 0xff
[OK ]  | 13860 | 0x00007e24 | 0xe0 | 0xe0
[OK ]  | 13861 | 0x00007e25 | 0xb3 | 0xb3
[OK ]  | 13862 | 0x00007e26 | 0x00 | 0x00
[OK ]  | 13863 | 0x00007e27 | 0x00 | 0x00
[OK ]  | 13864 | 0x00007e28 | 0xef | 0xef
[OK ]  | 13865 | 0x00007e29 | 0xc1 | 0xc1
[OK ]  | 13866 | 0x00007e2a | 0x00 | 0x00
[OK ]  | 13867 | 0x00007e2b | 0x00 | 0x00
[OK ]  | 13868 | 0x00007e2c | 0x9f | 0x9f
[OK ]  | 13869 | 0x00007e2d | 0x2c | 0x2c
[OK ]  | 13870 | 0x00007e2e | 0x00 | 0x00
[OK ]  | 13871 | 0x00007e2f | 0x00 | 0x00
[OK ]  | 13872 | 0x00007e30 | 0xfa | 0xfa
[OK ]  | 13873 | 0x00007e31 | 0xb2 | 0xb2
[OK ]  | 13874 | 0x00007e32 | 0xfe | 0xfe
[OK ]  | 13875 | 0x00007e33 | 0xff | 0xff
[OK ]  | 13876 | 0x00007e34 | 0x35 | 0x35
[OK ]  | 13877 | 0x00007e35 | 0x70 | 0x70
[OK ]  | 13878 | 0x00007e36 | 0x00 | 0x00
[OK ]  | 13879 | 0x00007e37 | 0x00 | 0x00
[OK ]  | 13880 | 0x00007e38 | 0x76 | 0x76
[OK ]  | 13881 | 0x00007e39 | 0xe0 | 0xe0
[OK ]  | 13882 | 0x00007e3a | 0x00 | 0x00
[OK ]  | 13883 | 0x00007e3b | 0x00 | 0x00
[OK ]  | 13884 | 0x00007e3c | 0xa8 | 0xa8
[OK ]  | 13885 | 0x00007e3d | 0xe2 | 0xe2
[OK ]  | 13886 | 0x00007e3e | 0x00 | 0x00
[OK ]  | 13887 | 0x00007e3f | 0x00 | 0x00
[OK ]  | 13888 | 0x00007e40 | 0xaf | 0xaf
[OK ]  | 13889 | 0x00007e41 | 0xeb | 0xeb
[OK ]  | 13890 | 0x00007e42 | 0xff | 0xff
[OK ]  | 13891 | 0x00007e43 | 0xff | 0xff
[OK ]  | 13892 | 0x00007e44 | 0x0b | 0x0b
[OK ]  | 13893 | 0x00007e45 | 0x84 | 0x84
[OK ]  | 13894 | 0x00007e46 | 0x00 | 0x00
[OK ]  | 13895 | 0x00007e47 | 0x00 | 0x00
[OK ]  | 13896 | 0x00007e48 | 0x44 | 0x44
[OK ]  | 13897 | 0x00007e49 | 0x2a | 0x2a
[OK ]  | 13898 | 0x00007e4a | 0x01 | 0x01
[OK ]  | 13899 | 0x00007e4b | 0x00 | 0x00
[OK ]  | 13900 | 0x00007e4c | 0xdb | 0xdb
[OK ]  | 13901 | 0x00007e4d | 0x51 | 0x51
[OK ]  | 13902 | 0x00007e4e | 0xff | 0xff
[OK ]  | 13903 | 0x00007e4f | 0xff | 0xff
[OK ]  | 13904 | 0x00007e50 | 0xea | 0xea
[OK ]  | 13905 | 0x00007e51 | 0x7b | 0x7b
[OK ]  | 13906 | 0x00007e52 | 0x00 | 0x00
[OK ]  | 13907 | 0x00007e53 | 0x00 | 0x00
[OK ]  | 13908 | 0x00007e54 | 0x53 | 0x53
[OK ]  | 13909 | 0x00007e55 | 0x14 | 0x14
[OK ]  | 13910 | 0x00007e56 | 0x01 | 0x01
[OK ]  | 13911 | 0x00007e57 | 0x00 | 0x00
[OK ]  | 13912 | 0x00007e58 | 0xbe | 0xbe
[OK ]  | 13913 | 0x00007e59 | 0xc2 | 0xc2
[OK ]  | 13914 | 0x00007e5a | 0xfe | 0xfe
[OK ]  | 13915 | 0x00007e5b | 0xff | 0xff
[OK ]  | 13916 | 0x00007e5c | 0xa6 | 0xa6
[OK ]  | 13917 | 0x00007e5d | 0xb8 | 0xb8
[OK ]  | 13918 | 0x00007e5e | 0xff | 0xff
[OK ]  | 13919 | 0x00007e5f | 0xff | 0xff
[OK ]  | 13920 | 0x00007e60 | 0xca | 0xca
[OK ]  | 13921 | 0x00007e61 | 0x84 | 0x84
[OK ]  | 13922 | 0x00007e62 | 0x00 | 0x00
[OK ]  | 13923 | 0x00007e63 | 0x00 | 0x00
[OK ]  | 13924 | 0x00007e64 | 0x01 | 0x01
[OK ]  | 13925 | 0x00007e65 | 0xd6 | 0xd6
[OK ]  | 13926 | 0x00007e66 | 0x00 | 0x00
[OK ]  | 13927 | 0x00007e67 | 0x00 | 0x00
[OK ]  | 13928 | 0x00007e68 | 0xf0 | 0xf0
[OK ]  | 13929 | 0x00007e69 | 0x88 | 0x88
[OK ]  | 13930 | 0x00007e6a | 0xff | 0xff
[OK ]  | 13931 | 0x00007e6b | 0xff | 0xff
[OK ]  | 13932 | 0x00007e6c | 0xb7 | 0xb7
[OK ]  | 13933 | 0x00007e6d | 0xf0 | 0xf0
[OK ]  | 13934 | 0x00007e6e | 0x00 | 0x00
[OK ]  | 13935 | 0x00007e6f | 0x00 | 0x00
[OK ]  | 13936 | 0x00007e70 | 0x17 | 0x17
[OK ]  | 13937 | 0x00007e71 | 0x90 | 0x90
[OK ]  | 13938 | 0x00007e72 | 0x00 | 0x00
[OK ]  | 13939 | 0x00007e73 | 0x00 | 0x00
[OK ]  | 13940 | 0x00007e74 | 0xc4 | 0xc4
[OK ]  | 13941 | 0x00007e75 | 0xb3 | 0xb3
[OK ]  | 13942 | 0x00007e76 | 0xff | 0xff
[OK ]  | 13943 | 0x00007e77 | 0xff | 0xff
[OK ]  | 13944 | 0x00007e78 | 0xc2 | 0xc2
[OK ]  | 13945 | 0x00007e79 | 0x19 | 0x19
[OK ]  | 13946 | 0x00007e7a | 0x01 | 0x01
[OK ]  | 13947 | 0x00007e7b | 0x00 | 0x00
[OK ]  | 13948 | 0x00007e7c | 0x4f | 0x4f
[OK ]  | 13949 | 0x00007e7d | 0xc4 | 0xc4
[OK ]  | 13950 | 0x00007e7e | 0xfe | 0xfe
[OK ]  | 13951 | 0x00007e7f | 0xff | 0xff
[OK ]  | 13952 | 0x00007e80 | 0x42 | 0x42
[OK ]  | 13953 | 0x00007e81 | 0xa6 | 0xa6
[OK ]  | 13954 | 0x00007e82 | 0xff | 0xff
[OK ]  | 13955 | 0x00007e83 | 0xff | 0xff
[OK ]  | 13956 | 0x00007e84 | 0xb8 | 0xb8
[OK ]  | 13957 | 0x00007e85 | 0x8c | 0x8c
[OK ]  | 13958 | 0x00007e86 | 0x00 | 0x00
[OK ]  | 13959 | 0x00007e87 | 0x00 | 0x00
[OK ]  | 13960 | 0x00007e88 | 0x4b | 0x4b
[OK ]  | 13961 | 0x00007e89 | 0x11 | 0x11
[OK ]  | 13962 | 0x00007e8a | 0x00 | 0x00
[OK ]  | 13963 | 0x00007e8b | 0x00 | 0x00
[OK ]  | 13964 | 0x00007e8c | 0x2e | 0x2e
[OK ]  | 13965 | 0x00007e8d | 0x1a | 0x1a
[OK ]  | 13966 | 0x00007e8e | 0xff | 0xff
[OK ]  | 13967 | 0x00007e8f | 0xff | 0xff
[OK ]  | 13968 | 0x00007e90 | 0xd6 | 0xd6
[OK ]  | 13969 | 0x00007e91 | 0x10 | 0x10
[OK ]  | 13970 | 0x00007e92 | 0x00 | 0x00
[OK ]  | 13971 | 0x00007e93 | 0x00 | 0x00
[OK ]  | 13972 | 0x00007e94 | 0xaa | 0xaa
[OK ]  | 13973 | 0x00007e95 | 0x1c | 0x1c
[OK ]  | 13974 | 0x00007e96 | 0x00 | 0x00
[OK ]  | 13975 | 0x00007e97 | 0x00 | 0x00
[OK ]  | 13976 | 0x00007e98 | 0x43 | 0x43
[OK ]  | 13977 | 0x00007e99 | 0x97 | 0x97
[OK ]  | 13978 | 0x00007e9a | 0x00 | 0x00
[OK ]  | 13979 | 0x00007e9b | 0x00 | 0x00
[OK ]  | 13980 | 0x00007e9c | 0x45 | 0x45
[OK ]  | 13981 | 0x00007e9d | 0xe7 | 0xe7
[OK ]  | 13982 | 0x00007e9e | 0xff | 0xff
[OK ]  | 13983 | 0x00007e9f | 0xff | 0xff
[OK ]  | 13984 | 0x00007ea0 | 0x17 | 0x17
[OK ]  | 13985 | 0x00007ea1 | 0x88 | 0x88
[OK ]  | 13986 | 0x00007ea2 | 0x00 | 0x00
[OK ]  | 13987 | 0x00007ea3 | 0x00 | 0x00
[OK ]  | 13988 | 0x00007ea4 | 0xa7 | 0xa7
[OK ]  | 13989 | 0x00007ea5 | 0xe0 | 0xe0
[OK ]  | 13990 | 0x00007ea6 | 0xff | 0xff
[OK ]  | 13991 | 0x00007ea7 | 0xff | 0xff
[OK ]  | 13992 | 0x00007ea8 | 0xac | 0xac
[OK ]  | 13993 | 0x00007ea9 | 0x66 | 0x66
[OK ]  | 13994 | 0x00007eaa | 0xff | 0xff
[OK ]  | 13995 | 0x00007eab | 0xff | 0xff
[OK ]  | 13996 | 0x00007eac | 0x9b | 0x9b
[OK ]  | 13997 | 0x00007ead | 0x1a | 0x1a
[OK ]  | 13998 | 0x00007eae | 0x00 | 0x00
[OK ]  | 13999 | 0x00007eaf | 0x00 | 0x00
[OK ]  | 14000 | 0x00007eb0 | 0xbf | 0xbf
[OK ]  | 14001 | 0x00007eb1 | 0xc9 | 0xc9
[OK ]  | 14002 | 0x00007eb2 | 0xff | 0xff
[OK ]  | 14003 | 0x00007eb3 | 0xff | 0xff
[OK ]  | 14004 | 0x00007eb4 | 0x67 | 0x67
[OK ]  | 14005 | 0x00007eb5 | 0x4c | 0x4c
[OK ]  | 14006 | 0x00007eb6 | 0xff | 0xff
[OK ]  | 14007 | 0x00007eb7 | 0xff | 0xff
[OK ]  | 14008 | 0x00007eb8 | 0x46 | 0x46
[OK ]  | 14009 | 0x00007eb9 | 0x0f | 0x0f
[OK ]  | 14010 | 0x00007eba | 0x00 | 0x00
[OK ]  | 14011 | 0x00007ebb | 0x00 | 0x00
[OK ]  | 14012 | 0x00007ebc | 0x21 | 0x21
[OK ]  | 14013 | 0x00007ebd | 0x7c | 0x7c
[OK ]  | 14014 | 0x00007ebe | 0x00 | 0x00
[OK ]  | 14015 | 0x00007ebf | 0x00 | 0x00
[OK ]  | 14016 | 0x00007ec0 | 0x03 | 0x03
[OK ]  | 14017 | 0x00007ec1 | 0x60 | 0x60
[OK ]  | 14018 | 0x00007ec2 | 0x00 | 0x00
[OK ]  | 14019 | 0x00007ec3 | 0x00 | 0x00
[OK ]  | 14020 | 0x00007ec4 | 0x17 | 0x17
[OK ]  | 14021 | 0x00007ec5 | 0xca | 0xca
[OK ]  | 14022 | 0x00007ec6 | 0xfe | 0xfe
[OK ]  | 14023 | 0x00007ec7 | 0xff | 0xff
[OK ]  | 14024 | 0x00007ec8 | 0x91 | 0x91
[OK ]  | 14025 | 0x00007ec9 | 0xc9 | 0xc9
[OK ]  | 14026 | 0x00007eca | 0xff | 0xff
[OK ]  | 14027 | 0x00007ecb | 0xff | 0xff
[OK ]  | 14028 | 0x00007ecc | 0x63 | 0x63
[OK ]  | 14029 | 0x00007ecd | 0x30 | 0x30
[OK ]  | 14030 | 0x00007ece | 0x01 | 0x01
[OK ]  | 14031 | 0x00007ecf | 0x00 | 0x00
[OK ]  | 14032 | 0x00007ed0 | 0xc5 | 0xc5
[OK ]  | 14033 | 0x00007ed1 | 0x68 | 0x68
[OK ]  | 14034 | 0x00007ed2 | 0x00 | 0x00
[OK ]  | 14035 | 0x00007ed3 | 0x00 | 0x00
[OK ]  | 14036 | 0x00007ed4 | 0xae | 0xae
[OK ]  | 14037 | 0x00007ed5 | 0x88 | 0x88
[OK ]  | 14038 | 0x00007ed6 | 0x00 | 0x00
[OK ]  | 14039 | 0x00007ed7 | 0x00 | 0x00
[OK ]  | 14040 | 0x00007ed8 | 0x00 | 0x00
[OK ]  | 14041 | 0x00007ed9 | 0xe5 | 0xe5
[OK ]  | 14042 | 0x00007eda | 0xff | 0xff
[OK ]  | 14043 | 0x00007edb | 0xff | 0xff
[OK ]  | 14044 | 0x00007edc | 0x69 | 0x69
[OK ]  | 14045 | 0x00007edd | 0x25 | 0x25
[OK ]  | 14046 | 0x00007ede | 0x00 | 0x00
[OK ]  | 14047 | 0x00007edf | 0x00 | 0x00
[OK ]  | 14048 | 0x00007ee0 | 0xbf | 0xbf
[OK ]  | 14049 | 0x00007ee1 | 0x66 | 0x66
[OK ]  | 14050 | 0x00007ee2 | 0x00 | 0x00
[OK ]  | 14051 | 0x00007ee3 | 0x00 | 0x00
[OK ]  | 14052 | 0x00007ee4 | 0xff | 0xff
[OK ]  | 14053 | 0x00007ee5 | 0x41 | 0x41
[OK ]  | 14054 | 0x00007ee6 | 0xff | 0xff
[OK ]  | 14055 | 0x00007ee7 | 0xff | 0xff
[OK ]  | 14056 | 0x00007ee8 | 0xbe | 0xbe
[OK ]  | 14057 | 0x00007ee9 | 0x7b | 0x7b
[OK ]  | 14058 | 0x00007eea | 0x00 | 0x00
[OK ]  | 14059 | 0x00007eeb | 0x00 | 0x00
[OK ]  | 14060 | 0x00007eec | 0x44 | 0x44
[OK ]  | 14061 | 0x00007eed | 0xf2 | 0xf2
[OK ]  | 14062 | 0x00007eee | 0xfe | 0xfe
[OK ]  | 14063 | 0x00007eef | 0xff | 0xff
[OK ]  | 14064 | 0x00007ef0 | 0xbf | 0xbf
[OK ]  | 14065 | 0x00007ef1 | 0xb5 | 0xb5
[OK ]  | 14066 | 0x00007ef2 | 0xff | 0xff
[OK ]  | 14067 | 0x00007ef3 | 0xff | 0xff
[OK ]  | 14068 | 0x00007ef4 | 0xb1 | 0xb1
[OK ]  | 14069 | 0x00007ef5 | 0x45 | 0x45
[OK ]  | 14070 | 0x00007ef6 | 0x01 | 0x01
[OK ]  | 14071 | 0x00007ef7 | 0x00 | 0x00
[OK ]  | 14072 | 0x00007ef8 | 0xc7 | 0xc7
[OK ]  | 14073 | 0x00007ef9 | 0xa4 | 0xa4
[OK ]  | 14074 | 0x00007efa | 0x00 | 0x00
[OK ]  | 14075 | 0x00007efb | 0x00 | 0x00
[OK ]  | 14076 | 0x00007efc | 0x22 | 0x22
[OK ]  | 14077 | 0x00007efd | 0xdc | 0xdc
[OK ]  | 14078 | 0x00007efe | 0x00 | 0x00
[OK ]  | 14079 | 0x00007eff | 0x00 | 0x00
[OK ]  | 14080 | 0x00007f00 | 0xc3 | 0xc3
[OK ]  | 14081 | 0x00007f01 | 0x9a | 0x9a
[OK ]  | 14082 | 0x00007f02 | 0x00 | 0x00
[OK ]  | 14083 | 0x00007f03 | 0x00 | 0x00
[OK ]  | 14084 | 0x00007f04 | 0x08 | 0x08
[OK ]  | 14085 | 0x00007f05 | 0x4d | 0x4d
[OK ]  | 14086 | 0x00007f06 | 0x00 | 0x00
[OK ]  | 14087 | 0x00007f07 | 0x00 | 0x00
[OK ]  | 14088 | 0x00007f08 | 0x4f | 0x4f
[OK ]  | 14089 | 0x00007f09 | 0x71 | 0x71
[OK ]  | 14090 | 0x00007f0a | 0xff | 0xff
[OK ]  | 14091 | 0x00007f0b | 0xff | 0xff
[OK ]  | 14092 | 0x00007f0c | 0xd4 | 0xd4
[OK ]  | 14093 | 0x00007f0d | 0x39 | 0x39
[OK ]  | 14094 | 0x00007f0e | 0x00 | 0x00
[OK ]  | 14095 | 0x00007f0f | 0x00 | 0x00
[OK ]  | 14096 | 0x00007f10 | 0xe7 | 0xe7
[OK ]  | 14097 | 0x00007f11 | 0x45 | 0x45
[OK ]  | 14098 | 0x00007f12 | 0x00 | 0x00
[OK ]  | 14099 | 0x00007f13 | 0x00 | 0x00
[OK ]  | 14100 | 0x00007f14 | 0x6f | 0x6f
[OK ]  | 14101 | 0x00007f15 | 0x7c | 0x7c
[OK ]  | 14102 | 0x00007f16 | 0xff | 0xff
[OK ]  | 14103 | 0x00007f17 | 0xff | 0xff
[OK ]  | 14104 | 0x00007f18 | 0x49 | 0x49
[OK ]  | 14105 | 0x00007f19 | 0xf7 | 0xf7
[OK ]  | 14106 | 0x00007f1a | 0x00 | 0x00
[OK ]  | 14107 | 0x00007f1b | 0x00 | 0x00
[OK ]  | 14108 | 0x00007f1c | 0xd9 | 0xd9
[OK ]  | 14109 | 0x00007f1d | 0x22 | 0x22
[OK ]  | 14110 | 0x00007f1e | 0x00 | 0x00
[OK ]  | 14111 | 0x00007f1f | 0x00 | 0x00
[OK ]  | 14112 | 0x00007f20 | 0xae | 0xae
[OK ]  | 14113 | 0x00007f21 | 0x9d | 0x9d
[OK ]  | 14114 | 0x00007f22 | 0xff | 0xff
[OK ]  | 14115 | 0x00007f23 | 0xff | 0xff
[OK ]  | 14116 | 0x00007f24 | 0x20 | 0x20
[OK ]  | 14117 | 0x00007f25 | 0x3f | 0x3f
[OK ]  | 14118 | 0x00007f26 | 0xff | 0xff
[OK ]  | 14119 | 0x00007f27 | 0xff | 0xff
[OK ]  | 14120 | 0x00007f28 | 0x4f | 0x4f
[OK ]  | 14121 | 0x00007f29 | 0x16 | 0x16
[OK ]  | 14122 | 0x00007f2a | 0xff | 0xff
[OK ]  | 14123 | 0x00007f2b | 0xff | 0xff
[OK ]  | 14124 | 0x00007f2c | 0x1e | 0x1e
[OK ]  | 14125 | 0x00007f2d | 0xd9 | 0xd9
[OK ]  | 14126 | 0x00007f2e | 0x01 | 0x01
[OK ]  | 14127 | 0x00007f2f | 0x00 | 0x00
[OK ]  | 14128 | 0x00007f30 | 0x42 | 0x42
[OK ]  | 14129 | 0x00007f31 | 0x3e | 0x3e
[OK ]  | 14130 | 0x00007f32 | 0x00 | 0x00
[OK ]  | 14131 | 0x00007f33 | 0x00 | 0x00
[OK ]  | 14132 | 0x00007f34 | 0xcd | 0xcd
[OK ]  | 14133 | 0x00007f35 | 0x99 | 0x99
[OK ]  | 14134 | 0x00007f36 | 0xff | 0xff
[OK ]  | 14135 | 0x00007f37 | 0xff | 0xff
[OK ]  | 14136 | 0x00007f38 | 0x63 | 0x63
[OK ]  | 14137 | 0x00007f39 | 0x91 | 0x91
[OK ]  | 14138 | 0x00007f3a | 0xff | 0xff
[OK ]  | 14139 | 0x00007f3b | 0xff | 0xff
[OK ]  | 14140 | 0x00007f3c | 0xb4 | 0xb4
[OK ]  | 14141 | 0x00007f3d | 0x41 | 0x41
[OK ]  | 14142 | 0x00007f3e | 0x00 | 0x00
[OK ]  | 14143 | 0x00007f3f | 0x00 | 0x00
[OK ]  | 14144 | 0x00007f40 | 0xe0 | 0xe0
[OK ]  | 14145 | 0x00007f41 | 0x1d | 0x1d
[OK ]  | 14146 | 0x00007f42 | 0xff | 0xff
[OK ]  | 14147 | 0x00007f43 | 0xff | 0xff
[OK ]  | 14148 | 0x00007f44 | 0x35 | 0x35
[OK ]  | 14149 | 0x00007f45 | 0xe6 | 0xe6
[OK ]  | 14150 | 0x00007f46 | 0x00 | 0x00
[OK ]  | 14151 | 0x00007f47 | 0x00 | 0x00
[OK ]  | 14152 | 0x00007f48 | 0x70 | 0x70
[OK ]  | 14153 | 0x00007f49 | 0x03 | 0x03
[OK ]  | 14154 | 0x00007f4a | 0x00 | 0x00
[OK ]  | 14155 | 0x00007f4b | 0x00 | 0x00
[OK ]  | 14156 | 0x00007f4c | 0x72 | 0x72
[OK ]  | 14157 | 0x00007f4d | 0x29 | 0x29
[OK ]  | 14158 | 0x00007f4e | 0xff | 0xff
[OK ]  | 14159 | 0x00007f4f | 0xff | 0xff
[OK ]  | 14160 | 0x00007f50 | 0x7c | 0x7c
[OK ]  | 14161 | 0x00007f51 | 0x08 | 0x08
[OK ]  | 14162 | 0x00007f52 | 0x01 | 0x01
[OK ]  | 14163 | 0x00007f53 | 0x00 | 0x00
[OK ]  | 14164 | 0x00007f54 | 0x95 | 0x95
[OK ]  | 14165 | 0x00007f55 | 0x2b | 0x2b
[OK ]  | 14166 | 0x00007f56 | 0x01 | 0x01
[OK ]  | 14167 | 0x00007f57 | 0x00 | 0x00
[OK ]  | 14168 | 0x00007f58 | 0x09 | 0x09
[OK ]  | 14169 | 0x00007f59 | 0xd1 | 0xd1
[OK ]  | 14170 | 0x00007f5a | 0xff | 0xff
[OK ]  | 14171 | 0x00007f5b | 0xff | 0xff
[OK ]  | 14172 | 0x00007f5c | 0x53 | 0x53
[OK ]  | 14173 | 0x00007f5d | 0xe6 | 0xe6
[OK ]  | 14174 | 0x00007f5e | 0xfe | 0xfe
[OK ]  | 14175 | 0x00007f5f | 0xff | 0xff
[OK ]  | 14176 | 0x00007f60 | 0x67 | 0x67
[OK ]  | 14177 | 0x00007f61 | 0x98 | 0x98
[OK ]  | 14178 | 0x00007f62 | 0x00 | 0x00
[OK ]  | 14179 | 0x00007f63 | 0x00 | 0x00
[OK ]  | 14180 | 0x00007f64 | 0x6b | 0x6b
[OK ]  | 14181 | 0x00007f65 | 0xdd | 0xdd
[OK ]  | 14182 | 0x00007f66 | 0x00 | 0x00
[OK ]  | 14183 | 0x00007f67 | 0x00 | 0x00
[OK ]  | 14184 | 0x00007f68 | 0xc9 | 0xc9
[OK ]  | 14185 | 0x00007f69 | 0x61 | 0x61
[OK ]  | 14186 | 0x00007f6a | 0x02 | 0x02
[OK ]  | 14187 | 0x00007f6b | 0x00 | 0x00
[OK ]  | 14188 | 0x00007f6c | 0x88 | 0x88
[OK ]  | 14189 | 0x00007f6d | 0xaa | 0xaa
[OK ]  | 14190 | 0x00007f6e | 0xff | 0xff
[OK ]  | 14191 | 0x00007f6f | 0xff | 0xff
[OK ]  | 14192 | 0x00007f70 | 0x4d | 0x4d
[OK ]  | 14193 | 0x00007f71 | 0xf0 | 0xf0
[OK ]  | 14194 | 0x00007f72 | 0x00 | 0x00
[OK ]  | 14195 | 0x00007f73 | 0x00 | 0x00
[OK ]  | 14196 | 0x00007f74 | 0xc6 | 0xc6
[OK ]  | 14197 | 0x00007f75 | 0x3a | 0x3a
[OK ]  | 14198 | 0x00007f76 | 0xff | 0xff
[OK ]  | 14199 | 0x00007f77 | 0xff | 0xff
[OK ]  | 14200 | 0x00007f78 | 0x55 | 0x55
[OK ]  | 14201 | 0x00007f79 | 0x5c | 0x5c
[OK ]  | 14202 | 0x00007f7a | 0x00 | 0x00
[OK ]  | 14203 | 0x00007f7b | 0x00 | 0x00
[OK ]  | 14204 | 0x00007f7c | 0x4b | 0x4b
[OK ]  | 14205 | 0x00007f7d | 0xf2 | 0xf2
[OK ]  | 14206 | 0x00007f7e | 0xff | 0xff
[OK ]  | 14207 | 0x00007f7f | 0xff | 0xff
[OK ]  | 14208 | 0x00007f80 | 0xab | 0xab
[OK ]  | 14209 | 0x00007f81 | 0x2a | 0x2a
[OK ]  | 14210 | 0x00007f82 | 0xff | 0xff
[OK ]  | 14211 | 0x00007f83 | 0xff | 0xff
[OK ]  | 14212 | 0x00007f84 | 0x13 | 0x13
[OK ]  | 14213 | 0x00007f85 | 0x98 | 0x98
[OK ]  | 14214 | 0x00007f86 | 0xff | 0xff
[OK ]  | 14215 | 0x00007f87 | 0xff | 0xff
[OK ]  | 14216 | 0x00007f88 | 0xa4 | 0xa4
[OK ]  | 14217 | 0x00007f89 | 0x79 | 0x79
[OK ]  | 14218 | 0x00007f8a | 0x00 | 0x00
[OK ]  | 14219 | 0x00007f8b | 0x00 | 0x00
[OK ]  | 14220 | 0x00007f8c | 0x56 | 0x56
[OK ]  | 14221 | 0x00007f8d | 0x40 | 0x40
[OK ]  | 14222 | 0x00007f8e | 0xff | 0xff
[OK ]  | 14223 | 0x00007f8f | 0xff | 0xff
[OK ]  | 14224 | 0x00007f90 | 0xd2 | 0xd2
[OK ]  | 14225 | 0x00007f91 | 0xb0 | 0xb0
[OK ]  | 14226 | 0x00007f92 | 0x01 | 0x01
[OK ]  | 14227 | 0x00007f93 | 0x00 | 0x00
[OK ]  | 14228 | 0x00007f94 | 0xaa | 0xaa
[OK ]  | 14229 | 0x00007f95 | 0x8a | 0x8a
[OK ]  | 14230 | 0x00007f96 | 0xff | 0xff
[OK ]  | 14231 | 0x00007f97 | 0xff | 0xff
[OK ]  | 14232 | 0x00007f98 | 0x51 | 0x51
[OK ]  | 14233 | 0x00007f99 | 0x46 | 0x46
[OK ]  | 14234 | 0x00007f9a | 0xff | 0xff
[OK ]  | 14235 | 0x00007f9b | 0xff | 0xff
[OK ]  | 14236 | 0x00007f9c | 0x1b | 0x1b
[OK ]  | 14237 | 0x00007f9d | 0x0b | 0x0b
[OK ]  | 14238 | 0x00007f9e | 0x00 | 0x00
[OK ]  | 14239 | 0x00007f9f | 0x00 | 0x00
[OK ]  | 14240 | 0x00007fa0 | 0x22 | 0x22
[OK ]  | 14241 | 0x00007fa1 | 0x77 | 0x77
[OK ]  | 14242 | 0x00007fa2 | 0x00 | 0x00
[OK ]  | 14243 | 0x00007fa3 | 0x00 | 0x00
[OK ]  | 14244 | 0x00007fa4 | 0x9d | 0x9d
[OK ]  | 14245 | 0x00007fa5 | 0xa0 | 0xa0
[OK ]  | 14246 | 0x00007fa6 | 0x01 | 0x01
[OK ]  | 14247 | 0x00007fa7 | 0x00 | 0x00
[OK ]  | 14248 | 0x00007fa8 | 0x99 | 0x99
[OK ]  | 14249 | 0x00007fa9 | 0x0c | 0x0c
[OK ]  | 14250 | 0x00007faa | 0x00 | 0x00
[OK ]  | 14251 | 0x00007fab | 0x00 | 0x00
[OK ]  | 14252 | 0x00007fac | 0x62 | 0x62
[OK ]  | 14253 | 0x00007fad | 0x0b | 0x0b
[OK ]  | 14254 | 0x00007fae | 0xff | 0xff
[OK ]  | 14255 | 0x00007faf | 0xff | 0xff
[OK ]  | 14256 | 0x00007fb0 | 0xb0 | 0xb0
[OK ]  | 14257 | 0x00007fb1 | 0x56 | 0x56
[OK ]  | 14258 | 0x00007fb2 | 0xff | 0xff
[OK ]  | 14259 | 0x00007fb3 | 0xff | 0xff
[OK ]  | 14260 | 0x00007fb4 | 0x4a | 0x4a
[OK ]  | 14261 | 0x00007fb5 | 0x09 | 0x09
[OK ]  | 14262 | 0x00007fb6 | 0x01 | 0x01
[OK ]  | 14263 | 0x00007fb7 | 0x00 | 0x00
[OK ]  | 14264 | 0x00007fb8 | 0x5f | 0x5f
[OK ]  | 14265 | 0x00007fb9 | 0x76 | 0x76
[OK ]  | 14266 | 0x00007fba | 0xfe | 0xfe
[OK ]  | 14267 | 0x00007fbb | 0xff | 0xff
[OK ]  | 14268 | 0x00007fbc | 0x0a | 0x0a
[OK ]  | 14269 | 0x00007fbd | 0x09 | 0x09
[OK ]  | 14270 | 0x00007fbe | 0xfe | 0xfe
[OK ]  | 14271 | 0x00007fbf | 0xff | 0xff
[OK ]  | 14272 | 0x00007fc0 | 0x57 | 0x57
[OK ]  | 14273 | 0x00007fc1 | 0x9f | 0x9f
[OK ]  | 14274 | 0x00007fc2 | 0x00 | 0x00
[OK ]  | 14275 | 0x00007fc3 | 0x00 | 0x00
[OK ]  | 14276 | 0x00007fc4 | 0xcb | 0xcb
[OK ]  | 14277 | 0x00007fc5 | 0x41 | 0x41
[OK ]  | 14278 | 0x00007fc6 | 0x01 | 0x01
[OK ]  | 14279 | 0x00007fc7 | 0x00 | 0x00
[OK ]  | 14280 | 0x00007fc8 | 0xa5 | 0xa5
[OK ]  | 14281 | 0x00007fc9 | 0x91 | 0x91
[OK ]  | 14282 | 0x00007fca | 0xfe | 0xfe
[OK ]  | 14283 | 0x00007fcb | 0xff | 0xff
[OK ]  | 14284 | 0x00007fcc | 0x6e | 0x6e
[OK ]  | 14285 | 0x00007fcd | 0x79 | 0x79
[OK ]  | 14286 | 0x00007fce | 0x00 | 0x00
[OK ]  | 14287 | 0x00007fcf | 0x00 | 0x00
[OK ]  | 14288 | 0x00007fd0 | 0xd8 | 0xd8
[OK ]  | 14289 | 0x00007fd1 | 0xa0 | 0xa0
[OK ]  | 14290 | 0x00007fd2 | 0xfe | 0xfe
[OK ]  | 14291 | 0x00007fd3 | 0xff | 0xff
[OK ]  | 14292 | 0x00007fd4 | 0x4c | 0x4c
[OK ]  | 14293 | 0x00007fd5 | 0xdd | 0xdd
[OK ]  | 14294 | 0x00007fd6 | 0xfe | 0xfe
[OK ]  | 14295 | 0x00007fd7 | 0xff | 0xff
[OK ]  | 14296 | 0x00007fd8 | 0xc2 | 0xc2
[OK ]  | 14297 | 0x00007fd9 | 0xc0 | 0xc0
[OK ]  | 14298 | 0x00007fda | 0xff | 0xff
[OK ]  | 14299 | 0x00007fdb | 0xff | 0xff
[OK ]  | 14300 | 0x00007fdc | 0xf3 | 0xf3
[OK ]  | 14301 | 0x00007fdd | 0x49 | 0x49
[OK ]  | 14302 | 0x00007fde | 0xfe | 0xfe
[OK ]  | 14303 | 0x00007fdf | 0xff | 0xff
[OK ]  | 14304 | 0x00007fe0 | 0xbe | 0xbe
[OK ]  | 14305 | 0x00007fe1 | 0x12 | 0x12
[OK ]  | 14306 | 0x00007fe2 | 0x01 | 0x01
[OK ]  | 14307 | 0x00007fe3 | 0x00 | 0x00
[OK ]  | 14308 | 0x00007fe4 | 0x1e | 0x1e
[OK ]  | 14309 | 0x00007fe5 | 0xd9 | 0xd9
[OK ]  | 14310 | 0x00007fe6 | 0xfe | 0xfe
[OK ]  | 14311 | 0x00007fe7 | 0xff | 0xff
[OK ]  | 14312 | 0x00007fe8 | 0xd8 | 0xd8
[OK ]  | 14313 | 0x00007fe9 | 0x53 | 0x53
[OK ]  | 14314 | 0x00007fea | 0xff | 0xff
[OK ]  | 14315 | 0x00007feb | 0xff | 0xff
[OK ]  | 14316 | 0x00007fec | 0x9d | 0x9d
[OK ]  | 14317 | 0x00007fed | 0x2c | 0x2c
[OK ]  | 14318 | 0x00007fee | 0xff | 0xff
[OK ]  | 14319 | 0x00007fef | 0xff | 0xff
[OK ]  | 14320 | 0x00007ff0 | 0xff | 0xff
[OK ]  | 14321 | 0x00007ff1 | 0x00 | 0x00
[OK ]  | 14322 | 0x00007ff2 | 0xff | 0xff
[OK ]  | 14323 | 0x00007ff3 | 0xff | 0xff
[OK ]  | 14324 | 0x00007ff4 | 0x6b | 0x6b
[OK ]  | 14325 | 0x00007ff5 | 0x45 | 0x45
[OK ]  | 14326 | 0x00007ff6 | 0xfe | 0xfe
[OK ]  | 14327 | 0x00007ff7 | 0xff | 0xff
[OK ]  | 14328 | 0x00007ff8 | 0xbe | 0xbe
[OK ]  | 14329 | 0x00007ff9 | 0xa6 | 0xa6
[OK ]  | 14330 | 0x00007ffa | 0x01 | 0x01
[OK ]  | 14331 | 0x00007ffb | 0x00 | 0x00
[OK ]  | 14332 | 0x00007ffc | 0xe4 | 0xe4
[OK ]  | 14333 | 0x00007ffd | 0xcc | 0xcc
[OK ]  | 14334 | 0x00007ffe | 0xff | 0xff
[OK ]  | 14335 | 0x00007fff | 0xff | 0xff
[OK ]  | 14336 | 0x00008000 | 0xf1 | 0xf1
[OK ]  | 14337 | 0x00008001 | 0xed | 0xed
[OK ]  | 14338 | 0x00008002 | 0xfe | 0xfe
[OK ]  | 14339 | 0x00008003 | 0xff | 0xff
[OK ]  | 14340 | 0x00008004 | 0xbe | 0xbe
[OK ]  | 14341 | 0x00008005 | 0x3f | 0x3f
[OK ]  | 14342 | 0x00008006 | 0x00 | 0x00
[OK ]  | 14343 | 0x00008007 | 0x00 | 0x00
[OK ]  | 14344 | 0x00008008 | 0xb1 | 0xb1
[OK ]  | 14345 | 0x00008009 | 0x45 | 0x45
[OK ]  | 14346 | 0x0000800a | 0x00 | 0x00
[OK ]  | 14347 | 0x0000800b | 0x00 | 0x00
[OK ]  | 14348 | 0x0000800c | 0x86 | 0x86
[OK ]  | 14349 | 0x0000800d | 0xcf | 0xcf
[OK ]  | 14350 | 0x0000800e | 0xff | 0xff
[OK ]  | 14351 | 0x0000800f | 0xff | 0xff
[OK ]  | 14352 | 0x00008010 | 0x3e | 0x3e
[OK ]  | 14353 | 0x00008011 | 0xc9 | 0xc9
[OK ]  | 14354 | 0x00008012 | 0xfe | 0xfe
[OK ]  | 14355 | 0x00008013 | 0xff | 0xff
[OK ]  | 14356 | 0x00008014 | 0xc4 | 0xc4
[OK ]  | 14357 | 0x00008015 | 0xc8 | 0xc8
[OK ]  | 14358 | 0x00008016 | 0xfd | 0xfd
[OK ]  | 14359 | 0x00008017 | 0xff | 0xff
[OK ]  | 14360 | 0x00008018 | 0x54 | 0x54
[OK ]  | 14361 | 0x00008019 | 0x11 | 0x11
[OK ]  | 14362 | 0x0000801a | 0x02 | 0x02
[OK ]  | 14363 | 0x0000801b | 0x00 | 0x00
[OK ]  | 14364 | 0x0000801c | 0x41 | 0x41
[OK ]  | 14365 | 0x0000801d | 0x36 | 0x36
[OK ]  | 14366 | 0x0000801e | 0x00 | 0x00
[OK ]  | 14367 | 0x0000801f | 0x00 | 0x00
[OK ]  | 14368 | 0x00008020 | 0x32 | 0x32
[OK ]  | 14369 | 0x00008021 | 0x2c | 0x2c
[OK ]  | 14370 | 0x00008022 | 0xff | 0xff
[OK ]  | 14371 | 0x00008023 | 0xff | 0xff
[OK ]  | 14372 | 0x00008024 | 0x89 | 0x89
[OK ]  | 14373 | 0x00008025 | 0xf8 | 0xf8
[OK ]  | 14374 | 0x00008026 | 0x00 | 0x00
[OK ]  | 14375 | 0x00008027 | 0x00 | 0x00
[OK ]  | 14376 | 0x00008028 | 0x9d | 0x9d
[OK ]  | 14377 | 0x00008029 | 0x4b | 0x4b
[OK ]  | 14378 | 0x0000802a | 0xff | 0xff
[OK ]  | 14379 | 0x0000802b | 0xff | 0xff
[OK ]  | 14380 | 0x0000802c | 0x40 | 0x40
[OK ]  | 14381 | 0x0000802d | 0xde | 0xde
[OK ]  | 14382 | 0x0000802e | 0x00 | 0x00
[OK ]  | 14383 | 0x0000802f | 0x00 | 0x00
[OK ]  | 14384 | 0x00008030 | 0xe2 | 0xe2
[OK ]  | 14385 | 0x00008031 | 0x5a | 0x5a
[OK ]  | 14386 | 0x00008032 | 0xff | 0xff
[OK ]  | 14387 | 0x00008033 | 0xff | 0xff
[OK ]  | 14388 | 0x00008034 | 0xd6 | 0xd6
[OK ]  | 14389 | 0x00008035 | 0xdd | 0xdd
[OK ]  | 14390 | 0x00008036 | 0xff | 0xff
[OK ]  | 14391 | 0x00008037 | 0xff | 0xff
[OK ]  | 14392 | 0x00008038 | 0x1d | 0x1d
[OK ]  | 14393 | 0x00008039 | 0xdc | 0xdc
[OK ]  | 14394 | 0x0000803a | 0x00 | 0x00
[OK ]  | 14395 | 0x0000803b | 0x00 | 0x00
[OK ]  | 14396 | 0x0000803c | 0xca | 0xca
[OK ]  | 14397 | 0x0000803d | 0xa5 | 0xa5
[OK ]  | 14398 | 0x0000803e | 0xff | 0xff
[OK ]  | 14399 | 0x0000803f | 0xff | 0xff
[OK ]  | 14400 | 0x00008040 | 0x13 | 0x13
[OK ]  | 14401 | 0x00008041 | 0x99 | 0x99
[OK ]  | 14402 | 0x00008042 | 0xff | 0xff
[OK ]  | 14403 | 0x00008043 | 0xff | 0xff
[OK ]  | 14404 | 0x00008044 | 0x38 | 0x38
[OK ]  | 14405 | 0x00008045 | 0x76 | 0x76
[OK ]  | 14406 | 0x00008046 | 0xff | 0xff
[OK ]  | 14407 | 0x00008047 | 0xff | 0xff
[OK ]  | 14408 | 0x00008048 | 0x16 | 0x16
[OK ]  | 14409 | 0x00008049 | 0xf1 | 0xf1
[OK ]  | 14410 | 0x0000804a | 0x00 | 0x00
[OK ]  | 14411 | 0x0000804b | 0x00 | 0x00
[OK ]  | 14412 | 0x0000804c | 0xab | 0xab
[OK ]  | 14413 | 0x0000804d | 0xca | 0xca
[OK ]  | 14414 | 0x0000804e | 0x00 | 0x00
[OK ]  | 14415 | 0x0000804f | 0x00 | 0x00
[OK ]  | 14416 | 0x00008050 | 0xe4 | 0xe4
[OK ]  | 14417 | 0x00008051 | 0x32 | 0x32
[OK ]  | 14418 | 0x00008052 | 0x00 | 0x00
[OK ]  | 14419 | 0x00008053 | 0x00 | 0x00
[OK ]  | 14420 | 0x00008054 | 0x2d | 0x2d
[OK ]  | 14421 | 0x00008055 | 0x32 | 0x32
[OK ]  | 14422 | 0x00008056 | 0x00 | 0x00
[OK ]  | 14423 | 0x00008057 | 0x00 | 0x00
[OK ]  | 14424 | 0x00008058 | 0x83 | 0x83
[OK ]  | 14425 | 0x00008059 | 0xb3 | 0xb3
[OK ]  | 14426 | 0x0000805a | 0x00 | 0x00
[OK ]  | 14427 | 0x0000805b | 0x00 | 0x00
[OK ]  | 14428 | 0x0000805c | 0xa1 | 0xa1
[OK ]  | 14429 | 0x0000805d | 0x91 | 0x91
[OK ]  | 14430 | 0x0000805e | 0xff | 0xff
[OK ]  | 14431 | 0x0000805f | 0xff | 0xff
[OK ]  | 14432 | 0x00008060 | 0x4a | 0x4a
[OK ]  | 14433 | 0x00008061 | 0x5f | 0x5f
[OK ]  | 14434 | 0x00008062 | 0x02 | 0x02
[OK ]  | 14435 | 0x00008063 | 0x00 | 0x00
[OK ]  | 14436 | 0x00008064 | 0x44 | 0x44
[OK ]  | 14437 | 0x00008065 | 0x6b | 0x6b
[OK ]  | 14438 | 0x00008066 | 0xff | 0xff
[OK ]  | 14439 | 0x00008067 | 0xff | 0xff
[OK ]  | 14440 | 0x00008068 | 0xc4 | 0xc4
[OK ]  | 14441 | 0x00008069 | 0x61 | 0x61
[OK ]  | 14442 | 0x0000806a | 0x00 | 0x00
[OK ]  | 14443 | 0x0000806b | 0x00 | 0x00
[OK ]  | 14444 | 0x0000806c | 0x28 | 0x28
[OK ]  | 14445 | 0x0000806d | 0x69 | 0x69
[OK ]  | 14446 | 0x0000806e | 0x00 | 0x00
[OK ]  | 14447 | 0x0000806f | 0x00 | 0x00
[OK ]  | 14448 | 0x00008070 | 0x68 | 0x68
[OK ]  | 14449 | 0x00008071 | 0x4d | 0x4d
[OK ]  | 14450 | 0x00008072 | 0x00 | 0x00
[OK ]  | 14451 | 0x00008073 | 0x00 | 0x00
[OK ]  | 14452 | 0x00008074 | 0x6b | 0x6b
[OK ]  | 14453 | 0x00008075 | 0x23 | 0x23
[OK ]  | 14454 | 0x00008076 | 0x01 | 0x01
[OK ]  | 14455 | 0x00008077 | 0x00 | 0x00
[OK ]  | 14456 | 0x00008078 | 0x56 | 0x56
[OK ]  | 14457 | 0x00008079 | 0xd4 | 0xd4
[OK ]  | 14458 | 0x0000807a | 0x00 | 0x00
[OK ]  | 14459 | 0x0000807b | 0x00 | 0x00
[OK ]  | 14460 | 0x0000807c | 0xbc | 0xbc
[OK ]  | 14461 | 0x0000807d | 0xbc | 0xbc
[OK ]  | 14462 | 0x0000807e | 0xfe | 0xfe
[OK ]  | 14463 | 0x0000807f | 0xff | 0xff
[OK ]  | 14464 | 0x00008080 | 0x95 | 0x95
[OK ]  | 14465 | 0x00008081 | 0x76 | 0x76
[OK ]  | 14466 | 0x00008082 | 0x00 | 0x00
[OK ]  | 14467 | 0x00008083 | 0x00 | 0x00
[OK ]  | 14468 | 0x00008084 | 0x0b | 0x0b
[OK ]  | 14469 | 0x00008085 | 0xaf | 0xaf
[OK ]  | 14470 | 0x00008086 | 0x02 | 0x02
[OK ]  | 14471 | 0x00008087 | 0x00 | 0x00
[OK ]  | 14472 | 0x00008088 | 0xac | 0xac
[OK ]  | 14473 | 0x00008089 | 0x50 | 0x50
[OK ]  | 14474 | 0x0000808a | 0xff | 0xff
[OK ]  | 14475 | 0x0000808b | 0xff | 0xff
[OK ]  | 14476 | 0x0000808c | 0x39 | 0x39
[OK ]  | 14477 | 0x0000808d | 0xe9 | 0xe9
[OK ]  | 14478 | 0x0000808e | 0xff | 0xff
[OK ]  | 14479 | 0x0000808f | 0xff | 0xff
[OK ]  | 14480 | 0x00008090 | 0x21 | 0x21
[OK ]  | 14481 | 0x00008091 | 0xbf | 0xbf
[OK ]  | 14482 | 0x00008092 | 0xff | 0xff
[OK ]  | 14483 | 0x00008093 | 0xff | 0xff
[OK ]  | 14484 | 0x00008094 | 0x3e | 0x3e
[OK ]  | 14485 | 0x00008095 | 0xed | 0xed
[OK ]  | 14486 | 0x00008096 | 0x00 | 0x00
[OK ]  | 14487 | 0x00008097 | 0x00 | 0x00
[OK ]  | 14488 | 0x00008098 | 0x95 | 0x95
[OK ]  | 14489 | 0x00008099 | 0xbf | 0xbf
[OK ]  | 14490 | 0x0000809a | 0x00 | 0x00
[OK ]  | 14491 | 0x0000809b | 0x00 | 0x00
[OK ]  | 14492 | 0x0000809c | 0x0d | 0x0d
[OK ]  | 14493 | 0x0000809d | 0x6c | 0x6c
[OK ]  | 14494 | 0x0000809e | 0x01 | 0x01
[OK ]  | 14495 | 0x0000809f | 0x00 | 0x00
[OK ]  | 14496 | 0x000080a0 | 0x15 | 0x15
[OK ]  | 14497 | 0x000080a1 | 0x0d | 0x0d
[OK ]  | 14498 | 0x000080a2 | 0x01 | 0x01
[OK ]  | 14499 | 0x000080a3 | 0x00 | 0x00
[OK ]  | 14500 | 0x000080a4 | 0x6f | 0x6f
[OK ]  | 14501 | 0x000080a5 | 0xbe | 0xbe
[OK ]  | 14502 | 0x000080a6 | 0xff | 0xff
[OK ]  | 14503 | 0x000080a7 | 0xff | 0xff
[OK ]  | 14504 | 0x000080a8 | 0xfb | 0xfb
[OK ]  | 14505 | 0x000080a9 | 0x71 | 0x71
[OK ]  | 14506 | 0x000080aa | 0xfe | 0xfe
[OK ]  | 14507 | 0x000080ab | 0xff | 0xff
[OK ]  | 14508 | 0x000080ac | 0xc0 | 0xc0
[OK ]  | 14509 | 0x000080ad | 0xe0 | 0xe0
[OK ]  | 14510 | 0x000080ae | 0xfe | 0xfe
[OK ]  | 14511 | 0x000080af | 0xff | 0xff
[OK ]  | 14512 | 0x000080b0 | 0xaa | 0xaa
[OK ]  | 14513 | 0x000080b1 | 0x15 | 0x15
[OK ]  | 14514 | 0x000080b2 | 0x00 | 0x00
[OK ]  | 14515 | 0x000080b3 | 0x00 | 0x00
[OK ]  | 14516 | 0x000080b4 | 0x14 | 0x14
[OK ]  | 14517 | 0x000080b5 | 0x67 | 0x67
[OK ]  | 14518 | 0x000080b6 | 0x00 | 0x00
[OK ]  | 14519 | 0x000080b7 | 0x00 | 0x00
[OK ]  | 14520 | 0x000080b8 | 0xfe | 0xfe
[OK ]  | 14521 | 0x000080b9 | 0x73 | 0x73
[OK ]  | 14522 | 0x000080ba | 0xff | 0xff
[OK ]  | 14523 | 0x000080bb | 0xff | 0xff
[OK ]  | 14524 | 0x000080bc | 0x9c | 0x9c
[OK ]  | 14525 | 0x000080bd | 0xc2 | 0xc2
[OK ]  | 14526 | 0x000080be | 0xfe | 0xfe
[OK ]  | 14527 | 0x000080bf | 0xff | 0xff
[OK ]  | 14528 | 0x000080c0 | 0xa8 | 0xa8
[OK ]  | 14529 | 0x000080c1 | 0x81 | 0x81
[OK ]  | 14530 | 0x000080c2 | 0x00 | 0x00
[OK ]  | 14531 | 0x000080c3 | 0x00 | 0x00
[OK ]  | 14532 | 0x000080c4 | 0xa2 | 0xa2
[OK ]  | 14533 | 0x000080c5 | 0x9c | 0x9c
[OK ]  | 14534 | 0x000080c6 | 0x00 | 0x00
[OK ]  | 14535 | 0x000080c7 | 0x00 | 0x00
[OK ]  | 14536 | 0x000080c8 | 0xed | 0xed
[OK ]  | 14537 | 0x000080c9 | 0x78 | 0x78
[OK ]  | 14538 | 0x000080ca | 0x00 | 0x00
[OK ]  | 14539 | 0x000080cb | 0x00 | 0x00
[OK ]  | 14540 | 0x000080cc | 0x27 | 0x27
[OK ]  | 14541 | 0x000080cd | 0x70 | 0x70
[OK ]  | 14542 | 0x000080ce | 0x00 | 0x00
[OK ]  | 14543 | 0x000080cf | 0x00 | 0x00
[OK ]  | 14544 | 0x000080d0 | 0xab | 0xab
[OK ]  | 14545 | 0x000080d1 | 0x6d | 0x6d
[OK ]  | 14546 | 0x000080d2 | 0x00 | 0x00
[OK ]  | 14547 | 0x000080d3 | 0x00 | 0x00
[OK ]  | 14548 | 0x000080d4 | 0x99 | 0x99
[OK ]  | 14549 | 0x000080d5 | 0x76 | 0x76
[OK ]  | 14550 | 0x000080d6 | 0x00 | 0x00
[OK ]  | 14551 | 0x000080d7 | 0x00 | 0x00
[OK ]  | 14552 | 0x000080d8 | 0xee | 0xee
[OK ]  | 14553 | 0x000080d9 | 0xdb | 0xdb
[OK ]  | 14554 | 0x000080da | 0x00 | 0x00
[OK ]  | 14555 | 0x000080db | 0x00 | 0x00
[OK ]  | 14556 | 0x000080dc | 0x70 | 0x70
[OK ]  | 14557 | 0x000080dd | 0xae | 0xae
[OK ]  | 14558 | 0x000080de | 0xfd | 0xfd
[OK ]  | 14559 | 0x000080df | 0xff | 0xff
[OK ]  | 14560 | 0x000080e0 | 0x09 | 0x09
[OK ]  | 14561 | 0x000080e1 | 0xb4 | 0xb4
[OK ]  | 14562 | 0x000080e2 | 0x00 | 0x00
[OK ]  | 14563 | 0x000080e3 | 0x00 | 0x00
[OK ]  | 14564 | 0x000080e4 | 0x5a | 0x5a
[OK ]  | 14565 | 0x000080e5 | 0xb5 | 0xb5
[OK ]  | 14566 | 0x000080e6 | 0x00 | 0x00
[OK ]  | 14567 | 0x000080e7 | 0x00 | 0x00
[OK ]  | 14568 | 0x000080e8 | 0x1f | 0x1f
[OK ]  | 14569 | 0x000080e9 | 0xc2 | 0xc2
[OK ]  | 14570 | 0x000080ea | 0x00 | 0x00
[OK ]  | 14571 | 0x000080eb | 0x00 | 0x00
[OK ]  | 14572 | 0x000080ec | 0xd5 | 0xd5
[OK ]  | 14573 | 0x000080ed | 0x82 | 0x82
[OK ]  | 14574 | 0x000080ee | 0x00 | 0x00
[OK ]  | 14575 | 0x000080ef | 0x00 | 0x00
[OK ]  | 14576 | 0x000080f0 | 0x7a | 0x7a
[OK ]  | 14577 | 0x000080f1 | 0xf2 | 0xf2
[OK ]  | 14578 | 0x000080f2 | 0x01 | 0x01
[OK ]  | 14579 | 0x000080f3 | 0x00 | 0x00
[OK ]  | 14580 | 0x000080f4 | 0x53 | 0x53
[OK ]  | 14581 | 0x000080f5 | 0x3b | 0x3b
[OK ]  | 14582 | 0x000080f6 | 0xff | 0xff
[OK ]  | 14583 | 0x000080f7 | 0xff | 0xff
[OK ]  | 14584 | 0x000080f8 | 0xd4 | 0xd4
[OK ]  | 14585 | 0x000080f9 | 0xbd | 0xbd
[OK ]  | 14586 | 0x000080fa | 0x01 | 0x01
[OK ]  | 14587 | 0x000080fb | 0x00 | 0x00
[OK ]  | 14588 | 0x000080fc | 0xbf | 0xbf
[OK ]  | 14589 | 0x000080fd | 0xcc | 0xcc
[OK ]  | 14590 | 0x000080fe | 0x00 | 0x00
[OK ]  | 14591 | 0x000080ff | 0x00 | 0x00
[OK ]  | 14592 | 0x00008100 | 0xcc | 0xcc
[OK ]  | 14593 | 0x00008101 | 0x5b | 0x5b
[OK ]  | 14594 | 0x00008102 | 0x00 | 0x00
[OK ]  | 14595 | 0x00008103 | 0x00 | 0x00
[OK ]  | 14596 | 0x00008104 | 0x4e | 0x4e
[OK ]  | 14597 | 0x00008105 | 0x89 | 0x89
[OK ]  | 14598 | 0x00008106 | 0x00 | 0x00
[OK ]  | 14599 | 0x00008107 | 0x00 | 0x00
[OK ]  | 14600 | 0x00008108 | 0xa0 | 0xa0
[OK ]  | 14601 | 0x00008109 | 0xea | 0xea
[OK ]  | 14602 | 0x0000810a | 0x00 | 0x00
[OK ]  | 14603 | 0x0000810b | 0x00 | 0x00
[OK ]  | 14604 | 0x0000810c | 0xcc | 0xcc
[OK ]  | 14605 | 0x0000810d | 0x7a | 0x7a
[OK ]  | 14606 | 0x0000810e | 0x00 | 0x00
[OK ]  | 14607 | 0x0000810f | 0x00 | 0x00
[OK ]  | 14608 | 0x00008110 | 0xfb | 0xfb
[OK ]  | 14609 | 0x00008111 | 0x2c | 0x2c
[OK ]  | 14610 | 0x00008112 | 0x00 | 0x00
[OK ]  | 14611 | 0x00008113 | 0x00 | 0x00
[OK ]  | 14612 | 0x00008114 | 0xc6 | 0xc6
[OK ]  | 14613 | 0x00008115 | 0x4c | 0x4c
[OK ]  | 14614 | 0x00008116 | 0x01 | 0x01
[OK ]  | 14615 | 0x00008117 | 0x00 | 0x00
[OK ]  | 14616 | 0x00008118 | 0xb3 | 0xb3
[OK ]  | 14617 | 0x00008119 | 0x53 | 0x53
[OK ]  | 14618 | 0x0000811a | 0x00 | 0x00
[OK ]  | 14619 | 0x0000811b | 0x00 | 0x00
[OK ]  | 14620 | 0x0000811c | 0x4c | 0x4c
[OK ]  | 14621 | 0x0000811d | 0x88 | 0x88
[OK ]  | 14622 | 0x0000811e | 0x00 | 0x00
[OK ]  | 14623 | 0x0000811f | 0x00 | 0x00
[OK ]  | 14624 | 0x00008120 | 0x36 | 0x36
[OK ]  | 14625 | 0x00008121 | 0xa8 | 0xa8
[OK ]  | 14626 | 0x00008122 | 0xfe | 0xfe
[OK ]  | 14627 | 0x00008123 | 0xff | 0xff
[OK ]  | 14628 | 0x00008124 | 0x1f | 0x1f
[OK ]  | 14629 | 0x00008125 | 0xd3 | 0xd3
[OK ]  | 14630 | 0x00008126 | 0xfe | 0xfe
[OK ]  | 14631 | 0x00008127 | 0xff | 0xff
[OK ]  | 14632 | 0x00008128 | 0x0a | 0x0a
[OK ]  | 14633 | 0x00008129 | 0x34 | 0x34
[OK ]  | 14634 | 0x0000812a | 0x00 | 0x00
[OK ]  | 14635 | 0x0000812b | 0x00 | 0x00
[OK ]  | 14636 | 0x0000812c | 0xf4 | 0xf4
[OK ]  | 14637 | 0x0000812d | 0xbf | 0xbf
[OK ]  | 14638 | 0x0000812e | 0x01 | 0x01
[OK ]  | 14639 | 0x0000812f | 0x00 | 0x00
[OK ]  | 14640 | 0x00008130 | 0x38 | 0x38
[OK ]  | 14641 | 0x00008131 | 0xac | 0xac
[OK ]  | 14642 | 0x00008132 | 0x01 | 0x01
[OK ]  | 14643 | 0x00008133 | 0x00 | 0x00
[OK ]  | 14644 | 0x00008134 | 0xa0 | 0xa0
[OK ]  | 14645 | 0x00008135 | 0xa1 | 0xa1
[OK ]  | 14646 | 0x00008136 | 0xff | 0xff
[OK ]  | 14647 | 0x00008137 | 0xff | 0xff
[OK ]  | 14648 | 0x00008138 | 0x29 | 0x29
[OK ]  | 14649 | 0x00008139 | 0x3f | 0x3f
[OK ]  | 14650 | 0x0000813a | 0x01 | 0x01
[OK ]  | 14651 | 0x0000813b | 0x00 | 0x00
[OK ]  | 14652 | 0x0000813c | 0xa6 | 0xa6
[OK ]  | 14653 | 0x0000813d | 0xc3 | 0xc3
[OK ]  | 14654 | 0x0000813e | 0xff | 0xff
[OK ]  | 14655 | 0x0000813f | 0xff | 0xff
[OK ]  | 14656 | 0x00008140 | 0x8c | 0x8c
[OK ]  | 14657 | 0x00008141 | 0x73 | 0x73
[OK ]  | 14658 | 0x00008142 | 0xff | 0xff
[OK ]  | 14659 | 0x00008143 | 0xff | 0xff
[OK ]  | 14660 | 0x00008144 | 0xe7 | 0xe7
[OK ]  | 14661 | 0x00008145 | 0xfc | 0xfc
[OK ]  | 14662 | 0x00008146 | 0xff | 0xff
[OK ]  | 14663 | 0x00008147 | 0xff | 0xff
[OK ]  | 14664 | 0x00008148 | 0x68 | 0x68
[OK ]  | 14665 | 0x00008149 | 0xbb | 0xbb
[OK ]  | 14666 | 0x0000814a | 0xfe | 0xfe
[OK ]  | 14667 | 0x0000814b | 0xff | 0xff
[OK ]  | 14668 | 0x0000814c | 0x7c | 0x7c
[OK ]  | 14669 | 0x0000814d | 0x9c | 0x9c
[OK ]  | 14670 | 0x0000814e | 0x00 | 0x00
[OK ]  | 14671 | 0x0000814f | 0x00 | 0x00
[OK ]  | 14672 | 0x00008150 | 0x60 | 0x60
[OK ]  | 14673 | 0x00008151 | 0x62 | 0x62
[OK ]  | 14674 | 0x00008152 | 0xff | 0xff
[OK ]  | 14675 | 0x00008153 | 0xff | 0xff
[OK ]  | 14676 | 0x00008154 | 0x47 | 0x47
[OK ]  | 14677 | 0x00008155 | 0x60 | 0x60
[OK ]  | 14678 | 0x00008156 | 0x00 | 0x00
[OK ]  | 14679 | 0x00008157 | 0x00 | 0x00
[OK ]  | 14680 | 0x00008158 | 0xb7 | 0xb7
[OK ]  | 14681 | 0x00008159 | 0xac | 0xac
[OK ]  | 14682 | 0x0000815a | 0x00 | 0x00
[OK ]  | 14683 | 0x0000815b | 0x00 | 0x00
[OK ]  | 14684 | 0x0000815c | 0x0d | 0x0d
[OK ]  | 14685 | 0x0000815d | 0x87 | 0x87
[OK ]  | 14686 | 0x0000815e | 0xff | 0xff
[OK ]  | 14687 | 0x0000815f | 0xff | 0xff
[OK ]  | 14688 | 0x00008160 | 0x68 | 0x68
[OK ]  | 14689 | 0x00008161 | 0xea | 0xea
[OK ]  | 14690 | 0x00008162 | 0x00 | 0x00
[OK ]  | 14691 | 0x00008163 | 0x00 | 0x00
[OK ]  | 14692 | 0x00008164 | 0xcb | 0xcb
[OK ]  | 14693 | 0x00008165 | 0x9a | 0x9a
[OK ]  | 14694 | 0x00008166 | 0x00 | 0x00
[OK ]  | 14695 | 0x00008167 | 0x00 | 0x00
[OK ]  | 14696 | 0x00008168 | 0xcf | 0xcf
[OK ]  | 14697 | 0x00008169 | 0x8a | 0x8a
[OK ]  | 14698 | 0x0000816a | 0xff | 0xff
[OK ]  | 14699 | 0x0000816b | 0xff | 0xff
[OK ]  | 14700 | 0x0000816c | 0xf1 | 0xf1
[OK ]  | 14701 | 0x0000816d | 0x1a | 0x1a
[OK ]  | 14702 | 0x0000816e | 0x01 | 0x01
[OK ]  | 14703 | 0x0000816f | 0x00 | 0x00
[OK ]  | 14704 | 0x00008170 | 0x62 | 0x62
[OK ]  | 14705 | 0x00008171 | 0x0d | 0x0d
[OK ]  | 14706 | 0x00008172 | 0x01 | 0x01
[OK ]  | 14707 | 0x00008173 | 0x00 | 0x00
[OK ]  | 14708 | 0x00008174 | 0x58 | 0x58
[OK ]  | 14709 | 0x00008175 | 0x35 | 0x35
[OK ]  | 14710 | 0x00008176 | 0x01 | 0x01
[OK ]  | 14711 | 0x00008177 | 0x00 | 0x00
[OK ]  | 14712 | 0x00008178 | 0xc0 | 0xc0
[OK ]  | 14713 | 0x00008179 | 0x3d | 0x3d
[OK ]  | 14714 | 0x0000817a | 0x00 | 0x00
[OK ]  | 14715 | 0x0000817b | 0x00 | 0x00
[OK ]  | 14716 | 0x0000817c | 0xec | 0xec
[OK ]  | 14717 | 0x0000817d | 0x5c | 0x5c
[OK ]  | 14718 | 0x0000817e | 0xff | 0xff
[OK ]  | 14719 | 0x0000817f | 0xff | 0xff
[OK ]  | 14720 | 0x00008180 | 0xd3 | 0xd3
[OK ]  | 14721 | 0x00008181 | 0xf1 | 0xf1
[OK ]  | 14722 | 0x00008182 | 0xff | 0xff
[OK ]  | 14723 | 0x00008183 | 0xff | 0xff
[OK ]  | 14724 | 0x00008184 | 0x1b | 0x1b
[OK ]  | 14725 | 0x00008185 | 0x01 | 0x01
[OK ]  | 14726 | 0x00008186 | 0x00 | 0x00
[OK ]  | 14727 | 0x00008187 | 0x00 | 0x00
[OK ]  | 14728 | 0x00008188 | 0xe7 | 0xe7
[OK ]  | 14729 | 0x00008189 | 0x2e | 0x2e
[OK ]  | 14730 | 0x0000818a | 0xff | 0xff
[OK ]  | 14731 | 0x0000818b | 0xff | 0xff
[OK ]  | 14732 | 0x0000818c | 0x7e | 0x7e
[OK ]  | 14733 | 0x0000818d | 0x2b | 0x2b
[OK ]  | 14734 | 0x0000818e | 0x01 | 0x01
[OK ]  | 14735 | 0x0000818f | 0x00 | 0x00
[OK ]  | 14736 | 0x00008190 | 0x7e | 0x7e
[OK ]  | 14737 | 0x00008191 | 0x73 | 0x73
[OK ]  | 14738 | 0x00008192 | 0xff | 0xff
[OK ]  | 14739 | 0x00008193 | 0xff | 0xff
[OK ]  | 14740 | 0x00008194 | 0x39 | 0x39
[OK ]  | 14741 | 0x00008195 | 0x78 | 0x78
[OK ]  | 14742 | 0x00008196 | 0x00 | 0x00
[OK ]  | 14743 | 0x00008197 | 0x00 | 0x00
[OK ]  | 14744 | 0x00008198 | 0x33 | 0x33
[OK ]  | 14745 | 0x00008199 | 0x2a | 0x2a
[OK ]  | 14746 | 0x0000819a | 0x01 | 0x01
[OK ]  | 14747 | 0x0000819b | 0x00 | 0x00
[OK ]  | 14748 | 0x0000819c | 0xf7 | 0xf7
[OK ]  | 14749 | 0x0000819d | 0xe5 | 0xe5
[OK ]  | 14750 | 0x0000819e | 0xfe | 0xfe
[OK ]  | 14751 | 0x0000819f | 0xff | 0xff
[OK ]  | 14752 | 0x000081a0 | 0x64 | 0x64
[OK ]  | 14753 | 0x000081a1 | 0xc0 | 0xc0
[OK ]  | 14754 | 0x000081a2 | 0xfe | 0xfe
[OK ]  | 14755 | 0x000081a3 | 0xff | 0xff
[OK ]  | 14756 | 0x000081a4 | 0x78 | 0x78
[OK ]  | 14757 | 0x000081a5 | 0x05 | 0x05
[OK ]  | 14758 | 0x000081a6 | 0xff | 0xff
[OK ]  | 14759 | 0x000081a7 | 0xff | 0xff
[OK ]  | 14760 | 0x000081a8 | 0x00 | 0x00
[OK ]  | 14761 | 0x000081a9 | 0xe4 | 0xe4
[OK ]  | 14762 | 0x000081aa | 0x01 | 0x01
[OK ]  | 14763 | 0x000081ab | 0x00 | 0x00
[OK ]  | 14764 | 0x000081ac | 0xe5 | 0xe5
[OK ]  | 14765 | 0x000081ad | 0x27 | 0x27
[OK ]  | 14766 | 0x000081ae | 0xff | 0xff
[OK ]  | 14767 | 0x000081af | 0xff | 0xff
[OK ]  | 14768 | 0x000081b0 | 0xc6 | 0xc6
[OK ]  | 14769 | 0x000081b1 | 0xaf | 0xaf
[OK ]  | 14770 | 0x000081b2 | 0xff | 0xff
[OK ]  | 14771 | 0x000081b3 | 0xff | 0xff
[OK ]  | 14772 | 0x000081b4 | 0x93 | 0x93
[OK ]  | 14773 | 0x000081b5 | 0x5e | 0x5e
[OK ]  | 14774 | 0x000081b6 | 0x00 | 0x00
[OK ]  | 14775 | 0x000081b7 | 0x00 | 0x00
[OK ]  | 14776 | 0x000081b8 | 0x3a | 0x3a
[OK ]  | 14777 | 0x000081b9 | 0x89 | 0x89
[OK ]  | 14778 | 0x000081ba | 0x01 | 0x01
[OK ]  | 14779 | 0x000081bb | 0x00 | 0x00
[OK ]  | 14780 | 0x000081bc | 0x1f | 0x1f
[OK ]  | 14781 | 0x000081bd | 0x99 | 0x99
[OK ]  | 14782 | 0x000081be | 0x01 | 0x01
[OK ]  | 14783 | 0x000081bf | 0x00 | 0x00
[OK ]  | 14784 | 0x000081c0 | 0x8e | 0x8e
[OK ]  | 14785 | 0x000081c1 | 0x54 | 0x54
[OK ]  | 14786 | 0x000081c2 | 0xff | 0xff
[OK ]  | 14787 | 0x000081c3 | 0xff | 0xff
[OK ]  | 14788 | 0x000081c4 | 0x66 | 0x66
[OK ]  | 14789 | 0x000081c5 | 0x0c | 0x0c
[OK ]  | 14790 | 0x000081c6 | 0xff | 0xff
[OK ]  | 14791 | 0x000081c7 | 0xff | 0xff
[OK ]  | 14792 | 0x000081c8 | 0x45 | 0x45
[OK ]  | 14793 | 0x000081c9 | 0xac | 0xac
[OK ]  | 14794 | 0x000081ca | 0x01 | 0x01
[OK ]  | 14795 | 0x000081cb | 0x00 | 0x00
[OK ]  | 14796 | 0x000081cc | 0x8c | 0x8c
[OK ]  | 14797 | 0x000081cd | 0xf8 | 0xf8
[OK ]  | 14798 | 0x000081ce | 0xfe | 0xfe
[OK ]  | 14799 | 0x000081cf | 0xff | 0xff
[OK ]  | 14800 | 0x000081d0 | 0x1d | 0x1d
[OK ]  | 14801 | 0x000081d1 | 0xbc | 0xbc
[OK ]  | 14802 | 0x000081d2 | 0x00 | 0x00
[OK ]  | 14803 | 0x000081d3 | 0x00 | 0x00
[OK ]  | 14804 | 0x000081d4 | 0xa1 | 0xa1
[OK ]  | 14805 | 0x000081d5 | 0xd7 | 0xd7
[OK ]  | 14806 | 0x000081d6 | 0xff | 0xff
[OK ]  | 14807 | 0x000081d7 | 0xff | 0xff
[OK ]  | 14808 | 0x000081d8 | 0x14 | 0x14
[OK ]  | 14809 | 0x000081d9 | 0x38 | 0x38
[OK ]  | 14810 | 0x000081da | 0xff | 0xff
[OK ]  | 14811 | 0x000081db | 0xff | 0xff
[OK ]  | 14812 | 0x000081dc | 0xe0 | 0xe0
[OK ]  | 14813 | 0x000081dd | 0x9b | 0x9b
[OK ]  | 14814 | 0x000081de | 0xfd | 0xfd
[OK ]  | 14815 | 0x000081df | 0xff | 0xff
[OK ]  | 14816 | 0x000081e0 | 0x41 | 0x41
[OK ]  | 14817 | 0x000081e1 | 0xef | 0xef
[OK ]  | 14818 | 0x000081e2 | 0xfe | 0xfe
[OK ]  | 14819 | 0x000081e3 | 0xff | 0xff
[OK ]  | 14820 | 0x000081e4 | 0x0b | 0x0b
[OK ]  | 14821 | 0x000081e5 | 0xfa | 0xfa
[OK ]  | 14822 | 0x000081e6 | 0x00 | 0x00
[OK ]  | 14823 | 0x000081e7 | 0x00 | 0x00
[OK ]  | 14824 | 0x000081e8 | 0x1a | 0x1a
[OK ]  | 14825 | 0x000081e9 | 0x66 | 0x66
[OK ]  | 14826 | 0x000081ea | 0x01 | 0x01
[OK ]  | 14827 | 0x000081eb | 0x00 | 0x00
[OK ]  | 14828 | 0x000081ec | 0x88 | 0x88
[OK ]  | 14829 | 0x000081ed | 0xda | 0xda
[OK ]  | 14830 | 0x000081ee | 0x00 | 0x00
[OK ]  | 14831 | 0x000081ef | 0x00 | 0x00
[OK ]  | 14832 | 0x000081f0 | 0xb3 | 0xb3
[OK ]  | 14833 | 0x000081f1 | 0xc2 | 0xc2
[OK ]  | 14834 | 0x000081f2 | 0xff | 0xff
[OK ]  | 14835 | 0x000081f3 | 0xff | 0xff
[OK ]  | 14836 | 0x000081f4 | 0x24 | 0x24
[OK ]  | 14837 | 0x000081f5 | 0xad | 0xad
[OK ]  | 14838 | 0x000081f6 | 0xfe | 0xfe
[OK ]  | 14839 | 0x000081f7 | 0xff | 0xff
[OK ]  | 14840 | 0x000081f8 | 0xc1 | 0xc1
[OK ]  | 14841 | 0x000081f9 | 0x24 | 0x24
[OK ]  | 14842 | 0x000081fa | 0xff | 0xff
[OK ]  | 14843 | 0x000081fb | 0xff | 0xff
[OK ]  | 14844 | 0x000081fc | 0x79 | 0x79
[OK ]  | 14845 | 0x000081fd | 0x5d | 0x5d
[OK ]  | 14846 | 0x000081fe | 0x00 | 0x00
[OK ]  | 14847 | 0x000081ff | 0x00 | 0x00
[OK ]  | 14848 | 0x00008200 | 0x98 | 0x98
[OK ]  | 14849 | 0x00008201 | 0x69 | 0x69
[OK ]  | 14850 | 0x00008202 | 0xfe | 0xfe
[OK ]  | 14851 | 0x00008203 | 0xff | 0xff
[OK ]  | 14852 | 0x00008204 | 0x8c | 0x8c
[OK ]  | 14853 | 0x00008205 | 0x37 | 0x37
[OK ]  | 14854 | 0x00008206 | 0x02 | 0x02
[OK ]  | 14855 | 0x00008207 | 0x00 | 0x00
[OK ]  | 14856 | 0x00008208 | 0xeb | 0xeb
[OK ]  | 14857 | 0x00008209 | 0xb1 | 0xb1
[OK ]  | 14858 | 0x0000820a | 0xff | 0xff
[OK ]  | 14859 | 0x0000820b | 0xff | 0xff
[OK ]  | 14860 | 0x0000820c | 0xdf | 0xdf
[OK ]  | 14861 | 0x0000820d | 0x15 | 0x15
[OK ]  | 14862 | 0x0000820e | 0xff | 0xff
[OK ]  | 14863 | 0x0000820f | 0xff | 0xff
[OK ]  | 14864 | 0x00008210 | 0x65 | 0x65
[OK ]  | 14865 | 0x00008211 | 0xc7 | 0xc7
[OK ]  | 14866 | 0x00008212 | 0x00 | 0x00
[OK ]  | 14867 | 0x00008213 | 0x00 | 0x00
[OK ]  | 14868 | 0x00008214 | 0xfe | 0xfe
[OK ]  | 14869 | 0x00008215 | 0x5b | 0x5b
[OK ]  | 14870 | 0x00008216 | 0x00 | 0x00
[OK ]  | 14871 | 0x00008217 | 0x00 | 0x00
[OK ]  | 14872 | 0x00008218 | 0x4f | 0x4f
[OK ]  | 14873 | 0x00008219 | 0x36 | 0x36
[OK ]  | 14874 | 0x0000821a | 0x00 | 0x00
[OK ]  | 14875 | 0x0000821b | 0x00 | 0x00
[OK ]  | 14876 | 0x0000821c | 0x99 | 0x99
[OK ]  | 14877 | 0x0000821d | 0x79 | 0x79
[OK ]  | 14878 | 0x0000821e | 0xfe | 0xfe
[OK ]  | 14879 | 0x0000821f | 0xff | 0xff
[OK ]  | 14880 | 0x00008220 | 0x0b | 0x0b
[OK ]  | 14881 | 0x00008221 | 0x72 | 0x72
[OK ]  | 14882 | 0x00008222 | 0x00 | 0x00
[OK ]  | 14883 | 0x00008223 | 0x00 | 0x00
[OK ]  | 14884 | 0x00008224 | 0xfa | 0xfa
[OK ]  | 14885 | 0x00008225 | 0x14 | 0x14
[OK ]  | 14886 | 0x00008226 | 0x00 | 0x00
[OK ]  | 14887 | 0x00008227 | 0x00 | 0x00
[OK ]  | 14888 | 0x00008228 | 0xe6 | 0xe6
[OK ]  | 14889 | 0x00008229 | 0x5d | 0x5d
[OK ]  | 14890 | 0x0000822a | 0x00 | 0x00
[OK ]  | 14891 | 0x0000822b | 0x00 | 0x00
[OK ]  | 14892 | 0x0000822c | 0x7a | 0x7a
[OK ]  | 14893 | 0x0000822d | 0x81 | 0x81
[OK ]  | 14894 | 0x0000822e | 0xff | 0xff
[OK ]  | 14895 | 0x0000822f | 0xff | 0xff
[OK ]  | 14896 | 0x00008230 | 0x5f | 0x5f
[OK ]  | 14897 | 0x00008231 | 0xf0 | 0xf0
[OK ]  | 14898 | 0x00008232 | 0xff | 0xff
[OK ]  | 14899 | 0x00008233 | 0xff | 0xff
[OK ]  | 14900 | 0x00008234 | 0x60 | 0x60
[OK ]  | 14901 | 0x00008235 | 0xfd | 0xfd
[OK ]  | 14902 | 0x00008236 | 0xff | 0xff
[OK ]  | 14903 | 0x00008237 | 0xff | 0xff
[OK ]  | 14904 | 0x00008238 | 0x74 | 0x74
[OK ]  | 14905 | 0x00008239 | 0x04 | 0x04
[OK ]  | 14906 | 0x0000823a | 0x00 | 0x00
[OK ]  | 14907 | 0x0000823b | 0x00 | 0x00
[OK ]  | 14908 | 0x0000823c | 0xa0 | 0xa0
[OK ]  | 14909 | 0x0000823d | 0xf4 | 0xf4
[OK ]  | 14910 | 0x0000823e | 0xff | 0xff
[OK ]  | 14911 | 0x0000823f | 0xff | 0xff
[OK ]  | 14912 | 0x00008240 | 0x1f | 0x1f
[OK ]  | 14913 | 0x00008241 | 0x6e | 0x6e
[OK ]  | 14914 | 0x00008242 | 0xff | 0xff
[OK ]  | 14915 | 0x00008243 | 0xff | 0xff
[OK ]  | 14916 | 0x00008244 | 0x9f | 0x9f
[OK ]  | 14917 | 0x00008245 | 0xed | 0xed
[OK ]  | 14918 | 0x00008246 | 0xfe | 0xfe
[OK ]  | 14919 | 0x00008247 | 0xff | 0xff
[OK ]  | 14920 | 0x00008248 | 0xe4 | 0xe4
[OK ]  | 14921 | 0x00008249 | 0x0b | 0x0b
[OK ]  | 14922 | 0x0000824a | 0x01 | 0x01
[OK ]  | 14923 | 0x0000824b | 0x00 | 0x00
[OK ]  | 14924 | 0x0000824c | 0xef | 0xef
[OK ]  | 14925 | 0x0000824d | 0x9f | 0x9f
[OK ]  | 14926 | 0x0000824e | 0x02 | 0x02
[OK ]  | 14927 | 0x0000824f | 0x00 | 0x00
[OK ]  | 14928 | 0x00008250 | 0x5a | 0x5a
[OK ]  | 14929 | 0x00008251 | 0x07 | 0x07
[OK ]  | 14930 | 0x00008252 | 0x02 | 0x02
[OK ]  | 14931 | 0x00008253 | 0x00 | 0x00
[OK ]  | 14932 | 0x00008254 | 0x9c | 0x9c
[OK ]  | 14933 | 0x00008255 | 0xd9 | 0xd9
[OK ]  | 14934 | 0x00008256 | 0xff | 0xff
[OK ]  | 14935 | 0x00008257 | 0xff | 0xff
[OK ]  | 14936 | 0x00008258 | 0x7b | 0x7b
[OK ]  | 14937 | 0x00008259 | 0x1b | 0x1b
[OK ]  | 14938 | 0x0000825a | 0xff | 0xff
[OK ]  | 14939 | 0x0000825b | 0xff | 0xff
[OK ]  | 14940 | 0x0000825c | 0x80 | 0x80
[OK ]  | 14941 | 0x0000825d | 0x55 | 0x55
[OK ]  | 14942 | 0x0000825e | 0xff | 0xff
[OK ]  | 14943 | 0x0000825f | 0xff | 0xff
[OK ]  | 14944 | 0x00008260 | 0xa0 | 0xa0
[OK ]  | 14945 | 0x00008261 | 0x42 | 0x42
[OK ]  | 14946 | 0x00008262 | 0x00 | 0x00
[OK ]  | 14947 | 0x00008263 | 0x00 | 0x00
[OK ]  | 14948 | 0x00008264 | 0xb2 | 0xb2
[OK ]  | 14949 | 0x00008265 | 0x33 | 0x33
[OK ]  | 14950 | 0x00008266 | 0x00 | 0x00
[OK ]  | 14951 | 0x00008267 | 0x00 | 0x00
[OK ]  | 14952 | 0x00008268 | 0x40 | 0x40
[OK ]  | 14953 | 0x00008269 | 0x0d | 0x0d
[OK ]  | 14954 | 0x0000826a | 0x00 | 0x00
[OK ]  | 14955 | 0x0000826b | 0x00 | 0x00
[OK ]  | 14956 | 0x0000826c | 0x3b | 0x3b
[OK ]  | 14957 | 0x0000826d | 0x96 | 0x96
[OK ]  | 14958 | 0x0000826e | 0x00 | 0x00
[OK ]  | 14959 | 0x0000826f | 0x00 | 0x00
[OK ]  | 14960 | 0x00008270 | 0x53 | 0x53
[OK ]  | 14961 | 0x00008271 | 0x8d | 0x8d
[OK ]  | 14962 | 0x00008272 | 0x00 | 0x00
[OK ]  | 14963 | 0x00008273 | 0x00 | 0x00
[OK ]  | 14964 | 0x00008274 | 0x6e | 0x6e
[OK ]  | 14965 | 0x00008275 | 0xfc | 0xfc
[OK ]  | 14966 | 0x00008276 | 0x00 | 0x00
[OK ]  | 14967 | 0x00008277 | 0x00 | 0x00
[OK ]  | 14968 | 0x00008278 | 0x88 | 0x88
[OK ]  | 14969 | 0x00008279 | 0x0f | 0x0f
[OK ]  | 14970 | 0x0000827a | 0x00 | 0x00
[OK ]  | 14971 | 0x0000827b | 0x00 | 0x00
[OK ]  | 14972 | 0x0000827c | 0xb4 | 0xb4
[OK ]  | 14973 | 0x0000827d | 0x99 | 0x99
[OK ]  | 14974 | 0x0000827e | 0xfd | 0xfd
[OK ]  | 14975 | 0x0000827f | 0xff | 0xff
[OK ]  | 14976 | 0x00008280 | 0x7b | 0x7b
[OK ]  | 14977 | 0x00008281 | 0xaf | 0xaf
[OK ]  | 14978 | 0x00008282 | 0x01 | 0x01
[OK ]  | 14979 | 0x00008283 | 0x00 | 0x00
[OK ]  | 14980 | 0x00008284 | 0xbe | 0xbe
[OK ]  | 14981 | 0x00008285 | 0xe1 | 0xe1
[OK ]  | 14982 | 0x00008286 | 0xff | 0xff
[OK ]  | 14983 | 0x00008287 | 0xff | 0xff
[OK ]  | 14984 | 0x00008288 | 0x6e | 0x6e
[OK ]  | 14985 | 0x00008289 | 0xae | 0xae
[OK ]  | 14986 | 0x0000828a | 0xff | 0xff
[OK ]  | 14987 | 0x0000828b | 0xff | 0xff
[OK ]  | 14988 | 0x0000828c | 0x4a | 0x4a
[OK ]  | 14989 | 0x0000828d | 0xea | 0xea
[OK ]  | 14990 | 0x0000828e | 0xff | 0xff
[OK ]  | 14991 | 0x0000828f | 0xff | 0xff
[OK ]  | 14992 | 0x00008290 | 0x69 | 0x69
[OK ]  | 14993 | 0x00008291 | 0xf2 | 0xf2
[OK ]  | 14994 | 0x00008292 | 0xfe | 0xfe
[OK ]  | 14995 | 0x00008293 | 0xff | 0xff
[OK ]  | 14996 | 0x00008294 | 0x83 | 0x83
[OK ]  | 14997 | 0x00008295 | 0x98 | 0x98
[OK ]  | 14998 | 0x00008296 | 0xff | 0xff
[OK ]  | 14999 | 0x00008297 | 0xff | 0xff
[OK ]  | 15000 | 0x00008298 | 0xf7 | 0xf7
[OK ]  | 15001 | 0x00008299 | 0x2c | 0x2c
[OK ]  | 15002 | 0x0000829a | 0x00 | 0x00
[OK ]  | 15003 | 0x0000829b | 0x00 | 0x00
[OK ]  | 15004 | 0x0000829c | 0x56 | 0x56
[OK ]  | 15005 | 0x0000829d | 0x6e | 0x6e
[OK ]  | 15006 | 0x0000829e | 0xff | 0xff
[OK ]  | 15007 | 0x0000829f | 0xff | 0xff
[OK ]  | 15008 | 0x000082a0 | 0xe9 | 0xe9
[OK ]  | 15009 | 0x000082a1 | 0x21 | 0x21
[OK ]  | 15010 | 0x000082a2 | 0xff | 0xff
[OK ]  | 15011 | 0x000082a3 | 0xff | 0xff
[OK ]  | 15012 | 0x000082a4 | 0x46 | 0x46
[OK ]  | 15013 | 0x000082a5 | 0xf0 | 0xf0
[OK ]  | 15014 | 0x000082a6 | 0x00 | 0x00
[OK ]  | 15015 | 0x000082a7 | 0x00 | 0x00
[OK ]  | 15016 | 0x000082a8 | 0x15 | 0x15
[OK ]  | 15017 | 0x000082a9 | 0x06 | 0x06
[OK ]  | 15018 | 0x000082aa | 0xff | 0xff
[OK ]  | 15019 | 0x000082ab | 0xff | 0xff
[OK ]  | 15020 | 0x000082ac | 0x51 | 0x51
[OK ]  | 15021 | 0x000082ad | 0xfe | 0xfe
[OK ]  | 15022 | 0x000082ae | 0x00 | 0x00
[OK ]  | 15023 | 0x000082af | 0x00 | 0x00
[OK ]  | 15024 | 0x000082b0 | 0x46 | 0x46
[OK ]  | 15025 | 0x000082b1 | 0x8f | 0x8f
[OK ]  | 15026 | 0x000082b2 | 0xff | 0xff
[OK ]  | 15027 | 0x000082b3 | 0xff | 0xff
[OK ]  | 15028 | 0x000082b4 | 0x0d | 0x0d
[OK ]  | 15029 | 0x000082b5 | 0x5b | 0x5b
[OK ]  | 15030 | 0x000082b6 | 0xff | 0xff
[OK ]  | 15031 | 0x000082b7 | 0xff | 0xff
[OK ]  | 15032 | 0x000082b8 | 0xdf | 0xdf
[OK ]  | 15033 | 0x000082b9 | 0xb9 | 0xb9
[OK ]  | 15034 | 0x000082ba | 0xfe | 0xfe
[OK ]  | 15035 | 0x000082bb | 0xff | 0xff
[OK ]  | 15036 | 0x000082bc | 0x3b | 0x3b
[OK ]  | 15037 | 0x000082bd | 0x32 | 0x32
[OK ]  | 15038 | 0x000082be | 0x01 | 0x01
[OK ]  | 15039 | 0x000082bf | 0x00 | 0x00
[OK ]  | 15040 | 0x000082c0 | 0x83 | 0x83
[OK ]  | 15041 | 0x000082c1 | 0x73 | 0x73
[OK ]  | 15042 | 0x000082c2 | 0x00 | 0x00
[OK ]  | 15043 | 0x000082c3 | 0x00 | 0x00
[OK ]  | 15044 | 0x000082c4 | 0xf4 | 0xf4
[OK ]  | 15045 | 0x000082c5 | 0x1c | 0x1c
[OK ]  | 15046 | 0x000082c6 | 0x01 | 0x01
[OK ]  | 15047 | 0x000082c7 | 0x00 | 0x00
[OK ]  | 15048 | 0x000082c8 | 0x92 | 0x92
[OK ]  | 15049 | 0x000082c9 | 0x38 | 0x38
[OK ]  | 15050 | 0x000082ca | 0x01 | 0x01
[OK ]  | 15051 | 0x000082cb | 0x00 | 0x00
[OK ]  | 15052 | 0x000082cc | 0xe8 | 0xe8
[OK ]  | 15053 | 0x000082cd | 0x85 | 0x85
[OK ]  | 15054 | 0x000082ce | 0x00 | 0x00
[OK ]  | 15055 | 0x000082cf | 0x00 | 0x00
[OK ]  | 15056 | 0x000082d0 | 0xb5 | 0xb5
[OK ]  | 15057 | 0x000082d1 | 0x72 | 0x72
[OK ]  | 15058 | 0x000082d2 | 0x00 | 0x00
[OK ]  | 15059 | 0x000082d3 | 0x00 | 0x00
[OK ]  | 15060 | 0x000082d4 | 0x36 | 0x36
[OK ]  | 15061 | 0x000082d5 | 0xa6 | 0xa6
[OK ]  | 15062 | 0x000082d6 | 0xff | 0xff
[OK ]  | 15063 | 0x000082d7 | 0xff | 0xff
[OK ]  | 15064 | 0x000082d8 | 0x43 | 0x43
[OK ]  | 15065 | 0x000082d9 | 0x19 | 0x19
[OK ]  | 15066 | 0x000082da | 0x00 | 0x00
[OK ]  | 15067 | 0x000082db | 0x00 | 0x00
[OK ]  | 15068 | 0x000082dc | 0x16 | 0x16
[OK ]  | 15069 | 0x000082dd | 0x42 | 0x42
[OK ]  | 15070 | 0x000082de | 0xff | 0xff
[OK ]  | 15071 | 0x000082df | 0xff | 0xff
[OK ]  | 15072 | 0x000082e0 | 0x6e | 0x6e
[OK ]  | 15073 | 0x000082e1 | 0xc1 | 0xc1
[OK ]  | 15074 | 0x000082e2 | 0xfe | 0xfe
[OK ]  | 15075 | 0x000082e3 | 0xff | 0xff
[OK ]  | 15076 | 0x000082e4 | 0x7a | 0x7a
[OK ]  | 15077 | 0x000082e5 | 0xd4 | 0xd4
[OK ]  | 15078 | 0x000082e6 | 0xff | 0xff
[OK ]  | 15079 | 0x000082e7 | 0xff | 0xff
[OK ]  | 15080 | 0x000082e8 | 0x39 | 0x39
[OK ]  | 15081 | 0x000082e9 | 0x38 | 0x38
[OK ]  | 15082 | 0x000082ea | 0x00 | 0x00
[OK ]  | 15083 | 0x000082eb | 0x00 | 0x00
[OK ]  | 15084 | 0x000082ec | 0xc8 | 0xc8
[OK ]  | 15085 | 0x000082ed | 0xc9 | 0xc9
[OK ]  | 15086 | 0x000082ee | 0x00 | 0x00
[OK ]  | 15087 | 0x000082ef | 0x00 | 0x00
[OK ]  | 15088 | 0x000082f0 | 0xc9 | 0xc9
[OK ]  | 15089 | 0x000082f1 | 0xa4 | 0xa4
[OK ]  | 15090 | 0x000082f2 | 0x01 | 0x01
[OK ]  | 15091 | 0x000082f3 | 0x00 | 0x00
[OK ]  | 15092 | 0x000082f4 | 0x2d | 0x2d
[OK ]  | 15093 | 0x000082f5 | 0x97 | 0x97
[OK ]  | 15094 | 0x000082f6 | 0x00 | 0x00
[OK ]  | 15095 | 0x000082f7 | 0x00 | 0x00
[OK ]  | 15096 | 0x000082f8 | 0x03 | 0x03
[OK ]  | 15097 | 0x000082f9 | 0x92 | 0x92
[OK ]  | 15098 | 0x000082fa | 0x00 | 0x00
[OK ]  | 15099 | 0x000082fb | 0x00 | 0x00
[OK ]  | 15100 | 0x000082fc | 0xd8 | 0xd8
[OK ]  | 15101 | 0x000082fd | 0x5e | 0x5e
[OK ]  | 15102 | 0x000082fe | 0x00 | 0x00
[OK ]  | 15103 | 0x000082ff | 0x00 | 0x00
[OK ]  | 15104 | 0x00008300 | 0xaf | 0xaf
[OK ]  | 15105 | 0x00008301 | 0x07 | 0x07
[OK ]  | 15106 | 0x00008302 | 0xfe | 0xfe
[OK ]  | 15107 | 0x00008303 | 0xff | 0xff
[OK ]  | 15108 | 0x00008304 | 0x7d | 0x7d
[OK ]  | 15109 | 0x00008305 | 0x95 | 0x95
[OK ]  | 15110 | 0x00008306 | 0x01 | 0x01
[OK ]  | 15111 | 0x00008307 | 0x00 | 0x00
[OK ]  | 15112 | 0x00008308 | 0xf8 | 0xf8
[OK ]  | 15113 | 0x00008309 | 0x3b | 0x3b
[OK ]  | 15114 | 0x0000830a | 0x00 | 0x00
[OK ]  | 15115 | 0x0000830b | 0x00 | 0x00
[OK ]  | 15116 | 0x0000830c | 0x90 | 0x90
[OK ]  | 15117 | 0x0000830d | 0xeb | 0xeb
[OK ]  | 15118 | 0x0000830e | 0xff | 0xff
[OK ]  | 15119 | 0x0000830f | 0xff | 0xff
[OK ]  | 15120 | 0x00008310 | 0x9a | 0x9a
[OK ]  | 15121 | 0x00008311 | 0x52 | 0x52
[OK ]  | 15122 | 0x00008312 | 0xff | 0xff
[OK ]  | 15123 | 0x00008313 | 0xff | 0xff
[OK ]  | 15124 | 0x00008314 | 0x41 | 0x41
[OK ]  | 15125 | 0x00008315 | 0xf3 | 0xf3
[OK ]  | 15126 | 0x00008316 | 0xff | 0xff
[OK ]  | 15127 | 0x00008317 | 0xff | 0xff
[OK ]  | 15128 | 0x00008318 | 0x60 | 0x60
[OK ]  | 15129 | 0x00008319 | 0xf0 | 0xf0
[OK ]  | 15130 | 0x0000831a | 0xff | 0xff
[OK ]  | 15131 | 0x0000831b | 0xff | 0xff
[OK ]  | 15132 | 0x0000831c | 0x39 | 0x39
[OK ]  | 15133 | 0x0000831d | 0x33 | 0x33
[OK ]  | 15134 | 0x0000831e | 0xff | 0xff
[OK ]  | 15135 | 0x0000831f | 0xff | 0xff
[OK ]  | 15136 | 0x00008320 | 0xe8 | 0xe8
[OK ]  | 15137 | 0x00008321 | 0x6b | 0x6b
[OK ]  | 15138 | 0x00008322 | 0xff | 0xff
[OK ]  | 15139 | 0x00008323 | 0xff | 0xff
[OK ]  | 15140 | 0x00008324 | 0xe7 | 0xe7
[OK ]  | 15141 | 0x00008325 | 0xda | 0xda
[OK ]  | 15142 | 0x00008326 | 0x01 | 0x01
[OK ]  | 15143 | 0x00008327 | 0x00 | 0x00
[OK ]  | 15144 | 0x00008328 | 0x42 | 0x42
[OK ]  | 15145 | 0x00008329 | 0x80 | 0x80
[OK ]  | 15146 | 0x0000832a | 0xfe | 0xfe
[OK ]  | 15147 | 0x0000832b | 0xff | 0xff
[OK ]  | 15148 | 0x0000832c | 0xe4 | 0xe4
[OK ]  | 15149 | 0x0000832d | 0xc8 | 0xc8
[OK ]  | 15150 | 0x0000832e | 0xff | 0xff
[OK ]  | 15151 | 0x0000832f | 0xff | 0xff
[OK ]  | 15152 | 0x00008330 | 0xdd | 0xdd
[OK ]  | 15153 | 0x00008331 | 0x8a | 0x8a
[OK ]  | 15154 | 0x00008332 | 0xff | 0xff
[OK ]  | 15155 | 0x00008333 | 0xff | 0xff
[OK ]  | 15156 | 0x00008334 | 0x7b | 0x7b
[OK ]  | 15157 | 0x00008335 | 0xca | 0xca
[OK ]  | 15158 | 0x00008336 | 0xff | 0xff
[OK ]  | 15159 | 0x00008337 | 0xff | 0xff
[OK ]  | 15160 | 0x00008338 | 0x00 | 0x00
[OK ]  | 15161 | 0x00008339 | 0x8b | 0x8b
[OK ]  | 15162 | 0x0000833a | 0xff | 0xff
[OK ]  | 15163 | 0x0000833b | 0xff | 0xff
[OK ]  | 15164 | 0x0000833c | 0xeb | 0xeb
[OK ]  | 15165 | 0x0000833d | 0x35 | 0x35
[OK ]  | 15166 | 0x0000833e | 0x00 | 0x00
[OK ]  | 15167 | 0x0000833f | 0x00 | 0x00
[OK ]  | 15168 | 0x00008340 | 0x32 | 0x32
[OK ]  | 15169 | 0x00008341 | 0x4b | 0x4b
[OK ]  | 15170 | 0x00008342 | 0xfd | 0xfd
[OK ]  | 15171 | 0x00008343 | 0xff | 0xff
[OK ]  | 15172 | 0x00008344 | 0xe3 | 0xe3
[OK ]  | 15173 | 0x00008345 | 0xc4 | 0xc4
[OK ]  | 15174 | 0x00008346 | 0xff | 0xff
[OK ]  | 15175 | 0x00008347 | 0xff | 0xff
[OK ]  | 15176 | 0x00008348 | 0x45 | 0x45
[OK ]  | 15177 | 0x00008349 | 0x0a | 0x0a
[OK ]  | 15178 | 0x0000834a | 0xfe | 0xfe
[OK ]  | 15179 | 0x0000834b | 0xff | 0xff
[OK ]  | 15180 | 0x0000834c | 0x01 | 0x01
[OK ]  | 15181 | 0x0000834d | 0x2c | 0x2c
[OK ]  | 15182 | 0x0000834e | 0x00 | 0x00
[OK ]  | 15183 | 0x0000834f | 0x00 | 0x00
[OK ]  | 15184 | 0x00008350 | 0xea | 0xea
[OK ]  | 15185 | 0x00008351 | 0xeb | 0xeb
[OK ]  | 15186 | 0x00008352 | 0xff | 0xff
[OK ]  | 15187 | 0x00008353 | 0xff | 0xff
[OK ]  | 15188 | 0x00008354 | 0x52 | 0x52
[OK ]  | 15189 | 0x00008355 | 0x50 | 0x50
[OK ]  | 15190 | 0x00008356 | 0x00 | 0x00
[OK ]  | 15191 | 0x00008357 | 0x00 | 0x00
[OK ]  | 15192 | 0x00008358 | 0x44 | 0x44
[OK ]  | 15193 | 0x00008359 | 0x59 | 0x59
[OK ]  | 15194 | 0x0000835a | 0x01 | 0x01
[OK ]  | 15195 | 0x0000835b | 0x00 | 0x00
[OK ]  | 15196 | 0x0000835c | 0x8e | 0x8e
[OK ]  | 15197 | 0x0000835d | 0x72 | 0x72
[OK ]  | 15198 | 0x0000835e | 0xff | 0xff
[OK ]  | 15199 | 0x0000835f | 0xff | 0xff
[OK ]  | 15200 | 0x00008360 | 0xc0 | 0xc0
[OK ]  | 15201 | 0x00008361 | 0xa8 | 0xa8
[OK ]  | 15202 | 0x00008362 | 0x00 | 0x00
[OK ]  | 15203 | 0x00008363 | 0x00 | 0x00
[OK ]  | 15204 | 0x00008364 | 0x21 | 0x21
[OK ]  | 15205 | 0x00008365 | 0x20 | 0x20
[OK ]  | 15206 | 0x00008366 | 0x00 | 0x00
[OK ]  | 15207 | 0x00008367 | 0x00 | 0x00
[OK ]  | 15208 | 0x00008368 | 0x98 | 0x98
[OK ]  | 15209 | 0x00008369 | 0xb2 | 0xb2
[OK ]  | 15210 | 0x0000836a | 0x02 | 0x02
[OK ]  | 15211 | 0x0000836b | 0x00 | 0x00
[OK ]  | 15212 | 0x0000836c | 0x05 | 0x05
[OK ]  | 15213 | 0x0000836d | 0x64 | 0x64
[OK ]  | 15214 | 0x0000836e | 0x00 | 0x00
[OK ]  | 15215 | 0x0000836f | 0x00 | 0x00
[OK ]  | 15216 | 0x00008370 | 0x65 | 0x65
[OK ]  | 15217 | 0x00008371 | 0xb1 | 0xb1
[OK ]  | 15218 | 0x00008372 | 0x00 | 0x00
[OK ]  | 15219 | 0x00008373 | 0x00 | 0x00
[OK ]  | 15220 | 0x00008374 | 0x29 | 0x29
[OK ]  | 15221 | 0x00008375 | 0x45 | 0x45
[OK ]  | 15222 | 0x00008376 | 0xfe | 0xfe
[OK ]  | 15223 | 0x00008377 | 0xff | 0xff
[OK ]  | 15224 | 0x00008378 | 0x58 | 0x58
[OK ]  | 15225 | 0x00008379 | 0xd9 | 0xd9
[OK ]  | 15226 | 0x0000837a | 0x01 | 0x01
[OK ]  | 15227 | 0x0000837b | 0x00 | 0x00
[OK ]  | 15228 | 0x0000837c | 0xa9 | 0xa9
[OK ]  | 15229 | 0x0000837d | 0x0e | 0x0e
[OK ]  | 15230 | 0x0000837e | 0xfe | 0xfe
[OK ]  | 15231 | 0x0000837f | 0xff | 0xff
[OK ]  | 15232 | 0x00008380 | 0x33 | 0x33
[OK ]  | 15233 | 0x00008381 | 0x5b | 0x5b
[OK ]  | 15234 | 0x00008382 | 0x00 | 0x00
[OK ]  | 15235 | 0x00008383 | 0x00 | 0x00
[OK ]  | 15236 | 0x00008384 | 0xf0 | 0xf0
[OK ]  | 15237 | 0x00008385 | 0x47 | 0x47
[OK ]  | 15238 | 0x00008386 | 0x01 | 0x01
[OK ]  | 15239 | 0x00008387 | 0x00 | 0x00
[OK ]  | 15240 | 0x00008388 | 0x99 | 0x99
[OK ]  | 15241 | 0x00008389 | 0x39 | 0x39
[OK ]  | 15242 | 0x0000838a | 0x00 | 0x00
[OK ]  | 15243 | 0x0000838b | 0x00 | 0x00
[OK ]  | 15244 | 0x0000838c | 0xf2 | 0xf2
[OK ]  | 15245 | 0x0000838d | 0x0d | 0x0d
[OK ]  | 15246 | 0x0000838e | 0x01 | 0x01
[OK ]  | 15247 | 0x0000838f | 0x00 | 0x00
[OK ]  | 15248 | 0x00008390 | 0x06 | 0x06
[OK ]  | 15249 | 0x00008391 | 0x01 | 0x01
[OK ]  | 15250 | 0x00008392 | 0x01 | 0x01
[OK ]  | 15251 | 0x00008393 | 0x00 | 0x00
[OK ]  | 15252 | 0x00008394 | 0x3e | 0x3e
[OK ]  | 15253 | 0x00008395 | 0x39 | 0x39
[OK ]  | 15254 | 0x00008396 | 0xff | 0xff
[OK ]  | 15255 | 0x00008397 | 0xff | 0xff
[OK ]  | 15256 | 0x00008398 | 0x03 | 0x03
[OK ]  | 15257 | 0x00008399 | 0x6d | 0x6d
[OK ]  | 15258 | 0x0000839a | 0xff | 0xff
[OK ]  | 15259 | 0x0000839b | 0xff | 0xff
[OK ]  | 15260 | 0x0000839c | 0x35 | 0x35
[OK ]  | 15261 | 0x0000839d | 0x72 | 0x72
[OK ]  | 15262 | 0x0000839e | 0x01 | 0x01
[OK ]  | 15263 | 0x0000839f | 0x00 | 0x00
[OK ]  | 15264 | 0x000083a0 | 0xb4 | 0xb4
[OK ]  | 15265 | 0x000083a1 | 0x46 | 0x46
[OK ]  | 15266 | 0x000083a2 | 0x00 | 0x00
[OK ]  | 15267 | 0x000083a3 | 0x00 | 0x00
[OK ]  | 15268 | 0x000083a4 | 0x61 | 0x61
[OK ]  | 15269 | 0x000083a5 | 0x29 | 0x29
[OK ]  | 15270 | 0x000083a6 | 0x00 | 0x00
[OK ]  | 15271 | 0x000083a7 | 0x00 | 0x00
[OK ]  | 15272 | 0x000083a8 | 0x36 | 0x36
[OK ]  | 15273 | 0x000083a9 | 0x73 | 0x73
[OK ]  | 15274 | 0x000083aa | 0x00 | 0x00
[OK ]  | 15275 | 0x000083ab | 0x00 | 0x00
[OK ]  | 15276 | 0x000083ac | 0x05 | 0x05
[OK ]  | 15277 | 0x000083ad | 0xe5 | 0xe5
[OK ]  | 15278 | 0x000083ae | 0xff | 0xff
[OK ]  | 15279 | 0x000083af | 0xff | 0xff
[OK ]  | 15280 | 0x000083b0 | 0x8e | 0x8e
[OK ]  | 15281 | 0x000083b1 | 0x29 | 0x29
[OK ]  | 15282 | 0x000083b2 | 0x01 | 0x01
[OK ]  | 15283 | 0x000083b3 | 0x00 | 0x00
[OK ]  | 15284 | 0x000083b4 | 0x56 | 0x56
[OK ]  | 15285 | 0x000083b5 | 0x5f | 0x5f
[OK ]  | 15286 | 0x000083b6 | 0x01 | 0x01
[OK ]  | 15287 | 0x000083b7 | 0x00 | 0x00
[OK ]  | 15288 | 0x000083b8 | 0x8f | 0x8f
[OK ]  | 15289 | 0x000083b9 | 0x2a | 0x2a
[OK ]  | 15290 | 0x000083ba | 0x00 | 0x00
[OK ]  | 15291 | 0x000083bb | 0x00 | 0x00
[OK ]  | 15292 | 0x000083bc | 0x80 | 0x80
[OK ]  | 15293 | 0x000083bd | 0xd7 | 0xd7
[OK ]  | 15294 | 0x000083be | 0xfe | 0xfe
[OK ]  | 15295 | 0x000083bf | 0xff | 0xff
[OK ]  | 15296 | 0x000083c0 | 0x35 | 0x35
[OK ]  | 15297 | 0x000083c1 | 0x41 | 0x41
[OK ]  | 15298 | 0x000083c2 | 0x00 | 0x00
[OK ]  | 15299 | 0x000083c3 | 0x00 | 0x00
[OK ]  | 15300 | 0x000083c4 | 0xdd | 0xdd
[OK ]  | 15301 | 0x000083c5 | 0x51 | 0x51
[OK ]  | 15302 | 0x000083c6 | 0x00 | 0x00
[OK ]  | 15303 | 0x000083c7 | 0x00 | 0x00
[OK ]  | 15304 | 0x000083c8 | 0x45 | 0x45
[OK ]  | 15305 | 0x000083c9 | 0x9c | 0x9c
[OK ]  | 15306 | 0x000083ca | 0x00 | 0x00
[OK ]  | 15307 | 0x000083cb | 0x00 | 0x00
[OK ]  | 15308 | 0x000083cc | 0xe2 | 0xe2
[OK ]  | 15309 | 0x000083cd | 0x8f | 0x8f
[OK ]  | 15310 | 0x000083ce | 0x00 | 0x00
[OK ]  | 15311 | 0x000083cf | 0x00 | 0x00
[OK ]  | 15312 | 0x000083d0 | 0x7f | 0x7f
[OK ]  | 15313 | 0x000083d1 | 0x7e | 0x7e
[OK ]  | 15314 | 0x000083d2 | 0xff | 0xff
[OK ]  | 15315 | 0x000083d3 | 0xff | 0xff
[OK ]  | 15316 | 0x000083d4 | 0xe1 | 0xe1
[OK ]  | 15317 | 0x000083d5 | 0x93 | 0x93
[OK ]  | 15318 | 0x000083d6 | 0xfe | 0xfe
[OK ]  | 15319 | 0x000083d7 | 0xff | 0xff
[OK ]  | 15320 | 0x000083d8 | 0x4a | 0x4a
[OK ]  | 15321 | 0x000083d9 | 0xcb | 0xcb
[OK ]  | 15322 | 0x000083da | 0xff | 0xff
[OK ]  | 15323 | 0x000083db | 0xff | 0xff
[OK ]  | 15324 | 0x000083dc | 0x1f | 0x1f
[OK ]  | 15325 | 0x000083dd | 0x70 | 0x70
[OK ]  | 15326 | 0x000083de | 0x01 | 0x01
[OK ]  | 15327 | 0x000083df | 0x00 | 0x00
[OK ]  | 15328 | 0x000083e0 | 0xe6 | 0xe6
[OK ]  | 15329 | 0x000083e1 | 0xfe | 0xfe
[OK ]  | 15330 | 0x000083e2 | 0xff | 0xff
[OK ]  | 15331 | 0x000083e3 | 0xff | 0xff
[OK ]  | 15332 | 0x000083e4 | 0x5d | 0x5d
[OK ]  | 15333 | 0x000083e5 | 0xe3 | 0xe3
[OK ]  | 15334 | 0x000083e6 | 0x00 | 0x00
[OK ]  | 15335 | 0x000083e7 | 0x00 | 0x00
[OK ]  | 15336 | 0x000083e8 | 0xa2 | 0xa2
[OK ]  | 15337 | 0x000083e9 | 0x0f | 0x0f
[OK ]  | 15338 | 0x000083ea | 0xfe | 0xfe
[OK ]  | 15339 | 0x000083eb | 0xff | 0xff
[OK ]  | 15340 | 0x000083ec | 0x6b | 0x6b
[OK ]  | 15341 | 0x000083ed | 0x32 | 0x32
[OK ]  | 15342 | 0x000083ee | 0x00 | 0x00
[OK ]  | 15343 | 0x000083ef | 0x00 | 0x00
[OK ]  | 15344 | 0x000083f0 | 0x6e | 0x6e
[OK ]  | 15345 | 0x000083f1 | 0xce | 0xce
[OK ]  | 15346 | 0x000083f2 | 0x00 | 0x00
[OK ]  | 15347 | 0x000083f3 | 0x00 | 0x00
[OK ]  | 15348 | 0x000083f4 | 0x13 | 0x13
[OK ]  | 15349 | 0x000083f5 | 0x61 | 0x61
[OK ]  | 15350 | 0x000083f6 | 0xfe | 0xfe
[OK ]  | 15351 | 0x000083f7 | 0xff | 0xff
[OK ]  | 15352 | 0x000083f8 | 0x92 | 0x92
[OK ]  | 15353 | 0x000083f9 | 0x2c | 0x2c
[OK ]  | 15354 | 0x000083fa | 0x00 | 0x00
[OK ]  | 15355 | 0x000083fb | 0x00 | 0x00
[OK ]  | 15356 | 0x000083fc | 0xeb | 0xeb
[OK ]  | 15357 | 0x000083fd | 0x2b | 0x2b
[OK ]  | 15358 | 0x000083fe | 0x00 | 0x00
[OK ]  | 15359 | 0x000083ff | 0x00 | 0x00
[OK ]  | 15360 | 0x00008400 | 0xfb | 0xfb
[OK ]  | 15361 | 0x00008401 | 0x8a | 0x8a
[OK ]  | 15362 | 0x00008402 | 0xff | 0xff
[OK ]  | 15363 | 0x00008403 | 0xff | 0xff
[OK ]  | 15364 | 0x00008404 | 0x53 | 0x53
[OK ]  | 15365 | 0x00008405 | 0x30 | 0x30
[OK ]  | 15366 | 0x00008406 | 0x01 | 0x01
[OK ]  | 15367 | 0x00008407 | 0x00 | 0x00
[OK ]  | 15368 | 0x00008408 | 0x2c | 0x2c
[OK ]  | 15369 | 0x00008409 | 0x8f | 0x8f
[OK ]  | 15370 | 0x0000840a | 0x00 | 0x00
[OK ]  | 15371 | 0x0000840b | 0x00 | 0x00
[OK ]  | 15372 | 0x0000840c | 0xf3 | 0xf3
[OK ]  | 15373 | 0x0000840d | 0xf6 | 0xf6
[OK ]  | 15374 | 0x0000840e | 0xfe | 0xfe
[OK ]  | 15375 | 0x0000840f | 0xff | 0xff
[OK ]  | 15376 | 0x00008410 | 0x32 | 0x32
[OK ]  | 15377 | 0x00008411 | 0x6f | 0x6f
[OK ]  | 15378 | 0x00008412 | 0xff | 0xff
[OK ]  | 15379 | 0x00008413 | 0xff | 0xff
[OK ]  | 15380 | 0x00008414 | 0xbe | 0xbe
[OK ]  | 15381 | 0x00008415 | 0x9b | 0x9b
[OK ]  | 15382 | 0x00008416 | 0x00 | 0x00
[OK ]  | 15383 | 0x00008417 | 0x00 | 0x00
[OK ]  | 15384 | 0x00008418 | 0x22 | 0x22
[OK ]  | 15385 | 0x00008419 | 0x1b | 0x1b
[OK ]  | 15386 | 0x0000841a | 0x03 | 0x03
[OK ]  | 15387 | 0x0000841b | 0x00 | 0x00
[OK ]  | 15388 | 0x0000841c | 0xb8 | 0xb8
[OK ]  | 15389 | 0x0000841d | 0x10 | 0x10
[OK ]  | 15390 | 0x0000841e | 0x00 | 0x00
[OK ]  | 15391 | 0x0000841f | 0x00 | 0x00
[OK ]  | 15392 | 0x00008420 | 0x1a | 0x1a
[OK ]  | 15393 | 0x00008421 | 0x28 | 0x28
[OK ]  | 15394 | 0x00008422 | 0x00 | 0x00
[OK ]  | 15395 | 0x00008423 | 0x00 | 0x00
[OK ]  | 15396 | 0x00008424 | 0x19 | 0x19
[OK ]  | 15397 | 0x00008425 | 0x06 | 0x06
[OK ]  | 15398 | 0x00008426 | 0x01 | 0x01
[OK ]  | 15399 | 0x00008427 | 0x00 | 0x00
[OK ]  | 15400 | 0x00008428 | 0xb2 | 0xb2
[OK ]  | 15401 | 0x00008429 | 0x4e | 0x4e
[OK ]  | 15402 | 0x0000842a | 0xff | 0xff
[OK ]  | 15403 | 0x0000842b | 0xff | 0xff
[OK ]  | 15404 | 0x0000842c | 0x15 | 0x15
[OK ]  | 15405 | 0x0000842d | 0x68 | 0x68
[OK ]  | 15406 | 0x0000842e | 0xff | 0xff
[OK ]  | 15407 | 0x0000842f | 0xff | 0xff
[OK ]  | 15408 | 0x00008430 | 0x98 | 0x98
[OK ]  | 15409 | 0x00008431 | 0x5e | 0x5e
[OK ]  | 15410 | 0x00008432 | 0xfc | 0xfc
[OK ]  | 15411 | 0x00008433 | 0xff | 0xff
[OK ]  | 15412 | 0x00008434 | 0xd1 | 0xd1
[OK ]  | 15413 | 0x00008435 | 0xff | 0xff
[OK ]  | 15414 | 0x00008436 | 0xff | 0xff
[OK ]  | 15415 | 0x00008437 | 0xff | 0xff
[OK ]  | 15416 | 0x00008438 | 0x57 | 0x57
[OK ]  | 15417 | 0x00008439 | 0xb1 | 0xb1
[OK ]  | 15418 | 0x0000843a | 0xff | 0xff
[OK ]  | 15419 | 0x0000843b | 0xff | 0xff
[OK ]  | 15420 | 0x0000843c | 0x39 | 0x39
[OK ]  | 15421 | 0x0000843d | 0x67 | 0x67
[OK ]  | 15422 | 0x0000843e | 0x01 | 0x01
[OK ]  | 15423 | 0x0000843f | 0x00 | 0x00
[OK ]  | 15424 | 0x00008440 | 0xdd | 0xdd
[OK ]  | 15425 | 0x00008441 | 0x9f | 0x9f
[OK ]  | 15426 | 0x00008442 | 0xfe | 0xfe
[OK ]  | 15427 | 0x00008443 | 0xff | 0xff
[OK ]  | 15428 | 0x00008444 | 0x5a | 0x5a
[OK ]  | 15429 | 0x00008445 | 0x87 | 0x87
[OK ]  | 15430 | 0x00008446 | 0xff | 0xff
[OK ]  | 15431 | 0x00008447 | 0xff | 0xff
[OK ]  | 15432 | 0x00008448 | 0xcb | 0xcb
[OK ]  | 15433 | 0x00008449 | 0x98 | 0x98
[OK ]  | 15434 | 0x0000844a | 0xff | 0xff
[OK ]  | 15435 | 0x0000844b | 0xff | 0xff
[OK ]  | 15436 | 0x0000844c | 0x82 | 0x82
[OK ]  | 15437 | 0x0000844d | 0x55 | 0x55
[OK ]  | 15438 | 0x0000844e | 0x00 | 0x00
[OK ]  | 15439 | 0x0000844f | 0x00 | 0x00
[OK ]  | 15440 | 0x00008450 | 0x25 | 0x25
[OK ]  | 15441 | 0x00008451 | 0xe3 | 0xe3
[OK ]  | 15442 | 0x00008452 | 0xff | 0xff
[OK ]  | 15443 | 0x00008453 | 0xff | 0xff
[OK ]  | 15444 | 0x00008454 | 0x7b | 0x7b
[OK ]  | 15445 | 0x00008455 | 0x54 | 0x54
[OK ]  | 15446 | 0x00008456 | 0xff | 0xff
[OK ]  | 15447 | 0x00008457 | 0xff | 0xff
[OK ]  | 15448 | 0x00008458 | 0xd1 | 0xd1
[OK ]  | 15449 | 0x00008459 | 0x72 | 0x72
[OK ]  | 15450 | 0x0000845a | 0x01 | 0x01
[OK ]  | 15451 | 0x0000845b | 0x00 | 0x00
[OK ]  | 15452 | 0x0000845c | 0x22 | 0x22
[OK ]  | 15453 | 0x0000845d | 0x4b | 0x4b
[OK ]  | 15454 | 0x0000845e | 0x00 | 0x00
[OK ]  | 15455 | 0x0000845f | 0x00 | 0x00
[OK ]  | 15456 | 0x00008460 | 0xae | 0xae
[OK ]  | 15457 | 0x00008461 | 0x3a | 0x3a
[OK ]  | 15458 | 0x00008462 | 0x00 | 0x00
[OK ]  | 15459 | 0x00008463 | 0x00 | 0x00
[OK ]  | 15460 | 0x00008464 | 0xf2 | 0xf2
[OK ]  | 15461 | 0x00008465 | 0x7d | 0x7d
[OK ]  | 15462 | 0x00008466 | 0x00 | 0x00
[OK ]  | 15463 | 0x00008467 | 0x00 | 0x00
[OK ]  | 15464 | 0x00008468 | 0x21 | 0x21
[OK ]  | 15465 | 0x00008469 | 0xfe | 0xfe
[OK ]  | 15466 | 0x0000846a | 0x00 | 0x00
[OK ]  | 15467 | 0x0000846b | 0x00 | 0x00
[OK ]  | 15468 | 0x0000846c | 0x13 | 0x13
[OK ]  | 15469 | 0x0000846d | 0xec | 0xec
[OK ]  | 15470 | 0x0000846e | 0xff | 0xff
[OK ]  | 15471 | 0x0000846f | 0xff | 0xff
[OK ]  | 15472 | 0x00008470 | 0x7d | 0x7d
[OK ]  | 15473 | 0x00008471 | 0xe3 | 0xe3
[OK ]  | 15474 | 0x00008472 | 0x00 | 0x00
[OK ]  | 15475 | 0x00008473 | 0x00 | 0x00
[OK ]  | 15476 | 0x00008474 | 0xce | 0xce
[OK ]  | 15477 | 0x00008475 | 0xfb | 0xfb
[OK ]  | 15478 | 0x00008476 | 0xff | 0xff
[OK ]  | 15479 | 0x00008477 | 0xff | 0xff
[OK ]  | 15480 | 0x00008478 | 0x78 | 0x78
[OK ]  | 15481 | 0x00008479 | 0x31 | 0x31
[OK ]  | 15482 | 0x0000847a | 0x03 | 0x03
[OK ]  | 15483 | 0x0000847b | 0x00 | 0x00
[OK ]  | 15484 | 0x0000847c | 0xd5 | 0xd5
[OK ]  | 15485 | 0x0000847d | 0xab | 0xab
[OK ]  | 15486 | 0x0000847e | 0xff | 0xff
[OK ]  | 15487 | 0x0000847f | 0xff | 0xff
[OK ]  | 15488 | 0x00008480 | 0xb3 | 0xb3
[OK ]  | 15489 | 0x00008481 | 0xb5 | 0xb5
[OK ]  | 15490 | 0x00008482 | 0xff | 0xff
[OK ]  | 15491 | 0x00008483 | 0xff | 0xff
[OK ]  | 15492 | 0x00008484 | 0xfa | 0xfa
[OK ]  | 15493 | 0x00008485 | 0x99 | 0x99
[OK ]  | 15494 | 0x00008486 | 0xff | 0xff
[OK ]  | 15495 | 0x00008487 | 0xff | 0xff
[OK ]  | 15496 | 0x00008488 | 0x2e | 0x2e
[OK ]  | 15497 | 0x00008489 | 0x90 | 0x90
[OK ]  | 15498 | 0x0000848a | 0xff | 0xff
[OK ]  | 15499 | 0x0000848b | 0xff | 0xff
[OK ]  | 15500 | 0x0000848c | 0x2d | 0x2d
[OK ]  | 15501 | 0x0000848d | 0x87 | 0x87
[OK ]  | 15502 | 0x0000848e | 0xff | 0xff
[OK ]  | 15503 | 0x0000848f | 0xff | 0xff
[OK ]  | 15504 | 0x00008490 | 0xc3 | 0xc3
[OK ]  | 15505 | 0x00008491 | 0xde | 0xde
[OK ]  | 15506 | 0x00008492 | 0x01 | 0x01
[OK ]  | 15507 | 0x00008493 | 0x00 | 0x00
[OK ]  | 15508 | 0x00008494 | 0x4f | 0x4f
[OK ]  | 15509 | 0x00008495 | 0x23 | 0x23
[OK ]  | 15510 | 0x00008496 | 0xff | 0xff
[OK ]  | 15511 | 0x00008497 | 0xff | 0xff
[OK ]  | 15512 | 0x00008498 | 0x47 | 0x47
[OK ]  | 15513 | 0x00008499 | 0x3e | 0x3e
[OK ]  | 15514 | 0x0000849a | 0xfe | 0xfe
[OK ]  | 15515 | 0x0000849b | 0xff | 0xff
[OK ]  | 15516 | 0x0000849c | 0x65 | 0x65
[OK ]  | 15517 | 0x0000849d | 0x92 | 0x92
[OK ]  | 15518 | 0x0000849e | 0x00 | 0x00
[OK ]  | 15519 | 0x0000849f | 0x00 | 0x00
[OK ]  | 15520 | 0x000084a0 | 0x18 | 0x18
[OK ]  | 15521 | 0x000084a1 | 0x36 | 0x36
[OK ]  | 15522 | 0x000084a2 | 0xff | 0xff
[OK ]  | 15523 | 0x000084a3 | 0xff | 0xff
[OK ]  | 15524 | 0x000084a4 | 0x98 | 0x98
[OK ]  | 15525 | 0x000084a5 | 0xda | 0xda
[OK ]  | 15526 | 0x000084a6 | 0x00 | 0x00
[OK ]  | 15527 | 0x000084a7 | 0x00 | 0x00
[OK ]  | 15528 | 0x000084a8 | 0x82 | 0x82
[OK ]  | 15529 | 0x000084a9 | 0x0e | 0x0e
[OK ]  | 15530 | 0x000084aa | 0xff | 0xff
[OK ]  | 15531 | 0x000084ab | 0xff | 0xff
[OK ]  | 15532 | 0x000084ac | 0x1a | 0x1a
[OK ]  | 15533 | 0x000084ad | 0x19 | 0x19
[OK ]  | 15534 | 0x000084ae | 0x00 | 0x00
[OK ]  | 15535 | 0x000084af | 0x00 | 0x00
[OK ]  | 15536 | 0x000084b0 | 0x67 | 0x67
[OK ]  | 15537 | 0x000084b1 | 0x41 | 0x41
[OK ]  | 15538 | 0x000084b2 | 0x00 | 0x00
[OK ]  | 15539 | 0x000084b3 | 0x00 | 0x00
[OK ]  | 15540 | 0x000084b4 | 0xdd | 0xdd
[OK ]  | 15541 | 0x000084b5 | 0xef | 0xef
[OK ]  | 15542 | 0x000084b6 | 0xfe | 0xfe
[OK ]  | 15543 | 0x000084b7 | 0xff | 0xff
[OK ]  | 15544 | 0x000084b8 | 0xea | 0xea
[OK ]  | 15545 | 0x000084b9 | 0xf1 | 0xf1
[OK ]  | 15546 | 0x000084ba | 0xfe | 0xfe
[OK ]  | 15547 | 0x000084bb | 0xff | 0xff
[OK ]  | 15548 | 0x000084bc | 0xe4 | 0xe4
[OK ]  | 15549 | 0x000084bd | 0x4e | 0x4e
[OK ]  | 15550 | 0x000084be | 0xff | 0xff
[OK ]  | 15551 | 0x000084bf | 0xff | 0xff
[OK ]  | 15552 | 0x000084c0 | 0x0b | 0x0b
[OK ]  | 15553 | 0x000084c1 | 0xab | 0xab
[OK ]  | 15554 | 0x000084c2 | 0xfe | 0xfe
[OK ]  | 15555 | 0x000084c3 | 0xff | 0xff
[OK ]  | 15556 | 0x000084c4 | 0x56 | 0x56
[OK ]  | 15557 | 0x000084c5 | 0x7e | 0x7e
[OK ]  | 15558 | 0x000084c6 | 0xff | 0xff
[OK ]  | 15559 | 0x000084c7 | 0xff | 0xff
[OK ]  | 15560 | 0x000084c8 | 0xf1 | 0xf1
[OK ]  | 15561 | 0x000084c9 | 0x29 | 0x29
[OK ]  | 15562 | 0x000084ca | 0xfe | 0xfe
[OK ]  | 15563 | 0x000084cb | 0xff | 0xff
[OK ]  | 15564 | 0x000084cc | 0x52 | 0x52
[OK ]  | 15565 | 0x000084cd | 0x69 | 0x69
[OK ]  | 15566 | 0x000084ce | 0xff | 0xff
[OK ]  | 15567 | 0x000084cf | 0xff | 0xff
[OK ]  | 15568 | 0x000084d0 | 0x59 | 0x59
[OK ]  | 15569 | 0x000084d1 | 0x1a | 0x1a
[OK ]  | 15570 | 0x000084d2 | 0x00 | 0x00
[OK ]  | 15571 | 0x000084d3 | 0x00 | 0x00
[OK ]  | 15572 | 0x000084d4 | 0xb4 | 0xb4
[OK ]  | 15573 | 0x000084d5 | 0x5e | 0x5e
[OK ]  | 15574 | 0x000084d6 | 0x00 | 0x00
[OK ]  | 15575 | 0x000084d7 | 0x00 | 0x00
[OK ]  | 15576 | 0x000084d8 | 0xeb | 0xeb
[OK ]  | 15577 | 0x000084d9 | 0x3b | 0x3b
[OK ]  | 15578 | 0x000084da | 0xff | 0xff
[OK ]  | 15579 | 0x000084db | 0xff | 0xff
[OK ]  | 15580 | 0x000084dc | 0xed | 0xed
[OK ]  | 15581 | 0x000084dd | 0xb1 | 0xb1
[OK ]  | 15582 | 0x000084de | 0x00 | 0x00
[OK ]  | 15583 | 0x000084df | 0x00 | 0x00
[OK ]  | 15584 | 0x000084e0 | 0x11 | 0x11
[OK ]  | 15585 | 0x000084e1 | 0xe6 | 0xe6
[OK ]  | 15586 | 0x000084e2 | 0x00 | 0x00
[OK ]  | 15587 | 0x000084e3 | 0x00 | 0x00
[OK ]  | 15588 | 0x000084e4 | 0x0d | 0x0d
[OK ]  | 15589 | 0x000084e5 | 0xec | 0xec
[OK ]  | 15590 | 0x000084e6 | 0x00 | 0x00
[OK ]  | 15591 | 0x000084e7 | 0x00 | 0x00
[OK ]  | 15592 | 0x000084e8 | 0xeb | 0xeb
[OK ]  | 15593 | 0x000084e9 | 0x16 | 0x16
[OK ]  | 15594 | 0x000084ea | 0xff | 0xff
[OK ]  | 15595 | 0x000084eb | 0xff | 0xff
[OK ]  | 15596 | 0x000084ec | 0xe8 | 0xe8
[OK ]  | 15597 | 0x000084ed | 0xc8 | 0xc8
[OK ]  | 15598 | 0x000084ee | 0x00 | 0x00
[OK ]  | 15599 | 0x000084ef | 0x00 | 0x00
[OK ]  | 15600 | 0x000084f0 | 0xbb | 0xbb
[OK ]  | 15601 | 0x000084f1 | 0x89 | 0x89
[OK ]  | 15602 | 0x000084f2 | 0x00 | 0x00
[OK ]  | 15603 | 0x000084f3 | 0x00 | 0x00
[OK ]  | 15604 | 0x000084f4 | 0x68 | 0x68
[OK ]  | 15605 | 0x000084f5 | 0xa4 | 0xa4
[OK ]  | 15606 | 0x000084f6 | 0xff | 0xff
[OK ]  | 15607 | 0x000084f7 | 0xff | 0xff
[OK ]  | 15608 | 0x000084f8 | 0xee | 0xee
[OK ]  | 15609 | 0x000084f9 | 0xe0 | 0xe0
[OK ]  | 15610 | 0x000084fa | 0x01 | 0x01
[OK ]  | 15611 | 0x000084fb | 0x00 | 0x00
[OK ]  | 15612 | 0x000084fc | 0xe3 | 0xe3
[OK ]  | 15613 | 0x000084fd | 0xa1 | 0xa1
[OK ]  | 15614 | 0x000084fe | 0xff | 0xff
[OK ]  | 15615 | 0x000084ff | 0xff | 0xff
[OK ]  | 15616 | 0x00008500 | 0x8a | 0x8a
[OK ]  | 15617 | 0x00008501 | 0xe5 | 0xe5
[OK ]  | 15618 | 0x00008502 | 0x01 | 0x01
[OK ]  | 15619 | 0x00008503 | 0x00 | 0x00
[OK ]  | 15620 | 0x00008504 | 0xf8 | 0xf8
[OK ]  | 15621 | 0x00008505 | 0x92 | 0x92
[OK ]  | 15622 | 0x00008506 | 0xfe | 0xfe
[OK ]  | 15623 | 0x00008507 | 0xff | 0xff
[OK ]  | 15624 | 0x00008508 | 0xaa | 0xaa
[OK ]  | 15625 | 0x00008509 | 0x20 | 0x20
[OK ]  | 15626 | 0x0000850a | 0xff | 0xff
[OK ]  | 15627 | 0x0000850b | 0xff | 0xff
[OK ]  | 15628 | 0x0000850c | 0x41 | 0x41
[OK ]  | 15629 | 0x0000850d | 0xc7 | 0xc7
[OK ]  | 15630 | 0x0000850e | 0xfe | 0xfe
[OK ]  | 15631 | 0x0000850f | 0xff | 0xff
[OK ]  | 15632 | 0x00008510 | 0x00 | 0x00
[OK ]  | 15633 | 0x00008511 | 0x85 | 0x85
[OK ]  | 15634 | 0x00008512 | 0xff | 0xff
[OK ]  | 15635 | 0x00008513 | 0xff | 0xff
[OK ]  | 15636 | 0x00008514 | 0xc0 | 0xc0
[OK ]  | 15637 | 0x00008515 | 0xfb | 0xfb
[OK ]  | 15638 | 0x00008516 | 0xff | 0xff
[OK ]  | 15639 | 0x00008517 | 0xff | 0xff
[OK ]  | 15640 | 0x00008518 | 0xf8 | 0xf8
[OK ]  | 15641 | 0x00008519 | 0x75 | 0x75
[OK ]  | 15642 | 0x0000851a | 0x00 | 0x00
[OK ]  | 15643 | 0x0000851b | 0x00 | 0x00
[OK ]  | 15644 | 0x0000851c | 0x61 | 0x61
[OK ]  | 15645 | 0x0000851d | 0xcf | 0xcf
[OK ]  | 15646 | 0x0000851e | 0xfd | 0xfd
[OK ]  | 15647 | 0x0000851f | 0xff | 0xff
[OK ]  | 15648 | 0x00008520 | 0x72 | 0x72
[OK ]  | 15649 | 0x00008521 | 0x45 | 0x45
[OK ]  | 15650 | 0x00008522 | 0x01 | 0x01
[OK ]  | 15651 | 0x00008523 | 0x00 | 0x00
[OK ]  | 15652 | 0x00008524 | 0x55 | 0x55
[OK ]  | 15653 | 0x00008525 | 0xbf | 0xbf
[OK ]  | 15654 | 0x00008526 | 0xff | 0xff
[OK ]  | 15655 | 0x00008527 | 0xff | 0xff
[OK ]  | 15656 | 0x00008528 | 0xc8 | 0xc8
[OK ]  | 15657 | 0x00008529 | 0x8f | 0x8f
[OK ]  | 15658 | 0x0000852a | 0xfe | 0xfe
[OK ]  | 15659 | 0x0000852b | 0xff | 0xff
[OK ]  | 15660 | 0x0000852c | 0x81 | 0x81
[OK ]  | 15661 | 0x0000852d | 0xb9 | 0xb9
[OK ]  | 15662 | 0x0000852e | 0xff | 0xff
[OK ]  | 15663 | 0x0000852f | 0xff | 0xff
[OK ]  | 15664 | 0x00008530 | 0xde | 0xde
[OK ]  | 15665 | 0x00008531 | 0xba | 0xba
[OK ]  | 15666 | 0x00008532 | 0x01 | 0x01
[OK ]  | 15667 | 0x00008533 | 0x00 | 0x00
[OK ]  | 15668 | 0x00008534 | 0x30 | 0x30
[OK ]  | 15669 | 0x00008535 | 0x38 | 0x38
[OK ]  | 15670 | 0x00008536 | 0x00 | 0x00
[OK ]  | 15671 | 0x00008537 | 0x00 | 0x00
[OK ]  | 15672 | 0x00008538 | 0x5f | 0x5f
[OK ]  | 15673 | 0x00008539 | 0x37 | 0x37
[OK ]  | 15674 | 0x0000853a | 0xff | 0xff
[OK ]  | 15675 | 0x0000853b | 0xff | 0xff
[OK ]  | 15676 | 0x0000853c | 0x69 | 0x69
[OK ]  | 15677 | 0x0000853d | 0x15 | 0x15
[OK ]  | 15678 | 0x0000853e | 0x00 | 0x00
[OK ]  | 15679 | 0x0000853f | 0x00 | 0x00
[OK ]  | 15680 | 0x00008540 | 0x2e | 0x2e
[OK ]  | 15681 | 0x00008541 | 0x5e | 0x5e
[OK ]  | 15682 | 0x00008542 | 0xff | 0xff
[OK ]  | 15683 | 0x00008543 | 0xff | 0xff
[OK ]  | 15684 | 0x00008544 | 0x2e | 0x2e
[OK ]  | 15685 | 0x00008545 | 0x25 | 0x25
[OK ]  | 15686 | 0x00008546 | 0xff | 0xff
[OK ]  | 15687 | 0x00008547 | 0xff | 0xff
[OK ]  | 15688 | 0x00008548 | 0x1c | 0x1c
[OK ]  | 15689 | 0x00008549 | 0xaf | 0xaf
[OK ]  | 15690 | 0x0000854a | 0xff | 0xff
[OK ]  | 15691 | 0x0000854b | 0xff | 0xff
[OK ]  | 15692 | 0x0000854c | 0xc9 | 0xc9
[OK ]  | 15693 | 0x0000854d | 0xa3 | 0xa3
[OK ]  | 15694 | 0x0000854e | 0xff | 0xff
[OK ]  | 15695 | 0x0000854f | 0xff | 0xff
[OK ]  | 15696 | 0x00008550 | 0xe5 | 0xe5
[OK ]  | 15697 | 0x00008551 | 0x51 | 0x51
[OK ]  | 15698 | 0x00008552 | 0xfe | 0xfe
[OK ]  | 15699 | 0x00008553 | 0xff | 0xff
[OK ]  | 15700 | 0x00008554 | 0xf7 | 0xf7
[OK ]  | 15701 | 0x00008555 | 0x77 | 0x77
[OK ]  | 15702 | 0x00008556 | 0xff | 0xff
[OK ]  | 15703 | 0x00008557 | 0xff | 0xff
[OK ]  | 15704 | 0x00008558 | 0x9f | 0x9f
[OK ]  | 15705 | 0x00008559 | 0xb4 | 0xb4
[OK ]  | 15706 | 0x0000855a | 0xff | 0xff
[OK ]  | 15707 | 0x0000855b | 0xff | 0xff
[OK ]  | 15708 | 0x0000855c | 0x98 | 0x98
[OK ]  | 15709 | 0x0000855d | 0x41 | 0x41
[OK ]  | 15710 | 0x0000855e | 0xff | 0xff
[OK ]  | 15711 | 0x0000855f | 0xff | 0xff
[OK ]  | 15712 | 0x00008560 | 0xcd | 0xcd
[OK ]  | 15713 | 0x00008561 | 0xd2 | 0xd2
[OK ]  | 15714 | 0x00008562 | 0xff | 0xff
[OK ]  | 15715 | 0x00008563 | 0xff | 0xff
[OK ]  | 15716 | 0x00008564 | 0x00 | 0x00
[OK ]  | 15717 | 0x00008565 | 0x98 | 0x98
[OK ]  | 15718 | 0x00008566 | 0x01 | 0x01
[OK ]  | 15719 | 0x00008567 | 0x00 | 0x00
[OK ]  | 15720 | 0x00008568 | 0x46 | 0x46
[OK ]  | 15721 | 0x00008569 | 0x9c | 0x9c
[OK ]  | 15722 | 0x0000856a | 0xfd | 0xfd
[OK ]  | 15723 | 0x0000856b | 0xff | 0xff
[OK ]  | 15724 | 0x0000856c | 0x11 | 0x11
[OK ]  | 15725 | 0x0000856d | 0x40 | 0x40
[OK ]  | 15726 | 0x0000856e | 0x00 | 0x00
[OK ]  | 15727 | 0x0000856f | 0x00 | 0x00
[OK ]  | 15728 | 0x00008570 | 0x91 | 0x91
[OK ]  | 15729 | 0x00008571 | 0x4f | 0x4f
[OK ]  | 15730 | 0x00008572 | 0xff | 0xff
[OK ]  | 15731 | 0x00008573 | 0xff | 0xff
[OK ]  | 15732 | 0x00008574 | 0x09 | 0x09
[OK ]  | 15733 | 0x00008575 | 0x41 | 0x41
[OK ]  | 15734 | 0x00008576 | 0xff | 0xff
[OK ]  | 15735 | 0x00008577 | 0xff | 0xff
[OK ]  | 15736 | 0x00008578 | 0x0e | 0x0e
[OK ]  | 15737 | 0x00008579 | 0x36 | 0x36
[OK ]  | 15738 | 0x0000857a | 0xfe | 0xfe
[OK ]  | 15739 | 0x0000857b | 0xff | 0xff
[OK ]  | 15740 | 0x0000857c | 0xd2 | 0xd2
[OK ]  | 15741 | 0x0000857d | 0x99 | 0x99
[OK ]  | 15742 | 0x0000857e | 0x01 | 0x01
[OK ]  | 15743 | 0x0000857f | 0x00 | 0x00
[OK ]  | 15744 | 0x00008580 | 0x2a | 0x2a
[OK ]  | 15745 | 0x00008581 | 0x75 | 0x75
[OK ]  | 15746 | 0x00008582 | 0xff | 0xff
[OK ]  | 15747 | 0x00008583 | 0xff | 0xff
[OK ]  | 15748 | 0x00008584 | 0x8d | 0x8d
[OK ]  | 15749 | 0x00008585 | 0xeb | 0xeb
[OK ]  | 15750 | 0x00008586 | 0xff | 0xff
[OK ]  | 15751 | 0x00008587 | 0xff | 0xff
[OK ]  | 15752 | 0x00008588 | 0xb5 | 0xb5
[OK ]  | 15753 | 0x00008589 | 0x3b | 0x3b
[OK ]  | 15754 | 0x0000858a | 0xff | 0xff
[OK ]  | 15755 | 0x0000858b | 0xff | 0xff
[OK ]  | 15756 | 0x0000858c | 0x25 | 0x25
[OK ]  | 15757 | 0x0000858d | 0x23 | 0x23
[OK ]  | 15758 | 0x0000858e | 0x00 | 0x00
[OK ]  | 15759 | 0x0000858f | 0x00 | 0x00
[OK ]  | 15760 | 0x00008590 | 0x99 | 0x99
[OK ]  | 15761 | 0x00008591 | 0xac | 0xac
[OK ]  | 15762 | 0x00008592 | 0xff | 0xff
[OK ]  | 15763 | 0x00008593 | 0xff | 0xff
[OK ]  | 15764 | 0x00008594 | 0x54 | 0x54
[OK ]  | 15765 | 0x00008595 | 0xc7 | 0xc7
[OK ]  | 15766 | 0x00008596 | 0xff | 0xff
[OK ]  | 15767 | 0x00008597 | 0xff | 0xff
[OK ]  | 15768 | 0x00008598 | 0x53 | 0x53
[OK ]  | 15769 | 0x00008599 | 0x31 | 0x31
[OK ]  | 15770 | 0x0000859a | 0xff | 0xff
[OK ]  | 15771 | 0x0000859b | 0xff | 0xff
[OK ]  | 15772 | 0x0000859c | 0xf3 | 0xf3
[OK ]  | 15773 | 0x0000859d | 0x37 | 0x37
[OK ]  | 15774 | 0x0000859e | 0xff | 0xff
[OK ]  | 15775 | 0x0000859f | 0xff | 0xff
[OK ]  | 15776 | 0x000085a0 | 0x17 | 0x17
[OK ]  | 15777 | 0x000085a1 | 0x67 | 0x67
[OK ]  | 15778 | 0x000085a2 | 0x00 | 0x00
[OK ]  | 15779 | 0x000085a3 | 0x00 | 0x00
[OK ]  | 15780 | 0x000085a4 | 0xd7 | 0xd7
[OK ]  | 15781 | 0x000085a5 | 0x45 | 0x45
[OK ]  | 15782 | 0x000085a6 | 0xfe | 0xfe
[OK ]  | 15783 | 0x000085a7 | 0xff | 0xff
[OK ]  | 15784 | 0x000085a8 | 0xa2 | 0xa2
[OK ]  | 15785 | 0x000085a9 | 0xcb | 0xcb
[OK ]  | 15786 | 0x000085aa | 0x00 | 0x00
[OK ]  | 15787 | 0x000085ab | 0x00 | 0x00
[OK ]  | 15788 | 0x000085ac | 0x9c | 0x9c
[OK ]  | 15789 | 0x000085ad | 0xb1 | 0xb1
[OK ]  | 15790 | 0x000085ae | 0xfe | 0xfe
[OK ]  | 15791 | 0x000085af | 0xff | 0xff
[OK ]  | 15792 | 0x000085b0 | 0x7e | 0x7e
[OK ]  | 15793 | 0x000085b1 | 0xd0 | 0xd0
[OK ]  | 15794 | 0x000085b2 | 0xfe | 0xfe
[OK ]  | 15795 | 0x000085b3 | 0xff | 0xff
[OK ]  | 15796 | 0x000085b4 | 0x79 | 0x79
[OK ]  | 15797 | 0x000085b5 | 0x49 | 0x49
[OK ]  | 15798 | 0x000085b6 | 0x00 | 0x00
[OK ]  | 15799 | 0x000085b7 | 0x00 | 0x00
[OK ]  | 15800 | 0x000085b8 | 0x38 | 0x38
[OK ]  | 15801 | 0x000085b9 | 0x71 | 0x71
[OK ]  | 15802 | 0x000085ba | 0x00 | 0x00
[OK ]  | 15803 | 0x000085bb | 0x00 | 0x00
[OK ]  | 15804 | 0x000085bc | 0x55 | 0x55
[OK ]  | 15805 | 0x000085bd | 0x94 | 0x94
[OK ]  | 15806 | 0x000085be | 0x00 | 0x00
[OK ]  | 15807 | 0x000085bf | 0x00 | 0x00
[OK ]  | 15808 | 0x000085c0 | 0x13 | 0x13
[OK ]  | 15809 | 0x000085c1 | 0xb3 | 0xb3
[OK ]  | 15810 | 0x000085c2 | 0xff | 0xff
[OK ]  | 15811 | 0x000085c3 | 0xff | 0xff
[OK ]  | 15812 | 0x000085c4 | 0xa2 | 0xa2
[OK ]  | 15813 | 0x000085c5 | 0xb7 | 0xb7
[OK ]  | 15814 | 0x000085c6 | 0xfe | 0xfe
[OK ]  | 15815 | 0x000085c7 | 0xff | 0xff
[OK ]  | 15816 | 0x000085c8 | 0x91 | 0x91
[OK ]  | 15817 | 0x000085c9 | 0x70 | 0x70
[OK ]  | 15818 | 0x000085ca | 0x00 | 0x00
[OK ]  | 15819 | 0x000085cb | 0x00 | 0x00
[OK ]  | 15820 | 0x000085cc | 0x34 | 0x34
[OK ]  | 15821 | 0x000085cd | 0x0b | 0x0b
[OK ]  | 15822 | 0x000085ce | 0xff | 0xff
[OK ]  | 15823 | 0x000085cf | 0xff | 0xff
[OK ]  | 15824 | 0x000085d0 | 0x26 | 0x26
[OK ]  | 15825 | 0x000085d1 | 0x5f | 0x5f
[OK ]  | 15826 | 0x000085d2 | 0x00 | 0x00
[OK ]  | 15827 | 0x000085d3 | 0x00 | 0x00
[OK ]  | 15828 | 0x000085d4 | 0x6b | 0x6b
[OK ]  | 15829 | 0x000085d5 | 0x5d | 0x5d
[OK ]  | 15830 | 0x000085d6 | 0x00 | 0x00
[OK ]  | 15831 | 0x000085d7 | 0x00 | 0x00
[OK ]  | 15832 | 0x000085d8 | 0xdb | 0xdb
[OK ]  | 15833 | 0x000085d9 | 0x78 | 0x78
[OK ]  | 15834 | 0x000085da | 0xff | 0xff
[OK ]  | 15835 | 0x000085db | 0xff | 0xff
[OK ]  | 15836 | 0x000085dc | 0xc5 | 0xc5
[OK ]  | 15837 | 0x000085dd | 0xdd | 0xdd
[OK ]  | 15838 | 0x000085de | 0x00 | 0x00
[OK ]  | 15839 | 0x000085df | 0x00 | 0x00
[OK ]  | 15840 | 0x000085e0 | 0x2b | 0x2b
[OK ]  | 15841 | 0x000085e1 | 0x01 | 0x01
[OK ]  | 15842 | 0x000085e2 | 0x00 | 0x00
[OK ]  | 15843 | 0x000085e3 | 0x00 | 0x00
[OK ]  | 15844 | 0x000085e4 | 0x2b | 0x2b
[OK ]  | 15845 | 0x000085e5 | 0xd1 | 0xd1
[OK ]  | 15846 | 0x000085e6 | 0xff | 0xff
[OK ]  | 15847 | 0x000085e7 | 0xff | 0xff
[OK ]  | 15848 | 0x000085e8 | 0xa8 | 0xa8
[OK ]  | 15849 | 0x000085e9 | 0x42 | 0x42
[OK ]  | 15850 | 0x000085ea | 0xff | 0xff
[OK ]  | 15851 | 0x000085eb | 0xff | 0xff
[OK ]  | 15852 | 0x000085ec | 0x57 | 0x57
[OK ]  | 15853 | 0x000085ed | 0x6e | 0x6e
[OK ]  | 15854 | 0x000085ee | 0x00 | 0x00
[OK ]  | 15855 | 0x000085ef | 0x00 | 0x00
[OK ]  | 15856 | 0x000085f0 | 0x7a | 0x7a
[OK ]  | 15857 | 0x000085f1 | 0x60 | 0x60
[OK ]  | 15858 | 0x000085f2 | 0xff | 0xff
[OK ]  | 15859 | 0x000085f3 | 0xff | 0xff
[OK ]  | 15860 | 0x000085f4 | 0xf8 | 0xf8
[OK ]  | 15861 | 0x000085f5 | 0x2e | 0x2e
[OK ]  | 15862 | 0x000085f6 | 0x00 | 0x00
[OK ]  | 15863 | 0x000085f7 | 0x00 | 0x00
[OK ]  | 15864 | 0x000085f8 | 0x8d | 0x8d
[OK ]  | 15865 | 0x000085f9 | 0x07 | 0x07
[OK ]  | 15866 | 0x000085fa | 0xff | 0xff
[OK ]  | 15867 | 0x000085fb | 0xff | 0xff
[OK ]  | 15868 | 0x000085fc | 0xc3 | 0xc3
[OK ]  | 15869 | 0x000085fd | 0x04 | 0x04
[OK ]  | 15870 | 0x000085fe | 0x00 | 0x00
[OK ]  | 15871 | 0x000085ff | 0x00 | 0x00
[OK ]  | 15872 | 0x00008600 | 0xcc | 0xcc
[OK ]  | 15873 | 0x00008601 | 0xf3 | 0xf3
[OK ]  | 15874 | 0x00008602 | 0xff | 0xff
[OK ]  | 15875 | 0x00008603 | 0xff | 0xff
[OK ]  | 15876 | 0x00008604 | 0x8e | 0x8e
[OK ]  | 15877 | 0x00008605 | 0x36 | 0x36
[OK ]  | 15878 | 0x00008606 | 0x00 | 0x00
[OK ]  | 15879 | 0x00008607 | 0x00 | 0x00
[OK ]  | 15880 | 0x00008608 | 0x7b | 0x7b
[OK ]  | 15881 | 0x00008609 | 0x6a | 0x6a
[OK ]  | 15882 | 0x0000860a | 0x00 | 0x00
[OK ]  | 15883 | 0x0000860b | 0x00 | 0x00
[OK ]  | 15884 | 0x0000860c | 0xf2 | 0xf2
[OK ]  | 15885 | 0x0000860d | 0xa9 | 0xa9
[OK ]  | 15886 | 0x0000860e | 0xff | 0xff
[OK ]  | 15887 | 0x0000860f | 0xff | 0xff
[OK ]  | 15888 | 0x00008610 | 0xe7 | 0xe7
[OK ]  | 15889 | 0x00008611 | 0xb0 | 0xb0
[OK ]  | 15890 | 0x00008612 | 0xfe | 0xfe
[OK ]  | 15891 | 0x00008613 | 0xff | 0xff
[OK ]  | 15892 | 0x00008614 | 0xeb | 0xeb
[OK ]  | 15893 | 0x00008615 | 0x06 | 0x06
[OK ]  | 15894 | 0x00008616 | 0xff | 0xff
[OK ]  | 15895 | 0x00008617 | 0xff | 0xff
[OK ]  | 15896 | 0x00008618 | 0x1f | 0x1f
[OK ]  | 15897 | 0x00008619 | 0xbe | 0xbe
[OK ]  | 15898 | 0x0000861a | 0x01 | 0x01
[OK ]  | 15899 | 0x0000861b | 0x00 | 0x00
[OK ]  | 15900 | 0x0000861c | 0xe4 | 0xe4
[OK ]  | 15901 | 0x0000861d | 0x4d | 0x4d
[OK ]  | 15902 | 0x0000861e | 0xff | 0xff
[OK ]  | 15903 | 0x0000861f | 0xff | 0xff
[OK ]  | 15904 | 0x00008620 | 0x30 | 0x30
[OK ]  | 15905 | 0x00008621 | 0xc5 | 0xc5
[OK ]  | 15906 | 0x00008622 | 0x00 | 0x00
[OK ]  | 15907 | 0x00008623 | 0x00 | 0x00
[OK ]  | 15908 | 0x00008624 | 0x30 | 0x30
[OK ]  | 15909 | 0x00008625 | 0x82 | 0x82
[OK ]  | 15910 | 0x00008626 | 0xfe | 0xfe
[OK ]  | 15911 | 0x00008627 | 0xff | 0xff
[OK ]  | 15912 | 0x00008628 | 0xba | 0xba
[OK ]  | 15913 | 0x00008629 | 0x94 | 0x94
[OK ]  | 15914 | 0x0000862a | 0xff | 0xff
[OK ]  | 15915 | 0x0000862b | 0xff | 0xff
[OK ]  | 15916 | 0x0000862c | 0x8f | 0x8f
[OK ]  | 15917 | 0x0000862d | 0x0f | 0x0f
[OK ]  | 15918 | 0x0000862e | 0x00 | 0x00
[OK ]  | 15919 | 0x0000862f | 0x00 | 0x00
[OK ]  | 15920 | 0x00008630 | 0x6e | 0x6e
[OK ]  | 15921 | 0x00008631 | 0x55 | 0x55
[OK ]  | 15922 | 0x00008632 | 0xff | 0xff
[OK ]  | 15923 | 0x00008633 | 0xff | 0xff
[OK ]  | 15924 | 0x00008634 | 0x7b | 0x7b
[OK ]  | 15925 | 0x00008635 | 0xa9 | 0xa9
[OK ]  | 15926 | 0x00008636 | 0x00 | 0x00
[OK ]  | 15927 | 0x00008637 | 0x00 | 0x00
[OK ]  | 15928 | 0x00008638 | 0x0b | 0x0b
[OK ]  | 15929 | 0x00008639 | 0x1f | 0x1f
[OK ]  | 15930 | 0x0000863a | 0x00 | 0x00
[OK ]  | 15931 | 0x0000863b | 0x00 | 0x00
[OK ]  | 15932 | 0x0000863c | 0x3a | 0x3a
[OK ]  | 15933 | 0x0000863d | 0xf1 | 0xf1
[OK ]  | 15934 | 0x0000863e | 0xff | 0xff
[OK ]  | 15935 | 0x0000863f | 0xff | 0xff
[OK ]  | 15936 | 0x00008640 | 0x21 | 0x21
[OK ]  | 15937 | 0x00008641 | 0x68 | 0x68
[OK ]  | 15938 | 0x00008642 | 0x00 | 0x00
[OK ]  | 15939 | 0x00008643 | 0x00 | 0x00
[OK ]  | 15940 | 0x00008644 | 0x22 | 0x22
[OK ]  | 15941 | 0x00008645 | 0x9f | 0x9f
[OK ]  | 15942 | 0x00008646 | 0xff | 0xff
[OK ]  | 15943 | 0x00008647 | 0xff | 0xff
[OK ]  | 15944 | 0x00008648 | 0xa3 | 0xa3
[OK ]  | 15945 | 0x00008649 | 0x65 | 0x65
[OK ]  | 15946 | 0x0000864a | 0x00 | 0x00
[OK ]  | 15947 | 0x0000864b | 0x00 | 0x00
[OK ]  | 15948 | 0x0000864c | 0x92 | 0x92
[OK ]  | 15949 | 0x0000864d | 0x00 | 0x00
[OK ]  | 15950 | 0x0000864e | 0x01 | 0x01
[OK ]  | 15951 | 0x0000864f | 0x00 | 0x00
[OK ]  | 15952 | 0x00008650 | 0xb4 | 0xb4
[OK ]  | 15953 | 0x00008651 | 0x50 | 0x50
[OK ]  | 15954 | 0x00008652 | 0xff | 0xff
[OK ]  | 15955 | 0x00008653 | 0xff | 0xff
[OK ]  | 15956 | 0x00008654 | 0x09 | 0x09
[OK ]  | 15957 | 0x00008655 | 0x48 | 0x48
[OK ]  | 15958 | 0x00008656 | 0x00 | 0x00
[OK ]  | 15959 | 0x00008657 | 0x00 | 0x00
[OK ]  | 15960 | 0x00008658 | 0x0b | 0x0b
[OK ]  | 15961 | 0x00008659 | 0xd5 | 0xd5
[OK ]  | 15962 | 0x0000865a | 0xff | 0xff
[OK ]  | 15963 | 0x0000865b | 0xff | 0xff
[OK ]  | 15964 | 0x0000865c | 0xf2 | 0xf2
[OK ]  | 15965 | 0x0000865d | 0x6b | 0x6b
[OK ]  | 15966 | 0x0000865e | 0xff | 0xff
[OK ]  | 15967 | 0x0000865f | 0xff | 0xff
[OK ]  | 15968 | 0x00008660 | 0x6e | 0x6e
[OK ]  | 15969 | 0x00008661 | 0xff | 0xff
[OK ]  | 15970 | 0x00008662 | 0xff | 0xff
[OK ]  | 15971 | 0x00008663 | 0xff | 0xff
[OK ]  | 15972 | 0x00008664 | 0x1f | 0x1f
[OK ]  | 15973 | 0x00008665 | 0x43 | 0x43
[OK ]  | 15974 | 0x00008666 | 0x00 | 0x00
[OK ]  | 15975 | 0x00008667 | 0x00 | 0x00
[OK ]  | 15976 | 0x00008668 | 0x48 | 0x48
[OK ]  | 15977 | 0x00008669 | 0xc1 | 0xc1
[OK ]  | 15978 | 0x0000866a | 0x01 | 0x01
[OK ]  | 15979 | 0x0000866b | 0x00 | 0x00
[OK ]  | 15980 | 0x0000866c | 0x7f | 0x7f
[OK ]  | 15981 | 0x0000866d | 0xcc | 0xcc
[OK ]  | 15982 | 0x0000866e | 0x01 | 0x01
[OK ]  | 15983 | 0x0000866f | 0x00 | 0x00
[OK ]  | 15984 | 0x00008670 | 0x2d | 0x2d
[OK ]  | 15985 | 0x00008671 | 0x80 | 0x80
[OK ]  | 15986 | 0x00008672 | 0xff | 0xff
[OK ]  | 15987 | 0x00008673 | 0xff | 0xff
[OK ]  | 15988 | 0x00008674 | 0xcd | 0xcd
[OK ]  | 15989 | 0x00008675 | 0x1a | 0x1a
[OK ]  | 15990 | 0x00008676 | 0xfe | 0xfe
[OK ]  | 15991 | 0x00008677 | 0xff | 0xff
[OK ]  | 15992 | 0x00008678 | 0x34 | 0x34
[OK ]  | 15993 | 0x00008679 | 0xf3 | 0xf3
[OK ]  | 15994 | 0x0000867a | 0x00 | 0x00
[OK ]  | 15995 | 0x0000867b | 0x00 | 0x00
[OK ]  | 15996 | 0x0000867c | 0xe5 | 0xe5
[OK ]  | 15997 | 0x0000867d | 0xeb | 0xeb
[OK ]  | 15998 | 0x0000867e | 0xff | 0xff
[OK ]  | 15999 | 0x0000867f | 0xff | 0xff
[OK ]  | 16000 | 0x00008680 | 0x25 | 0x25
[OK ]  | 16001 | 0x00008681 | 0x75 | 0x75
[OK ]  | 16002 | 0x00008682 | 0xff | 0xff
[OK ]  | 16003 | 0x00008683 | 0xff | 0xff
[OK ]  | 16004 | 0x00008684 | 0xb2 | 0xb2
[OK ]  | 16005 | 0x00008685 | 0x48 | 0x48
[OK ]  | 16006 | 0x00008686 | 0x01 | 0x01
[OK ]  | 16007 | 0x00008687 | 0x00 | 0x00
[OK ]  | 16008 | 0x00008688 | 0x2c | 0x2c
[OK ]  | 16009 | 0x00008689 | 0xca | 0xca
[OK ]  | 16010 | 0x0000868a | 0xfe | 0xfe
[OK ]  | 16011 | 0x0000868b | 0xff | 0xff
[OK ]  | 16012 | 0x0000868c | 0xef | 0xef
[OK ]  | 16013 | 0x0000868d | 0xde | 0xde
[OK ]  | 16014 | 0x0000868e | 0x00 | 0x00
[OK ]  | 16015 | 0x0000868f | 0x00 | 0x00
[OK ]  | 16016 | 0x00008690 | 0x04 | 0x04
[OK ]  | 16017 | 0x00008691 | 0xf5 | 0xf5
[OK ]  | 16018 | 0x00008692 | 0x01 | 0x01
[OK ]  | 16019 | 0x00008693 | 0x00 | 0x00
[OK ]  | 16020 | 0x00008694 | 0xc0 | 0xc0
[OK ]  | 16021 | 0x00008695 | 0x5f | 0x5f
[OK ]  | 16022 | 0x00008696 | 0x00 | 0x00
[OK ]  | 16023 | 0x00008697 | 0x00 | 0x00
[OK ]  | 16024 | 0x00008698 | 0x61 | 0x61
[OK ]  | 16025 | 0x00008699 | 0x80 | 0x80
[OK ]  | 16026 | 0x0000869a | 0x01 | 0x01
[OK ]  | 16027 | 0x0000869b | 0x00 | 0x00
[OK ]  | 16028 | 0x0000869c | 0xb1 | 0xb1
[OK ]  | 16029 | 0x0000869d | 0x21 | 0x21
[OK ]  | 16030 | 0x0000869e | 0xff | 0xff
[OK ]  | 16031 | 0x0000869f | 0xff | 0xff
[OK ]  | 16032 | 0x000086a0 | 0x68 | 0x68
[OK ]  | 16033 | 0x000086a1 | 0x45 | 0x45
[OK ]  | 16034 | 0x000086a2 | 0xfe | 0xfe
[OK ]  | 16035 | 0x000086a3 | 0xff | 0xff
[OK ]  | 16036 | 0x000086a4 | 0x72 | 0x72
[OK ]  | 16037 | 0x000086a5 | 0xf0 | 0xf0
[OK ]  | 16038 | 0x000086a6 | 0xfe | 0xfe
[OK ]  | 16039 | 0x000086a7 | 0xff | 0xff
[OK ]  | 16040 | 0x000086a8 | 0x93 | 0x93
[OK ]  | 16041 | 0x000086a9 | 0x0f | 0x0f
[OK ]  | 16042 | 0x000086aa | 0x00 | 0x00
[OK ]  | 16043 | 0x000086ab | 0x00 | 0x00
[OK ]  | 16044 | 0x000086ac | 0x57 | 0x57
[OK ]  | 16045 | 0x000086ad | 0x48 | 0x48
[OK ]  | 16046 | 0x000086ae | 0xff | 0xff
[OK ]  | 16047 | 0x000086af | 0xff | 0xff
[OK ]  | 16048 | 0x000086b0 | 0x98 | 0x98
[OK ]  | 16049 | 0x000086b1 | 0xb9 | 0xb9
[OK ]  | 16050 | 0x000086b2 | 0x00 | 0x00
[OK ]  | 16051 | 0x000086b3 | 0x00 | 0x00
[OK ]  | 16052 | 0x000086b4 | 0x07 | 0x07
[OK ]  | 16053 | 0x000086b5 | 0x0b | 0x0b
[OK ]  | 16054 | 0x000086b6 | 0x00 | 0x00
[OK ]  | 16055 | 0x000086b7 | 0x00 | 0x00
[OK ]  | 16056 | 0x000086b8 | 0x9e | 0x9e
[OK ]  | 16057 | 0x000086b9 | 0xc3 | 0xc3
[OK ]  | 16058 | 0x000086ba | 0xff | 0xff
[OK ]  | 16059 | 0x000086bb | 0xff | 0xff
[OK ]  | 16060 | 0x000086bc | 0xf4 | 0xf4
[OK ]  | 16061 | 0x000086bd | 0xdc | 0xdc
[OK ]  | 16062 | 0x000086be | 0xff | 0xff
[OK ]  | 16063 | 0x000086bf | 0xff | 0xff
[OK ]  | 16064 | 0x000086c0 | 0xdd | 0xdd
[OK ]  | 16065 | 0x000086c1 | 0x38 | 0x38
[OK ]  | 16066 | 0x000086c2 | 0xff | 0xff
[OK ]  | 16067 | 0x000086c3 | 0xff | 0xff
[OK ]  | 16068 | 0x000086c4 | 0xa1 | 0xa1
[OK ]  | 16069 | 0x000086c5 | 0xce | 0xce
[OK ]  | 16070 | 0x000086c6 | 0xfe | 0xfe
[OK ]  | 16071 | 0x000086c7 | 0xff | 0xff
[OK ]  | 16072 | 0x000086c8 | 0x29 | 0x29
[OK ]  | 16073 | 0x000086c9 | 0x26 | 0x26
[OK ]  | 16074 | 0x000086ca | 0xff | 0xff
[OK ]  | 16075 | 0x000086cb | 0xff | 0xff
[OK ]  | 16076 | 0x000086cc | 0x62 | 0x62
[OK ]  | 16077 | 0x000086cd | 0x18 | 0x18
[OK ]  | 16078 | 0x000086ce | 0x01 | 0x01
[OK ]  | 16079 | 0x000086cf | 0x00 | 0x00
[OK ]  | 16080 | 0x000086d0 | 0xde | 0xde
[OK ]  | 16081 | 0x000086d1 | 0x2b | 0x2b
[OK ]  | 16082 | 0x000086d2 | 0x01 | 0x01
[OK ]  | 16083 | 0x000086d3 | 0x00 | 0x00
[OK ]  | 16084 | 0x000086d4 | 0x43 | 0x43
[OK ]  | 16085 | 0x000086d5 | 0x5e | 0x5e
[OK ]  | 16086 | 0x000086d6 | 0x00 | 0x00
[OK ]  | 16087 | 0x000086d7 | 0x00 | 0x00
[OK ]  | 16088 | 0x000086d8 | 0x42 | 0x42
[OK ]  | 16089 | 0x000086d9 | 0x54 | 0x54
[OK ]  | 16090 | 0x000086da | 0x02 | 0x02
[OK ]  | 16091 | 0x000086db | 0x00 | 0x00
[OK ]  | 16092 | 0x000086dc | 0x03 | 0x03
[OK ]  | 16093 | 0x000086dd | 0xa5 | 0xa5
[OK ]  | 16094 | 0x000086de | 0xfe | 0xfe
[OK ]  | 16095 | 0x000086df | 0xff | 0xff
[OK ]  | 16096 | 0x000086e0 | 0xd8 | 0xd8
[OK ]  | 16097 | 0x000086e1 | 0xe8 | 0xe8
[OK ]  | 16098 | 0x000086e2 | 0xff | 0xff
[OK ]  | 16099 | 0x000086e3 | 0xff | 0xff
[OK ]  | 16100 | 0x000086e4 | 0x75 | 0x75
[OK ]  | 16101 | 0x000086e5 | 0xfd | 0xfd
[OK ]  | 16102 | 0x000086e6 | 0xff | 0xff
[OK ]  | 16103 | 0x000086e7 | 0xff | 0xff
[OK ]  | 16104 | 0x000086e8 | 0x0d | 0x0d
[OK ]  | 16105 | 0x000086e9 | 0x65 | 0x65
[OK ]  | 16106 | 0x000086ea | 0x00 | 0x00
[OK ]  | 16107 | 0x000086eb | 0x00 | 0x00
[OK ]  | 16108 | 0x000086ec | 0x81 | 0x81
[OK ]  | 16109 | 0x000086ed | 0x19 | 0x19
[OK ]  | 16110 | 0x000086ee | 0xff | 0xff
[OK ]  | 16111 | 0x000086ef | 0xff | 0xff
[OK ]  | 16112 | 0x000086f0 | 0xc6 | 0xc6
[OK ]  | 16113 | 0x000086f1 | 0x93 | 0x93
[OK ]  | 16114 | 0x000086f2 | 0x00 | 0x00
[OK ]  | 16115 | 0x000086f3 | 0x00 | 0x00
[OK ]  | 16116 | 0x000086f4 | 0x51 | 0x51
[OK ]  | 16117 | 0x000086f5 | 0xfc | 0xfc
[OK ]  | 16118 | 0x000086f6 | 0xff | 0xff
[OK ]  | 16119 | 0x000086f7 | 0xff | 0xff
[OK ]  | 16120 | 0x000086f8 | 0x9c | 0x9c
[OK ]  | 16121 | 0x000086f9 | 0x84 | 0x84
[OK ]  | 16122 | 0x000086fa | 0x00 | 0x00
[OK ]  | 16123 | 0x000086fb | 0x00 | 0x00
[OK ]  | 16124 | 0x000086fc | 0xc3 | 0xc3
[OK ]  | 16125 | 0x000086fd | 0x0e | 0x0e
[OK ]  | 16126 | 0x000086fe | 0x01 | 0x01
[OK ]  | 16127 | 0x000086ff | 0x00 | 0x00
[OK ]  | 16128 | 0x00008700 | 0x50 | 0x50
[OK ]  | 16129 | 0x00008701 | 0xf9 | 0xf9
[OK ]  | 16130 | 0x00008702 | 0xff | 0xff
[OK ]  | 16131 | 0x00008703 | 0xff | 0xff
[OK ]  | 16132 | 0x00008704 | 0x1d | 0x1d
[OK ]  | 16133 | 0x00008705 | 0x23 | 0x23
[OK ]  | 16134 | 0x00008706 | 0x00 | 0x00
[OK ]  | 16135 | 0x00008707 | 0x00 | 0x00
[OK ]  | 16136 | 0x00008708 | 0xc6 | 0xc6
[OK ]  | 16137 | 0x00008709 | 0x90 | 0x90
[OK ]  | 16138 | 0x0000870a | 0x00 | 0x00
[OK ]  | 16139 | 0x0000870b | 0x00 | 0x00
[OK ]  | 16140 | 0x0000870c | 0x0d | 0x0d
[OK ]  | 16141 | 0x0000870d | 0x95 | 0x95
[OK ]  | 16142 | 0x0000870e | 0xfe | 0xfe
[OK ]  | 16143 | 0x0000870f | 0xff | 0xff
[OK ]  | 16144 | 0x00008710 | 0xfa | 0xfa
[OK ]  | 16145 | 0x00008711 | 0x96 | 0x96
[OK ]  | 16146 | 0x00008712 | 0xff | 0xff
[OK ]  | 16147 | 0x00008713 | 0xff | 0xff
[OK ]  | 16148 | 0x00008714 | 0x4c | 0x4c
[OK ]  | 16149 | 0x00008715 | 0x55 | 0x55
[OK ]  | 16150 | 0x00008716 | 0x01 | 0x01
[OK ]  | 16151 | 0x00008717 | 0x00 | 0x00
[OK ]  | 16152 | 0x00008718 | 0x14 | 0x14
[OK ]  | 16153 | 0x00008719 | 0x85 | 0x85
[OK ]  | 16154 | 0x0000871a | 0xff | 0xff
[OK ]  | 16155 | 0x0000871b | 0xff | 0xff
[OK ]  | 16156 | 0x0000871c | 0x33 | 0x33
[OK ]  | 16157 | 0x0000871d | 0xb6 | 0xb6
[OK ]  | 16158 | 0x0000871e | 0xff | 0xff
[OK ]  | 16159 | 0x0000871f | 0xff | 0xff
[OK ]  | 16160 | 0x00008720 | 0xd8 | 0xd8
[OK ]  | 16161 | 0x00008721 | 0x7a | 0x7a
[OK ]  | 16162 | 0x00008722 | 0x00 | 0x00
[OK ]  | 16163 | 0x00008723 | 0x00 | 0x00
[OK ]  | 16164 | 0x00008724 | 0x98 | 0x98
[OK ]  | 16165 | 0x00008725 | 0x5c | 0x5c
[OK ]  | 16166 | 0x00008726 | 0xff | 0xff
[OK ]  | 16167 | 0x00008727 | 0xff | 0xff
[OK ]  | 16168 | 0x00008728 | 0x98 | 0x98
[OK ]  | 16169 | 0x00008729 | 0x79 | 0x79
[OK ]  | 16170 | 0x0000872a | 0x00 | 0x00
[OK ]  | 16171 | 0x0000872b | 0x00 | 0x00
[OK ]  | 16172 | 0x0000872c | 0x27 | 0x27
[OK ]  | 16173 | 0x0000872d | 0x21 | 0x21
[OK ]  | 16174 | 0x0000872e | 0x01 | 0x01
[OK ]  | 16175 | 0x0000872f | 0x00 | 0x00
[OK ]  | 16176 | 0x00008730 | 0xfc | 0xfc
[OK ]  | 16177 | 0x00008731 | 0x0d | 0x0d
[OK ]  | 16178 | 0x00008732 | 0xff | 0xff
[OK ]  | 16179 | 0x00008733 | 0xff | 0xff
[OK ]  | 16180 | 0x00008734 | 0xc8 | 0xc8
[OK ]  | 16181 | 0x00008735 | 0x15 | 0x15
[OK ]  | 16182 | 0x00008736 | 0x00 | 0x00
[OK ]  | 16183 | 0x00008737 | 0x00 | 0x00
[OK ]  | 16184 | 0x00008738 | 0x17 | 0x17
[OK ]  | 16185 | 0x00008739 | 0x53 | 0x53
[OK ]  | 16186 | 0x0000873a | 0x01 | 0x01
[OK ]  | 16187 | 0x0000873b | 0x00 | 0x00
[OK ]  | 16188 | 0x0000873c | 0xe2 | 0xe2
[OK ]  | 16189 | 0x0000873d | 0xe5 | 0xe5
[OK ]  | 16190 | 0x0000873e | 0x00 | 0x00
[OK ]  | 16191 | 0x0000873f | 0x00 | 0x00
[OK ]  | 16192 | 0x00008740 | 0x18 | 0x18
[OK ]  | 16193 | 0x00008741 | 0xcd | 0xcd
[OK ]  | 16194 | 0x00008742 | 0xfe | 0xfe
[OK ]  | 16195 | 0x00008743 | 0xff | 0xff
[OK ]  | 16196 | 0x00008744 | 0x69 | 0x69
[OK ]  | 16197 | 0x00008745 | 0x29 | 0x29
[OK ]  | 16198 | 0x00008746 | 0x01 | 0x01
[OK ]  | 16199 | 0x00008747 | 0x00 | 0x00
[OK ]  | 16200 | 0x00008748 | 0x0b | 0x0b
[OK ]  | 16201 | 0x00008749 | 0x61 | 0x61
[OK ]  | 16202 | 0x0000874a | 0x00 | 0x00
[OK ]  | 16203 | 0x0000874b | 0x00 | 0x00
[OK ]  | 16204 | 0x0000874c | 0x70 | 0x70
[OK ]  | 16205 | 0x0000874d | 0xa2 | 0xa2
[OK ]  | 16206 | 0x0000874e | 0x00 | 0x00
[OK ]  | 16207 | 0x0000874f | 0x00 | 0x00
[OK ]  | 16208 | 0x00008750 | 0x0c | 0x0c
[OK ]  | 16209 | 0x00008751 | 0xff | 0xff
[OK ]  | 16210 | 0x00008752 | 0xff | 0xff
[OK ]  | 16211 | 0x00008753 | 0xff | 0xff
[OK ]  | 16212 | 0x00008754 | 0x56 | 0x56
[OK ]  | 16213 | 0x00008755 | 0xea | 0xea
[OK ]  | 16214 | 0x00008756 | 0x00 | 0x00
[OK ]  | 16215 | 0x00008757 | 0x00 | 0x00
[OK ]  | 16216 | 0x00008758 | 0x67 | 0x67
[OK ]  | 16217 | 0x00008759 | 0x7f | 0x7f
[OK ]  | 16218 | 0x0000875a | 0xff | 0xff
[OK ]  | 16219 | 0x0000875b | 0xff | 0xff
[OK ]  | 16220 | 0x0000875c | 0xca | 0xca
[OK ]  | 16221 | 0x0000875d | 0x55 | 0x55
[OK ]  | 16222 | 0x0000875e | 0xfe | 0xfe
[OK ]  | 16223 | 0x0000875f | 0xff | 0xff
[OK ]  | 16224 | 0x00008760 | 0x25 | 0x25
[OK ]  | 16225 | 0x00008761 | 0x5b | 0x5b
[OK ]  | 16226 | 0x00008762 | 0x01 | 0x01
[OK ]  | 16227 | 0x00008763 | 0x00 | 0x00
[OK ]  | 16228 | 0x00008764 | 0xc5 | 0xc5
[OK ]  | 16229 | 0x00008765 | 0x46 | 0x46
[OK ]  | 16230 | 0x00008766 | 0xff | 0xff
[OK ]  | 16231 | 0x00008767 | 0xff | 0xff
[OK ]  | 16232 | 0x00008768 | 0x35 | 0x35
[OK ]  | 16233 | 0x00008769 | 0xc8 | 0xc8
[OK ]  | 16234 | 0x0000876a | 0xff | 0xff
[OK ]  | 16235 | 0x0000876b | 0xff | 0xff
[OK ]  | 16236 | 0x0000876c | 0xa8 | 0xa8
[OK ]  | 16237 | 0x0000876d | 0xdb | 0xdb
[OK ]  | 16238 | 0x0000876e | 0xff | 0xff
[OK ]  | 16239 | 0x0000876f | 0xff | 0xff
[OK ]  | 16240 | 0x00008770 | 0x39 | 0x39
[OK ]  | 16241 | 0x00008771 | 0xb7 | 0xb7
[OK ]  | 16242 | 0x00008772 | 0xff | 0xff
[OK ]  | 16243 | 0x00008773 | 0xff | 0xff
[OK ]  | 16244 | 0x00008774 | 0xeb | 0xeb
[OK ]  | 16245 | 0x00008775 | 0x3b | 0x3b
[OK ]  | 16246 | 0x00008776 | 0xff | 0xff
[OK ]  | 16247 | 0x00008777 | 0xff | 0xff
[OK ]  | 16248 | 0x00008778 | 0xdb | 0xdb
[OK ]  | 16249 | 0x00008779 | 0x0d | 0x0d
[OK ]  | 16250 | 0x0000877a | 0x01 | 0x01
[OK ]  | 16251 | 0x0000877b | 0x00 | 0x00
[OK ]  | 16252 | 0x0000877c | 0x76 | 0x76
[OK ]  | 16253 | 0x0000877d | 0xbd | 0xbd
[OK ]  | 16254 | 0x0000877e | 0xfe | 0xfe
[OK ]  | 16255 | 0x0000877f | 0xff | 0xff
[OK ]  | 16256 | 0x00008780 | 0x86 | 0x86
[OK ]  | 16257 | 0x00008781 | 0x2b | 0x2b
[OK ]  | 16258 | 0x00008782 | 0x00 | 0x00
[OK ]  | 16259 | 0x00008783 | 0x00 | 0x00
[OK ]  | 16260 | 0x00008784 | 0x49 | 0x49
[OK ]  | 16261 | 0x00008785 | 0x3e | 0x3e
[OK ]  | 16262 | 0x00008786 | 0x00 | 0x00
[OK ]  | 16263 | 0x00008787 | 0x00 | 0x00
[OK ]  | 16264 | 0x00008788 | 0x57 | 0x57
[OK ]  | 16265 | 0x00008789 | 0x8a | 0x8a
[OK ]  | 16266 | 0x0000878a | 0xfe | 0xfe
[OK ]  | 16267 | 0x0000878b | 0xff | 0xff
[OK ]  | 16268 | 0x0000878c | 0x34 | 0x34
[OK ]  | 16269 | 0x0000878d | 0x73 | 0x73
[OK ]  | 16270 | 0x0000878e | 0xfe | 0xfe
[OK ]  | 16271 | 0x0000878f | 0xff | 0xff
[OK ]  | 16272 | 0x00008790 | 0x5e | 0x5e
[OK ]  | 16273 | 0x00008791 | 0x82 | 0x82
[OK ]  | 16274 | 0x00008792 | 0x00 | 0x00
[OK ]  | 16275 | 0x00008793 | 0x00 | 0x00
[OK ]  | 16276 | 0x00008794 | 0x3f | 0x3f
[OK ]  | 16277 | 0x00008795 | 0xd2 | 0xd2
[OK ]  | 16278 | 0x00008796 | 0xff | 0xff
[OK ]  | 16279 | 0x00008797 | 0xff | 0xff
[OK ]  | 16280 | 0x00008798 | 0x79 | 0x79
[OK ]  | 16281 | 0x00008799 | 0xd1 | 0xd1
[OK ]  | 16282 | 0x0000879a | 0xfd | 0xfd
[OK ]  | 16283 | 0x0000879b | 0xff | 0xff
[OK ]  | 16284 | 0x0000879c | 0xf9 | 0xf9
[OK ]  | 16285 | 0x0000879d | 0x95 | 0x95
[OK ]  | 16286 | 0x0000879e | 0xff | 0xff
[OK ]  | 16287 | 0x0000879f | 0xff | 0xff
[OK ]  | 16288 | 0x000087a0 | 0x9f | 0x9f
[OK ]  | 16289 | 0x000087a1 | 0x8a | 0x8a
[OK ]  | 16290 | 0x000087a2 | 0xff | 0xff
[OK ]  | 16291 | 0x000087a3 | 0xff | 0xff
[OK ]  | 16292 | 0x000087a4 | 0xe5 | 0xe5
[OK ]  | 16293 | 0x000087a5 | 0x4a | 0x4a
[OK ]  | 16294 | 0x000087a6 | 0x00 | 0x00
[OK ]  | 16295 | 0x000087a7 | 0x00 | 0x00
[OK ]  | 16296 | 0x000087a8 | 0x29 | 0x29
[OK ]  | 16297 | 0x000087a9 | 0x7c | 0x7c
[OK ]  | 16298 | 0x000087aa | 0x00 | 0x00
[OK ]  | 16299 | 0x000087ab | 0x00 | 0x00
[OK ]  | 16300 | 0x000087ac | 0x2c | 0x2c
[OK ]  | 16301 | 0x000087ad | 0x28 | 0x28
[OK ]  | 16302 | 0x000087ae | 0x00 | 0x00
[OK ]  | 16303 | 0x000087af | 0x00 | 0x00
[OK ]  | 16304 | 0x000087b0 | 0x1a | 0x1a
[OK ]  | 16305 | 0x000087b1 | 0x28 | 0x28
[OK ]  | 16306 | 0x000087b2 | 0x00 | 0x00
[OK ]  | 16307 | 0x000087b3 | 0x00 | 0x00
[OK ]  | 16308 | 0x000087b4 | 0xad | 0xad
[OK ]  | 16309 | 0x000087b5 | 0x25 | 0x25
[OK ]  | 16310 | 0x000087b6 | 0x00 | 0x00
[OK ]  | 16311 | 0x000087b7 | 0x00 | 0x00
[OK ]  | 16312 | 0x000087b8 | 0x13 | 0x13
[OK ]  | 16313 | 0x000087b9 | 0xb5 | 0xb5
[OK ]  | 16314 | 0x000087ba | 0x00 | 0x00
[OK ]  | 16315 | 0x000087bb | 0x00 | 0x00
[OK ]  | 16316 | 0x000087bc | 0xaf | 0xaf
[OK ]  | 16317 | 0x000087bd | 0x29 | 0x29
[OK ]  | 16318 | 0x000087be | 0x01 | 0x01
[OK ]  | 16319 | 0x000087bf | 0x00 | 0x00
[OK ]  | 16320 | 0x000087c0 | 0xfc | 0xfc
[OK ]  | 16321 | 0x000087c1 | 0xb8 | 0xb8
[OK ]  | 16322 | 0x000087c2 | 0xfe | 0xfe
[OK ]  | 16323 | 0x000087c3 | 0xff | 0xff
[OK ]  | 16324 | 0x000087c4 | 0xa0 | 0xa0
[OK ]  | 16325 | 0x000087c5 | 0xd1 | 0xd1
[OK ]  | 16326 | 0x000087c6 | 0xff | 0xff
[OK ]  | 16327 | 0x000087c7 | 0xff | 0xff
[OK ]  | 16328 | 0x000087c8 | 0x6d | 0x6d
[OK ]  | 16329 | 0x000087c9 | 0x41 | 0x41
[OK ]  | 16330 | 0x000087ca | 0xff | 0xff
[OK ]  | 16331 | 0x000087cb | 0xff | 0xff
[OK ]  | 16332 | 0x000087cc | 0xad | 0xad
[OK ]  | 16333 | 0x000087cd | 0x75 | 0x75
[OK ]  | 16334 | 0x000087ce | 0xfe | 0xfe
[OK ]  | 16335 | 0x000087cf | 0xff | 0xff
[OK ]  | 16336 | 0x000087d0 | 0xec | 0xec
[OK ]  | 16337 | 0x000087d1 | 0x19 | 0x19
[OK ]  | 16338 | 0x000087d2 | 0xff | 0xff
[OK ]  | 16339 | 0x000087d3 | 0xff | 0xff
[OK ]  | 16340 | 0x000087d4 | 0x17 | 0x17
[OK ]  | 16341 | 0x000087d5 | 0xfb | 0xfb
[OK ]  | 16342 | 0x000087d6 | 0xff | 0xff
[OK ]  | 16343 | 0x000087d7 | 0xff | 0xff
[OK ]  | 16344 | 0x000087d8 | 0x52 | 0x52
[OK ]  | 16345 | 0x000087d9 | 0x38 | 0x38
[OK ]  | 16346 | 0x000087da | 0xff | 0xff
[OK ]  | 16347 | 0x000087db | 0xff | 0xff
[OK ]  | 16348 | 0x000087dc | 0x47 | 0x47
[OK ]  | 16349 | 0x000087dd | 0x50 | 0x50
[OK ]  | 16350 | 0x000087de | 0xff | 0xff
[OK ]  | 16351 | 0x000087df | 0xff | 0xff
[OK ]  | 16352 | 0x000087e0 | 0xb3 | 0xb3
[OK ]  | 16353 | 0x000087e1 | 0xd5 | 0xd5
[OK ]  | 16354 | 0x000087e2 | 0x00 | 0x00
[OK ]  | 16355 | 0x000087e3 | 0x00 | 0x00
[OK ]  | 16356 | 0x000087e4 | 0x62 | 0x62
[OK ]  | 16357 | 0x000087e5 | 0x38 | 0x38
[OK ]  | 16358 | 0x000087e6 | 0x00 | 0x00
[OK ]  | 16359 | 0x000087e7 | 0x00 | 0x00
[OK ]  | 16360 | 0x000087e8 | 0x71 | 0x71
[OK ]  | 16361 | 0x000087e9 | 0xcf | 0xcf
[OK ]  | 16362 | 0x000087ea | 0x00 | 0x00
[OK ]  | 16363 | 0x000087eb | 0x00 | 0x00
[OK ]  | 16364 | 0x000087ec | 0xca | 0xca
[OK ]  | 16365 | 0x000087ed | 0x66 | 0x66
[OK ]  | 16366 | 0x000087ee | 0xfe | 0xfe
[OK ]  | 16367 | 0x000087ef | 0xff | 0xff
[OK ]  | 16368 | 0x000087f0 | 0xab | 0xab
[OK ]  | 16369 | 0x000087f1 | 0x04 | 0x04
[OK ]  | 16370 | 0x000087f2 | 0x00 | 0x00
[OK ]  | 16371 | 0x000087f3 | 0x00 | 0x00
[OK ]  | 16372 | 0x000087f4 | 0xc3 | 0xc3
[OK ]  | 16373 | 0x000087f5 | 0xf3 | 0xf3
[OK ]  | 16374 | 0x000087f6 | 0x00 | 0x00
[OK ]  | 16375 | 0x000087f7 | 0x00 | 0x00
[OK ]  | 16376 | 0x000087f8 | 0x91 | 0x91
[OK ]  | 16377 | 0x000087f9 | 0xec | 0xec
[OK ]  | 16378 | 0x000087fa | 0x00 | 0x00
[OK ]  | 16379 | 0x000087fb | 0x00 | 0x00
[OK ]  | 16380 | 0x000087fc | 0x0b | 0x0b
[OK ]  | 16381 | 0x000087fd | 0x6c | 0x6c
[OK ]  | 16382 | 0x000087fe | 0x00 | 0x00
[OK ]  | 16383 | 0x000087ff | 0x00 | 0x00
--------------------------------------------------
[PASS] All 16384 bytes matched.
--------------------------------------------------
