--------------------------------------------------
[TB] Compare DRAM OFMAP vs GOLDEN
[TB] ofmap_base = 0x00002400, bytes = 16384
--------------------------------------------------
Result | Index | Address    | DUT  | Golden
-------|-------|------------|------|-------
[OK ]  |     0 | 0x00002400 | 0x85 | 0x85
[OK ]  |     1 | 0x00002401 | 0xe8 | 0xe8
[OK ]  |     2 | 0x00002402 | 0xff | 0xff
[OK ]  |     3 | 0x00002403 | 0xff | 0xff
[OK ]  |     4 | 0x00002404 | 0x6d | 0x6d
[OK ]  |     5 | 0x00002405 | 0xcf | 0xcf
[OK ]  |     6 | 0x00002406 | 0xfe | 0xfe
[OK ]  |     7 | 0x00002407 | 0xff | 0xff
[OK ]  |     8 | 0x00002408 | 0x9b | 0x9b
[OK ]  |     9 | 0x00002409 | 0x76 | 0x76
[OK ]  |    10 | 0x0000240a | 0xff | 0xff
[OK ]  |    11 | 0x0000240b | 0xff | 0xff
[OK ]  |    12 | 0x0000240c | 0x9d | 0x9d
[OK ]  |    13 | 0x0000240d | 0xf7 | 0xf7
[OK ]  |    14 | 0x0000240e | 0xff | 0xff
[OK ]  |    15 | 0x0000240f | 0xff | 0xff
[OK ]  |    16 | 0x00002410 | 0x42 | 0x42
[OK ]  |    17 | 0x00002411 | 0x0f | 0x0f
[OK ]  |    18 | 0x00002412 | 0xff | 0xff
[OK ]  |    19 | 0x00002413 | 0xff | 0xff
[OK ]  |    20 | 0x00002414 | 0x7a | 0x7a
[OK ]  |    21 | 0x00002415 | 0xfa | 0xfa
[OK ]  |    22 | 0x00002416 | 0x00 | 0x00
[OK ]  |    23 | 0x00002417 | 0x00 | 0x00
[OK ]  |    24 | 0x00002418 | 0x5d | 0x5d
[OK ]  |    25 | 0x00002419 | 0x58 | 0x58
[OK ]  |    26 | 0x0000241a | 0xff | 0xff
[OK ]  |    27 | 0x0000241b | 0xff | 0xff
[OK ]  |    28 | 0x0000241c | 0x8d | 0x8d
[OK ]  |    29 | 0x0000241d | 0xfb | 0xfb
[OK ]  |    30 | 0x0000241e | 0xff | 0xff
[OK ]  |    31 | 0x0000241f | 0xff | 0xff
[OK ]  |    32 | 0x00002420 | 0xd1 | 0xd1
[OK ]  |    33 | 0x00002421 | 0x8f | 0x8f
[OK ]  |    34 | 0x00002422 | 0xfe | 0xfe
[OK ]  |    35 | 0x00002423 | 0xff | 0xff
[OK ]  |    36 | 0x00002424 | 0x5e | 0x5e
[OK ]  |    37 | 0x00002425 | 0x30 | 0x30
[OK ]  |    38 | 0x00002426 | 0x00 | 0x00
[OK ]  |    39 | 0x00002427 | 0x00 | 0x00
[OK ]  |    40 | 0x00002428 | 0x1a | 0x1a
[OK ]  |    41 | 0x00002429 | 0x04 | 0x04
[OK ]  |    42 | 0x0000242a | 0x00 | 0x00
[OK ]  |    43 | 0x0000242b | 0x00 | 0x00
[OK ]  |    44 | 0x0000242c | 0xad | 0xad
[OK ]  |    45 | 0x0000242d | 0x96 | 0x96
[OK ]  |    46 | 0x0000242e | 0x00 | 0x00
[OK ]  |    47 | 0x0000242f | 0x00 | 0x00
[OK ]  |    48 | 0x00002430 | 0xd4 | 0xd4
[OK ]  |    49 | 0x00002431 | 0xcd | 0xcd
[OK ]  |    50 | 0x00002432 | 0xff | 0xff
[OK ]  |    51 | 0x00002433 | 0xff | 0xff
[OK ]  |    52 | 0x00002434 | 0xcd | 0xcd
[OK ]  |    53 | 0x00002435 | 0x72 | 0x72
[OK ]  |    54 | 0x00002436 | 0x00 | 0x00
[OK ]  |    55 | 0x00002437 | 0x00 | 0x00
[OK ]  |    56 | 0x00002438 | 0xf0 | 0xf0
[OK ]  |    57 | 0x00002439 | 0xa2 | 0xa2
[OK ]  |    58 | 0x0000243a | 0x00 | 0x00
[OK ]  |    59 | 0x0000243b | 0x00 | 0x00
[OK ]  |    60 | 0x0000243c | 0x70 | 0x70
[OK ]  |    61 | 0x0000243d | 0x19 | 0x19
[OK ]  |    62 | 0x0000243e | 0xff | 0xff
[OK ]  |    63 | 0x0000243f | 0xff | 0xff
[OK ]  |    64 | 0x00002440 | 0x11 | 0x11
[OK ]  |    65 | 0x00002441 | 0x2d | 0x2d
[OK ]  |    66 | 0x00002442 | 0x01 | 0x01
[OK ]  |    67 | 0x00002443 | 0x00 | 0x00
[OK ]  |    68 | 0x00002444 | 0xb1 | 0xb1
[OK ]  |    69 | 0x00002445 | 0x0a | 0x0a
[OK ]  |    70 | 0x00002446 | 0xff | 0xff
[OK ]  |    71 | 0x00002447 | 0xff | 0xff
[OK ]  |    72 | 0x00002448 | 0xad | 0xad
[OK ]  |    73 | 0x00002449 | 0x80 | 0x80
[OK ]  |    74 | 0x0000244a | 0xff | 0xff
[OK ]  |    75 | 0x0000244b | 0xff | 0xff
[OK ]  |    76 | 0x0000244c | 0x38 | 0x38
[OK ]  |    77 | 0x0000244d | 0x59 | 0x59
[OK ]  |    78 | 0x0000244e | 0x00 | 0x00
[OK ]  |    79 | 0x0000244f | 0x00 | 0x00
[OK ]  |    80 | 0x00002450 | 0xfa | 0xfa
[OK ]  |    81 | 0x00002451 | 0xde | 0xde
[OK ]  |    82 | 0x00002452 | 0x00 | 0x00
[OK ]  |    83 | 0x00002453 | 0x00 | 0x00
[OK ]  |    84 | 0x00002454 | 0x65 | 0x65
[OK ]  |    85 | 0x00002455 | 0x4b | 0x4b
[OK ]  |    86 | 0x00002456 | 0xff | 0xff
[OK ]  |    87 | 0x00002457 | 0xff | 0xff
[OK ]  |    88 | 0x00002458 | 0xce | 0xce
[OK ]  |    89 | 0x00002459 | 0x46 | 0x46
[OK ]  |    90 | 0x0000245a | 0x01 | 0x01
[OK ]  |    91 | 0x0000245b | 0x00 | 0x00
[OK ]  |    92 | 0x0000245c | 0xed | 0xed
[OK ]  |    93 | 0x0000245d | 0x55 | 0x55
[OK ]  |    94 | 0x0000245e | 0x00 | 0x00
[OK ]  |    95 | 0x0000245f | 0x00 | 0x00
[OK ]  |    96 | 0x00002460 | 0xd2 | 0xd2
[OK ]  |    97 | 0x00002461 | 0x1e | 0x1e
[OK ]  |    98 | 0x00002462 | 0xff | 0xff
[OK ]  |    99 | 0x00002463 | 0xff | 0xff
[OK ]  |   100 | 0x00002464 | 0xa4 | 0xa4
[OK ]  |   101 | 0x00002465 | 0x34 | 0x34
[OK ]  |   102 | 0x00002466 | 0x01 | 0x01
[OK ]  |   103 | 0x00002467 | 0x00 | 0x00
[OK ]  |   104 | 0x00002468 | 0xf4 | 0xf4
[OK ]  |   105 | 0x00002469 | 0x0f | 0x0f
[OK ]  |   106 | 0x0000246a | 0x00 | 0x00
[OK ]  |   107 | 0x0000246b | 0x00 | 0x00
[OK ]  |   108 | 0x0000246c | 0x2e | 0x2e
[OK ]  |   109 | 0x0000246d | 0x8f | 0x8f
[OK ]  |   110 | 0x0000246e | 0x00 | 0x00
[OK ]  |   111 | 0x0000246f | 0x00 | 0x00
[OK ]  |   112 | 0x00002470 | 0xb4 | 0xb4
[OK ]  |   113 | 0x00002471 | 0x73 | 0x73
[OK ]  |   114 | 0x00002472 | 0xff | 0xff
[OK ]  |   115 | 0x00002473 | 0xff | 0xff
[OK ]  |   116 | 0x00002474 | 0x24 | 0x24
[OK ]  |   117 | 0x00002475 | 0xe6 | 0xe6
[OK ]  |   118 | 0x00002476 | 0xff | 0xff
[OK ]  |   119 | 0x00002477 | 0xff | 0xff
[OK ]  |   120 | 0x00002478 | 0x65 | 0x65
[OK ]  |   121 | 0x00002479 | 0xb6 | 0xb6
[OK ]  |   122 | 0x0000247a | 0x00 | 0x00
[OK ]  |   123 | 0x0000247b | 0x00 | 0x00
[OK ]  |   124 | 0x0000247c | 0xf5 | 0xf5
[OK ]  |   125 | 0x0000247d | 0xc8 | 0xc8
[OK ]  |   126 | 0x0000247e | 0x00 | 0x00
[OK ]  |   127 | 0x0000247f | 0x00 | 0x00
[OK ]  |   128 | 0x00002480 | 0x13 | 0x13
[OK ]  |   129 | 0x00002481 | 0xac | 0xac
[OK ]  |   130 | 0x00002482 | 0x00 | 0x00
[OK ]  |   131 | 0x00002483 | 0x00 | 0x00
[OK ]  |   132 | 0x00002484 | 0x0b | 0x0b
[OK ]  |   133 | 0x00002485 | 0x13 | 0x13
[OK ]  |   134 | 0x00002486 | 0x02 | 0x02
[OK ]  |   135 | 0x00002487 | 0x00 | 0x00
[OK ]  |   136 | 0x00002488 | 0xc2 | 0xc2
[OK ]  |   137 | 0x00002489 | 0xcd | 0xcd
[OK ]  |   138 | 0x0000248a | 0xff | 0xff
[OK ]  |   139 | 0x0000248b | 0xff | 0xff
[OK ]  |   140 | 0x0000248c | 0x30 | 0x30
[OK ]  |   141 | 0x0000248d | 0x57 | 0x57
[OK ]  |   142 | 0x0000248e | 0x00 | 0x00
[OK ]  |   143 | 0x0000248f | 0x00 | 0x00
[OK ]  |   144 | 0x00002490 | 0x90 | 0x90
[OK ]  |   145 | 0x00002491 | 0x2d | 0x2d
[OK ]  |   146 | 0x00002492 | 0x00 | 0x00
[OK ]  |   147 | 0x00002493 | 0x00 | 0x00
[OK ]  |   148 | 0x00002494 | 0xc5 | 0xc5
[OK ]  |   149 | 0x00002495 | 0x45 | 0x45
[OK ]  |   150 | 0x00002496 | 0x00 | 0x00
[OK ]  |   151 | 0x00002497 | 0x00 | 0x00
[OK ]  |   152 | 0x00002498 | 0x43 | 0x43
[OK ]  |   153 | 0x00002499 | 0xd3 | 0xd3
[OK ]  |   154 | 0x0000249a | 0xfe | 0xfe
[OK ]  |   155 | 0x0000249b | 0xff | 0xff
[OK ]  |   156 | 0x0000249c | 0x51 | 0x51
[OK ]  |   157 | 0x0000249d | 0xd0 | 0xd0
[OK ]  |   158 | 0x0000249e | 0xff | 0xff
[OK ]  |   159 | 0x0000249f | 0xff | 0xff
[OK ]  |   160 | 0x000024a0 | 0x6d | 0x6d
[OK ]  |   161 | 0x000024a1 | 0xb6 | 0xb6
[OK ]  |   162 | 0x000024a2 | 0x01 | 0x01
[OK ]  |   163 | 0x000024a3 | 0x00 | 0x00
[OK ]  |   164 | 0x000024a4 | 0x04 | 0x04
[OK ]  |   165 | 0x000024a5 | 0xbc | 0xbc
[OK ]  |   166 | 0x000024a6 | 0xfe | 0xfe
[OK ]  |   167 | 0x000024a7 | 0xff | 0xff
[OK ]  |   168 | 0x000024a8 | 0x11 | 0x11
[OK ]  |   169 | 0x000024a9 | 0x39 | 0x39
[OK ]  |   170 | 0x000024aa | 0xff | 0xff
[OK ]  |   171 | 0x000024ab | 0xff | 0xff
[OK ]  |   172 | 0x000024ac | 0xe9 | 0xe9
[OK ]  |   173 | 0x000024ad | 0x5d | 0x5d
[OK ]  |   174 | 0x000024ae | 0x01 | 0x01
[OK ]  |   175 | 0x000024af | 0x00 | 0x00
[OK ]  |   176 | 0x000024b0 | 0x89 | 0x89
[OK ]  |   177 | 0x000024b1 | 0xbf | 0xbf
[OK ]  |   178 | 0x000024b2 | 0x01 | 0x01
[OK ]  |   179 | 0x000024b3 | 0x00 | 0x00
[OK ]  |   180 | 0x000024b4 | 0x7e | 0x7e
[OK ]  |   181 | 0x000024b5 | 0x10 | 0x10
[OK ]  |   182 | 0x000024b6 | 0xff | 0xff
[OK ]  |   183 | 0x000024b7 | 0xff | 0xff
[OK ]  |   184 | 0x000024b8 | 0x5e | 0x5e
[OK ]  |   185 | 0x000024b9 | 0x40 | 0x40
[OK ]  |   186 | 0x000024ba | 0x00 | 0x00
[OK ]  |   187 | 0x000024bb | 0x00 | 0x00
[OK ]  |   188 | 0x000024bc | 0x28 | 0x28
[OK ]  |   189 | 0x000024bd | 0x7a | 0x7a
[OK ]  |   190 | 0x000024be | 0x00 | 0x00
[OK ]  |   191 | 0x000024bf | 0x00 | 0x00
[OK ]  |   192 | 0x000024c0 | 0x5d | 0x5d
[OK ]  |   193 | 0x000024c1 | 0x84 | 0x84
[OK ]  |   194 | 0x000024c2 | 0xff | 0xff
[OK ]  |   195 | 0x000024c3 | 0xff | 0xff
[OK ]  |   196 | 0x000024c4 | 0xb6 | 0xb6
[OK ]  |   197 | 0x000024c5 | 0x52 | 0x52
[OK ]  |   198 | 0x000024c6 | 0xff | 0xff
[OK ]  |   199 | 0x000024c7 | 0xff | 0xff
[OK ]  |   200 | 0x000024c8 | 0x7d | 0x7d
[OK ]  |   201 | 0x000024c9 | 0x0b | 0x0b
[OK ]  |   202 | 0x000024ca | 0x00 | 0x00
[OK ]  |   203 | 0x000024cb | 0x00 | 0x00
[OK ]  |   204 | 0x000024cc | 0x98 | 0x98
[OK ]  |   205 | 0x000024cd | 0x50 | 0x50
[OK ]  |   206 | 0x000024ce | 0x00 | 0x00
[OK ]  |   207 | 0x000024cf | 0x00 | 0x00
[OK ]  |   208 | 0x000024d0 | 0x78 | 0x78
[OK ]  |   209 | 0x000024d1 | 0xe6 | 0xe6
[OK ]  |   210 | 0x000024d2 | 0x00 | 0x00
[OK ]  |   211 | 0x000024d3 | 0x00 | 0x00
[OK ]  |   212 | 0x000024d4 | 0x9d | 0x9d
[OK ]  |   213 | 0x000024d5 | 0x35 | 0x35
[OK ]  |   214 | 0x000024d6 | 0x00 | 0x00
[OK ]  |   215 | 0x000024d7 | 0x00 | 0x00
[OK ]  |   216 | 0x000024d8 | 0x25 | 0x25
[OK ]  |   217 | 0x000024d9 | 0xc1 | 0xc1
[OK ]  |   218 | 0x000024da | 0xff | 0xff
[OK ]  |   219 | 0x000024db | 0xff | 0xff
[OK ]  |   220 | 0x000024dc | 0x53 | 0x53
[OK ]  |   221 | 0x000024dd | 0x2c | 0x2c
[OK ]  |   222 | 0x000024de | 0x01 | 0x01
[OK ]  |   223 | 0x000024df | 0x00 | 0x00
[OK ]  |   224 | 0x000024e0 | 0xd5 | 0xd5
[OK ]  |   225 | 0x000024e1 | 0xa2 | 0xa2
[OK ]  |   226 | 0x000024e2 | 0xff | 0xff
[OK ]  |   227 | 0x000024e3 | 0xff | 0xff
[OK ]  |   228 | 0x000024e4 | 0x40 | 0x40
[OK ]  |   229 | 0x000024e5 | 0x49 | 0x49
[OK ]  |   230 | 0x000024e6 | 0x01 | 0x01
[OK ]  |   231 | 0x000024e7 | 0x00 | 0x00
[OK ]  |   232 | 0x000024e8 | 0xcb | 0xcb
[OK ]  |   233 | 0x000024e9 | 0xa0 | 0xa0
[OK ]  |   234 | 0x000024ea | 0x00 | 0x00
[OK ]  |   235 | 0x000024eb | 0x00 | 0x00
[OK ]  |   236 | 0x000024ec | 0xb1 | 0xb1
[OK ]  |   237 | 0x000024ed | 0x71 | 0x71
[OK ]  |   238 | 0x000024ee | 0xff | 0xff
[OK ]  |   239 | 0x000024ef | 0xff | 0xff
[OK ]  |   240 | 0x000024f0 | 0x82 | 0x82
[OK ]  |   241 | 0x000024f1 | 0xe4 | 0xe4
[OK ]  |   242 | 0x000024f2 | 0xff | 0xff
[OK ]  |   243 | 0x000024f3 | 0xff | 0xff
[OK ]  |   244 | 0x000024f4 | 0x79 | 0x79
[OK ]  |   245 | 0x000024f5 | 0xd8 | 0xd8
[OK ]  |   246 | 0x000024f6 | 0x00 | 0x00
[OK ]  |   247 | 0x000024f7 | 0x00 | 0x00
[OK ]  |   248 | 0x000024f8 | 0x60 | 0x60
[OK ]  |   249 | 0x000024f9 | 0xd0 | 0xd0
[OK ]  |   250 | 0x000024fa | 0xff | 0xff
[OK ]  |   251 | 0x000024fb | 0xff | 0xff
[OK ]  |   252 | 0x000024fc | 0x47 | 0x47
[OK ]  |   253 | 0x000024fd | 0x6d | 0x6d
[OK ]  |   254 | 0x000024fe | 0x00 | 0x00
[OK ]  |   255 | 0x000024ff | 0x00 | 0x00
[OK ]  |   256 | 0x00002500 | 0x8c | 0x8c
[OK ]  |   257 | 0x00002501 | 0xef | 0xef
[OK ]  |   258 | 0x00002502 | 0x02 | 0x02
[OK ]  |   259 | 0x00002503 | 0x00 | 0x00
[OK ]  |   260 | 0x00002504 | 0xf7 | 0xf7
[OK ]  |   261 | 0x00002505 | 0x92 | 0x92
[OK ]  |   262 | 0x00002506 | 0xff | 0xff
[OK ]  |   263 | 0x00002507 | 0xff | 0xff
[OK ]  |   264 | 0x00002508 | 0x41 | 0x41
[OK ]  |   265 | 0x00002509 | 0xf0 | 0xf0
[OK ]  |   266 | 0x0000250a | 0x00 | 0x00
[OK ]  |   267 | 0x0000250b | 0x00 | 0x00
[OK ]  |   268 | 0x0000250c | 0xb7 | 0xb7
[OK ]  |   269 | 0x0000250d | 0x48 | 0x48
[OK ]  |   270 | 0x0000250e | 0xff | 0xff
[OK ]  |   271 | 0x0000250f | 0xff | 0xff
[OK ]  |   272 | 0x00002510 | 0xbd | 0xbd
[OK ]  |   273 | 0x00002511 | 0x11 | 0x11
[OK ]  |   274 | 0x00002512 | 0x00 | 0x00
[OK ]  |   275 | 0x00002513 | 0x00 | 0x00
[OK ]  |   276 | 0x00002514 | 0x46 | 0x46
[OK ]  |   277 | 0x00002515 | 0x70 | 0x70
[OK ]  |   278 | 0x00002516 | 0x00 | 0x00
[OK ]  |   279 | 0x00002517 | 0x00 | 0x00
[OK ]  |   280 | 0x00002518 | 0xf7 | 0xf7
[OK ]  |   281 | 0x00002519 | 0xda | 0xda
[OK ]  |   282 | 0x0000251a | 0x00 | 0x00
[OK ]  |   283 | 0x0000251b | 0x00 | 0x00
[OK ]  |   284 | 0x0000251c | 0xaf | 0xaf
[OK ]  |   285 | 0x0000251d | 0x7c | 0x7c
[OK ]  |   286 | 0x0000251e | 0xff | 0xff
[OK ]  |   287 | 0x0000251f | 0xff | 0xff
[OK ]  |   288 | 0x00002520 | 0x49 | 0x49
[OK ]  |   289 | 0x00002521 | 0xd3 | 0xd3
[OK ]  |   290 | 0x00002522 | 0xff | 0xff
[OK ]  |   291 | 0x00002523 | 0xff | 0xff
[OK ]  |   292 | 0x00002524 | 0xab | 0xab
[OK ]  |   293 | 0x00002525 | 0xa1 | 0xa1
[OK ]  |   294 | 0x00002526 | 0x00 | 0x00
[OK ]  |   295 | 0x00002527 | 0x00 | 0x00
[OK ]  |   296 | 0x00002528 | 0x77 | 0x77
[OK ]  |   297 | 0x00002529 | 0xcd | 0xcd
[OK ]  |   298 | 0x0000252a | 0xfe | 0xfe
[OK ]  |   299 | 0x0000252b | 0xff | 0xff
[OK ]  |   300 | 0x0000252c | 0x46 | 0x46
[OK ]  |   301 | 0x0000252d | 0xfa | 0xfa
[OK ]  |   302 | 0x0000252e | 0xfe | 0xfe
[OK ]  |   303 | 0x0000252f | 0xff | 0xff
[OK ]  |   304 | 0x00002530 | 0x55 | 0x55
[OK ]  |   305 | 0x00002531 | 0x8e | 0x8e
[OK ]  |   306 | 0x00002532 | 0x01 | 0x01
[OK ]  |   307 | 0x00002533 | 0x00 | 0x00
[OK ]  |   308 | 0x00002534 | 0x84 | 0x84
[OK ]  |   309 | 0x00002535 | 0xe7 | 0xe7
[OK ]  |   310 | 0x00002536 | 0xff | 0xff
[OK ]  |   311 | 0x00002537 | 0xff | 0xff
[OK ]  |   312 | 0x00002538 | 0x60 | 0x60
[OK ]  |   313 | 0x00002539 | 0x53 | 0x53
[OK ]  |   314 | 0x0000253a | 0x02 | 0x02
[OK ]  |   315 | 0x0000253b | 0x00 | 0x00
[OK ]  |   316 | 0x0000253c | 0xe1 | 0xe1
[OK ]  |   317 | 0x0000253d | 0x29 | 0x29
[OK ]  |   318 | 0x0000253e | 0xff | 0xff
[OK ]  |   319 | 0x0000253f | 0xff | 0xff
[OK ]  |   320 | 0x00002540 | 0xa0 | 0xa0
[OK ]  |   321 | 0x00002541 | 0xbc | 0xbc
[OK ]  |   322 | 0x00002542 | 0xff | 0xff
[OK ]  |   323 | 0x00002543 | 0xff | 0xff
[OK ]  |   324 | 0x00002544 | 0xdf | 0xdf
[OK ]  |   325 | 0x00002545 | 0x9f | 0x9f
[OK ]  |   326 | 0x00002546 | 0xff | 0xff
[OK ]  |   327 | 0x00002547 | 0xff | 0xff
[OK ]  |   328 | 0x00002548 | 0xdb | 0xdb
[OK ]  |   329 | 0x00002549 | 0xcd | 0xcd
[OK ]  |   330 | 0x0000254a | 0xff | 0xff
[OK ]  |   331 | 0x0000254b | 0xff | 0xff
[OK ]  |   332 | 0x0000254c | 0xe0 | 0xe0
[OK ]  |   333 | 0x0000254d | 0x22 | 0x22
[OK ]  |   334 | 0x0000254e | 0x00 | 0x00
[OK ]  |   335 | 0x0000254f | 0x00 | 0x00
[OK ]  |   336 | 0x00002550 | 0xac | 0xac
[OK ]  |   337 | 0x00002551 | 0x0c | 0x0c
[OK ]  |   338 | 0x00002552 | 0xff | 0xff
[OK ]  |   339 | 0x00002553 | 0xff | 0xff
[OK ]  |   340 | 0x00002554 | 0x38 | 0x38
[OK ]  |   341 | 0x00002555 | 0xac | 0xac
[OK ]  |   342 | 0x00002556 | 0xff | 0xff
[OK ]  |   343 | 0x00002557 | 0xff | 0xff
[OK ]  |   344 | 0x00002558 | 0x3d | 0x3d
[OK ]  |   345 | 0x00002559 | 0xcb | 0xcb
[OK ]  |   346 | 0x0000255a | 0xff | 0xff
[OK ]  |   347 | 0x0000255b | 0xff | 0xff
[OK ]  |   348 | 0x0000255c | 0x0e | 0x0e
[OK ]  |   349 | 0x0000255d | 0x97 | 0x97
[OK ]  |   350 | 0x0000255e | 0xfe | 0xfe
[OK ]  |   351 | 0x0000255f | 0xff | 0xff
[OK ]  |   352 | 0x00002560 | 0x5f | 0x5f
[OK ]  |   353 | 0x00002561 | 0x77 | 0x77
[OK ]  |   354 | 0x00002562 | 0x00 | 0x00
[OK ]  |   355 | 0x00002563 | 0x00 | 0x00
[OK ]  |   356 | 0x00002564 | 0xa6 | 0xa6
[OK ]  |   357 | 0x00002565 | 0xa3 | 0xa3
[OK ]  |   358 | 0x00002566 | 0xff | 0xff
[OK ]  |   359 | 0x00002567 | 0xff | 0xff
[OK ]  |   360 | 0x00002568 | 0xef | 0xef
[OK ]  |   361 | 0x00002569 | 0xb2 | 0xb2
[OK ]  |   362 | 0x0000256a | 0x00 | 0x00
[OK ]  |   363 | 0x0000256b | 0x00 | 0x00
[OK ]  |   364 | 0x0000256c | 0x14 | 0x14
[OK ]  |   365 | 0x0000256d | 0x56 | 0x56
[OK ]  |   366 | 0x0000256e | 0xff | 0xff
[OK ]  |   367 | 0x0000256f | 0xff | 0xff
[OK ]  |   368 | 0x00002570 | 0x56 | 0x56
[OK ]  |   369 | 0x00002571 | 0xb4 | 0xb4
[OK ]  |   370 | 0x00002572 | 0xff | 0xff
[OK ]  |   371 | 0x00002573 | 0xff | 0xff
[OK ]  |   372 | 0x00002574 | 0xed | 0xed
[OK ]  |   373 | 0x00002575 | 0x03 | 0x03
[OK ]  |   374 | 0x00002576 | 0x00 | 0x00
[OK ]  |   375 | 0x00002577 | 0x00 | 0x00
[OK ]  |   376 | 0x00002578 | 0x7e | 0x7e
[OK ]  |   377 | 0x00002579 | 0x65 | 0x65
[OK ]  |   378 | 0x0000257a | 0xfe | 0xfe
[OK ]  |   379 | 0x0000257b | 0xff | 0xff
[OK ]  |   380 | 0x0000257c | 0xcf | 0xcf
[OK ]  |   381 | 0x0000257d | 0xff | 0xff
[OK ]  |   382 | 0x0000257e | 0xff | 0xff
[OK ]  |   383 | 0x0000257f | 0xff | 0xff
[OK ]  |   384 | 0x00002580 | 0x36 | 0x36
[OK ]  |   385 | 0x00002581 | 0x03 | 0x03
[OK ]  |   386 | 0x00002582 | 0x00 | 0x00
[OK ]  |   387 | 0x00002583 | 0x00 | 0x00
[OK ]  |   388 | 0x00002584 | 0x49 | 0x49
[OK ]  |   389 | 0x00002585 | 0xc1 | 0xc1
[OK ]  |   390 | 0x00002586 | 0x00 | 0x00
[OK ]  |   391 | 0x00002587 | 0x00 | 0x00
[OK ]  |   392 | 0x00002588 | 0x75 | 0x75
[OK ]  |   393 | 0x00002589 | 0x27 | 0x27
[OK ]  |   394 | 0x0000258a | 0x01 | 0x01
[OK ]  |   395 | 0x0000258b | 0x00 | 0x00
[OK ]  |   396 | 0x0000258c | 0xa6 | 0xa6
[OK ]  |   397 | 0x0000258d | 0x08 | 0x08
[OK ]  |   398 | 0x0000258e | 0x01 | 0x01
[OK ]  |   399 | 0x0000258f | 0x00 | 0x00
[OK ]  |   400 | 0x00002590 | 0x11 | 0x11
[OK ]  |   401 | 0x00002591 | 0x44 | 0x44
[OK ]  |   402 | 0x00002592 | 0xff | 0xff
[OK ]  |   403 | 0x00002593 | 0xff | 0xff
[OK ]  |   404 | 0x00002594 | 0x2d | 0x2d
[OK ]  |   405 | 0x00002595 | 0x36 | 0x36
[OK ]  |   406 | 0x00002596 | 0x00 | 0x00
[OK ]  |   407 | 0x00002597 | 0x00 | 0x00
[OK ]  |   408 | 0x00002598 | 0x4a | 0x4a
[OK ]  |   409 | 0x00002599 | 0x1d | 0x1d
[OK ]  |   410 | 0x0000259a | 0xff | 0xff
[OK ]  |   411 | 0x0000259b | 0xff | 0xff
[OK ]  |   412 | 0x0000259c | 0xfa | 0xfa
[OK ]  |   413 | 0x0000259d | 0x3f | 0x3f
[OK ]  |   414 | 0x0000259e | 0x00 | 0x00
[OK ]  |   415 | 0x0000259f | 0x00 | 0x00
[OK ]  |   416 | 0x000025a0 | 0xab | 0xab
[OK ]  |   417 | 0x000025a1 | 0xb4 | 0xb4
[OK ]  |   418 | 0x000025a2 | 0xff | 0xff
[OK ]  |   419 | 0x000025a3 | 0xff | 0xff
[OK ]  |   420 | 0x000025a4 | 0x12 | 0x12
[OK ]  |   421 | 0x000025a5 | 0x3c | 0x3c
[OK ]  |   422 | 0x000025a6 | 0x00 | 0x00
[OK ]  |   423 | 0x000025a7 | 0x00 | 0x00
[OK ]  |   424 | 0x000025a8 | 0xf0 | 0xf0
[OK ]  |   425 | 0x000025a9 | 0xd9 | 0xd9
[OK ]  |   426 | 0x000025aa | 0xff | 0xff
[OK ]  |   427 | 0x000025ab | 0xff | 0xff
[OK ]  |   428 | 0x000025ac | 0xe4 | 0xe4
[OK ]  |   429 | 0x000025ad | 0xd9 | 0xd9
[OK ]  |   430 | 0x000025ae | 0xff | 0xff
[OK ]  |   431 | 0x000025af | 0xff | 0xff
[OK ]  |   432 | 0x000025b0 | 0x3a | 0x3a
[OK ]  |   433 | 0x000025b1 | 0x5e | 0x5e
[OK ]  |   434 | 0x000025b2 | 0x00 | 0x00
[OK ]  |   435 | 0x000025b3 | 0x00 | 0x00
[OK ]  |   436 | 0x000025b4 | 0xbc | 0xbc
[OK ]  |   437 | 0x000025b5 | 0x19 | 0x19
[OK ]  |   438 | 0x000025b6 | 0x00 | 0x00
[OK ]  |   439 | 0x000025b7 | 0x00 | 0x00
[OK ]  |   440 | 0x000025b8 | 0x97 | 0x97
[OK ]  |   441 | 0x000025b9 | 0xaa | 0xaa
[OK ]  |   442 | 0x000025ba | 0xff | 0xff
[OK ]  |   443 | 0x000025bb | 0xff | 0xff
[OK ]  |   444 | 0x000025bc | 0x94 | 0x94
[OK ]  |   445 | 0x000025bd | 0x1e | 0x1e
[OK ]  |   446 | 0x000025be | 0x01 | 0x01
[OK ]  |   447 | 0x000025bf | 0x00 | 0x00
[OK ]  |   448 | 0x000025c0 | 0x9e | 0x9e
[OK ]  |   449 | 0x000025c1 | 0xaf | 0xaf
[OK ]  |   450 | 0x000025c2 | 0xff | 0xff
[OK ]  |   451 | 0x000025c3 | 0xff | 0xff
[OK ]  |   452 | 0x000025c4 | 0xdc | 0xdc
[OK ]  |   453 | 0x000025c5 | 0xeb | 0xeb
[OK ]  |   454 | 0x000025c6 | 0xff | 0xff
[OK ]  |   455 | 0x000025c7 | 0xff | 0xff
[OK ]  |   456 | 0x000025c8 | 0x78 | 0x78
[OK ]  |   457 | 0x000025c9 | 0xd4 | 0xd4
[OK ]  |   458 | 0x000025ca | 0xff | 0xff
[OK ]  |   459 | 0x000025cb | 0xff | 0xff
[OK ]  |   460 | 0x000025cc | 0x68 | 0x68
[OK ]  |   461 | 0x000025cd | 0xcc | 0xcc
[OK ]  |   462 | 0x000025ce | 0x00 | 0x00
[OK ]  |   463 | 0x000025cf | 0x00 | 0x00
[OK ]  |   464 | 0x000025d0 | 0x9f | 0x9f
[OK ]  |   465 | 0x000025d1 | 0xf4 | 0xf4
[OK ]  |   466 | 0x000025d2 | 0xfe | 0xfe
[OK ]  |   467 | 0x000025d3 | 0xff | 0xff
[OK ]  |   468 | 0x000025d4 | 0x72 | 0x72
[OK ]  |   469 | 0x000025d5 | 0xdc | 0xdc
[OK ]  |   470 | 0x000025d6 | 0xff | 0xff
[OK ]  |   471 | 0x000025d7 | 0xff | 0xff
[OK ]  |   472 | 0x000025d8 | 0x16 | 0x16
[OK ]  |   473 | 0x000025d9 | 0x38 | 0x38
[OK ]  |   474 | 0x000025da | 0x00 | 0x00
[OK ]  |   475 | 0x000025db | 0x00 | 0x00
[OK ]  |   476 | 0x000025dc | 0xe3 | 0xe3
[OK ]  |   477 | 0x000025dd | 0xfd | 0xfd
[OK ]  |   478 | 0x000025de | 0xff | 0xff
[OK ]  |   479 | 0x000025df | 0xff | 0xff
[OK ]  |   480 | 0x000025e0 | 0xab | 0xab
[OK ]  |   481 | 0x000025e1 | 0xa9 | 0xa9
[OK ]  |   482 | 0x000025e2 | 0xff | 0xff
[OK ]  |   483 | 0x000025e3 | 0xff | 0xff
[OK ]  |   484 | 0x000025e4 | 0x79 | 0x79
[OK ]  |   485 | 0x000025e5 | 0x9c | 0x9c
[OK ]  |   486 | 0x000025e6 | 0xff | 0xff
[OK ]  |   487 | 0x000025e7 | 0xff | 0xff
[OK ]  |   488 | 0x000025e8 | 0x24 | 0x24
[OK ]  |   489 | 0x000025e9 | 0x68 | 0x68
[OK ]  |   490 | 0x000025ea | 0x02 | 0x02
[OK ]  |   491 | 0x000025eb | 0x00 | 0x00
[OK ]  |   492 | 0x000025ec | 0x99 | 0x99
[OK ]  |   493 | 0x000025ed | 0x88 | 0x88
[OK ]  |   494 | 0x000025ee | 0x00 | 0x00
[OK ]  |   495 | 0x000025ef | 0x00 | 0x00
[OK ]  |   496 | 0x000025f0 | 0x73 | 0x73
[OK ]  |   497 | 0x000025f1 | 0xda | 0xda
[OK ]  |   498 | 0x000025f2 | 0x00 | 0x00
[OK ]  |   499 | 0x000025f3 | 0x00 | 0x00
[OK ]  |   500 | 0x000025f4 | 0xd7 | 0xd7
[OK ]  |   501 | 0x000025f5 | 0xee | 0xee
[OK ]  |   502 | 0x000025f6 | 0xff | 0xff
[OK ]  |   503 | 0x000025f7 | 0xff | 0xff
[OK ]  |   504 | 0x000025f8 | 0xdc | 0xdc
[OK ]  |   505 | 0x000025f9 | 0xbe | 0xbe
[OK ]  |   506 | 0x000025fa | 0x01 | 0x01
[OK ]  |   507 | 0x000025fb | 0x00 | 0x00
[OK ]  |   508 | 0x000025fc | 0x6e | 0x6e
[OK ]  |   509 | 0x000025fd | 0xb0 | 0xb0
[OK ]  |   510 | 0x000025fe | 0xff | 0xff
[OK ]  |   511 | 0x000025ff | 0xff | 0xff
[OK ]  |   512 | 0x00002600 | 0xea | 0xea
[OK ]  |   513 | 0x00002601 | 0xfe | 0xfe
[OK ]  |   514 | 0x00002602 | 0xfe | 0xfe
[OK ]  |   515 | 0x00002603 | 0xff | 0xff
[OK ]  |   516 | 0x00002604 | 0x72 | 0x72
[OK ]  |   517 | 0x00002605 | 0xa7 | 0xa7
[OK ]  |   518 | 0x00002606 | 0xff | 0xff
[OK ]  |   519 | 0x00002607 | 0xff | 0xff
[OK ]  |   520 | 0x00002608 | 0xd2 | 0xd2
[OK ]  |   521 | 0x00002609 | 0xad | 0xad
[OK ]  |   522 | 0x0000260a | 0xff | 0xff
[OK ]  |   523 | 0x0000260b | 0xff | 0xff
[OK ]  |   524 | 0x0000260c | 0xf9 | 0xf9
[OK ]  |   525 | 0x0000260d | 0x4e | 0x4e
[OK ]  |   526 | 0x0000260e | 0x00 | 0x00
[OK ]  |   527 | 0x0000260f | 0x00 | 0x00
[OK ]  |   528 | 0x00002610 | 0xde | 0xde
[OK ]  |   529 | 0x00002611 | 0xd9 | 0xd9
[OK ]  |   530 | 0x00002612 | 0x00 | 0x00
[OK ]  |   531 | 0x00002613 | 0x00 | 0x00
[OK ]  |   532 | 0x00002614 | 0xea | 0xea
[OK ]  |   533 | 0x00002615 | 0x8c | 0x8c
[OK ]  |   534 | 0x00002616 | 0x00 | 0x00
[OK ]  |   535 | 0x00002617 | 0x00 | 0x00
[OK ]  |   536 | 0x00002618 | 0x9c | 0x9c
[OK ]  |   537 | 0x00002619 | 0x94 | 0x94
[OK ]  |   538 | 0x0000261a | 0xfe | 0xfe
[OK ]  |   539 | 0x0000261b | 0xff | 0xff
[OK ]  |   540 | 0x0000261c | 0xaa | 0xaa
[OK ]  |   541 | 0x0000261d | 0x02 | 0x02
[OK ]  |   542 | 0x0000261e | 0x00 | 0x00
[OK ]  |   543 | 0x0000261f | 0x00 | 0x00
[OK ]  |   544 | 0x00002620 | 0xbf | 0xbf
[OK ]  |   545 | 0x00002621 | 0x7b | 0x7b
[OK ]  |   546 | 0x00002622 | 0x00 | 0x00
[OK ]  |   547 | 0x00002623 | 0x00 | 0x00
[OK ]  |   548 | 0x00002624 | 0x31 | 0x31
[OK ]  |   549 | 0x00002625 | 0x1b | 0x1b
[OK ]  |   550 | 0x00002626 | 0x00 | 0x00
[OK ]  |   551 | 0x00002627 | 0x00 | 0x00
[OK ]  |   552 | 0x00002628 | 0xe1 | 0xe1
[OK ]  |   553 | 0x00002629 | 0x4d | 0x4d
[OK ]  |   554 | 0x0000262a | 0x00 | 0x00
[OK ]  |   555 | 0x0000262b | 0x00 | 0x00
[OK ]  |   556 | 0x0000262c | 0x15 | 0x15
[OK ]  |   557 | 0x0000262d | 0x6b | 0x6b
[OK ]  |   558 | 0x0000262e | 0x00 | 0x00
[OK ]  |   559 | 0x0000262f | 0x00 | 0x00
[OK ]  |   560 | 0x00002630 | 0xc5 | 0xc5
[OK ]  |   561 | 0x00002631 | 0x4b | 0x4b
[OK ]  |   562 | 0x00002632 | 0xff | 0xff
[OK ]  |   563 | 0x00002633 | 0xff | 0xff
[OK ]  |   564 | 0x00002634 | 0xd2 | 0xd2
[OK ]  |   565 | 0x00002635 | 0x1d | 0x1d
[OK ]  |   566 | 0x00002636 | 0x00 | 0x00
[OK ]  |   567 | 0x00002637 | 0x00 | 0x00
[OK ]  |   568 | 0x00002638 | 0xf9 | 0xf9
[OK ]  |   569 | 0x00002639 | 0xb6 | 0xb6
[OK ]  |   570 | 0x0000263a | 0xff | 0xff
[OK ]  |   571 | 0x0000263b | 0xff | 0xff
[OK ]  |   572 | 0x0000263c | 0x2c | 0x2c
[OK ]  |   573 | 0x0000263d | 0x17 | 0x17
[OK ]  |   574 | 0x0000263e | 0x00 | 0x00
[OK ]  |   575 | 0x0000263f | 0x00 | 0x00
[OK ]  |   576 | 0x00002640 | 0xe5 | 0xe5
[OK ]  |   577 | 0x00002641 | 0x1f | 0x1f
[OK ]  |   578 | 0x00002642 | 0x01 | 0x01
[OK ]  |   579 | 0x00002643 | 0x00 | 0x00
[OK ]  |   580 | 0x00002644 | 0x15 | 0x15
[OK ]  |   581 | 0x00002645 | 0xa2 | 0xa2
[OK ]  |   582 | 0x00002646 | 0x00 | 0x00
[OK ]  |   583 | 0x00002647 | 0x00 | 0x00
[OK ]  |   584 | 0x00002648 | 0xdc | 0xdc
[OK ]  |   585 | 0x00002649 | 0x3d | 0x3d
[OK ]  |   586 | 0x0000264a | 0x00 | 0x00
[OK ]  |   587 | 0x0000264b | 0x00 | 0x00
[OK ]  |   588 | 0x0000264c | 0x99 | 0x99
[OK ]  |   589 | 0x0000264d | 0xc7 | 0xc7
[OK ]  |   590 | 0x0000264e | 0x00 | 0x00
[OK ]  |   591 | 0x0000264f | 0x00 | 0x00
[OK ]  |   592 | 0x00002650 | 0xb8 | 0xb8
[OK ]  |   593 | 0x00002651 | 0x75 | 0x75
[OK ]  |   594 | 0x00002652 | 0x01 | 0x01
[OK ]  |   595 | 0x00002653 | 0x00 | 0x00
[OK ]  |   596 | 0x00002654 | 0x4c | 0x4c
[OK ]  |   597 | 0x00002655 | 0x69 | 0x69
[OK ]  |   598 | 0x00002656 | 0x00 | 0x00
[OK ]  |   599 | 0x00002657 | 0x00 | 0x00
[OK ]  |   600 | 0x00002658 | 0x8f | 0x8f
[OK ]  |   601 | 0x00002659 | 0xf5 | 0xf5
[OK ]  |   602 | 0x0000265a | 0xff | 0xff
[OK ]  |   603 | 0x0000265b | 0xff | 0xff
[OK ]  |   604 | 0x0000265c | 0x29 | 0x29
[OK ]  |   605 | 0x0000265d | 0x2a | 0x2a
[OK ]  |   606 | 0x0000265e | 0x01 | 0x01
[OK ]  |   607 | 0x0000265f | 0x00 | 0x00
[OK ]  |   608 | 0x00002660 | 0xff | 0xff
[OK ]  |   609 | 0x00002661 | 0xea | 0xea
[OK ]  |   610 | 0x00002662 | 0xff | 0xff
[OK ]  |   611 | 0x00002663 | 0xff | 0xff
[OK ]  |   612 | 0x00002664 | 0xa3 | 0xa3
[OK ]  |   613 | 0x00002665 | 0xbc | 0xbc
[OK ]  |   614 | 0x00002666 | 0x00 | 0x00
[OK ]  |   615 | 0x00002667 | 0x00 | 0x00
[OK ]  |   616 | 0x00002668 | 0x86 | 0x86
[OK ]  |   617 | 0x00002669 | 0xda | 0xda
[OK ]  |   618 | 0x0000266a | 0x00 | 0x00
[OK ]  |   619 | 0x0000266b | 0x00 | 0x00
[OK ]  |   620 | 0x0000266c | 0x35 | 0x35
[OK ]  |   621 | 0x0000266d | 0xaa | 0xaa
[OK ]  |   622 | 0x0000266e | 0x00 | 0x00
[OK ]  |   623 | 0x0000266f | 0x00 | 0x00
[OK ]  |   624 | 0x00002670 | 0x00 | 0x00
[OK ]  |   625 | 0x00002671 | 0xff | 0xff
[OK ]  |   626 | 0x00002672 | 0xff | 0xff
[OK ]  |   627 | 0x00002673 | 0xff | 0xff
[OK ]  |   628 | 0x00002674 | 0xe0 | 0xe0
[OK ]  |   629 | 0x00002675 | 0x2a | 0x2a
[OK ]  |   630 | 0x00002676 | 0x01 | 0x01
[OK ]  |   631 | 0x00002677 | 0x00 | 0x00
[OK ]  |   632 | 0x00002678 | 0x04 | 0x04
[OK ]  |   633 | 0x00002679 | 0xe9 | 0xe9
[OK ]  |   634 | 0x0000267a | 0xff | 0xff
[OK ]  |   635 | 0x0000267b | 0xff | 0xff
[OK ]  |   636 | 0x0000267c | 0x30 | 0x30
[OK ]  |   637 | 0x0000267d | 0xfc | 0xfc
[OK ]  |   638 | 0x0000267e | 0xff | 0xff
[OK ]  |   639 | 0x0000267f | 0xff | 0xff
[OK ]  |   640 | 0x00002680 | 0x07 | 0x07
[OK ]  |   641 | 0x00002681 | 0x70 | 0x70
[OK ]  |   642 | 0x00002682 | 0x01 | 0x01
[OK ]  |   643 | 0x00002683 | 0x00 | 0x00
[OK ]  |   644 | 0x00002684 | 0x6a | 0x6a
[OK ]  |   645 | 0x00002685 | 0x96 | 0x96
[OK ]  |   646 | 0x00002686 | 0xff | 0xff
[OK ]  |   647 | 0x00002687 | 0xff | 0xff
[OK ]  |   648 | 0x00002688 | 0xd3 | 0xd3
[OK ]  |   649 | 0x00002689 | 0xe2 | 0xe2
[OK ]  |   650 | 0x0000268a | 0xfe | 0xfe
[OK ]  |   651 | 0x0000268b | 0xff | 0xff
[OK ]  |   652 | 0x0000268c | 0x16 | 0x16
[OK ]  |   653 | 0x0000268d | 0x43 | 0x43
[OK ]  |   654 | 0x0000268e | 0x00 | 0x00
[OK ]  |   655 | 0x0000268f | 0x00 | 0x00
[OK ]  |   656 | 0x00002690 | 0xa3 | 0xa3
[OK ]  |   657 | 0x00002691 | 0x58 | 0x58
[OK ]  |   658 | 0x00002692 | 0x00 | 0x00
[OK ]  |   659 | 0x00002693 | 0x00 | 0x00
[OK ]  |   660 | 0x00002694 | 0x7d | 0x7d
[OK ]  |   661 | 0x00002695 | 0x5b | 0x5b
[OK ]  |   662 | 0x00002696 | 0x00 | 0x00
[OK ]  |   663 | 0x00002697 | 0x00 | 0x00
[OK ]  |   664 | 0x00002698 | 0xa6 | 0xa6
[OK ]  |   665 | 0x00002699 | 0xab | 0xab
[OK ]  |   666 | 0x0000269a | 0x00 | 0x00
[OK ]  |   667 | 0x0000269b | 0x00 | 0x00
[OK ]  |   668 | 0x0000269c | 0x09 | 0x09
[OK ]  |   669 | 0x0000269d | 0x73 | 0x73
[OK ]  |   670 | 0x0000269e | 0xff | 0xff
[OK ]  |   671 | 0x0000269f | 0xff | 0xff
[OK ]  |   672 | 0x000026a0 | 0x7f | 0x7f
[OK ]  |   673 | 0x000026a1 | 0xf7 | 0xf7
[OK ]  |   674 | 0x000026a2 | 0xfe | 0xfe
[OK ]  |   675 | 0x000026a3 | 0xff | 0xff
[OK ]  |   676 | 0x000026a4 | 0x4a | 0x4a
[OK ]  |   677 | 0x000026a5 | 0x2e | 0x2e
[OK ]  |   678 | 0x000026a6 | 0x00 | 0x00
[OK ]  |   679 | 0x000026a7 | 0x00 | 0x00
[OK ]  |   680 | 0x000026a8 | 0x37 | 0x37
[OK ]  |   681 | 0x000026a9 | 0x1b | 0x1b
[OK ]  |   682 | 0x000026aa | 0x00 | 0x00
[OK ]  |   683 | 0x000026ab | 0x00 | 0x00
[OK ]  |   684 | 0x000026ac | 0x40 | 0x40
[OK ]  |   685 | 0x000026ad | 0xcc | 0xcc
[OK ]  |   686 | 0x000026ae | 0xff | 0xff
[OK ]  |   687 | 0x000026af | 0xff | 0xff
[OK ]  |   688 | 0x000026b0 | 0x4c | 0x4c
[OK ]  |   689 | 0x000026b1 | 0xf0 | 0xf0
[OK ]  |   690 | 0x000026b2 | 0xff | 0xff
[OK ]  |   691 | 0x000026b3 | 0xff | 0xff
[OK ]  |   692 | 0x000026b4 | 0x8a | 0x8a
[OK ]  |   693 | 0x000026b5 | 0xbe | 0xbe
[OK ]  |   694 | 0x000026b6 | 0xff | 0xff
[OK ]  |   695 | 0x000026b7 | 0xff | 0xff
[OK ]  |   696 | 0x000026b8 | 0x93 | 0x93
[OK ]  |   697 | 0x000026b9 | 0x8d | 0x8d
[OK ]  |   698 | 0x000026ba | 0xff | 0xff
[OK ]  |   699 | 0x000026bb | 0xff | 0xff
[OK ]  |   700 | 0x000026bc | 0x13 | 0x13
[OK ]  |   701 | 0x000026bd | 0x00 | 0x00
[OK ]  |   702 | 0x000026be | 0x00 | 0x00
[OK ]  |   703 | 0x000026bf | 0x00 | 0x00
[OK ]  |   704 | 0x000026c0 | 0xa6 | 0xa6
[OK ]  |   705 | 0x000026c1 | 0xbd | 0xbd
[OK ]  |   706 | 0x000026c2 | 0xff | 0xff
[OK ]  |   707 | 0x000026c3 | 0xff | 0xff
[OK ]  |   708 | 0x000026c4 | 0xef | 0xef
[OK ]  |   709 | 0x000026c5 | 0x1f | 0x1f
[OK ]  |   710 | 0x000026c6 | 0x00 | 0x00
[OK ]  |   711 | 0x000026c7 | 0x00 | 0x00
[OK ]  |   712 | 0x000026c8 | 0x40 | 0x40
[OK ]  |   713 | 0x000026c9 | 0x66 | 0x66
[OK ]  |   714 | 0x000026ca | 0x00 | 0x00
[OK ]  |   715 | 0x000026cb | 0x00 | 0x00
[OK ]  |   716 | 0x000026cc | 0x9f | 0x9f
[OK ]  |   717 | 0x000026cd | 0x93 | 0x93
[OK ]  |   718 | 0x000026ce | 0xff | 0xff
[OK ]  |   719 | 0x000026cf | 0xff | 0xff
[OK ]  |   720 | 0x000026d0 | 0xff | 0xff
[OK ]  |   721 | 0x000026d1 | 0x28 | 0x28
[OK ]  |   722 | 0x000026d2 | 0x00 | 0x00
[OK ]  |   723 | 0x000026d3 | 0x00 | 0x00
[OK ]  |   724 | 0x000026d4 | 0xac | 0xac
[OK ]  |   725 | 0x000026d5 | 0xbf | 0xbf
[OK ]  |   726 | 0x000026d6 | 0xff | 0xff
[OK ]  |   727 | 0x000026d7 | 0xff | 0xff
[OK ]  |   728 | 0x000026d8 | 0x43 | 0x43
[OK ]  |   729 | 0x000026d9 | 0x47 | 0x47
[OK ]  |   730 | 0x000026da | 0xff | 0xff
[OK ]  |   731 | 0x000026db | 0xff | 0xff
[OK ]  |   732 | 0x000026dc | 0xe6 | 0xe6
[OK ]  |   733 | 0x000026dd | 0x3e | 0x3e
[OK ]  |   734 | 0x000026de | 0x00 | 0x00
[OK ]  |   735 | 0x000026df | 0x00 | 0x00
[OK ]  |   736 | 0x000026e0 | 0x3d | 0x3d
[OK ]  |   737 | 0x000026e1 | 0x3c | 0x3c
[OK ]  |   738 | 0x000026e2 | 0xff | 0xff
[OK ]  |   739 | 0x000026e3 | 0xff | 0xff
[OK ]  |   740 | 0x000026e4 | 0xa0 | 0xa0
[OK ]  |   741 | 0x000026e5 | 0xcf | 0xcf
[OK ]  |   742 | 0x000026e6 | 0xff | 0xff
[OK ]  |   743 | 0x000026e7 | 0xff | 0xff
[OK ]  |   744 | 0x000026e8 | 0x4b | 0x4b
[OK ]  |   745 | 0x000026e9 | 0x89 | 0x89
[OK ]  |   746 | 0x000026ea | 0xfe | 0xfe
[OK ]  |   747 | 0x000026eb | 0xff | 0xff
[OK ]  |   748 | 0x000026ec | 0x1e | 0x1e
[OK ]  |   749 | 0x000026ed | 0x0c | 0x0c
[OK ]  |   750 | 0x000026ee | 0xfe | 0xfe
[OK ]  |   751 | 0x000026ef | 0xff | 0xff
[OK ]  |   752 | 0x000026f0 | 0xd0 | 0xd0
[OK ]  |   753 | 0x000026f1 | 0x73 | 0x73
[OK ]  |   754 | 0x000026f2 | 0xff | 0xff
[OK ]  |   755 | 0x000026f3 | 0xff | 0xff
[OK ]  |   756 | 0x000026f4 | 0xba | 0xba
[OK ]  |   757 | 0x000026f5 | 0x55 | 0x55
[OK ]  |   758 | 0x000026f6 | 0xff | 0xff
[OK ]  |   759 | 0x000026f7 | 0xff | 0xff
[OK ]  |   760 | 0x000026f8 | 0x99 | 0x99
[OK ]  |   761 | 0x000026f9 | 0x43 | 0x43
[OK ]  |   762 | 0x000026fa | 0x00 | 0x00
[OK ]  |   763 | 0x000026fb | 0x00 | 0x00
[OK ]  |   764 | 0x000026fc | 0x36 | 0x36
[OK ]  |   765 | 0x000026fd | 0x68 | 0x68
[OK ]  |   766 | 0x000026fe | 0x00 | 0x00
[OK ]  |   767 | 0x000026ff | 0x00 | 0x00
[OK ]  |   768 | 0x00002700 | 0x07 | 0x07
[OK ]  |   769 | 0x00002701 | 0x2a | 0x2a
[OK ]  |   770 | 0x00002702 | 0xff | 0xff
[OK ]  |   771 | 0x00002703 | 0xff | 0xff
[OK ]  |   772 | 0x00002704 | 0x8e | 0x8e
[OK ]  |   773 | 0x00002705 | 0xe3 | 0xe3
[OK ]  |   774 | 0x00002706 | 0xff | 0xff
[OK ]  |   775 | 0x00002707 | 0xff | 0xff
[OK ]  |   776 | 0x00002708 | 0x28 | 0x28
[OK ]  |   777 | 0x00002709 | 0x07 | 0x07
[OK ]  |   778 | 0x0000270a | 0x01 | 0x01
[OK ]  |   779 | 0x0000270b | 0x00 | 0x00
[OK ]  |   780 | 0x0000270c | 0x50 | 0x50
[OK ]  |   781 | 0x0000270d | 0xb3 | 0xb3
[OK ]  |   782 | 0x0000270e | 0xff | 0xff
[OK ]  |   783 | 0x0000270f | 0xff | 0xff
[OK ]  |   784 | 0x00002710 | 0xbc | 0xbc
[OK ]  |   785 | 0x00002711 | 0x23 | 0x23
[OK ]  |   786 | 0x00002712 | 0x00 | 0x00
[OK ]  |   787 | 0x00002713 | 0x00 | 0x00
[OK ]  |   788 | 0x00002714 | 0xc5 | 0xc5
[OK ]  |   789 | 0x00002715 | 0xc1 | 0xc1
[OK ]  |   790 | 0x00002716 | 0x00 | 0x00
[OK ]  |   791 | 0x00002717 | 0x00 | 0x00
[OK ]  |   792 | 0x00002718 | 0x86 | 0x86
[OK ]  |   793 | 0x00002719 | 0x7e | 0x7e
[OK ]  |   794 | 0x0000271a | 0x00 | 0x00
[OK ]  |   795 | 0x0000271b | 0x00 | 0x00
[OK ]  |   796 | 0x0000271c | 0xe6 | 0xe6
[OK ]  |   797 | 0x0000271d | 0x22 | 0x22
[OK ]  |   798 | 0x0000271e | 0x00 | 0x00
[OK ]  |   799 | 0x0000271f | 0x00 | 0x00
[OK ]  |   800 | 0x00002720 | 0x88 | 0x88
[OK ]  |   801 | 0x00002721 | 0x43 | 0x43
[OK ]  |   802 | 0x00002722 | 0xfe | 0xfe
[OK ]  |   803 | 0x00002723 | 0xff | 0xff
[OK ]  |   804 | 0x00002724 | 0xfd | 0xfd
[OK ]  |   805 | 0x00002725 | 0xe4 | 0xe4
[OK ]  |   806 | 0x00002726 | 0xff | 0xff
[OK ]  |   807 | 0x00002727 | 0xff | 0xff
[OK ]  |   808 | 0x00002728 | 0x9a | 0x9a
[OK ]  |   809 | 0x00002729 | 0x74 | 0x74
[OK ]  |   810 | 0x0000272a | 0x00 | 0x00
[OK ]  |   811 | 0x0000272b | 0x00 | 0x00
[OK ]  |   812 | 0x0000272c | 0xea | 0xea
[OK ]  |   813 | 0x0000272d | 0x24 | 0x24
[OK ]  |   814 | 0x0000272e | 0x01 | 0x01
[OK ]  |   815 | 0x0000272f | 0x00 | 0x00
[OK ]  |   816 | 0x00002730 | 0x95 | 0x95
[OK ]  |   817 | 0x00002731 | 0x4b | 0x4b
[OK ]  |   818 | 0x00002732 | 0xff | 0xff
[OK ]  |   819 | 0x00002733 | 0xff | 0xff
[OK ]  |   820 | 0x00002734 | 0x52 | 0x52
[OK ]  |   821 | 0x00002735 | 0x4b | 0x4b
[OK ]  |   822 | 0x00002736 | 0x00 | 0x00
[OK ]  |   823 | 0x00002737 | 0x00 | 0x00
[OK ]  |   824 | 0x00002738 | 0xfe | 0xfe
[OK ]  |   825 | 0x00002739 | 0x2d | 0x2d
[OK ]  |   826 | 0x0000273a | 0x00 | 0x00
[OK ]  |   827 | 0x0000273b | 0x00 | 0x00
[OK ]  |   828 | 0x0000273c | 0x1e | 0x1e
[OK ]  |   829 | 0x0000273d | 0x6d | 0x6d
[OK ]  |   830 | 0x0000273e | 0x00 | 0x00
[OK ]  |   831 | 0x0000273f | 0x00 | 0x00
[OK ]  |   832 | 0x00002740 | 0xbf | 0xbf
[OK ]  |   833 | 0x00002741 | 0xca | 0xca
[OK ]  |   834 | 0x00002742 | 0xff | 0xff
[OK ]  |   835 | 0x00002743 | 0xff | 0xff
[OK ]  |   836 | 0x00002744 | 0x20 | 0x20
[OK ]  |   837 | 0x00002745 | 0x50 | 0x50
[OK ]  |   838 | 0x00002746 | 0xff | 0xff
[OK ]  |   839 | 0x00002747 | 0xff | 0xff
[OK ]  |   840 | 0x00002748 | 0xca | 0xca
[OK ]  |   841 | 0x00002749 | 0xc9 | 0xc9
[OK ]  |   842 | 0x0000274a | 0xff | 0xff
[OK ]  |   843 | 0x0000274b | 0xff | 0xff
[OK ]  |   844 | 0x0000274c | 0x9b | 0x9b
[OK ]  |   845 | 0x0000274d | 0xd9 | 0xd9
[OK ]  |   846 | 0x0000274e | 0x00 | 0x00
[OK ]  |   847 | 0x0000274f | 0x00 | 0x00
[OK ]  |   848 | 0x00002750 | 0x07 | 0x07
[OK ]  |   849 | 0x00002751 | 0x43 | 0x43
[OK ]  |   850 | 0x00002752 | 0x01 | 0x01
[OK ]  |   851 | 0x00002753 | 0x00 | 0x00
[OK ]  |   852 | 0x00002754 | 0x91 | 0x91
[OK ]  |   853 | 0x00002755 | 0x7d | 0x7d
[OK ]  |   854 | 0x00002756 | 0x00 | 0x00
[OK ]  |   855 | 0x00002757 | 0x00 | 0x00
[OK ]  |   856 | 0x00002758 | 0xf5 | 0xf5
[OK ]  |   857 | 0x00002759 | 0xe9 | 0xe9
[OK ]  |   858 | 0x0000275a | 0xff | 0xff
[OK ]  |   859 | 0x0000275b | 0xff | 0xff
[OK ]  |   860 | 0x0000275c | 0x5f | 0x5f
[OK ]  |   861 | 0x0000275d | 0x07 | 0x07
[OK ]  |   862 | 0x0000275e | 0x01 | 0x01
[OK ]  |   863 | 0x0000275f | 0x00 | 0x00
[OK ]  |   864 | 0x00002760 | 0xb3 | 0xb3
[OK ]  |   865 | 0x00002761 | 0x70 | 0x70
[OK ]  |   866 | 0x00002762 | 0x00 | 0x00
[OK ]  |   867 | 0x00002763 | 0x00 | 0x00
[OK ]  |   868 | 0x00002764 | 0x6a | 0x6a
[OK ]  |   869 | 0x00002765 | 0xa4 | 0xa4
[OK ]  |   870 | 0x00002766 | 0x00 | 0x00
[OK ]  |   871 | 0x00002767 | 0x00 | 0x00
[OK ]  |   872 | 0x00002768 | 0x0f | 0x0f
[OK ]  |   873 | 0x00002769 | 0xcc | 0xcc
[OK ]  |   874 | 0x0000276a | 0xff | 0xff
[OK ]  |   875 | 0x0000276b | 0xff | 0xff
[OK ]  |   876 | 0x0000276c | 0x4f | 0x4f
[OK ]  |   877 | 0x0000276d | 0x03 | 0x03
[OK ]  |   878 | 0x0000276e | 0x01 | 0x01
[OK ]  |   879 | 0x0000276f | 0x00 | 0x00
[OK ]  |   880 | 0x00002770 | 0x47 | 0x47
[OK ]  |   881 | 0x00002771 | 0x6b | 0x6b
[OK ]  |   882 | 0x00002772 | 0x00 | 0x00
[OK ]  |   883 | 0x00002773 | 0x00 | 0x00
[OK ]  |   884 | 0x00002774 | 0xa5 | 0xa5
[OK ]  |   885 | 0x00002775 | 0x95 | 0x95
[OK ]  |   886 | 0x00002776 | 0xff | 0xff
[OK ]  |   887 | 0x00002777 | 0xff | 0xff
[OK ]  |   888 | 0x00002778 | 0xea | 0xea
[OK ]  |   889 | 0x00002779 | 0x00 | 0x00
[OK ]  |   890 | 0x0000277a | 0x01 | 0x01
[OK ]  |   891 | 0x0000277b | 0x00 | 0x00
[OK ]  |   892 | 0x0000277c | 0x12 | 0x12
[OK ]  |   893 | 0x0000277d | 0x73 | 0x73
[OK ]  |   894 | 0x0000277e | 0x00 | 0x00
[OK ]  |   895 | 0x0000277f | 0x00 | 0x00
[OK ]  |   896 | 0x00002780 | 0x8d | 0x8d
[OK ]  |   897 | 0x00002781 | 0x51 | 0x51
[OK ]  |   898 | 0x00002782 | 0x00 | 0x00
[OK ]  |   899 | 0x00002783 | 0x00 | 0x00
[OK ]  |   900 | 0x00002784 | 0x60 | 0x60
[OK ]  |   901 | 0x00002785 | 0x10 | 0x10
[OK ]  |   902 | 0x00002786 | 0x00 | 0x00
[OK ]  |   903 | 0x00002787 | 0x00 | 0x00
[OK ]  |   904 | 0x00002788 | 0x86 | 0x86
[OK ]  |   905 | 0x00002789 | 0x6b | 0x6b
[OK ]  |   906 | 0x0000278a | 0xff | 0xff
[OK ]  |   907 | 0x0000278b | 0xff | 0xff
[OK ]  |   908 | 0x0000278c | 0x1d | 0x1d
[OK ]  |   909 | 0x0000278d | 0x95 | 0x95
[OK ]  |   910 | 0x0000278e | 0xff | 0xff
[OK ]  |   911 | 0x0000278f | 0xff | 0xff
[OK ]  |   912 | 0x00002790 | 0x32 | 0x32
[OK ]  |   913 | 0x00002791 | 0x49 | 0x49
[OK ]  |   914 | 0x00002792 | 0x00 | 0x00
[OK ]  |   915 | 0x00002793 | 0x00 | 0x00
[OK ]  |   916 | 0x00002794 | 0xc2 | 0xc2
[OK ]  |   917 | 0x00002795 | 0xcb | 0xcb
[OK ]  |   918 | 0x00002796 | 0xff | 0xff
[OK ]  |   919 | 0x00002797 | 0xff | 0xff
[OK ]  |   920 | 0x00002798 | 0x82 | 0x82
[OK ]  |   921 | 0x00002799 | 0xcb | 0xcb
[OK ]  |   922 | 0x0000279a | 0xff | 0xff
[OK ]  |   923 | 0x0000279b | 0xff | 0xff
[OK ]  |   924 | 0x0000279c | 0x81 | 0x81
[OK ]  |   925 | 0x0000279d | 0xb0 | 0xb0
[OK ]  |   926 | 0x0000279e | 0xff | 0xff
[OK ]  |   927 | 0x0000279f | 0xff | 0xff
[OK ]  |   928 | 0x000027a0 | 0x3a | 0x3a
[OK ]  |   929 | 0x000027a1 | 0x16 | 0x16
[OK ]  |   930 | 0x000027a2 | 0x01 | 0x01
[OK ]  |   931 | 0x000027a3 | 0x00 | 0x00
[OK ]  |   932 | 0x000027a4 | 0x1c | 0x1c
[OK ]  |   933 | 0x000027a5 | 0x6a | 0x6a
[OK ]  |   934 | 0x000027a6 | 0x00 | 0x00
[OK ]  |   935 | 0x000027a7 | 0x00 | 0x00
[OK ]  |   936 | 0x000027a8 | 0xab | 0xab
[OK ]  |   937 | 0x000027a9 | 0xef | 0xef
[OK ]  |   938 | 0x000027aa | 0xff | 0xff
[OK ]  |   939 | 0x000027ab | 0xff | 0xff
[OK ]  |   940 | 0x000027ac | 0xcf | 0xcf
[OK ]  |   941 | 0x000027ad | 0xb4 | 0xb4
[OK ]  |   942 | 0x000027ae | 0xfe | 0xfe
[OK ]  |   943 | 0x000027af | 0xff | 0xff
[OK ]  |   944 | 0x000027b0 | 0xdd | 0xdd
[OK ]  |   945 | 0x000027b1 | 0xec | 0xec
[OK ]  |   946 | 0x000027b2 | 0x00 | 0x00
[OK ]  |   947 | 0x000027b3 | 0x00 | 0x00
[OK ]  |   948 | 0x000027b4 | 0x15 | 0x15
[OK ]  |   949 | 0x000027b5 | 0xaa | 0xaa
[OK ]  |   950 | 0x000027b6 | 0xff | 0xff
[OK ]  |   951 | 0x000027b7 | 0xff | 0xff
[OK ]  |   952 | 0x000027b8 | 0x9f | 0x9f
[OK ]  |   953 | 0x000027b9 | 0x9e | 0x9e
[OK ]  |   954 | 0x000027ba | 0xff | 0xff
[OK ]  |   955 | 0x000027bb | 0xff | 0xff
[OK ]  |   956 | 0x000027bc | 0x61 | 0x61
[OK ]  |   957 | 0x000027bd | 0x5f | 0x5f
[OK ]  |   958 | 0x000027be | 0xff | 0xff
[OK ]  |   959 | 0x000027bf | 0xff | 0xff
[OK ]  |   960 | 0x000027c0 | 0x42 | 0x42
[OK ]  |   961 | 0x000027c1 | 0xeb | 0xeb
[OK ]  |   962 | 0x000027c2 | 0xff | 0xff
[OK ]  |   963 | 0x000027c3 | 0xff | 0xff
[OK ]  |   964 | 0x000027c4 | 0xf0 | 0xf0
[OK ]  |   965 | 0x000027c5 | 0x83 | 0x83
[OK ]  |   966 | 0x000027c6 | 0x00 | 0x00
[OK ]  |   967 | 0x000027c7 | 0x00 | 0x00
[OK ]  |   968 | 0x000027c8 | 0x7f | 0x7f
[OK ]  |   969 | 0x000027c9 | 0x40 | 0x40
[OK ]  |   970 | 0x000027ca | 0x00 | 0x00
[OK ]  |   971 | 0x000027cb | 0x00 | 0x00
[OK ]  |   972 | 0x000027cc | 0x36 | 0x36
[OK ]  |   973 | 0x000027cd | 0x5c | 0x5c
[OK ]  |   974 | 0x000027ce | 0x00 | 0x00
[OK ]  |   975 | 0x000027cf | 0x00 | 0x00
[OK ]  |   976 | 0x000027d0 | 0x75 | 0x75
[OK ]  |   977 | 0x000027d1 | 0x22 | 0x22
[OK ]  |   978 | 0x000027d2 | 0x00 | 0x00
[OK ]  |   979 | 0x000027d3 | 0x00 | 0x00
[OK ]  |   980 | 0x000027d4 | 0xe9 | 0xe9
[OK ]  |   981 | 0x000027d5 | 0xf7 | 0xf7
[OK ]  |   982 | 0x000027d6 | 0xff | 0xff
[OK ]  |   983 | 0x000027d7 | 0xff | 0xff
[OK ]  |   984 | 0x000027d8 | 0x15 | 0x15
[OK ]  |   985 | 0x000027d9 | 0x8d | 0x8d
[OK ]  |   986 | 0x000027da | 0xff | 0xff
[OK ]  |   987 | 0x000027db | 0xff | 0xff
[OK ]  |   988 | 0x000027dc | 0xe6 | 0xe6
[OK ]  |   989 | 0x000027dd | 0xd8 | 0xd8
[OK ]  |   990 | 0x000027de | 0xff | 0xff
[OK ]  |   991 | 0x000027df | 0xff | 0xff
[OK ]  |   992 | 0x000027e0 | 0xb2 | 0xb2
[OK ]  |   993 | 0x000027e1 | 0x6f | 0x6f
[OK ]  |   994 | 0x000027e2 | 0x00 | 0x00
[OK ]  |   995 | 0x000027e3 | 0x00 | 0x00
[OK ]  |   996 | 0x000027e4 | 0xf7 | 0xf7
[OK ]  |   997 | 0x000027e5 | 0x8d | 0x8d
[OK ]  |   998 | 0x000027e6 | 0x00 | 0x00
[OK ]  |   999 | 0x000027e7 | 0x00 | 0x00
[OK ]  |  1000 | 0x000027e8 | 0x76 | 0x76
[OK ]  |  1001 | 0x000027e9 | 0x47 | 0x47
[OK ]  |  1002 | 0x000027ea | 0xff | 0xff
[OK ]  |  1003 | 0x000027eb | 0xff | 0xff
[OK ]  |  1004 | 0x000027ec | 0x9b | 0x9b
[OK ]  |  1005 | 0x000027ed | 0xf1 | 0xf1
[OK ]  |  1006 | 0x000027ee | 0x00 | 0x00
[OK ]  |  1007 | 0x000027ef | 0x00 | 0x00
[OK ]  |  1008 | 0x000027f0 | 0xcf | 0xcf
[OK ]  |  1009 | 0x000027f1 | 0x74 | 0x74
[OK ]  |  1010 | 0x000027f2 | 0xff | 0xff
[OK ]  |  1011 | 0x000027f3 | 0xff | 0xff
[OK ]  |  1012 | 0x000027f4 | 0xe2 | 0xe2
[OK ]  |  1013 | 0x000027f5 | 0xb1 | 0xb1
[OK ]  |  1014 | 0x000027f6 | 0xfe | 0xfe
[OK ]  |  1015 | 0x000027f7 | 0xff | 0xff
[OK ]  |  1016 | 0x000027f8 | 0x3c | 0x3c
[OK ]  |  1017 | 0x000027f9 | 0x04 | 0x04
[OK ]  |  1018 | 0x000027fa | 0x00 | 0x00
[OK ]  |  1019 | 0x000027fb | 0x00 | 0x00
[OK ]  |  1020 | 0x000027fc | 0x77 | 0x77
[OK ]  |  1021 | 0x000027fd | 0x94 | 0x94
[OK ]  |  1022 | 0x000027fe | 0xff | 0xff
[OK ]  |  1023 | 0x000027ff | 0xff | 0xff
[OK ]  |  1024 | 0x00002800 | 0x33 | 0x33
[OK ]  |  1025 | 0x00002801 | 0xd3 | 0xd3
[OK ]  |  1026 | 0x00002802 | 0xff | 0xff
[OK ]  |  1027 | 0x00002803 | 0xff | 0xff
[OK ]  |  1028 | 0x00002804 | 0xff | 0xff
[OK ]  |  1029 | 0x00002805 | 0x7b | 0x7b
[OK ]  |  1030 | 0x00002806 | 0x01 | 0x01
[OK ]  |  1031 | 0x00002807 | 0x00 | 0x00
[OK ]  |  1032 | 0x00002808 | 0x20 | 0x20
[OK ]  |  1033 | 0x00002809 | 0xe7 | 0xe7
[OK ]  |  1034 | 0x0000280a | 0xff | 0xff
[OK ]  |  1035 | 0x0000280b | 0xff | 0xff
[OK ]  |  1036 | 0x0000280c | 0x11 | 0x11
[OK ]  |  1037 | 0x0000280d | 0x12 | 0x12
[OK ]  |  1038 | 0x0000280e | 0xff | 0xff
[OK ]  |  1039 | 0x0000280f | 0xff | 0xff
[OK ]  |  1040 | 0x00002810 | 0xe8 | 0xe8
[OK ]  |  1041 | 0x00002811 | 0x36 | 0x36
[OK ]  |  1042 | 0x00002812 | 0xff | 0xff
[OK ]  |  1043 | 0x00002813 | 0xff | 0xff
[OK ]  |  1044 | 0x00002814 | 0x4f | 0x4f
[OK ]  |  1045 | 0x00002815 | 0x74 | 0x74
[OK ]  |  1046 | 0x00002816 | 0xfe | 0xfe
[OK ]  |  1047 | 0x00002817 | 0xff | 0xff
[OK ]  |  1048 | 0x00002818 | 0x73 | 0x73
[OK ]  |  1049 | 0x00002819 | 0x9c | 0x9c
[OK ]  |  1050 | 0x0000281a | 0x00 | 0x00
[OK ]  |  1051 | 0x0000281b | 0x00 | 0x00
[OK ]  |  1052 | 0x0000281c | 0x8c | 0x8c
[OK ]  |  1053 | 0x0000281d | 0xdd | 0xdd
[OK ]  |  1054 | 0x0000281e | 0xfe | 0xfe
[OK ]  |  1055 | 0x0000281f | 0xff | 0xff
[OK ]  |  1056 | 0x00002820 | 0x7a | 0x7a
[OK ]  |  1057 | 0x00002821 | 0xac | 0xac
[OK ]  |  1058 | 0x00002822 | 0x00 | 0x00
[OK ]  |  1059 | 0x00002823 | 0x00 | 0x00
[OK ]  |  1060 | 0x00002824 | 0xf7 | 0xf7
[OK ]  |  1061 | 0x00002825 | 0x91 | 0x91
[OK ]  |  1062 | 0x00002826 | 0xfe | 0xfe
[OK ]  |  1063 | 0x00002827 | 0xff | 0xff
[OK ]  |  1064 | 0x00002828 | 0xac | 0xac
[OK ]  |  1065 | 0x00002829 | 0x6f | 0x6f
[OK ]  |  1066 | 0x0000282a | 0xff | 0xff
[OK ]  |  1067 | 0x0000282b | 0xff | 0xff
[OK ]  |  1068 | 0x0000282c | 0xe1 | 0xe1
[OK ]  |  1069 | 0x0000282d | 0x85 | 0x85
[OK ]  |  1070 | 0x0000282e | 0xff | 0xff
[OK ]  |  1071 | 0x0000282f | 0xff | 0xff
[OK ]  |  1072 | 0x00002830 | 0x62 | 0x62
[OK ]  |  1073 | 0x00002831 | 0xa4 | 0xa4
[OK ]  |  1074 | 0x00002832 | 0xff | 0xff
[OK ]  |  1075 | 0x00002833 | 0xff | 0xff
[OK ]  |  1076 | 0x00002834 | 0xba | 0xba
[OK ]  |  1077 | 0x00002835 | 0x44 | 0x44
[OK ]  |  1078 | 0x00002836 | 0x00 | 0x00
[OK ]  |  1079 | 0x00002837 | 0x00 | 0x00
[OK ]  |  1080 | 0x00002838 | 0xe8 | 0xe8
[OK ]  |  1081 | 0x00002839 | 0xda | 0xda
[OK ]  |  1082 | 0x0000283a | 0xff | 0xff
[OK ]  |  1083 | 0x0000283b | 0xff | 0xff
[OK ]  |  1084 | 0x0000283c | 0x29 | 0x29
[OK ]  |  1085 | 0x0000283d | 0xa1 | 0xa1
[OK ]  |  1086 | 0x0000283e | 0xfe | 0xfe
[OK ]  |  1087 | 0x0000283f | 0xff | 0xff
[OK ]  |  1088 | 0x00002840 | 0x38 | 0x38
[OK ]  |  1089 | 0x00002841 | 0xa0 | 0xa0
[OK ]  |  1090 | 0x00002842 | 0xff | 0xff
[OK ]  |  1091 | 0x00002843 | 0xff | 0xff
[OK ]  |  1092 | 0x00002844 | 0x2d | 0x2d
[OK ]  |  1093 | 0x00002845 | 0x80 | 0x80
[OK ]  |  1094 | 0x00002846 | 0xff | 0xff
[OK ]  |  1095 | 0x00002847 | 0xff | 0xff
[OK ]  |  1096 | 0x00002848 | 0x50 | 0x50
[OK ]  |  1097 | 0x00002849 | 0x46 | 0x46
[OK ]  |  1098 | 0x0000284a | 0x00 | 0x00
[OK ]  |  1099 | 0x0000284b | 0x00 | 0x00
[OK ]  |  1100 | 0x0000284c | 0xfc | 0xfc
[OK ]  |  1101 | 0x0000284d | 0x26 | 0x26
[OK ]  |  1102 | 0x0000284e | 0x00 | 0x00
[OK ]  |  1103 | 0x0000284f | 0x00 | 0x00
[OK ]  |  1104 | 0x00002850 | 0xa9 | 0xa9
[OK ]  |  1105 | 0x00002851 | 0xa1 | 0xa1
[OK ]  |  1106 | 0x00002852 | 0xff | 0xff
[OK ]  |  1107 | 0x00002853 | 0xff | 0xff
[OK ]  |  1108 | 0x00002854 | 0x26 | 0x26
[OK ]  |  1109 | 0x00002855 | 0x1a | 0x1a
[OK ]  |  1110 | 0x00002856 | 0x00 | 0x00
[OK ]  |  1111 | 0x00002857 | 0x00 | 0x00
[OK ]  |  1112 | 0x00002858 | 0x8e | 0x8e
[OK ]  |  1113 | 0x00002859 | 0x39 | 0x39
[OK ]  |  1114 | 0x0000285a | 0xff | 0xff
[OK ]  |  1115 | 0x0000285b | 0xff | 0xff
[OK ]  |  1116 | 0x0000285c | 0xeb | 0xeb
[OK ]  |  1117 | 0x0000285d | 0x76 | 0x76
[OK ]  |  1118 | 0x0000285e | 0xff | 0xff
[OK ]  |  1119 | 0x0000285f | 0xff | 0xff
[OK ]  |  1120 | 0x00002860 | 0xcd | 0xcd
[OK ]  |  1121 | 0x00002861 | 0xa8 | 0xa8
[OK ]  |  1122 | 0x00002862 | 0xff | 0xff
[OK ]  |  1123 | 0x00002863 | 0xff | 0xff
[OK ]  |  1124 | 0x00002864 | 0x70 | 0x70
[OK ]  |  1125 | 0x00002865 | 0x1b | 0x1b
[OK ]  |  1126 | 0x00002866 | 0x01 | 0x01
[OK ]  |  1127 | 0x00002867 | 0x00 | 0x00
[OK ]  |  1128 | 0x00002868 | 0xbd | 0xbd
[OK ]  |  1129 | 0x00002869 | 0x0d | 0x0d
[OK ]  |  1130 | 0x0000286a | 0x01 | 0x01
[OK ]  |  1131 | 0x0000286b | 0x00 | 0x00
[OK ]  |  1132 | 0x0000286c | 0x97 | 0x97
[OK ]  |  1133 | 0x0000286d | 0x95 | 0x95
[OK ]  |  1134 | 0x0000286e | 0xff | 0xff
[OK ]  |  1135 | 0x0000286f | 0xff | 0xff
[OK ]  |  1136 | 0x00002870 | 0x11 | 0x11
[OK ]  |  1137 | 0x00002871 | 0x17 | 0x17
[OK ]  |  1138 | 0x00002872 | 0x00 | 0x00
[OK ]  |  1139 | 0x00002873 | 0x00 | 0x00
[OK ]  |  1140 | 0x00002874 | 0x76 | 0x76
[OK ]  |  1141 | 0x00002875 | 0x15 | 0x15
[OK ]  |  1142 | 0x00002876 | 0x00 | 0x00
[OK ]  |  1143 | 0x00002877 | 0x00 | 0x00
[OK ]  |  1144 | 0x00002878 | 0xa3 | 0xa3
[OK ]  |  1145 | 0x00002879 | 0xbe | 0xbe
[OK ]  |  1146 | 0x0000287a | 0x00 | 0x00
[OK ]  |  1147 | 0x0000287b | 0x00 | 0x00
[OK ]  |  1148 | 0x0000287c | 0xb6 | 0xb6
[OK ]  |  1149 | 0x0000287d | 0x46 | 0x46
[OK ]  |  1150 | 0x0000287e | 0xfe | 0xfe
[OK ]  |  1151 | 0x0000287f | 0xff | 0xff
[OK ]  |  1152 | 0x00002880 | 0xf2 | 0xf2
[OK ]  |  1153 | 0x00002881 | 0xd3 | 0xd3
[OK ]  |  1154 | 0x00002882 | 0xfe | 0xfe
[OK ]  |  1155 | 0x00002883 | 0xff | 0xff
[OK ]  |  1156 | 0x00002884 | 0x45 | 0x45
[OK ]  |  1157 | 0x00002885 | 0x6d | 0x6d
[OK ]  |  1158 | 0x00002886 | 0xff | 0xff
[OK ]  |  1159 | 0x00002887 | 0xff | 0xff
[OK ]  |  1160 | 0x00002888 | 0x49 | 0x49
[OK ]  |  1161 | 0x00002889 | 0x6f | 0x6f
[OK ]  |  1162 | 0x0000288a | 0xff | 0xff
[OK ]  |  1163 | 0x0000288b | 0xff | 0xff
[OK ]  |  1164 | 0x0000288c | 0x68 | 0x68
[OK ]  |  1165 | 0x0000288d | 0x00 | 0x00
[OK ]  |  1166 | 0x0000288e | 0x01 | 0x01
[OK ]  |  1167 | 0x0000288f | 0x00 | 0x00
[OK ]  |  1168 | 0x00002890 | 0x05 | 0x05
[OK ]  |  1169 | 0x00002891 | 0xbd | 0xbd
[OK ]  |  1170 | 0x00002892 | 0xff | 0xff
[OK ]  |  1171 | 0x00002893 | 0xff | 0xff
[OK ]  |  1172 | 0x00002894 | 0x10 | 0x10
[OK ]  |  1173 | 0x00002895 | 0x90 | 0x90
[OK ]  |  1174 | 0x00002896 | 0xff | 0xff
[OK ]  |  1175 | 0x00002897 | 0xff | 0xff
[OK ]  |  1176 | 0x00002898 | 0xe5 | 0xe5
[OK ]  |  1177 | 0x00002899 | 0xe4 | 0xe4
[OK ]  |  1178 | 0x0000289a | 0xff | 0xff
[OK ]  |  1179 | 0x0000289b | 0xff | 0xff
[OK ]  |  1180 | 0x0000289c | 0x35 | 0x35
[OK ]  |  1181 | 0x0000289d | 0xf7 | 0xf7
[OK ]  |  1182 | 0x0000289e | 0xfe | 0xfe
[OK ]  |  1183 | 0x0000289f | 0xff | 0xff
[OK ]  |  1184 | 0x000028a0 | 0x6e | 0x6e
[OK ]  |  1185 | 0x000028a1 | 0x85 | 0x85
[OK ]  |  1186 | 0x000028a2 | 0x00 | 0x00
[OK ]  |  1187 | 0x000028a3 | 0x00 | 0x00
[OK ]  |  1188 | 0x000028a4 | 0x30 | 0x30
[OK ]  |  1189 | 0x000028a5 | 0x17 | 0x17
[OK ]  |  1190 | 0x000028a6 | 0x01 | 0x01
[OK ]  |  1191 | 0x000028a7 | 0x00 | 0x00
[OK ]  |  1192 | 0x000028a8 | 0x4c | 0x4c
[OK ]  |  1193 | 0x000028a9 | 0x81 | 0x81
[OK ]  |  1194 | 0x000028aa | 0xff | 0xff
[OK ]  |  1195 | 0x000028ab | 0xff | 0xff
[OK ]  |  1196 | 0x000028ac | 0x5d | 0x5d
[OK ]  |  1197 | 0x000028ad | 0x1b | 0x1b
[OK ]  |  1198 | 0x000028ae | 0x00 | 0x00
[OK ]  |  1199 | 0x000028af | 0x00 | 0x00
[OK ]  |  1200 | 0x000028b0 | 0x69 | 0x69
[OK ]  |  1201 | 0x000028b1 | 0xd7 | 0xd7
[OK ]  |  1202 | 0x000028b2 | 0xff | 0xff
[OK ]  |  1203 | 0x000028b3 | 0xff | 0xff
[OK ]  |  1204 | 0x000028b4 | 0x28 | 0x28
[OK ]  |  1205 | 0x000028b5 | 0x42 | 0x42
[OK ]  |  1206 | 0x000028b6 | 0x00 | 0x00
[OK ]  |  1207 | 0x000028b7 | 0x00 | 0x00
[OK ]  |  1208 | 0x000028b8 | 0x77 | 0x77
[OK ]  |  1209 | 0x000028b9 | 0x52 | 0x52
[OK ]  |  1210 | 0x000028ba | 0x00 | 0x00
[OK ]  |  1211 | 0x000028bb | 0x00 | 0x00
[OK ]  |  1212 | 0x000028bc | 0x2b | 0x2b
[OK ]  |  1213 | 0x000028bd | 0x6f | 0x6f
[OK ]  |  1214 | 0x000028be | 0x00 | 0x00
[OK ]  |  1215 | 0x000028bf | 0x00 | 0x00
[OK ]  |  1216 | 0x000028c0 | 0xe9 | 0xe9
[OK ]  |  1217 | 0x000028c1 | 0x82 | 0x82
[OK ]  |  1218 | 0x000028c2 | 0x01 | 0x01
[OK ]  |  1219 | 0x000028c3 | 0x00 | 0x00
[OK ]  |  1220 | 0x000028c4 | 0x2d | 0x2d
[OK ]  |  1221 | 0x000028c5 | 0x4f | 0x4f
[OK ]  |  1222 | 0x000028c6 | 0x01 | 0x01
[OK ]  |  1223 | 0x000028c7 | 0x00 | 0x00
[OK ]  |  1224 | 0x000028c8 | 0xa2 | 0xa2
[OK ]  |  1225 | 0x000028c9 | 0xd3 | 0xd3
[OK ]  |  1226 | 0x000028ca | 0xfe | 0xfe
[OK ]  |  1227 | 0x000028cb | 0xff | 0xff
[OK ]  |  1228 | 0x000028cc | 0x5a | 0x5a
[OK ]  |  1229 | 0x000028cd | 0xb2 | 0xb2
[OK ]  |  1230 | 0x000028ce | 0x00 | 0x00
[OK ]  |  1231 | 0x000028cf | 0x00 | 0x00
[OK ]  |  1232 | 0x000028d0 | 0xf0 | 0xf0
[OK ]  |  1233 | 0x000028d1 | 0xfb | 0xfb
[OK ]  |  1234 | 0x000028d2 | 0xfe | 0xfe
[OK ]  |  1235 | 0x000028d3 | 0xff | 0xff
[OK ]  |  1236 | 0x000028d4 | 0x34 | 0x34
[OK ]  |  1237 | 0x000028d5 | 0xf4 | 0xf4
[OK ]  |  1238 | 0x000028d6 | 0xff | 0xff
[OK ]  |  1239 | 0x000028d7 | 0xff | 0xff
[OK ]  |  1240 | 0x000028d8 | 0x26 | 0x26
[OK ]  |  1241 | 0x000028d9 | 0xec | 0xec
[OK ]  |  1242 | 0x000028da | 0xff | 0xff
[OK ]  |  1243 | 0x000028db | 0xff | 0xff
[OK ]  |  1244 | 0x000028dc | 0xbc | 0xbc
[OK ]  |  1245 | 0x000028dd | 0x20 | 0x20
[OK ]  |  1246 | 0x000028de | 0xff | 0xff
[OK ]  |  1247 | 0x000028df | 0xff | 0xff
[OK ]  |  1248 | 0x000028e0 | 0x0a | 0x0a
[OK ]  |  1249 | 0x000028e1 | 0xb2 | 0xb2
[OK ]  |  1250 | 0x000028e2 | 0x00 | 0x00
[OK ]  |  1251 | 0x000028e3 | 0x00 | 0x00
[OK ]  |  1252 | 0x000028e4 | 0x94 | 0x94
[OK ]  |  1253 | 0x000028e5 | 0x88 | 0x88
[OK ]  |  1254 | 0x000028e6 | 0x00 | 0x00
[OK ]  |  1255 | 0x000028e7 | 0x00 | 0x00
[OK ]  |  1256 | 0x000028e8 | 0x21 | 0x21
[OK ]  |  1257 | 0x000028e9 | 0xe3 | 0xe3
[OK ]  |  1258 | 0x000028ea | 0x00 | 0x00
[OK ]  |  1259 | 0x000028eb | 0x00 | 0x00
[OK ]  |  1260 | 0x000028ec | 0x14 | 0x14
[OK ]  |  1261 | 0x000028ed | 0x67 | 0x67
[OK ]  |  1262 | 0x000028ee | 0xff | 0xff
[OK ]  |  1263 | 0x000028ef | 0xff | 0xff
[OK ]  |  1264 | 0x000028f0 | 0xf3 | 0xf3
[OK ]  |  1265 | 0x000028f1 | 0xa9 | 0xa9
[OK ]  |  1266 | 0x000028f2 | 0x00 | 0x00
[OK ]  |  1267 | 0x000028f3 | 0x00 | 0x00
[OK ]  |  1268 | 0x000028f4 | 0xce | 0xce
[OK ]  |  1269 | 0x000028f5 | 0x7c | 0x7c
[OK ]  |  1270 | 0x000028f6 | 0x00 | 0x00
[OK ]  |  1271 | 0x000028f7 | 0x00 | 0x00
[OK ]  |  1272 | 0x000028f8 | 0x34 | 0x34
[OK ]  |  1273 | 0x000028f9 | 0x72 | 0x72
[OK ]  |  1274 | 0x000028fa | 0xff | 0xff
[OK ]  |  1275 | 0x000028fb | 0xff | 0xff
[OK ]  |  1276 | 0x000028fc | 0xd4 | 0xd4
[OK ]  |  1277 | 0x000028fd | 0x05 | 0x05
[OK ]  |  1278 | 0x000028fe | 0x00 | 0x00
[OK ]  |  1279 | 0x000028ff | 0x00 | 0x00
[OK ]  |  1280 | 0x00002900 | 0x4a | 0x4a
[OK ]  |  1281 | 0x00002901 | 0x97 | 0x97
[OK ]  |  1282 | 0x00002902 | 0x01 | 0x01
[OK ]  |  1283 | 0x00002903 | 0x00 | 0x00
[OK ]  |  1284 | 0x00002904 | 0x2b | 0x2b
[OK ]  |  1285 | 0x00002905 | 0xf1 | 0xf1
[OK ]  |  1286 | 0x00002906 | 0xff | 0xff
[OK ]  |  1287 | 0x00002907 | 0xff | 0xff
[OK ]  |  1288 | 0x00002908 | 0x46 | 0x46
[OK ]  |  1289 | 0x00002909 | 0x47 | 0x47
[OK ]  |  1290 | 0x0000290a | 0x00 | 0x00
[OK ]  |  1291 | 0x0000290b | 0x00 | 0x00
[OK ]  |  1292 | 0x0000290c | 0xed | 0xed
[OK ]  |  1293 | 0x0000290d | 0x1d | 0x1d
[OK ]  |  1294 | 0x0000290e | 0xff | 0xff
[OK ]  |  1295 | 0x0000290f | 0xff | 0xff
[OK ]  |  1296 | 0x00002910 | 0xd5 | 0xd5
[OK ]  |  1297 | 0x00002911 | 0x27 | 0x27
[OK ]  |  1298 | 0x00002912 | 0x00 | 0x00
[OK ]  |  1299 | 0x00002913 | 0x00 | 0x00
[OK ]  |  1300 | 0x00002914 | 0x3e | 0x3e
[OK ]  |  1301 | 0x00002915 | 0xdf | 0xdf
[OK ]  |  1302 | 0x00002916 | 0x00 | 0x00
[OK ]  |  1303 | 0x00002917 | 0x00 | 0x00
[OK ]  |  1304 | 0x00002918 | 0xe0 | 0xe0
[OK ]  |  1305 | 0x00002919 | 0x28 | 0x28
[OK ]  |  1306 | 0x0000291a | 0x01 | 0x01
[OK ]  |  1307 | 0x0000291b | 0x00 | 0x00
[OK ]  |  1308 | 0x0000291c | 0x6d | 0x6d
[OK ]  |  1309 | 0x0000291d | 0x43 | 0x43
[OK ]  |  1310 | 0x0000291e | 0x00 | 0x00
[OK ]  |  1311 | 0x0000291f | 0x00 | 0x00
[OK ]  |  1312 | 0x00002920 | 0xa6 | 0xa6
[OK ]  |  1313 | 0x00002921 | 0xc8 | 0xc8
[OK ]  |  1314 | 0x00002922 | 0x00 | 0x00
[OK ]  |  1315 | 0x00002923 | 0x00 | 0x00
[OK ]  |  1316 | 0x00002924 | 0x2b | 0x2b
[OK ]  |  1317 | 0x00002925 | 0xd2 | 0xd2
[OK ]  |  1318 | 0x00002926 | 0xff | 0xff
[OK ]  |  1319 | 0x00002927 | 0xff | 0xff
[OK ]  |  1320 | 0x00002928 | 0xf6 | 0xf6
[OK ]  |  1321 | 0x00002929 | 0x14 | 0x14
[OK ]  |  1322 | 0x0000292a | 0x00 | 0x00
[OK ]  |  1323 | 0x0000292b | 0x00 | 0x00
[OK ]  |  1324 | 0x0000292c | 0x38 | 0x38
[OK ]  |  1325 | 0x0000292d | 0x62 | 0x62
[OK ]  |  1326 | 0x0000292e | 0x00 | 0x00
[OK ]  |  1327 | 0x0000292f | 0x00 | 0x00
[OK ]  |  1328 | 0x00002930 | 0x85 | 0x85
[OK ]  |  1329 | 0x00002931 | 0xd8 | 0xd8
[OK ]  |  1330 | 0x00002932 | 0x00 | 0x00
[OK ]  |  1331 | 0x00002933 | 0x00 | 0x00
[OK ]  |  1332 | 0x00002934 | 0xc8 | 0xc8
[OK ]  |  1333 | 0x00002935 | 0x8f | 0x8f
[OK ]  |  1334 | 0x00002936 | 0x00 | 0x00
[OK ]  |  1335 | 0x00002937 | 0x00 | 0x00
[OK ]  |  1336 | 0x00002938 | 0x89 | 0x89
[OK ]  |  1337 | 0x00002939 | 0xfb | 0xfb
[OK ]  |  1338 | 0x0000293a | 0x01 | 0x01
[OK ]  |  1339 | 0x0000293b | 0x00 | 0x00
[OK ]  |  1340 | 0x0000293c | 0xf4 | 0xf4
[OK ]  |  1341 | 0x0000293d | 0x81 | 0x81
[OK ]  |  1342 | 0x0000293e | 0xfe | 0xfe
[OK ]  |  1343 | 0x0000293f | 0xff | 0xff
[OK ]  |  1344 | 0x00002940 | 0x3d | 0x3d
[OK ]  |  1345 | 0x00002941 | 0xb0 | 0xb0
[OK ]  |  1346 | 0x00002942 | 0xff | 0xff
[OK ]  |  1347 | 0x00002943 | 0xff | 0xff
[OK ]  |  1348 | 0x00002944 | 0xc9 | 0xc9
[OK ]  |  1349 | 0x00002945 | 0xbf | 0xbf
[OK ]  |  1350 | 0x00002946 | 0x00 | 0x00
[OK ]  |  1351 | 0x00002947 | 0x00 | 0x00
[OK ]  |  1352 | 0x00002948 | 0x5f | 0x5f
[OK ]  |  1353 | 0x00002949 | 0xc6 | 0xc6
[OK ]  |  1354 | 0x0000294a | 0xff | 0xff
[OK ]  |  1355 | 0x0000294b | 0xff | 0xff
[OK ]  |  1356 | 0x0000294c | 0x19 | 0x19
[OK ]  |  1357 | 0x0000294d | 0xc6 | 0xc6
[OK ]  |  1358 | 0x0000294e | 0xff | 0xff
[OK ]  |  1359 | 0x0000294f | 0xff | 0xff
[OK ]  |  1360 | 0x00002950 | 0x2d | 0x2d
[OK ]  |  1361 | 0x00002951 | 0x23 | 0x23
[OK ]  |  1362 | 0x00002952 | 0x00 | 0x00
[OK ]  |  1363 | 0x00002953 | 0x00 | 0x00
[OK ]  |  1364 | 0x00002954 | 0x30 | 0x30
[OK ]  |  1365 | 0x00002955 | 0x5c | 0x5c
[OK ]  |  1366 | 0x00002956 | 0x00 | 0x00
[OK ]  |  1367 | 0x00002957 | 0x00 | 0x00
[OK ]  |  1368 | 0x00002958 | 0x9b | 0x9b
[OK ]  |  1369 | 0x00002959 | 0x91 | 0x91
[OK ]  |  1370 | 0x0000295a | 0xff | 0xff
[OK ]  |  1371 | 0x0000295b | 0xff | 0xff
[OK ]  |  1372 | 0x0000295c | 0xc8 | 0xc8
[OK ]  |  1373 | 0x0000295d | 0xf3 | 0xf3
[OK ]  |  1374 | 0x0000295e | 0x00 | 0x00
[OK ]  |  1375 | 0x0000295f | 0x00 | 0x00
[OK ]  |  1376 | 0x00002960 | 0xde | 0xde
[OK ]  |  1377 | 0x00002961 | 0xc3 | 0xc3
[OK ]  |  1378 | 0x00002962 | 0xff | 0xff
[OK ]  |  1379 | 0x00002963 | 0xff | 0xff
[OK ]  |  1380 | 0x00002964 | 0x0b | 0x0b
[OK ]  |  1381 | 0x00002965 | 0xda | 0xda
[OK ]  |  1382 | 0x00002966 | 0xff | 0xff
[OK ]  |  1383 | 0x00002967 | 0xff | 0xff
[OK ]  |  1384 | 0x00002968 | 0x1f | 0x1f
[OK ]  |  1385 | 0x00002969 | 0xff | 0xff
[OK ]  |  1386 | 0x0000296a | 0xff | 0xff
[OK ]  |  1387 | 0x0000296b | 0xff | 0xff
[OK ]  |  1388 | 0x0000296c | 0x4d | 0x4d
[OK ]  |  1389 | 0x0000296d | 0xcb | 0xcb
[OK ]  |  1390 | 0x0000296e | 0xfe | 0xfe
[OK ]  |  1391 | 0x0000296f | 0xff | 0xff
[OK ]  |  1392 | 0x00002970 | 0x73 | 0x73
[OK ]  |  1393 | 0x00002971 | 0x57 | 0x57
[OK ]  |  1394 | 0x00002972 | 0xff | 0xff
[OK ]  |  1395 | 0x00002973 | 0xff | 0xff
[OK ]  |  1396 | 0x00002974 | 0x95 | 0x95
[OK ]  |  1397 | 0x00002975 | 0xe0 | 0xe0
[OK ]  |  1398 | 0x00002976 | 0xfe | 0xfe
[OK ]  |  1399 | 0x00002977 | 0xff | 0xff
[OK ]  |  1400 | 0x00002978 | 0xd5 | 0xd5
[OK ]  |  1401 | 0x00002979 | 0xcc | 0xcc
[OK ]  |  1402 | 0x0000297a | 0xff | 0xff
[OK ]  |  1403 | 0x0000297b | 0xff | 0xff
[OK ]  |  1404 | 0x0000297c | 0x50 | 0x50
[OK ]  |  1405 | 0x0000297d | 0x0a | 0x0a
[OK ]  |  1406 | 0x0000297e | 0x00 | 0x00
[OK ]  |  1407 | 0x0000297f | 0x00 | 0x00
[OK ]  |  1408 | 0x00002980 | 0xd2 | 0xd2
[OK ]  |  1409 | 0x00002981 | 0x8e | 0x8e
[OK ]  |  1410 | 0x00002982 | 0xff | 0xff
[OK ]  |  1411 | 0x00002983 | 0xff | 0xff
[OK ]  |  1412 | 0x00002984 | 0xf3 | 0xf3
[OK ]  |  1413 | 0x00002985 | 0x87 | 0x87
[OK ]  |  1414 | 0x00002986 | 0xff | 0xff
[OK ]  |  1415 | 0x00002987 | 0xff | 0xff
[OK ]  |  1416 | 0x00002988 | 0x4e | 0x4e
[OK ]  |  1417 | 0x00002989 | 0xd7 | 0xd7
[OK ]  |  1418 | 0x0000298a | 0xff | 0xff
[OK ]  |  1419 | 0x0000298b | 0xff | 0xff
[OK ]  |  1420 | 0x0000298c | 0x8e | 0x8e
[OK ]  |  1421 | 0x0000298d | 0x1d | 0x1d
[OK ]  |  1422 | 0x0000298e | 0x00 | 0x00
[OK ]  |  1423 | 0x0000298f | 0x00 | 0x00
[OK ]  |  1424 | 0x00002990 | 0x21 | 0x21
[OK ]  |  1425 | 0x00002991 | 0x18 | 0x18
[OK ]  |  1426 | 0x00002992 | 0xff | 0xff
[OK ]  |  1427 | 0x00002993 | 0xff | 0xff
[OK ]  |  1428 | 0x00002994 | 0xd7 | 0xd7
[OK ]  |  1429 | 0x00002995 | 0x0e | 0x0e
[OK ]  |  1430 | 0x00002996 | 0x00 | 0x00
[OK ]  |  1431 | 0x00002997 | 0x00 | 0x00
[OK ]  |  1432 | 0x00002998 | 0xf6 | 0xf6
[OK ]  |  1433 | 0x00002999 | 0x40 | 0x40
[OK ]  |  1434 | 0x0000299a | 0x01 | 0x01
[OK ]  |  1435 | 0x0000299b | 0x00 | 0x00
[OK ]  |  1436 | 0x0000299c | 0xc5 | 0xc5
[OK ]  |  1437 | 0x0000299d | 0xdb | 0xdb
[OK ]  |  1438 | 0x0000299e | 0xff | 0xff
[OK ]  |  1439 | 0x0000299f | 0xff | 0xff
[OK ]  |  1440 | 0x000029a0 | 0x42 | 0x42
[OK ]  |  1441 | 0x000029a1 | 0xe5 | 0xe5
[OK ]  |  1442 | 0x000029a2 | 0xff | 0xff
[OK ]  |  1443 | 0x000029a3 | 0xff | 0xff
[OK ]  |  1444 | 0x000029a4 | 0x02 | 0x02
[OK ]  |  1445 | 0x000029a5 | 0x51 | 0x51
[OK ]  |  1446 | 0x000029a6 | 0x02 | 0x02
[OK ]  |  1447 | 0x000029a7 | 0x00 | 0x00
[OK ]  |  1448 | 0x000029a8 | 0x29 | 0x29
[OK ]  |  1449 | 0x000029a9 | 0xa3 | 0xa3
[OK ]  |  1450 | 0x000029aa | 0x00 | 0x00
[OK ]  |  1451 | 0x000029ab | 0x00 | 0x00
[OK ]  |  1452 | 0x000029ac | 0xc1 | 0xc1
[OK ]  |  1453 | 0x000029ad | 0xd1 | 0xd1
[OK ]  |  1454 | 0x000029ae | 0xfe | 0xfe
[OK ]  |  1455 | 0x000029af | 0xff | 0xff
[OK ]  |  1456 | 0x000029b0 | 0x13 | 0x13
[OK ]  |  1457 | 0x000029b1 | 0x1e | 0x1e
[OK ]  |  1458 | 0x000029b2 | 0xff | 0xff
[OK ]  |  1459 | 0x000029b3 | 0xff | 0xff
[OK ]  |  1460 | 0x000029b4 | 0xf8 | 0xf8
[OK ]  |  1461 | 0x000029b5 | 0x0b | 0x0b
[OK ]  |  1462 | 0x000029b6 | 0x00 | 0x00
[OK ]  |  1463 | 0x000029b7 | 0x00 | 0x00
[OK ]  |  1464 | 0x000029b8 | 0xd5 | 0xd5
[OK ]  |  1465 | 0x000029b9 | 0x85 | 0x85
[OK ]  |  1466 | 0x000029ba | 0x00 | 0x00
[OK ]  |  1467 | 0x000029bb | 0x00 | 0x00
[OK ]  |  1468 | 0x000029bc | 0x5e | 0x5e
[OK ]  |  1469 | 0x000029bd | 0x59 | 0x59
[OK ]  |  1470 | 0x000029be | 0x00 | 0x00
[OK ]  |  1471 | 0x000029bf | 0x00 | 0x00
[OK ]  |  1472 | 0x000029c0 | 0x4a | 0x4a
[OK ]  |  1473 | 0x000029c1 | 0x0b | 0x0b
[OK ]  |  1474 | 0x000029c2 | 0xfe | 0xfe
[OK ]  |  1475 | 0x000029c3 | 0xff | 0xff
[OK ]  |  1476 | 0x000029c4 | 0x83 | 0x83
[OK ]  |  1477 | 0x000029c5 | 0x4b | 0x4b
[OK ]  |  1478 | 0x000029c6 | 0x00 | 0x00
[OK ]  |  1479 | 0x000029c7 | 0x00 | 0x00
[OK ]  |  1480 | 0x000029c8 | 0xf4 | 0xf4
[OK ]  |  1481 | 0x000029c9 | 0x83 | 0x83
[OK ]  |  1482 | 0x000029ca | 0x00 | 0x00
[OK ]  |  1483 | 0x000029cb | 0x00 | 0x00
[OK ]  |  1484 | 0x000029cc | 0x12 | 0x12
[OK ]  |  1485 | 0x000029cd | 0xcd | 0xcd
[OK ]  |  1486 | 0x000029ce | 0xff | 0xff
[OK ]  |  1487 | 0x000029cf | 0xff | 0xff
[OK ]  |  1488 | 0x000029d0 | 0x75 | 0x75
[OK ]  |  1489 | 0x000029d1 | 0x21 | 0x21
[OK ]  |  1490 | 0x000029d2 | 0x01 | 0x01
[OK ]  |  1491 | 0x000029d3 | 0x00 | 0x00
[OK ]  |  1492 | 0x000029d4 | 0xa6 | 0xa6
[OK ]  |  1493 | 0x000029d5 | 0x36 | 0x36
[OK ]  |  1494 | 0x000029d6 | 0x01 | 0x01
[OK ]  |  1495 | 0x000029d7 | 0x00 | 0x00
[OK ]  |  1496 | 0x000029d8 | 0xed | 0xed
[OK ]  |  1497 | 0x000029d9 | 0xf0 | 0xf0
[OK ]  |  1498 | 0x000029da | 0xff | 0xff
[OK ]  |  1499 | 0x000029db | 0xff | 0xff
[OK ]  |  1500 | 0x000029dc | 0xd9 | 0xd9
[OK ]  |  1501 | 0x000029dd | 0x71 | 0x71
[OK ]  |  1502 | 0x000029de | 0xff | 0xff
[OK ]  |  1503 | 0x000029df | 0xff | 0xff
[OK ]  |  1504 | 0x000029e0 | 0x02 | 0x02
[OK ]  |  1505 | 0x000029e1 | 0x9f | 0x9f
[OK ]  |  1506 | 0x000029e2 | 0xff | 0xff
[OK ]  |  1507 | 0x000029e3 | 0xff | 0xff
[OK ]  |  1508 | 0x000029e4 | 0x4c | 0x4c
[OK ]  |  1509 | 0x000029e5 | 0xcb | 0xcb
[OK ]  |  1510 | 0x000029e6 | 0xff | 0xff
[OK ]  |  1511 | 0x000029e7 | 0xff | 0xff
[OK ]  |  1512 | 0x000029e8 | 0x52 | 0x52
[OK ]  |  1513 | 0x000029e9 | 0x82 | 0x82
[OK ]  |  1514 | 0x000029ea | 0x00 | 0x00
[OK ]  |  1515 | 0x000029eb | 0x00 | 0x00
[OK ]  |  1516 | 0x000029ec | 0x17 | 0x17
[OK ]  |  1517 | 0x000029ed | 0xcb | 0xcb
[OK ]  |  1518 | 0x000029ee | 0x00 | 0x00
[OK ]  |  1519 | 0x000029ef | 0x00 | 0x00
[OK ]  |  1520 | 0x000029f0 | 0xdc | 0xdc
[OK ]  |  1521 | 0x000029f1 | 0xbd | 0xbd
[OK ]  |  1522 | 0x000029f2 | 0x00 | 0x00
[OK ]  |  1523 | 0x000029f3 | 0x00 | 0x00
[OK ]  |  1524 | 0x000029f4 | 0xa7 | 0xa7
[OK ]  |  1525 | 0x000029f5 | 0xb1 | 0xb1
[OK ]  |  1526 | 0x000029f6 | 0xff | 0xff
[OK ]  |  1527 | 0x000029f7 | 0xff | 0xff
[OK ]  |  1528 | 0x000029f8 | 0x0b | 0x0b
[OK ]  |  1529 | 0x000029f9 | 0x6e | 0x6e
[OK ]  |  1530 | 0x000029fa | 0xff | 0xff
[OK ]  |  1531 | 0x000029fb | 0xff | 0xff
[OK ]  |  1532 | 0x000029fc | 0xf3 | 0xf3
[OK ]  |  1533 | 0x000029fd | 0xc3 | 0xc3
[OK ]  |  1534 | 0x000029fe | 0xff | 0xff
[OK ]  |  1535 | 0x000029ff | 0xff | 0xff
[OK ]  |  1536 | 0x00002a00 | 0x81 | 0x81
[OK ]  |  1537 | 0x00002a01 | 0x35 | 0x35
[OK ]  |  1538 | 0x00002a02 | 0x00 | 0x00
[OK ]  |  1539 | 0x00002a03 | 0x00 | 0x00
[OK ]  |  1540 | 0x00002a04 | 0xb9 | 0xb9
[OK ]  |  1541 | 0x00002a05 | 0x8b | 0x8b
[OK ]  |  1542 | 0x00002a06 | 0x00 | 0x00
[OK ]  |  1543 | 0x00002a07 | 0x00 | 0x00
[OK ]  |  1544 | 0x00002a08 | 0x99 | 0x99
[OK ]  |  1545 | 0x00002a09 | 0xd5 | 0xd5
[OK ]  |  1546 | 0x00002a0a | 0xff | 0xff
[OK ]  |  1547 | 0x00002a0b | 0xff | 0xff
[OK ]  |  1548 | 0x00002a0c | 0xfa | 0xfa
[OK ]  |  1549 | 0x00002a0d | 0xe8 | 0xe8
[OK ]  |  1550 | 0x00002a0e | 0xfe | 0xfe
[OK ]  |  1551 | 0x00002a0f | 0xff | 0xff
[OK ]  |  1552 | 0x00002a10 | 0x0b | 0x0b
[OK ]  |  1553 | 0x00002a11 | 0xd0 | 0xd0
[OK ]  |  1554 | 0x00002a12 | 0xfe | 0xfe
[OK ]  |  1555 | 0x00002a13 | 0xff | 0xff
[OK ]  |  1556 | 0x00002a14 | 0xfb | 0xfb
[OK ]  |  1557 | 0x00002a15 | 0x9d | 0x9d
[OK ]  |  1558 | 0x00002a16 | 0xff | 0xff
[OK ]  |  1559 | 0x00002a17 | 0xff | 0xff
[OK ]  |  1560 | 0x00002a18 | 0x27 | 0x27
[OK ]  |  1561 | 0x00002a19 | 0x7b | 0x7b
[OK ]  |  1562 | 0x00002a1a | 0x00 | 0x00
[OK ]  |  1563 | 0x00002a1b | 0x00 | 0x00
[OK ]  |  1564 | 0x00002a1c | 0x22 | 0x22
[OK ]  |  1565 | 0x00002a1d | 0x45 | 0x45
[OK ]  |  1566 | 0x00002a1e | 0xff | 0xff
[OK ]  |  1567 | 0x00002a1f | 0xff | 0xff
[OK ]  |  1568 | 0x00002a20 | 0x6a | 0x6a
[OK ]  |  1569 | 0x00002a21 | 0x55 | 0x55
[OK ]  |  1570 | 0x00002a22 | 0xff | 0xff
[OK ]  |  1571 | 0x00002a23 | 0xff | 0xff
[OK ]  |  1572 | 0x00002a24 | 0xe4 | 0xe4
[OK ]  |  1573 | 0x00002a25 | 0x13 | 0x13
[OK ]  |  1574 | 0x00002a26 | 0x01 | 0x01
[OK ]  |  1575 | 0x00002a27 | 0x00 | 0x00
[OK ]  |  1576 | 0x00002a28 | 0x79 | 0x79
[OK ]  |  1577 | 0x00002a29 | 0xe0 | 0xe0
[OK ]  |  1578 | 0x00002a2a | 0x00 | 0x00
[OK ]  |  1579 | 0x00002a2b | 0x00 | 0x00
[OK ]  |  1580 | 0x00002a2c | 0xcf | 0xcf
[OK ]  |  1581 | 0x00002a2d | 0xe0 | 0xe0
[OK ]  |  1582 | 0x00002a2e | 0xff | 0xff
[OK ]  |  1583 | 0x00002a2f | 0xff | 0xff
[OK ]  |  1584 | 0x00002a30 | 0x74 | 0x74
[OK ]  |  1585 | 0x00002a31 | 0x85 | 0x85
[OK ]  |  1586 | 0x00002a32 | 0xff | 0xff
[OK ]  |  1587 | 0x00002a33 | 0xff | 0xff
[OK ]  |  1588 | 0x00002a34 | 0xd2 | 0xd2
[OK ]  |  1589 | 0x00002a35 | 0x16 | 0x16
[OK ]  |  1590 | 0x00002a36 | 0x00 | 0x00
[OK ]  |  1591 | 0x00002a37 | 0x00 | 0x00
[OK ]  |  1592 | 0x00002a38 | 0x9c | 0x9c
[OK ]  |  1593 | 0x00002a39 | 0x0a | 0x0a
[OK ]  |  1594 | 0x00002a3a | 0xff | 0xff
[OK ]  |  1595 | 0x00002a3b | 0xff | 0xff
[OK ]  |  1596 | 0x00002a3c | 0xc4 | 0xc4
[OK ]  |  1597 | 0x00002a3d | 0x79 | 0x79
[OK ]  |  1598 | 0x00002a3e | 0xff | 0xff
[OK ]  |  1599 | 0x00002a3f | 0xff | 0xff
[OK ]  |  1600 | 0x00002a40 | 0x96 | 0x96
[OK ]  |  1601 | 0x00002a41 | 0x44 | 0x44
[OK ]  |  1602 | 0x00002a42 | 0x01 | 0x01
[OK ]  |  1603 | 0x00002a43 | 0x00 | 0x00
[OK ]  |  1604 | 0x00002a44 | 0x6f | 0x6f
[OK ]  |  1605 | 0x00002a45 | 0x5f | 0x5f
[OK ]  |  1606 | 0x00002a46 | 0x00 | 0x00
[OK ]  |  1607 | 0x00002a47 | 0x00 | 0x00
[OK ]  |  1608 | 0x00002a48 | 0x7b | 0x7b
[OK ]  |  1609 | 0x00002a49 | 0x19 | 0x19
[OK ]  |  1610 | 0x00002a4a | 0x01 | 0x01
[OK ]  |  1611 | 0x00002a4b | 0x00 | 0x00
[OK ]  |  1612 | 0x00002a4c | 0x97 | 0x97
[OK ]  |  1613 | 0x00002a4d | 0xa4 | 0xa4
[OK ]  |  1614 | 0x00002a4e | 0xff | 0xff
[OK ]  |  1615 | 0x00002a4f | 0xff | 0xff
[OK ]  |  1616 | 0x00002a50 | 0x9c | 0x9c
[OK ]  |  1617 | 0x00002a51 | 0x37 | 0x37
[OK ]  |  1618 | 0x00002a52 | 0x00 | 0x00
[OK ]  |  1619 | 0x00002a53 | 0x00 | 0x00
[OK ]  |  1620 | 0x00002a54 | 0x38 | 0x38
[OK ]  |  1621 | 0x00002a55 | 0x1c | 0x1c
[OK ]  |  1622 | 0x00002a56 | 0x00 | 0x00
[OK ]  |  1623 | 0x00002a57 | 0x00 | 0x00
[OK ]  |  1624 | 0x00002a58 | 0xb8 | 0xb8
[OK ]  |  1625 | 0x00002a59 | 0xd5 | 0xd5
[OK ]  |  1626 | 0x00002a5a | 0xfe | 0xfe
[OK ]  |  1627 | 0x00002a5b | 0xff | 0xff
[OK ]  |  1628 | 0x00002a5c | 0x67 | 0x67
[OK ]  |  1629 | 0x00002a5d | 0x7f | 0x7f
[OK ]  |  1630 | 0x00002a5e | 0x00 | 0x00
[OK ]  |  1631 | 0x00002a5f | 0x00 | 0x00
[OK ]  |  1632 | 0x00002a60 | 0x3c | 0x3c
[OK ]  |  1633 | 0x00002a61 | 0xc5 | 0xc5
[OK ]  |  1634 | 0x00002a62 | 0xff | 0xff
[OK ]  |  1635 | 0x00002a63 | 0xff | 0xff
[OK ]  |  1636 | 0x00002a64 | 0xd2 | 0xd2
[OK ]  |  1637 | 0x00002a65 | 0xa1 | 0xa1
[OK ]  |  1638 | 0x00002a66 | 0x00 | 0x00
[OK ]  |  1639 | 0x00002a67 | 0x00 | 0x00
[OK ]  |  1640 | 0x00002a68 | 0xf2 | 0xf2
[OK ]  |  1641 | 0x00002a69 | 0xc0 | 0xc0
[OK ]  |  1642 | 0x00002a6a | 0xff | 0xff
[OK ]  |  1643 | 0x00002a6b | 0xff | 0xff
[OK ]  |  1644 | 0x00002a6c | 0xd9 | 0xd9
[OK ]  |  1645 | 0x00002a6d | 0xa3 | 0xa3
[OK ]  |  1646 | 0x00002a6e | 0xfe | 0xfe
[OK ]  |  1647 | 0x00002a6f | 0xff | 0xff
[OK ]  |  1648 | 0x00002a70 | 0x91 | 0x91
[OK ]  |  1649 | 0x00002a71 | 0x1e | 0x1e
[OK ]  |  1650 | 0x00002a72 | 0xff | 0xff
[OK ]  |  1651 | 0x00002a73 | 0xff | 0xff
[OK ]  |  1652 | 0x00002a74 | 0xc5 | 0xc5
[OK ]  |  1653 | 0x00002a75 | 0xf6 | 0xf6
[OK ]  |  1654 | 0x00002a76 | 0xff | 0xff
[OK ]  |  1655 | 0x00002a77 | 0xff | 0xff
[OK ]  |  1656 | 0x00002a78 | 0xf5 | 0xf5
[OK ]  |  1657 | 0x00002a79 | 0x6e | 0x6e
[OK ]  |  1658 | 0x00002a7a | 0x00 | 0x00
[OK ]  |  1659 | 0x00002a7b | 0x00 | 0x00
[OK ]  |  1660 | 0x00002a7c | 0x37 | 0x37
[OK ]  |  1661 | 0x00002a7d | 0xc0 | 0xc0
[OK ]  |  1662 | 0x00002a7e | 0xfe | 0xfe
[OK ]  |  1663 | 0x00002a7f | 0xff | 0xff
[OK ]  |  1664 | 0x00002a80 | 0x6e | 0x6e
[OK ]  |  1665 | 0x00002a81 | 0x74 | 0x74
[OK ]  |  1666 | 0x00002a82 | 0xff | 0xff
[OK ]  |  1667 | 0x00002a83 | 0xff | 0xff
[OK ]  |  1668 | 0x00002a84 | 0x7d | 0x7d
[OK ]  |  1669 | 0x00002a85 | 0xfa | 0xfa
[OK ]  |  1670 | 0x00002a86 | 0x01 | 0x01
[OK ]  |  1671 | 0x00002a87 | 0x00 | 0x00
[OK ]  |  1672 | 0x00002a88 | 0x21 | 0x21
[OK ]  |  1673 | 0x00002a89 | 0xd0 | 0xd0
[OK ]  |  1674 | 0x00002a8a | 0xff | 0xff
[OK ]  |  1675 | 0x00002a8b | 0xff | 0xff
[OK ]  |  1676 | 0x00002a8c | 0xa8 | 0xa8
[OK ]  |  1677 | 0x00002a8d | 0x5c | 0x5c
[OK ]  |  1678 | 0x00002a8e | 0xff | 0xff
[OK ]  |  1679 | 0x00002a8f | 0xff | 0xff
[OK ]  |  1680 | 0x00002a90 | 0xb7 | 0xb7
[OK ]  |  1681 | 0x00002a91 | 0x68 | 0x68
[OK ]  |  1682 | 0x00002a92 | 0x00 | 0x00
[OK ]  |  1683 | 0x00002a93 | 0x00 | 0x00
[OK ]  |  1684 | 0x00002a94 | 0x6f | 0x6f
[OK ]  |  1685 | 0x00002a95 | 0x53 | 0x53
[OK ]  |  1686 | 0x00002a96 | 0xff | 0xff
[OK ]  |  1687 | 0x00002a97 | 0xff | 0xff
[OK ]  |  1688 | 0x00002a98 | 0x76 | 0x76
[OK ]  |  1689 | 0x00002a99 | 0xfe | 0xfe
[OK ]  |  1690 | 0x00002a9a | 0xff | 0xff
[OK ]  |  1691 | 0x00002a9b | 0xff | 0xff
[OK ]  |  1692 | 0x00002a9c | 0xb1 | 0xb1
[OK ]  |  1693 | 0x00002a9d | 0xee | 0xee
[OK ]  |  1694 | 0x00002a9e | 0x00 | 0x00
[OK ]  |  1695 | 0x00002a9f | 0x00 | 0x00
[OK ]  |  1696 | 0x00002aa0 | 0x1b | 0x1b
[OK ]  |  1697 | 0x00002aa1 | 0x23 | 0x23
[OK ]  |  1698 | 0x00002aa2 | 0x00 | 0x00
[OK ]  |  1699 | 0x00002aa3 | 0x00 | 0x00
[OK ]  |  1700 | 0x00002aa4 | 0x00 | 0x00
[OK ]  |  1701 | 0x00002aa5 | 0x3a | 0x3a
[OK ]  |  1702 | 0x00002aa6 | 0xff | 0xff
[OK ]  |  1703 | 0x00002aa7 | 0xff | 0xff
[OK ]  |  1704 | 0x00002aa8 | 0x9b | 0x9b
[OK ]  |  1705 | 0x00002aa9 | 0xc8 | 0xc8
[OK ]  |  1706 | 0x00002aaa | 0xff | 0xff
[OK ]  |  1707 | 0x00002aab | 0xff | 0xff
[OK ]  |  1708 | 0x00002aac | 0xab | 0xab
[OK ]  |  1709 | 0x00002aad | 0x86 | 0x86
[OK ]  |  1710 | 0x00002aae | 0x00 | 0x00
[OK ]  |  1711 | 0x00002aaf | 0x00 | 0x00
[OK ]  |  1712 | 0x00002ab0 | 0x83 | 0x83
[OK ]  |  1713 | 0x00002ab1 | 0x9a | 0x9a
[OK ]  |  1714 | 0x00002ab2 | 0x00 | 0x00
[OK ]  |  1715 | 0x00002ab3 | 0x00 | 0x00
[OK ]  |  1716 | 0x00002ab4 | 0x17 | 0x17
[OK ]  |  1717 | 0x00002ab5 | 0xc2 | 0xc2
[OK ]  |  1718 | 0x00002ab6 | 0xff | 0xff
[OK ]  |  1719 | 0x00002ab7 | 0xff | 0xff
[OK ]  |  1720 | 0x00002ab8 | 0x0b | 0x0b
[OK ]  |  1721 | 0x00002ab9 | 0xd5 | 0xd5
[OK ]  |  1722 | 0x00002aba | 0xff | 0xff
[OK ]  |  1723 | 0x00002abb | 0xff | 0xff
[OK ]  |  1724 | 0x00002abc | 0xfa | 0xfa
[OK ]  |  1725 | 0x00002abd | 0x58 | 0x58
[OK ]  |  1726 | 0x00002abe | 0x00 | 0x00
[OK ]  |  1727 | 0x00002abf | 0x00 | 0x00
[OK ]  |  1728 | 0x00002ac0 | 0x9b | 0x9b
[OK ]  |  1729 | 0x00002ac1 | 0x91 | 0x91
[OK ]  |  1730 | 0x00002ac2 | 0x00 | 0x00
[OK ]  |  1731 | 0x00002ac3 | 0x00 | 0x00
[OK ]  |  1732 | 0x00002ac4 | 0x18 | 0x18
[OK ]  |  1733 | 0x00002ac5 | 0x94 | 0x94
[OK ]  |  1734 | 0x00002ac6 | 0xff | 0xff
[OK ]  |  1735 | 0x00002ac7 | 0xff | 0xff
[OK ]  |  1736 | 0x00002ac8 | 0x86 | 0x86
[OK ]  |  1737 | 0x00002ac9 | 0x95 | 0x95
[OK ]  |  1738 | 0x00002aca | 0x00 | 0x00
[OK ]  |  1739 | 0x00002acb | 0x00 | 0x00
[OK ]  |  1740 | 0x00002acc | 0x3c | 0x3c
[OK ]  |  1741 | 0x00002acd | 0x2e | 0x2e
[OK ]  |  1742 | 0x00002ace | 0x00 | 0x00
[OK ]  |  1743 | 0x00002acf | 0x00 | 0x00
[OK ]  |  1744 | 0x00002ad0 | 0x2a | 0x2a
[OK ]  |  1745 | 0x00002ad1 | 0xd5 | 0xd5
[OK ]  |  1746 | 0x00002ad2 | 0xff | 0xff
[OK ]  |  1747 | 0x00002ad3 | 0xff | 0xff
[OK ]  |  1748 | 0x00002ad4 | 0x72 | 0x72
[OK ]  |  1749 | 0x00002ad5 | 0xf5 | 0xf5
[OK ]  |  1750 | 0x00002ad6 | 0xff | 0xff
[OK ]  |  1751 | 0x00002ad7 | 0xff | 0xff
[OK ]  |  1752 | 0x00002ad8 | 0x7b | 0x7b
[OK ]  |  1753 | 0x00002ad9 | 0x69 | 0x69
[OK ]  |  1754 | 0x00002ada | 0xff | 0xff
[OK ]  |  1755 | 0x00002adb | 0xff | 0xff
[OK ]  |  1756 | 0x00002adc | 0xa6 | 0xa6
[OK ]  |  1757 | 0x00002add | 0xb8 | 0xb8
[OK ]  |  1758 | 0x00002ade | 0x00 | 0x00
[OK ]  |  1759 | 0x00002adf | 0x00 | 0x00
[OK ]  |  1760 | 0x00002ae0 | 0xf5 | 0xf5
[OK ]  |  1761 | 0x00002ae1 | 0x4f | 0x4f
[OK ]  |  1762 | 0x00002ae2 | 0xff | 0xff
[OK ]  |  1763 | 0x00002ae3 | 0xff | 0xff
[OK ]  |  1764 | 0x00002ae4 | 0xf9 | 0xf9
[OK ]  |  1765 | 0x00002ae5 | 0xe6 | 0xe6
[OK ]  |  1766 | 0x00002ae6 | 0x00 | 0x00
[OK ]  |  1767 | 0x00002ae7 | 0x00 | 0x00
[OK ]  |  1768 | 0x00002ae8 | 0xe8 | 0xe8
[OK ]  |  1769 | 0x00002ae9 | 0x48 | 0x48
[OK ]  |  1770 | 0x00002aea | 0xff | 0xff
[OK ]  |  1771 | 0x00002aeb | 0xff | 0xff
[OK ]  |  1772 | 0x00002aec | 0x49 | 0x49
[OK ]  |  1773 | 0x00002aed | 0x40 | 0x40
[OK ]  |  1774 | 0x00002aee | 0xff | 0xff
[OK ]  |  1775 | 0x00002aef | 0xff | 0xff
[OK ]  |  1776 | 0x00002af0 | 0x1d | 0x1d
[OK ]  |  1777 | 0x00002af1 | 0x9f | 0x9f
[OK ]  |  1778 | 0x00002af2 | 0x00 | 0x00
[OK ]  |  1779 | 0x00002af3 | 0x00 | 0x00
[OK ]  |  1780 | 0x00002af4 | 0x48 | 0x48
[OK ]  |  1781 | 0x00002af5 | 0x50 | 0x50
[OK ]  |  1782 | 0x00002af6 | 0x00 | 0x00
[OK ]  |  1783 | 0x00002af7 | 0x00 | 0x00
[OK ]  |  1784 | 0x00002af8 | 0x1b | 0x1b
[OK ]  |  1785 | 0x00002af9 | 0xfa | 0xfa
[OK ]  |  1786 | 0x00002afa | 0x00 | 0x00
[OK ]  |  1787 | 0x00002afb | 0x00 | 0x00
[OK ]  |  1788 | 0x00002afc | 0xcf | 0xcf
[OK ]  |  1789 | 0x00002afd | 0xd3 | 0xd3
[OK ]  |  1790 | 0x00002afe | 0xff | 0xff
[OK ]  |  1791 | 0x00002aff | 0xff | 0xff
[OK ]  |  1792 | 0x00002b00 | 0xa3 | 0xa3
[OK ]  |  1793 | 0x00002b01 | 0x54 | 0x54
[OK ]  |  1794 | 0x00002b02 | 0xff | 0xff
[OK ]  |  1795 | 0x00002b03 | 0xff | 0xff
[OK ]  |  1796 | 0x00002b04 | 0x94 | 0x94
[OK ]  |  1797 | 0x00002b05 | 0x1d | 0x1d
[OK ]  |  1798 | 0x00002b06 | 0x00 | 0x00
[OK ]  |  1799 | 0x00002b07 | 0x00 | 0x00
[OK ]  |  1800 | 0x00002b08 | 0x1f | 0x1f
[OK ]  |  1801 | 0x00002b09 | 0xa2 | 0xa2
[OK ]  |  1802 | 0x00002b0a | 0x00 | 0x00
[OK ]  |  1803 | 0x00002b0b | 0x00 | 0x00
[OK ]  |  1804 | 0x00002b0c | 0x67 | 0x67
[OK ]  |  1805 | 0x00002b0d | 0x7b | 0x7b
[OK ]  |  1806 | 0x00002b0e | 0xff | 0xff
[OK ]  |  1807 | 0x00002b0f | 0xff | 0xff
[OK ]  |  1808 | 0x00002b10 | 0xfd | 0xfd
[OK ]  |  1809 | 0x00002b11 | 0x39 | 0x39
[OK ]  |  1810 | 0x00002b12 | 0x00 | 0x00
[OK ]  |  1811 | 0x00002b13 | 0x00 | 0x00
[OK ]  |  1812 | 0x00002b14 | 0xef | 0xef
[OK ]  |  1813 | 0x00002b15 | 0x1f | 0x1f
[OK ]  |  1814 | 0x00002b16 | 0x00 | 0x00
[OK ]  |  1815 | 0x00002b17 | 0x00 | 0x00
[OK ]  |  1816 | 0x00002b18 | 0x90 | 0x90
[OK ]  |  1817 | 0x00002b19 | 0x3a | 0x3a
[OK ]  |  1818 | 0x00002b1a | 0xff | 0xff
[OK ]  |  1819 | 0x00002b1b | 0xff | 0xff
[OK ]  |  1820 | 0x00002b1c | 0x17 | 0x17
[OK ]  |  1821 | 0x00002b1d | 0x37 | 0x37
[OK ]  |  1822 | 0x00002b1e | 0x01 | 0x01
[OK ]  |  1823 | 0x00002b1f | 0x00 | 0x00
[OK ]  |  1824 | 0x00002b20 | 0x73 | 0x73
[OK ]  |  1825 | 0x00002b21 | 0xc4 | 0xc4
[OK ]  |  1826 | 0x00002b22 | 0x00 | 0x00
[OK ]  |  1827 | 0x00002b23 | 0x00 | 0x00
[OK ]  |  1828 | 0x00002b24 | 0x65 | 0x65
[OK ]  |  1829 | 0x00002b25 | 0x48 | 0x48
[OK ]  |  1830 | 0x00002b26 | 0xff | 0xff
[OK ]  |  1831 | 0x00002b27 | 0xff | 0xff
[OK ]  |  1832 | 0x00002b28 | 0x9e | 0x9e
[OK ]  |  1833 | 0x00002b29 | 0xe8 | 0xe8
[OK ]  |  1834 | 0x00002b2a | 0x00 | 0x00
[OK ]  |  1835 | 0x00002b2b | 0x00 | 0x00
[OK ]  |  1836 | 0x00002b2c | 0x5e | 0x5e
[OK ]  |  1837 | 0x00002b2d | 0x64 | 0x64
[OK ]  |  1838 | 0x00002b2e | 0x01 | 0x01
[OK ]  |  1839 | 0x00002b2f | 0x00 | 0x00
[OK ]  |  1840 | 0x00002b30 | 0x8a | 0x8a
[OK ]  |  1841 | 0x00002b31 | 0x56 | 0x56
[OK ]  |  1842 | 0x00002b32 | 0xff | 0xff
[OK ]  |  1843 | 0x00002b33 | 0xff | 0xff
[OK ]  |  1844 | 0x00002b34 | 0x87 | 0x87
[OK ]  |  1845 | 0x00002b35 | 0x66 | 0x66
[OK ]  |  1846 | 0x00002b36 | 0xff | 0xff
[OK ]  |  1847 | 0x00002b37 | 0xff | 0xff
[OK ]  |  1848 | 0x00002b38 | 0xaf | 0xaf
[OK ]  |  1849 | 0x00002b39 | 0x40 | 0x40
[OK ]  |  1850 | 0x00002b3a | 0x00 | 0x00
[OK ]  |  1851 | 0x00002b3b | 0x00 | 0x00
[OK ]  |  1852 | 0x00002b3c | 0xb8 | 0xb8
[OK ]  |  1853 | 0x00002b3d | 0x1f | 0x1f
[OK ]  |  1854 | 0x00002b3e | 0x00 | 0x00
[OK ]  |  1855 | 0x00002b3f | 0x00 | 0x00
[OK ]  |  1856 | 0x00002b40 | 0x7c | 0x7c
[OK ]  |  1857 | 0x00002b41 | 0x88 | 0x88
[OK ]  |  1858 | 0x00002b42 | 0xff | 0xff
[OK ]  |  1859 | 0x00002b43 | 0xff | 0xff
[OK ]  |  1860 | 0x00002b44 | 0x0d | 0x0d
[OK ]  |  1861 | 0x00002b45 | 0x1c | 0x1c
[OK ]  |  1862 | 0x00002b46 | 0xff | 0xff
[OK ]  |  1863 | 0x00002b47 | 0xff | 0xff
[OK ]  |  1864 | 0x00002b48 | 0x59 | 0x59
[OK ]  |  1865 | 0x00002b49 | 0x65 | 0x65
[OK ]  |  1866 | 0x00002b4a | 0xff | 0xff
[OK ]  |  1867 | 0x00002b4b | 0xff | 0xff
[OK ]  |  1868 | 0x00002b4c | 0x0f | 0x0f
[OK ]  |  1869 | 0x00002b4d | 0x3d | 0x3d
[OK ]  |  1870 | 0x00002b4e | 0x01 | 0x01
[OK ]  |  1871 | 0x00002b4f | 0x00 | 0x00
[OK ]  |  1872 | 0x00002b50 | 0xba | 0xba
[OK ]  |  1873 | 0x00002b51 | 0x3d | 0x3d
[OK ]  |  1874 | 0x00002b52 | 0x00 | 0x00
[OK ]  |  1875 | 0x00002b53 | 0x00 | 0x00
[OK ]  |  1876 | 0x00002b54 | 0xa1 | 0xa1
[OK ]  |  1877 | 0x00002b55 | 0x98 | 0x98
[OK ]  |  1878 | 0x00002b56 | 0x00 | 0x00
[OK ]  |  1879 | 0x00002b57 | 0x00 | 0x00
[OK ]  |  1880 | 0x00002b58 | 0xfc | 0xfc
[OK ]  |  1881 | 0x00002b59 | 0x76 | 0x76
[OK ]  |  1882 | 0x00002b5a | 0xff | 0xff
[OK ]  |  1883 | 0x00002b5b | 0xff | 0xff
[OK ]  |  1884 | 0x00002b5c | 0xa1 | 0xa1
[OK ]  |  1885 | 0x00002b5d | 0xd5 | 0xd5
[OK ]  |  1886 | 0x00002b5e | 0x00 | 0x00
[OK ]  |  1887 | 0x00002b5f | 0x00 | 0x00
[OK ]  |  1888 | 0x00002b60 | 0x91 | 0x91
[OK ]  |  1889 | 0x00002b61 | 0xe6 | 0xe6
[OK ]  |  1890 | 0x00002b62 | 0xfe | 0xfe
[OK ]  |  1891 | 0x00002b63 | 0xff | 0xff
[OK ]  |  1892 | 0x00002b64 | 0xb4 | 0xb4
[OK ]  |  1893 | 0x00002b65 | 0x19 | 0x19
[OK ]  |  1894 | 0x00002b66 | 0x00 | 0x00
[OK ]  |  1895 | 0x00002b67 | 0x00 | 0x00
[OK ]  |  1896 | 0x00002b68 | 0x4d | 0x4d
[OK ]  |  1897 | 0x00002b69 | 0xda | 0xda
[OK ]  |  1898 | 0x00002b6a | 0xff | 0xff
[OK ]  |  1899 | 0x00002b6b | 0xff | 0xff
[OK ]  |  1900 | 0x00002b6c | 0x0b | 0x0b
[OK ]  |  1901 | 0x00002b6d | 0x51 | 0x51
[OK ]  |  1902 | 0x00002b6e | 0x01 | 0x01
[OK ]  |  1903 | 0x00002b6f | 0x00 | 0x00
[OK ]  |  1904 | 0x00002b70 | 0x17 | 0x17
[OK ]  |  1905 | 0x00002b71 | 0x39 | 0x39
[OK ]  |  1906 | 0x00002b72 | 0xff | 0xff
[OK ]  |  1907 | 0x00002b73 | 0xff | 0xff
[OK ]  |  1908 | 0x00002b74 | 0xb1 | 0xb1
[OK ]  |  1909 | 0x00002b75 | 0x09 | 0x09
[OK ]  |  1910 | 0x00002b76 | 0x01 | 0x01
[OK ]  |  1911 | 0x00002b77 | 0x00 | 0x00
[OK ]  |  1912 | 0x00002b78 | 0xd1 | 0xd1
[OK ]  |  1913 | 0x00002b79 | 0x8a | 0x8a
[OK ]  |  1914 | 0x00002b7a | 0x01 | 0x01
[OK ]  |  1915 | 0x00002b7b | 0x00 | 0x00
[OK ]  |  1916 | 0x00002b7c | 0x71 | 0x71
[OK ]  |  1917 | 0x00002b7d | 0x00 | 0x00
[OK ]  |  1918 | 0x00002b7e | 0x00 | 0x00
[OK ]  |  1919 | 0x00002b7f | 0x00 | 0x00
[OK ]  |  1920 | 0x00002b80 | 0x43 | 0x43
[OK ]  |  1921 | 0x00002b81 | 0x39 | 0x39
[OK ]  |  1922 | 0x00002b82 | 0x00 | 0x00
[OK ]  |  1923 | 0x00002b83 | 0x00 | 0x00
[OK ]  |  1924 | 0x00002b84 | 0xbf | 0xbf
[OK ]  |  1925 | 0x00002b85 | 0xe0 | 0xe0
[OK ]  |  1926 | 0x00002b86 | 0xff | 0xff
[OK ]  |  1927 | 0x00002b87 | 0xff | 0xff
[OK ]  |  1928 | 0x00002b88 | 0xb8 | 0xb8
[OK ]  |  1929 | 0x00002b89 | 0xa9 | 0xa9
[OK ]  |  1930 | 0x00002b8a | 0xff | 0xff
[OK ]  |  1931 | 0x00002b8b | 0xff | 0xff
[OK ]  |  1932 | 0x00002b8c | 0xbb | 0xbb
[OK ]  |  1933 | 0x00002b8d | 0xc2 | 0xc2
[OK ]  |  1934 | 0x00002b8e | 0x01 | 0x01
[OK ]  |  1935 | 0x00002b8f | 0x00 | 0x00
[OK ]  |  1936 | 0x00002b90 | 0x6b | 0x6b
[OK ]  |  1937 | 0x00002b91 | 0xd2 | 0xd2
[OK ]  |  1938 | 0x00002b92 | 0x01 | 0x01
[OK ]  |  1939 | 0x00002b93 | 0x00 | 0x00
[OK ]  |  1940 | 0x00002b94 | 0x15 | 0x15
[OK ]  |  1941 | 0x00002b95 | 0x37 | 0x37
[OK ]  |  1942 | 0x00002b96 | 0x01 | 0x01
[OK ]  |  1943 | 0x00002b97 | 0x00 | 0x00
[OK ]  |  1944 | 0x00002b98 | 0xdf | 0xdf
[OK ]  |  1945 | 0x00002b99 | 0x29 | 0x29
[OK ]  |  1946 | 0x00002b9a | 0xff | 0xff
[OK ]  |  1947 | 0x00002b9b | 0xff | 0xff
[OK ]  |  1948 | 0x00002b9c | 0x75 | 0x75
[OK ]  |  1949 | 0x00002b9d | 0xd8 | 0xd8
[OK ]  |  1950 | 0x00002b9e | 0xfe | 0xfe
[OK ]  |  1951 | 0x00002b9f | 0xff | 0xff
[OK ]  |  1952 | 0x00002ba0 | 0x3f | 0x3f
[OK ]  |  1953 | 0x00002ba1 | 0x54 | 0x54
[OK ]  |  1954 | 0x00002ba2 | 0xff | 0xff
[OK ]  |  1955 | 0x00002ba3 | 0xff | 0xff
[OK ]  |  1956 | 0x00002ba4 | 0x13 | 0x13
[OK ]  |  1957 | 0x00002ba5 | 0x1f | 0x1f
[OK ]  |  1958 | 0x00002ba6 | 0x00 | 0x00
[OK ]  |  1959 | 0x00002ba7 | 0x00 | 0x00
[OK ]  |  1960 | 0x00002ba8 | 0x98 | 0x98
[OK ]  |  1961 | 0x00002ba9 | 0xed | 0xed
[OK ]  |  1962 | 0x00002baa | 0xff | 0xff
[OK ]  |  1963 | 0x00002bab | 0xff | 0xff
[OK ]  |  1964 | 0x00002bac | 0x69 | 0x69
[OK ]  |  1965 | 0x00002bad | 0x64 | 0x64
[OK ]  |  1966 | 0x00002bae | 0xff | 0xff
[OK ]  |  1967 | 0x00002baf | 0xff | 0xff
[OK ]  |  1968 | 0x00002bb0 | 0x96 | 0x96
[OK ]  |  1969 | 0x00002bb1 | 0xe2 | 0xe2
[OK ]  |  1970 | 0x00002bb2 | 0xff | 0xff
[OK ]  |  1971 | 0x00002bb3 | 0xff | 0xff
[OK ]  |  1972 | 0x00002bb4 | 0x30 | 0x30
[OK ]  |  1973 | 0x00002bb5 | 0xdd | 0xdd
[OK ]  |  1974 | 0x00002bb6 | 0xfe | 0xfe
[OK ]  |  1975 | 0x00002bb7 | 0xff | 0xff
[OK ]  |  1976 | 0x00002bb8 | 0x74 | 0x74
[OK ]  |  1977 | 0x00002bb9 | 0x03 | 0x03
[OK ]  |  1978 | 0x00002bba | 0x00 | 0x00
[OK ]  |  1979 | 0x00002bbb | 0x00 | 0x00
[OK ]  |  1980 | 0x00002bbc | 0x46 | 0x46
[OK ]  |  1981 | 0x00002bbd | 0x61 | 0x61
[OK ]  |  1982 | 0x00002bbe | 0x00 | 0x00
[OK ]  |  1983 | 0x00002bbf | 0x00 | 0x00
[OK ]  |  1984 | 0x00002bc0 | 0x30 | 0x30
[OK ]  |  1985 | 0x00002bc1 | 0xdd | 0xdd
[OK ]  |  1986 | 0x00002bc2 | 0x00 | 0x00
[OK ]  |  1987 | 0x00002bc3 | 0x00 | 0x00
[OK ]  |  1988 | 0x00002bc4 | 0xa8 | 0xa8
[OK ]  |  1989 | 0x00002bc5 | 0x49 | 0x49
[OK ]  |  1990 | 0x00002bc6 | 0x00 | 0x00
[OK ]  |  1991 | 0x00002bc7 | 0x00 | 0x00
[OK ]  |  1992 | 0x00002bc8 | 0xe7 | 0xe7
[OK ]  |  1993 | 0x00002bc9 | 0x87 | 0x87
[OK ]  |  1994 | 0x00002bca | 0xff | 0xff
[OK ]  |  1995 | 0x00002bcb | 0xff | 0xff
[OK ]  |  1996 | 0x00002bcc | 0xc2 | 0xc2
[OK ]  |  1997 | 0x00002bcd | 0x49 | 0x49
[OK ]  |  1998 | 0x00002bce | 0x00 | 0x00
[OK ]  |  1999 | 0x00002bcf | 0x00 | 0x00
[OK ]  |  2000 | 0x00002bd0 | 0x75 | 0x75
[OK ]  |  2001 | 0x00002bd1 | 0x3c | 0x3c
[OK ]  |  2002 | 0x00002bd2 | 0x00 | 0x00
[OK ]  |  2003 | 0x00002bd3 | 0x00 | 0x00
[OK ]  |  2004 | 0x00002bd4 | 0xd3 | 0xd3
[OK ]  |  2005 | 0x00002bd5 | 0x06 | 0x06
[OK ]  |  2006 | 0x00002bd6 | 0x02 | 0x02
[OK ]  |  2007 | 0x00002bd7 | 0x00 | 0x00
[OK ]  |  2008 | 0x00002bd8 | 0x6e | 0x6e
[OK ]  |  2009 | 0x00002bd9 | 0xd0 | 0xd0
[OK ]  |  2010 | 0x00002bda | 0xff | 0xff
[OK ]  |  2011 | 0x00002bdb | 0xff | 0xff
[OK ]  |  2012 | 0x00002bdc | 0x4f | 0x4f
[OK ]  |  2013 | 0x00002bdd | 0xd4 | 0xd4
[OK ]  |  2014 | 0x00002bde | 0x00 | 0x00
[OK ]  |  2015 | 0x00002bdf | 0x00 | 0x00
[OK ]  |  2016 | 0x00002be0 | 0x40 | 0x40
[OK ]  |  2017 | 0x00002be1 | 0x75 | 0x75
[OK ]  |  2018 | 0x00002be2 | 0x00 | 0x00
[OK ]  |  2019 | 0x00002be3 | 0x00 | 0x00
[OK ]  |  2020 | 0x00002be4 | 0xfc | 0xfc
[OK ]  |  2021 | 0x00002be5 | 0xc4 | 0xc4
[OK ]  |  2022 | 0x00002be6 | 0xff | 0xff
[OK ]  |  2023 | 0x00002be7 | 0xff | 0xff
[OK ]  |  2024 | 0x00002be8 | 0xc7 | 0xc7
[OK ]  |  2025 | 0x00002be9 | 0xf6 | 0xf6
[OK ]  |  2026 | 0x00002bea | 0xff | 0xff
[OK ]  |  2027 | 0x00002beb | 0xff | 0xff
[OK ]  |  2028 | 0x00002bec | 0x8b | 0x8b
[OK ]  |  2029 | 0x00002bed | 0xac | 0xac
[OK ]  |  2030 | 0x00002bee | 0xfe | 0xfe
[OK ]  |  2031 | 0x00002bef | 0xff | 0xff
[OK ]  |  2032 | 0x00002bf0 | 0xcc | 0xcc
[OK ]  |  2033 | 0x00002bf1 | 0xda | 0xda
[OK ]  |  2034 | 0x00002bf2 | 0xff | 0xff
[OK ]  |  2035 | 0x00002bf3 | 0xff | 0xff
[OK ]  |  2036 | 0x00002bf4 | 0x14 | 0x14
[OK ]  |  2037 | 0x00002bf5 | 0x0f | 0x0f
[OK ]  |  2038 | 0x00002bf6 | 0x00 | 0x00
[OK ]  |  2039 | 0x00002bf7 | 0x00 | 0x00
[OK ]  |  2040 | 0x00002bf8 | 0x79 | 0x79
[OK ]  |  2041 | 0x00002bf9 | 0xe4 | 0xe4
[OK ]  |  2042 | 0x00002bfa | 0xff | 0xff
[OK ]  |  2043 | 0x00002bfb | 0xff | 0xff
[OK ]  |  2044 | 0x00002bfc | 0x77 | 0x77
[OK ]  |  2045 | 0x00002bfd | 0xea | 0xea
[OK ]  |  2046 | 0x00002bfe | 0xff | 0xff
[OK ]  |  2047 | 0x00002bff | 0xff | 0xff
[OK ]  |  2048 | 0x00002c00 | 0x77 | 0x77
[OK ]  |  2049 | 0x00002c01 | 0xae | 0xae
[OK ]  |  2050 | 0x00002c02 | 0xff | 0xff
[OK ]  |  2051 | 0x00002c03 | 0xff | 0xff
[OK ]  |  2052 | 0x00002c04 | 0x5f | 0x5f
[OK ]  |  2053 | 0x00002c05 | 0x57 | 0x57
[OK ]  |  2054 | 0x00002c06 | 0x00 | 0x00
[OK ]  |  2055 | 0x00002c07 | 0x00 | 0x00
[OK ]  |  2056 | 0x00002c08 | 0x61 | 0x61
[OK ]  |  2057 | 0x00002c09 | 0xb9 | 0xb9
[OK ]  |  2058 | 0x00002c0a | 0xff | 0xff
[OK ]  |  2059 | 0x00002c0b | 0xff | 0xff
[OK ]  |  2060 | 0x00002c0c | 0x28 | 0x28
[OK ]  |  2061 | 0x00002c0d | 0xd1 | 0xd1
[OK ]  |  2062 | 0x00002c0e | 0x00 | 0x00
[OK ]  |  2063 | 0x00002c0f | 0x00 | 0x00
[OK ]  |  2064 | 0x00002c10 | 0x37 | 0x37
[OK ]  |  2065 | 0x00002c11 | 0x49 | 0x49
[OK ]  |  2066 | 0x00002c12 | 0x00 | 0x00
[OK ]  |  2067 | 0x00002c13 | 0x00 | 0x00
[OK ]  |  2068 | 0x00002c14 | 0x01 | 0x01
[OK ]  |  2069 | 0x00002c15 | 0xfd | 0xfd
[OK ]  |  2070 | 0x00002c16 | 0xfe | 0xfe
[OK ]  |  2071 | 0x00002c17 | 0xff | 0xff
[OK ]  |  2072 | 0x00002c18 | 0x35 | 0x35
[OK ]  |  2073 | 0x00002c19 | 0x39 | 0x39
[OK ]  |  2074 | 0x00002c1a | 0xff | 0xff
[OK ]  |  2075 | 0x00002c1b | 0xff | 0xff
[OK ]  |  2076 | 0x00002c1c | 0x63 | 0x63
[OK ]  |  2077 | 0x00002c1d | 0xbe | 0xbe
[OK ]  |  2078 | 0x00002c1e | 0xff | 0xff
[OK ]  |  2079 | 0x00002c1f | 0xff | 0xff
[OK ]  |  2080 | 0x00002c20 | 0x90 | 0x90
[OK ]  |  2081 | 0x00002c21 | 0x6b | 0x6b
[OK ]  |  2082 | 0x00002c22 | 0x00 | 0x00
[OK ]  |  2083 | 0x00002c23 | 0x00 | 0x00
[OK ]  |  2084 | 0x00002c24 | 0x9f | 0x9f
[OK ]  |  2085 | 0x00002c25 | 0x79 | 0x79
[OK ]  |  2086 | 0x00002c26 | 0xff | 0xff
[OK ]  |  2087 | 0x00002c27 | 0xff | 0xff
[OK ]  |  2088 | 0x00002c28 | 0x2a | 0x2a
[OK ]  |  2089 | 0x00002c29 | 0x1a | 0x1a
[OK ]  |  2090 | 0x00002c2a | 0x00 | 0x00
[OK ]  |  2091 | 0x00002c2b | 0x00 | 0x00
[OK ]  |  2092 | 0x00002c2c | 0x97 | 0x97
[OK ]  |  2093 | 0x00002c2d | 0x77 | 0x77
[OK ]  |  2094 | 0x00002c2e | 0xff | 0xff
[OK ]  |  2095 | 0x00002c2f | 0xff | 0xff
[OK ]  |  2096 | 0x00002c30 | 0x28 | 0x28
[OK ]  |  2097 | 0x00002c31 | 0x72 | 0x72
[OK ]  |  2098 | 0x00002c32 | 0xff | 0xff
[OK ]  |  2099 | 0x00002c33 | 0xff | 0xff
[OK ]  |  2100 | 0x00002c34 | 0x6f | 0x6f
[OK ]  |  2101 | 0x00002c35 | 0xde | 0xde
[OK ]  |  2102 | 0x00002c36 | 0xff | 0xff
[OK ]  |  2103 | 0x00002c37 | 0xff | 0xff
[OK ]  |  2104 | 0x00002c38 | 0x69 | 0x69
[OK ]  |  2105 | 0x00002c39 | 0xbd | 0xbd
[OK ]  |  2106 | 0x00002c3a | 0xfe | 0xfe
[OK ]  |  2107 | 0x00002c3b | 0xff | 0xff
[OK ]  |  2108 | 0x00002c3c | 0x6c | 0x6c
[OK ]  |  2109 | 0x00002c3d | 0xd7 | 0xd7
[OK ]  |  2110 | 0x00002c3e | 0x00 | 0x00
[OK ]  |  2111 | 0x00002c3f | 0x00 | 0x00
[OK ]  |  2112 | 0x00002c40 | 0xe5 | 0xe5
[OK ]  |  2113 | 0x00002c41 | 0xe4 | 0xe4
[OK ]  |  2114 | 0x00002c42 | 0xfe | 0xfe
[OK ]  |  2115 | 0x00002c43 | 0xff | 0xff
[OK ]  |  2116 | 0x00002c44 | 0x87 | 0x87
[OK ]  |  2117 | 0x00002c45 | 0x14 | 0x14
[OK ]  |  2118 | 0x00002c46 | 0x00 | 0x00
[OK ]  |  2119 | 0x00002c47 | 0x00 | 0x00
[OK ]  |  2120 | 0x00002c48 | 0xa7 | 0xa7
[OK ]  |  2121 | 0x00002c49 | 0xff | 0xff
[OK ]  |  2122 | 0x00002c4a | 0x00 | 0x00
[OK ]  |  2123 | 0x00002c4b | 0x00 | 0x00
[OK ]  |  2124 | 0x00002c4c | 0xce | 0xce
[OK ]  |  2125 | 0x00002c4d | 0x1a | 0x1a
[OK ]  |  2126 | 0x00002c4e | 0x00 | 0x00
[OK ]  |  2127 | 0x00002c4f | 0x00 | 0x00
[OK ]  |  2128 | 0x00002c50 | 0xe8 | 0xe8
[OK ]  |  2129 | 0x00002c51 | 0x97 | 0x97
[OK ]  |  2130 | 0x00002c52 | 0xff | 0xff
[OK ]  |  2131 | 0x00002c53 | 0xff | 0xff
[OK ]  |  2132 | 0x00002c54 | 0x3e | 0x3e
[OK ]  |  2133 | 0x00002c55 | 0x80 | 0x80
[OK ]  |  2134 | 0x00002c56 | 0x00 | 0x00
[OK ]  |  2135 | 0x00002c57 | 0x00 | 0x00
[OK ]  |  2136 | 0x00002c58 | 0x35 | 0x35
[OK ]  |  2137 | 0x00002c59 | 0x17 | 0x17
[OK ]  |  2138 | 0x00002c5a | 0xff | 0xff
[OK ]  |  2139 | 0x00002c5b | 0xff | 0xff
[OK ]  |  2140 | 0x00002c5c | 0xf2 | 0xf2
[OK ]  |  2141 | 0x00002c5d | 0xc8 | 0xc8
[OK ]  |  2142 | 0x00002c5e | 0xff | 0xff
[OK ]  |  2143 | 0x00002c5f | 0xff | 0xff
[OK ]  |  2144 | 0x00002c60 | 0x03 | 0x03
[OK ]  |  2145 | 0x00002c61 | 0xd1 | 0xd1
[OK ]  |  2146 | 0x00002c62 | 0xff | 0xff
[OK ]  |  2147 | 0x00002c63 | 0xff | 0xff
[OK ]  |  2148 | 0x00002c64 | 0xb1 | 0xb1
[OK ]  |  2149 | 0x00002c65 | 0x86 | 0x86
[OK ]  |  2150 | 0x00002c66 | 0xfe | 0xfe
[OK ]  |  2151 | 0x00002c67 | 0xff | 0xff
[OK ]  |  2152 | 0x00002c68 | 0xd3 | 0xd3
[OK ]  |  2153 | 0x00002c69 | 0x02 | 0x02
[OK ]  |  2154 | 0x00002c6a | 0x00 | 0x00
[OK ]  |  2155 | 0x00002c6b | 0x00 | 0x00
[OK ]  |  2156 | 0x00002c6c | 0xa4 | 0xa4
[OK ]  |  2157 | 0x00002c6d | 0x79 | 0x79
[OK ]  |  2158 | 0x00002c6e | 0xff | 0xff
[OK ]  |  2159 | 0x00002c6f | 0xff | 0xff
[OK ]  |  2160 | 0x00002c70 | 0xdd | 0xdd
[OK ]  |  2161 | 0x00002c71 | 0x67 | 0x67
[OK ]  |  2162 | 0x00002c72 | 0xff | 0xff
[OK ]  |  2163 | 0x00002c73 | 0xff | 0xff
[OK ]  |  2164 | 0x00002c74 | 0x0e | 0x0e
[OK ]  |  2165 | 0x00002c75 | 0x30 | 0x30
[OK ]  |  2166 | 0x00002c76 | 0x00 | 0x00
[OK ]  |  2167 | 0x00002c77 | 0x00 | 0x00
[OK ]  |  2168 | 0x00002c78 | 0x8a | 0x8a
[OK ]  |  2169 | 0x00002c79 | 0xc2 | 0xc2
[OK ]  |  2170 | 0x00002c7a | 0x00 | 0x00
[OK ]  |  2171 | 0x00002c7b | 0x00 | 0x00
[OK ]  |  2172 | 0x00002c7c | 0xee | 0xee
[OK ]  |  2173 | 0x00002c7d | 0xc1 | 0xc1
[OK ]  |  2174 | 0x00002c7e | 0xff | 0xff
[OK ]  |  2175 | 0x00002c7f | 0xff | 0xff
[OK ]  |  2176 | 0x00002c80 | 0x7d | 0x7d
[OK ]  |  2177 | 0x00002c81 | 0x9e | 0x9e
[OK ]  |  2178 | 0x00002c82 | 0xff | 0xff
[OK ]  |  2179 | 0x00002c83 | 0xff | 0xff
[OK ]  |  2180 | 0x00002c84 | 0x11 | 0x11
[OK ]  |  2181 | 0x00002c85 | 0x41 | 0x41
[OK ]  |  2182 | 0x00002c86 | 0xff | 0xff
[OK ]  |  2183 | 0x00002c87 | 0xff | 0xff
[OK ]  |  2184 | 0x00002c88 | 0xbf | 0xbf
[OK ]  |  2185 | 0x00002c89 | 0x9f | 0x9f
[OK ]  |  2186 | 0x00002c8a | 0x00 | 0x00
[OK ]  |  2187 | 0x00002c8b | 0x00 | 0x00
[OK ]  |  2188 | 0x00002c8c | 0xfb | 0xfb
[OK ]  |  2189 | 0x00002c8d | 0xe4 | 0xe4
[OK ]  |  2190 | 0x00002c8e | 0xff | 0xff
[OK ]  |  2191 | 0x00002c8f | 0xff | 0xff
[OK ]  |  2192 | 0x00002c90 | 0x82 | 0x82
[OK ]  |  2193 | 0x00002c91 | 0xd6 | 0xd6
[OK ]  |  2194 | 0x00002c92 | 0xff | 0xff
[OK ]  |  2195 | 0x00002c93 | 0xff | 0xff
[OK ]  |  2196 | 0x00002c94 | 0x2e | 0x2e
[OK ]  |  2197 | 0x00002c95 | 0x61 | 0x61
[OK ]  |  2198 | 0x00002c96 | 0xff | 0xff
[OK ]  |  2199 | 0x00002c97 | 0xff | 0xff
[OK ]  |  2200 | 0x00002c98 | 0x4a | 0x4a
[OK ]  |  2201 | 0x00002c99 | 0xeb | 0xeb
[OK ]  |  2202 | 0x00002c9a | 0xff | 0xff
[OK ]  |  2203 | 0x00002c9b | 0xff | 0xff
[OK ]  |  2204 | 0x00002c9c | 0xf7 | 0xf7
[OK ]  |  2205 | 0x00002c9d | 0x8c | 0x8c
[OK ]  |  2206 | 0x00002c9e | 0xff | 0xff
[OK ]  |  2207 | 0x00002c9f | 0xff | 0xff
[OK ]  |  2208 | 0x00002ca0 | 0xb8 | 0xb8
[OK ]  |  2209 | 0x00002ca1 | 0xc1 | 0xc1
[OK ]  |  2210 | 0x00002ca2 | 0xff | 0xff
[OK ]  |  2211 | 0x00002ca3 | 0xff | 0xff
[OK ]  |  2212 | 0x00002ca4 | 0x4b | 0x4b
[OK ]  |  2213 | 0x00002ca5 | 0xe7 | 0xe7
[OK ]  |  2214 | 0x00002ca6 | 0xff | 0xff
[OK ]  |  2215 | 0x00002ca7 | 0xff | 0xff
[OK ]  |  2216 | 0x00002ca8 | 0xe4 | 0xe4
[OK ]  |  2217 | 0x00002ca9 | 0xac | 0xac
[OK ]  |  2218 | 0x00002caa | 0xff | 0xff
[OK ]  |  2219 | 0x00002cab | 0xff | 0xff
[OK ]  |  2220 | 0x00002cac | 0xd8 | 0xd8
[OK ]  |  2221 | 0x00002cad | 0x71 | 0x71
[OK ]  |  2222 | 0x00002cae | 0x00 | 0x00
[OK ]  |  2223 | 0x00002caf | 0x00 | 0x00
[OK ]  |  2224 | 0x00002cb0 | 0x5c | 0x5c
[OK ]  |  2225 | 0x00002cb1 | 0x78 | 0x78
[OK ]  |  2226 | 0x00002cb2 | 0x00 | 0x00
[OK ]  |  2227 | 0x00002cb3 | 0x00 | 0x00
[OK ]  |  2228 | 0x00002cb4 | 0x77 | 0x77
[OK ]  |  2229 | 0x00002cb5 | 0xda | 0xda
[OK ]  |  2230 | 0x00002cb6 | 0x00 | 0x00
[OK ]  |  2231 | 0x00002cb7 | 0x00 | 0x00
[OK ]  |  2232 | 0x00002cb8 | 0xc6 | 0xc6
[OK ]  |  2233 | 0x00002cb9 | 0x41 | 0x41
[OK ]  |  2234 | 0x00002cba | 0xff | 0xff
[OK ]  |  2235 | 0x00002cbb | 0xff | 0xff
[OK ]  |  2236 | 0x00002cbc | 0x0e | 0x0e
[OK ]  |  2237 | 0x00002cbd | 0x75 | 0x75
[OK ]  |  2238 | 0x00002cbe | 0x00 | 0x00
[OK ]  |  2239 | 0x00002cbf | 0x00 | 0x00
[OK ]  |  2240 | 0x00002cc0 | 0xef | 0xef
[OK ]  |  2241 | 0x00002cc1 | 0x2a | 0x2a
[OK ]  |  2242 | 0x00002cc2 | 0x01 | 0x01
[OK ]  |  2243 | 0x00002cc3 | 0x00 | 0x00
[OK ]  |  2244 | 0x00002cc4 | 0x8b | 0x8b
[OK ]  |  2245 | 0x00002cc5 | 0xb6 | 0xb6
[OK ]  |  2246 | 0x00002cc6 | 0xff | 0xff
[OK ]  |  2247 | 0x00002cc7 | 0xff | 0xff
[OK ]  |  2248 | 0x00002cc8 | 0x2e | 0x2e
[OK ]  |  2249 | 0x00002cc9 | 0xfb | 0xfb
[OK ]  |  2250 | 0x00002cca | 0xff | 0xff
[OK ]  |  2251 | 0x00002ccb | 0xff | 0xff
[OK ]  |  2252 | 0x00002ccc | 0x16 | 0x16
[OK ]  |  2253 | 0x00002ccd | 0x46 | 0x46
[OK ]  |  2254 | 0x00002cce | 0xff | 0xff
[OK ]  |  2255 | 0x00002ccf | 0xff | 0xff
[OK ]  |  2256 | 0x00002cd0 | 0x2e | 0x2e
[OK ]  |  2257 | 0x00002cd1 | 0x1f | 0x1f
[OK ]  |  2258 | 0x00002cd2 | 0x00 | 0x00
[OK ]  |  2259 | 0x00002cd3 | 0x00 | 0x00
[OK ]  |  2260 | 0x00002cd4 | 0x5a | 0x5a
[OK ]  |  2261 | 0x00002cd5 | 0xde | 0xde
[OK ]  |  2262 | 0x00002cd6 | 0xff | 0xff
[OK ]  |  2263 | 0x00002cd7 | 0xff | 0xff
[OK ]  |  2264 | 0x00002cd8 | 0x2d | 0x2d
[OK ]  |  2265 | 0x00002cd9 | 0x91 | 0x91
[OK ]  |  2266 | 0x00002cda | 0x00 | 0x00
[OK ]  |  2267 | 0x00002cdb | 0x00 | 0x00
[OK ]  |  2268 | 0x00002cdc | 0xc5 | 0xc5
[OK ]  |  2269 | 0x00002cdd | 0x64 | 0x64
[OK ]  |  2270 | 0x00002cde | 0x00 | 0x00
[OK ]  |  2271 | 0x00002cdf | 0x00 | 0x00
[OK ]  |  2272 | 0x00002ce0 | 0xa5 | 0xa5
[OK ]  |  2273 | 0x00002ce1 | 0x81 | 0x81
[OK ]  |  2274 | 0x00002ce2 | 0x01 | 0x01
[OK ]  |  2275 | 0x00002ce3 | 0x00 | 0x00
[OK ]  |  2276 | 0x00002ce4 | 0xd9 | 0xd9
[OK ]  |  2277 | 0x00002ce5 | 0xc5 | 0xc5
[OK ]  |  2278 | 0x00002ce6 | 0x00 | 0x00
[OK ]  |  2279 | 0x00002ce7 | 0x00 | 0x00
[OK ]  |  2280 | 0x00002ce8 | 0xbd | 0xbd
[OK ]  |  2281 | 0x00002ce9 | 0xd8 | 0xd8
[OK ]  |  2282 | 0x00002cea | 0xff | 0xff
[OK ]  |  2283 | 0x00002ceb | 0xff | 0xff
[OK ]  |  2284 | 0x00002cec | 0x2a | 0x2a
[OK ]  |  2285 | 0x00002ced | 0x70 | 0x70
[OK ]  |  2286 | 0x00002cee | 0xff | 0xff
[OK ]  |  2287 | 0x00002cef | 0xff | 0xff
[OK ]  |  2288 | 0x00002cf0 | 0xc6 | 0xc6
[OK ]  |  2289 | 0x00002cf1 | 0xf0 | 0xf0
[OK ]  |  2290 | 0x00002cf2 | 0xff | 0xff
[OK ]  |  2291 | 0x00002cf3 | 0xff | 0xff
[OK ]  |  2292 | 0x00002cf4 | 0xb4 | 0xb4
[OK ]  |  2293 | 0x00002cf5 | 0x5d | 0x5d
[OK ]  |  2294 | 0x00002cf6 | 0x01 | 0x01
[OK ]  |  2295 | 0x00002cf7 | 0x00 | 0x00
[OK ]  |  2296 | 0x00002cf8 | 0xde | 0xde
[OK ]  |  2297 | 0x00002cf9 | 0x75 | 0x75
[OK ]  |  2298 | 0x00002cfa | 0xff | 0xff
[OK ]  |  2299 | 0x00002cfb | 0xff | 0xff
[OK ]  |  2300 | 0x00002cfc | 0xed | 0xed
[OK ]  |  2301 | 0x00002cfd | 0x81 | 0x81
[OK ]  |  2302 | 0x00002cfe | 0xff | 0xff
[OK ]  |  2303 | 0x00002cff | 0xff | 0xff
[OK ]  |  2304 | 0x00002d00 | 0x38 | 0x38
[OK ]  |  2305 | 0x00002d01 | 0x27 | 0x27
[OK ]  |  2306 | 0x00002d02 | 0x00 | 0x00
[OK ]  |  2307 | 0x00002d03 | 0x00 | 0x00
[OK ]  |  2308 | 0x00002d04 | 0x9a | 0x9a
[OK ]  |  2309 | 0x00002d05 | 0xc6 | 0xc6
[OK ]  |  2310 | 0x00002d06 | 0x00 | 0x00
[OK ]  |  2311 | 0x00002d07 | 0x00 | 0x00
[OK ]  |  2312 | 0x00002d08 | 0x1c | 0x1c
[OK ]  |  2313 | 0x00002d09 | 0x5b | 0x5b
[OK ]  |  2314 | 0x00002d0a | 0x00 | 0x00
[OK ]  |  2315 | 0x00002d0b | 0x00 | 0x00
[OK ]  |  2316 | 0x00002d0c | 0xd4 | 0xd4
[OK ]  |  2317 | 0x00002d0d | 0xa0 | 0xa0
[OK ]  |  2318 | 0x00002d0e | 0x00 | 0x00
[OK ]  |  2319 | 0x00002d0f | 0x00 | 0x00
[OK ]  |  2320 | 0x00002d10 | 0x4c | 0x4c
[OK ]  |  2321 | 0x00002d11 | 0x52 | 0x52
[OK ]  |  2322 | 0x00002d12 | 0x00 | 0x00
[OK ]  |  2323 | 0x00002d13 | 0x00 | 0x00
[OK ]  |  2324 | 0x00002d14 | 0x79 | 0x79
[OK ]  |  2325 | 0x00002d15 | 0xf1 | 0xf1
[OK ]  |  2326 | 0x00002d16 | 0xff | 0xff
[OK ]  |  2327 | 0x00002d17 | 0xff | 0xff
[OK ]  |  2328 | 0x00002d18 | 0x5b | 0x5b
[OK ]  |  2329 | 0x00002d19 | 0x44 | 0x44
[OK ]  |  2330 | 0x00002d1a | 0xff | 0xff
[OK ]  |  2331 | 0x00002d1b | 0xff | 0xff
[OK ]  |  2332 | 0x00002d1c | 0x55 | 0x55
[OK ]  |  2333 | 0x00002d1d | 0x99 | 0x99
[OK ]  |  2334 | 0x00002d1e | 0x00 | 0x00
[OK ]  |  2335 | 0x00002d1f | 0x00 | 0x00
[OK ]  |  2336 | 0x00002d20 | 0x25 | 0x25
[OK ]  |  2337 | 0x00002d21 | 0xf3 | 0xf3
[OK ]  |  2338 | 0x00002d22 | 0xfe | 0xfe
[OK ]  |  2339 | 0x00002d23 | 0xff | 0xff
[OK ]  |  2340 | 0x00002d24 | 0xea | 0xea
[OK ]  |  2341 | 0x00002d25 | 0xbe | 0xbe
[OK ]  |  2342 | 0x00002d26 | 0xff | 0xff
[OK ]  |  2343 | 0x00002d27 | 0xff | 0xff
[OK ]  |  2344 | 0x00002d28 | 0xbd | 0xbd
[OK ]  |  2345 | 0x00002d29 | 0x3c | 0x3c
[OK ]  |  2346 | 0x00002d2a | 0x00 | 0x00
[OK ]  |  2347 | 0x00002d2b | 0x00 | 0x00
[OK ]  |  2348 | 0x00002d2c | 0xfc | 0xfc
[OK ]  |  2349 | 0x00002d2d | 0x59 | 0x59
[OK ]  |  2350 | 0x00002d2e | 0x01 | 0x01
[OK ]  |  2351 | 0x00002d2f | 0x00 | 0x00
[OK ]  |  2352 | 0x00002d30 | 0xaa | 0xaa
[OK ]  |  2353 | 0x00002d31 | 0x33 | 0x33
[OK ]  |  2354 | 0x00002d32 | 0xff | 0xff
[OK ]  |  2355 | 0x00002d33 | 0xff | 0xff
[OK ]  |  2356 | 0x00002d34 | 0x5b | 0x5b
[OK ]  |  2357 | 0x00002d35 | 0x79 | 0x79
[OK ]  |  2358 | 0x00002d36 | 0xff | 0xff
[OK ]  |  2359 | 0x00002d37 | 0xff | 0xff
[OK ]  |  2360 | 0x00002d38 | 0x34 | 0x34
[OK ]  |  2361 | 0x00002d39 | 0xa0 | 0xa0
[OK ]  |  2362 | 0x00002d3a | 0x00 | 0x00
[OK ]  |  2363 | 0x00002d3b | 0x00 | 0x00
[OK ]  |  2364 | 0x00002d3c | 0xa8 | 0xa8
[OK ]  |  2365 | 0x00002d3d | 0x94 | 0x94
[OK ]  |  2366 | 0x00002d3e | 0xff | 0xff
[OK ]  |  2367 | 0x00002d3f | 0xff | 0xff
[OK ]  |  2368 | 0x00002d40 | 0xe4 | 0xe4
[OK ]  |  2369 | 0x00002d41 | 0x56 | 0x56
[OK ]  |  2370 | 0x00002d42 | 0x00 | 0x00
[OK ]  |  2371 | 0x00002d43 | 0x00 | 0x00
[OK ]  |  2372 | 0x00002d44 | 0xdf | 0xdf
[OK ]  |  2373 | 0x00002d45 | 0x88 | 0x88
[OK ]  |  2374 | 0x00002d46 | 0xff | 0xff
[OK ]  |  2375 | 0x00002d47 | 0xff | 0xff
[OK ]  |  2376 | 0x00002d48 | 0x85 | 0x85
[OK ]  |  2377 | 0x00002d49 | 0x25 | 0x25
[OK ]  |  2378 | 0x00002d4a | 0x00 | 0x00
[OK ]  |  2379 | 0x00002d4b | 0x00 | 0x00
[OK ]  |  2380 | 0x00002d4c | 0xda | 0xda
[OK ]  |  2381 | 0x00002d4d | 0x27 | 0x27
[OK ]  |  2382 | 0x00002d4e | 0x00 | 0x00
[OK ]  |  2383 | 0x00002d4f | 0x00 | 0x00
[OK ]  |  2384 | 0x00002d50 | 0xea | 0xea
[OK ]  |  2385 | 0x00002d51 | 0xe1 | 0xe1
[OK ]  |  2386 | 0x00002d52 | 0xff | 0xff
[OK ]  |  2387 | 0x00002d53 | 0xff | 0xff
[OK ]  |  2388 | 0x00002d54 | 0xcf | 0xcf
[OK ]  |  2389 | 0x00002d55 | 0x29 | 0x29
[OK ]  |  2390 | 0x00002d56 | 0x01 | 0x01
[OK ]  |  2391 | 0x00002d57 | 0x00 | 0x00
[OK ]  |  2392 | 0x00002d58 | 0xfc | 0xfc
[OK ]  |  2393 | 0x00002d59 | 0xcf | 0xcf
[OK ]  |  2394 | 0x00002d5a | 0x00 | 0x00
[OK ]  |  2395 | 0x00002d5b | 0x00 | 0x00
[OK ]  |  2396 | 0x00002d5c | 0x96 | 0x96
[OK ]  |  2397 | 0x00002d5d | 0x6b | 0x6b
[OK ]  |  2398 | 0x00002d5e | 0x00 | 0x00
[OK ]  |  2399 | 0x00002d5f | 0x00 | 0x00
[OK ]  |  2400 | 0x00002d60 | 0xb1 | 0xb1
[OK ]  |  2401 | 0x00002d61 | 0xf6 | 0xf6
[OK ]  |  2402 | 0x00002d62 | 0xfe | 0xfe
[OK ]  |  2403 | 0x00002d63 | 0xff | 0xff
[OK ]  |  2404 | 0x00002d64 | 0x61 | 0x61
[OK ]  |  2405 | 0x00002d65 | 0x34 | 0x34
[OK ]  |  2406 | 0x00002d66 | 0x00 | 0x00
[OK ]  |  2407 | 0x00002d67 | 0x00 | 0x00
[OK ]  |  2408 | 0x00002d68 | 0x72 | 0x72
[OK ]  |  2409 | 0x00002d69 | 0x1b | 0x1b
[OK ]  |  2410 | 0x00002d6a | 0x01 | 0x01
[OK ]  |  2411 | 0x00002d6b | 0x00 | 0x00
[OK ]  |  2412 | 0x00002d6c | 0x02 | 0x02
[OK ]  |  2413 | 0x00002d6d | 0x3d | 0x3d
[OK ]  |  2414 | 0x00002d6e | 0x01 | 0x01
[OK ]  |  2415 | 0x00002d6f | 0x00 | 0x00
[OK ]  |  2416 | 0x00002d70 | 0xf5 | 0xf5
[OK ]  |  2417 | 0x00002d71 | 0xae | 0xae
[OK ]  |  2418 | 0x00002d72 | 0x00 | 0x00
[OK ]  |  2419 | 0x00002d73 | 0x00 | 0x00
[OK ]  |  2420 | 0x00002d74 | 0xbe | 0xbe
[OK ]  |  2421 | 0x00002d75 | 0xca | 0xca
[OK ]  |  2422 | 0x00002d76 | 0x00 | 0x00
[OK ]  |  2423 | 0x00002d77 | 0x00 | 0x00
[OK ]  |  2424 | 0x00002d78 | 0xf7 | 0xf7
[OK ]  |  2425 | 0x00002d79 | 0x53 | 0x53
[OK ]  |  2426 | 0x00002d7a | 0x01 | 0x01
[OK ]  |  2427 | 0x00002d7b | 0x00 | 0x00
[OK ]  |  2428 | 0x00002d7c | 0xb7 | 0xb7
[OK ]  |  2429 | 0x00002d7d | 0x1f | 0x1f
[OK ]  |  2430 | 0x00002d7e | 0x00 | 0x00
[OK ]  |  2431 | 0x00002d7f | 0x00 | 0x00
[OK ]  |  2432 | 0x00002d80 | 0x90 | 0x90
[OK ]  |  2433 | 0x00002d81 | 0xaa | 0xaa
[OK ]  |  2434 | 0x00002d82 | 0xff | 0xff
[OK ]  |  2435 | 0x00002d83 | 0xff | 0xff
[OK ]  |  2436 | 0x00002d84 | 0x48 | 0x48
[OK ]  |  2437 | 0x00002d85 | 0x0b | 0x0b
[OK ]  |  2438 | 0x00002d86 | 0xff | 0xff
[OK ]  |  2439 | 0x00002d87 | 0xff | 0xff
[OK ]  |  2440 | 0x00002d88 | 0x3a | 0x3a
[OK ]  |  2441 | 0x00002d89 | 0x44 | 0x44
[OK ]  |  2442 | 0x00002d8a | 0xff | 0xff
[OK ]  |  2443 | 0x00002d8b | 0xff | 0xff
[OK ]  |  2444 | 0x00002d8c | 0xa0 | 0xa0
[OK ]  |  2445 | 0x00002d8d | 0xeb | 0xeb
[OK ]  |  2446 | 0x00002d8e | 0xff | 0xff
[OK ]  |  2447 | 0x00002d8f | 0xff | 0xff
[OK ]  |  2448 | 0x00002d90 | 0xf7 | 0xf7
[OK ]  |  2449 | 0x00002d91 | 0xda | 0xda
[OK ]  |  2450 | 0x00002d92 | 0x00 | 0x00
[OK ]  |  2451 | 0x00002d93 | 0x00 | 0x00
[OK ]  |  2452 | 0x00002d94 | 0x59 | 0x59
[OK ]  |  2453 | 0x00002d95 | 0xe9 | 0xe9
[OK ]  |  2454 | 0x00002d96 | 0xff | 0xff
[OK ]  |  2455 | 0x00002d97 | 0xff | 0xff
[OK ]  |  2456 | 0x00002d98 | 0x6d | 0x6d
[OK ]  |  2457 | 0x00002d99 | 0xe8 | 0xe8
[OK ]  |  2458 | 0x00002d9a | 0xff | 0xff
[OK ]  |  2459 | 0x00002d9b | 0xff | 0xff
[OK ]  |  2460 | 0x00002d9c | 0xf4 | 0xf4
[OK ]  |  2461 | 0x00002d9d | 0x3f | 0x3f
[OK ]  |  2462 | 0x00002d9e | 0x00 | 0x00
[OK ]  |  2463 | 0x00002d9f | 0x00 | 0x00
[OK ]  |  2464 | 0x00002da0 | 0x10 | 0x10
[OK ]  |  2465 | 0x00002da1 | 0x1d | 0x1d
[OK ]  |  2466 | 0x00002da2 | 0x00 | 0x00
[OK ]  |  2467 | 0x00002da3 | 0x00 | 0x00
[OK ]  |  2468 | 0x00002da4 | 0xa7 | 0xa7
[OK ]  |  2469 | 0x00002da5 | 0xbf | 0xbf
[OK ]  |  2470 | 0x00002da6 | 0x00 | 0x00
[OK ]  |  2471 | 0x00002da7 | 0x00 | 0x00
[OK ]  |  2472 | 0x00002da8 | 0x44 | 0x44
[OK ]  |  2473 | 0x00002da9 | 0x80 | 0x80
[OK ]  |  2474 | 0x00002daa | 0x00 | 0x00
[OK ]  |  2475 | 0x00002dab | 0x00 | 0x00
[OK ]  |  2476 | 0x00002dac | 0x30 | 0x30
[OK ]  |  2477 | 0x00002dad | 0xe3 | 0xe3
[OK ]  |  2478 | 0x00002dae | 0xff | 0xff
[OK ]  |  2479 | 0x00002daf | 0xff | 0xff
[OK ]  |  2480 | 0x00002db0 | 0x1a | 0x1a
[OK ]  |  2481 | 0x00002db1 | 0x30 | 0x30
[OK ]  |  2482 | 0x00002db2 | 0x00 | 0x00
[OK ]  |  2483 | 0x00002db3 | 0x00 | 0x00
[OK ]  |  2484 | 0x00002db4 | 0x73 | 0x73
[OK ]  |  2485 | 0x00002db5 | 0xf2 | 0xf2
[OK ]  |  2486 | 0x00002db6 | 0x00 | 0x00
[OK ]  |  2487 | 0x00002db7 | 0x00 | 0x00
[OK ]  |  2488 | 0x00002db8 | 0x15 | 0x15
[OK ]  |  2489 | 0x00002db9 | 0xb2 | 0xb2
[OK ]  |  2490 | 0x00002dba | 0x00 | 0x00
[OK ]  |  2491 | 0x00002dbb | 0x00 | 0x00
[OK ]  |  2492 | 0x00002dbc | 0x3f | 0x3f
[OK ]  |  2493 | 0x00002dbd | 0xf5 | 0xf5
[OK ]  |  2494 | 0x00002dbe | 0xff | 0xff
[OK ]  |  2495 | 0x00002dbf | 0xff | 0xff
[OK ]  |  2496 | 0x00002dc0 | 0xd6 | 0xd6
[OK ]  |  2497 | 0x00002dc1 | 0xa3 | 0xa3
[OK ]  |  2498 | 0x00002dc2 | 0xff | 0xff
[OK ]  |  2499 | 0x00002dc3 | 0xff | 0xff
[OK ]  |  2500 | 0x00002dc4 | 0xe1 | 0xe1
[OK ]  |  2501 | 0x00002dc5 | 0xf2 | 0xf2
[OK ]  |  2502 | 0x00002dc6 | 0xff | 0xff
[OK ]  |  2503 | 0x00002dc7 | 0xff | 0xff
[OK ]  |  2504 | 0x00002dc8 | 0x31 | 0x31
[OK ]  |  2505 | 0x00002dc9 | 0x0b | 0x0b
[OK ]  |  2506 | 0x00002dca | 0x00 | 0x00
[OK ]  |  2507 | 0x00002dcb | 0x00 | 0x00
[OK ]  |  2508 | 0x00002dcc | 0xf1 | 0xf1
[OK ]  |  2509 | 0x00002dcd | 0x45 | 0x45
[OK ]  |  2510 | 0x00002dce | 0x01 | 0x01
[OK ]  |  2511 | 0x00002dcf | 0x00 | 0x00
[OK ]  |  2512 | 0x00002dd0 | 0x50 | 0x50
[OK ]  |  2513 | 0x00002dd1 | 0xa6 | 0xa6
[OK ]  |  2514 | 0x00002dd2 | 0x00 | 0x00
[OK ]  |  2515 | 0x00002dd3 | 0x00 | 0x00
[OK ]  |  2516 | 0x00002dd4 | 0xb6 | 0xb6
[OK ]  |  2517 | 0x00002dd5 | 0xe3 | 0xe3
[OK ]  |  2518 | 0x00002dd6 | 0x00 | 0x00
[OK ]  |  2519 | 0x00002dd7 | 0x00 | 0x00
[OK ]  |  2520 | 0x00002dd8 | 0xf8 | 0xf8
[OK ]  |  2521 | 0x00002dd9 | 0x41 | 0x41
[OK ]  |  2522 | 0x00002dda | 0xff | 0xff
[OK ]  |  2523 | 0x00002ddb | 0xff | 0xff
[OK ]  |  2524 | 0x00002ddc | 0x69 | 0x69
[OK ]  |  2525 | 0x00002ddd | 0x0f | 0x0f
[OK ]  |  2526 | 0x00002dde | 0x01 | 0x01
[OK ]  |  2527 | 0x00002ddf | 0x00 | 0x00
[OK ]  |  2528 | 0x00002de0 | 0xe7 | 0xe7
[OK ]  |  2529 | 0x00002de1 | 0x47 | 0x47
[OK ]  |  2530 | 0x00002de2 | 0x00 | 0x00
[OK ]  |  2531 | 0x00002de3 | 0x00 | 0x00
[OK ]  |  2532 | 0x00002de4 | 0xba | 0xba
[OK ]  |  2533 | 0x00002de5 | 0x70 | 0x70
[OK ]  |  2534 | 0x00002de6 | 0xff | 0xff
[OK ]  |  2535 | 0x00002de7 | 0xff | 0xff
[OK ]  |  2536 | 0x00002de8 | 0x3a | 0x3a
[OK ]  |  2537 | 0x00002de9 | 0x32 | 0x32
[OK ]  |  2538 | 0x00002dea | 0x01 | 0x01
[OK ]  |  2539 | 0x00002deb | 0x00 | 0x00
[OK ]  |  2540 | 0x00002dec | 0x3b | 0x3b
[OK ]  |  2541 | 0x00002ded | 0x04 | 0x04
[OK ]  |  2542 | 0x00002dee | 0xff | 0xff
[OK ]  |  2543 | 0x00002def | 0xff | 0xff
[OK ]  |  2544 | 0x00002df0 | 0x36 | 0x36
[OK ]  |  2545 | 0x00002df1 | 0x58 | 0x58
[OK ]  |  2546 | 0x00002df2 | 0x00 | 0x00
[OK ]  |  2547 | 0x00002df3 | 0x00 | 0x00
[OK ]  |  2548 | 0x00002df4 | 0x33 | 0x33
[OK ]  |  2549 | 0x00002df5 | 0x39 | 0x39
[OK ]  |  2550 | 0x00002df6 | 0x00 | 0x00
[OK ]  |  2551 | 0x00002df7 | 0x00 | 0x00
[OK ]  |  2552 | 0x00002df8 | 0xde | 0xde
[OK ]  |  2553 | 0x00002df9 | 0x03 | 0x03
[OK ]  |  2554 | 0x00002dfa | 0x00 | 0x00
[OK ]  |  2555 | 0x00002dfb | 0x00 | 0x00
[OK ]  |  2556 | 0x00002dfc | 0x3d | 0x3d
[OK ]  |  2557 | 0x00002dfd | 0xbe | 0xbe
[OK ]  |  2558 | 0x00002dfe | 0xff | 0xff
[OK ]  |  2559 | 0x00002dff | 0xff | 0xff
[OK ]  |  2560 | 0x00002e00 | 0xbb | 0xbb
[OK ]  |  2561 | 0x00002e01 | 0x93 | 0x93
[OK ]  |  2562 | 0x00002e02 | 0x00 | 0x00
[OK ]  |  2563 | 0x00002e03 | 0x00 | 0x00
[OK ]  |  2564 | 0x00002e04 | 0xae | 0xae
[OK ]  |  2565 | 0x00002e05 | 0x4e | 0x4e
[OK ]  |  2566 | 0x00002e06 | 0x00 | 0x00
[OK ]  |  2567 | 0x00002e07 | 0x00 | 0x00
[OK ]  |  2568 | 0x00002e08 | 0x07 | 0x07
[OK ]  |  2569 | 0x00002e09 | 0xf5 | 0xf5
[OK ]  |  2570 | 0x00002e0a | 0xff | 0xff
[OK ]  |  2571 | 0x00002e0b | 0xff | 0xff
[OK ]  |  2572 | 0x00002e0c | 0xa9 | 0xa9
[OK ]  |  2573 | 0x00002e0d | 0x86 | 0x86
[OK ]  |  2574 | 0x00002e0e | 0xff | 0xff
[OK ]  |  2575 | 0x00002e0f | 0xff | 0xff
[OK ]  |  2576 | 0x00002e10 | 0x2a | 0x2a
[OK ]  |  2577 | 0x00002e11 | 0xfc | 0xfc
[OK ]  |  2578 | 0x00002e12 | 0x00 | 0x00
[OK ]  |  2579 | 0x00002e13 | 0x00 | 0x00
[OK ]  |  2580 | 0x00002e14 | 0x9e | 0x9e
[OK ]  |  2581 | 0x00002e15 | 0x0d | 0x0d
[OK ]  |  2582 | 0x00002e16 | 0x01 | 0x01
[OK ]  |  2583 | 0x00002e17 | 0x00 | 0x00
[OK ]  |  2584 | 0x00002e18 | 0x71 | 0x71
[OK ]  |  2585 | 0x00002e19 | 0x4f | 0x4f
[OK ]  |  2586 | 0x00002e1a | 0xff | 0xff
[OK ]  |  2587 | 0x00002e1b | 0xff | 0xff
[OK ]  |  2588 | 0x00002e1c | 0xc9 | 0xc9
[OK ]  |  2589 | 0x00002e1d | 0x3e | 0x3e
[OK ]  |  2590 | 0x00002e1e | 0x01 | 0x01
[OK ]  |  2591 | 0x00002e1f | 0x00 | 0x00
[OK ]  |  2592 | 0x00002e20 | 0xad | 0xad
[OK ]  |  2593 | 0x00002e21 | 0xe6 | 0xe6
[OK ]  |  2594 | 0x00002e22 | 0x00 | 0x00
[OK ]  |  2595 | 0x00002e23 | 0x00 | 0x00
[OK ]  |  2596 | 0x00002e24 | 0xe5 | 0xe5
[OK ]  |  2597 | 0x00002e25 | 0x16 | 0x16
[OK ]  |  2598 | 0x00002e26 | 0x00 | 0x00
[OK ]  |  2599 | 0x00002e27 | 0x00 | 0x00
[OK ]  |  2600 | 0x00002e28 | 0xca | 0xca
[OK ]  |  2601 | 0x00002e29 | 0x2a | 0x2a
[OK ]  |  2602 | 0x00002e2a | 0x00 | 0x00
[OK ]  |  2603 | 0x00002e2b | 0x00 | 0x00
[OK ]  |  2604 | 0x00002e2c | 0xba | 0xba
[OK ]  |  2605 | 0x00002e2d | 0xb0 | 0xb0
[OK ]  |  2606 | 0x00002e2e | 0xff | 0xff
[OK ]  |  2607 | 0x00002e2f | 0xff | 0xff
[OK ]  |  2608 | 0x00002e30 | 0x49 | 0x49
[OK ]  |  2609 | 0x00002e31 | 0x8a | 0x8a
[OK ]  |  2610 | 0x00002e32 | 0xff | 0xff
[OK ]  |  2611 | 0x00002e33 | 0xff | 0xff
[OK ]  |  2612 | 0x00002e34 | 0x7c | 0x7c
[OK ]  |  2613 | 0x00002e35 | 0x16 | 0x16
[OK ]  |  2614 | 0x00002e36 | 0xff | 0xff
[OK ]  |  2615 | 0x00002e37 | 0xff | 0xff
[OK ]  |  2616 | 0x00002e38 | 0x1f | 0x1f
[OK ]  |  2617 | 0x00002e39 | 0x74 | 0x74
[OK ]  |  2618 | 0x00002e3a | 0x00 | 0x00
[OK ]  |  2619 | 0x00002e3b | 0x00 | 0x00
[OK ]  |  2620 | 0x00002e3c | 0x09 | 0x09
[OK ]  |  2621 | 0x00002e3d | 0xc8 | 0xc8
[OK ]  |  2622 | 0x00002e3e | 0xff | 0xff
[OK ]  |  2623 | 0x00002e3f | 0xff | 0xff
[OK ]  |  2624 | 0x00002e40 | 0x10 | 0x10
[OK ]  |  2625 | 0x00002e41 | 0x74 | 0x74
[OK ]  |  2626 | 0x00002e42 | 0xff | 0xff
[OK ]  |  2627 | 0x00002e43 | 0xff | 0xff
[OK ]  |  2628 | 0x00002e44 | 0x74 | 0x74
[OK ]  |  2629 | 0x00002e45 | 0x85 | 0x85
[OK ]  |  2630 | 0x00002e46 | 0x00 | 0x00
[OK ]  |  2631 | 0x00002e47 | 0x00 | 0x00
[OK ]  |  2632 | 0x00002e48 | 0xe1 | 0xe1
[OK ]  |  2633 | 0x00002e49 | 0x59 | 0x59
[OK ]  |  2634 | 0x00002e4a | 0xff | 0xff
[OK ]  |  2635 | 0x00002e4b | 0xff | 0xff
[OK ]  |  2636 | 0x00002e4c | 0x91 | 0x91
[OK ]  |  2637 | 0x00002e4d | 0xdd | 0xdd
[OK ]  |  2638 | 0x00002e4e | 0xff | 0xff
[OK ]  |  2639 | 0x00002e4f | 0xff | 0xff
[OK ]  |  2640 | 0x00002e50 | 0xed | 0xed
[OK ]  |  2641 | 0x00002e51 | 0x2a | 0x2a
[OK ]  |  2642 | 0x00002e52 | 0x01 | 0x01
[OK ]  |  2643 | 0x00002e53 | 0x00 | 0x00
[OK ]  |  2644 | 0x00002e54 | 0xdb | 0xdb
[OK ]  |  2645 | 0x00002e55 | 0xf4 | 0xf4
[OK ]  |  2646 | 0x00002e56 | 0xff | 0xff
[OK ]  |  2647 | 0x00002e57 | 0xff | 0xff
[OK ]  |  2648 | 0x00002e58 | 0x8e | 0x8e
[OK ]  |  2649 | 0x00002e59 | 0x7e | 0x7e
[OK ]  |  2650 | 0x00002e5a | 0x00 | 0x00
[OK ]  |  2651 | 0x00002e5b | 0x00 | 0x00
[OK ]  |  2652 | 0x00002e5c | 0x95 | 0x95
[OK ]  |  2653 | 0x00002e5d | 0x6f | 0x6f
[OK ]  |  2654 | 0x00002e5e | 0x01 | 0x01
[OK ]  |  2655 | 0x00002e5f | 0x00 | 0x00
[OK ]  |  2656 | 0x00002e60 | 0x74 | 0x74
[OK ]  |  2657 | 0x00002e61 | 0x49 | 0x49
[OK ]  |  2658 | 0x00002e62 | 0x00 | 0x00
[OK ]  |  2659 | 0x00002e63 | 0x00 | 0x00
[OK ]  |  2660 | 0x00002e64 | 0x62 | 0x62
[OK ]  |  2661 | 0x00002e65 | 0x36 | 0x36
[OK ]  |  2662 | 0x00002e66 | 0x00 | 0x00
[OK ]  |  2663 | 0x00002e67 | 0x00 | 0x00
[OK ]  |  2664 | 0x00002e68 | 0x63 | 0x63
[OK ]  |  2665 | 0x00002e69 | 0xbc | 0xbc
[OK ]  |  2666 | 0x00002e6a | 0xff | 0xff
[OK ]  |  2667 | 0x00002e6b | 0xff | 0xff
[OK ]  |  2668 | 0x00002e6c | 0x23 | 0x23
[OK ]  |  2669 | 0x00002e6d | 0x7c | 0x7c
[OK ]  |  2670 | 0x00002e6e | 0xff | 0xff
[OK ]  |  2671 | 0x00002e6f | 0xff | 0xff
[OK ]  |  2672 | 0x00002e70 | 0x06 | 0x06
[OK ]  |  2673 | 0x00002e71 | 0x01 | 0x01
[OK ]  |  2674 | 0x00002e72 | 0x00 | 0x00
[OK ]  |  2675 | 0x00002e73 | 0x00 | 0x00
[OK ]  |  2676 | 0x00002e74 | 0x07 | 0x07
[OK ]  |  2677 | 0x00002e75 | 0x45 | 0x45
[OK ]  |  2678 | 0x00002e76 | 0x00 | 0x00
[OK ]  |  2679 | 0x00002e77 | 0x00 | 0x00
[OK ]  |  2680 | 0x00002e78 | 0x5a | 0x5a
[OK ]  |  2681 | 0x00002e79 | 0x80 | 0x80
[OK ]  |  2682 | 0x00002e7a | 0x00 | 0x00
[OK ]  |  2683 | 0x00002e7b | 0x00 | 0x00
[OK ]  |  2684 | 0x00002e7c | 0xa4 | 0xa4
[OK ]  |  2685 | 0x00002e7d | 0xe1 | 0xe1
[OK ]  |  2686 | 0x00002e7e | 0xff | 0xff
[OK ]  |  2687 | 0x00002e7f | 0xff | 0xff
[OK ]  |  2688 | 0x00002e80 | 0x2e | 0x2e
[OK ]  |  2689 | 0x00002e81 | 0x8a | 0x8a
[OK ]  |  2690 | 0x00002e82 | 0x00 | 0x00
[OK ]  |  2691 | 0x00002e83 | 0x00 | 0x00
[OK ]  |  2692 | 0x00002e84 | 0xdb | 0xdb
[OK ]  |  2693 | 0x00002e85 | 0x68 | 0x68
[OK ]  |  2694 | 0x00002e86 | 0x00 | 0x00
[OK ]  |  2695 | 0x00002e87 | 0x00 | 0x00
[OK ]  |  2696 | 0x00002e88 | 0xc7 | 0xc7
[OK ]  |  2697 | 0x00002e89 | 0x6a | 0x6a
[OK ]  |  2698 | 0x00002e8a | 0x00 | 0x00
[OK ]  |  2699 | 0x00002e8b | 0x00 | 0x00
[OK ]  |  2700 | 0x00002e8c | 0xdc | 0xdc
[OK ]  |  2701 | 0x00002e8d | 0x89 | 0x89
[OK ]  |  2702 | 0x00002e8e | 0x00 | 0x00
[OK ]  |  2703 | 0x00002e8f | 0x00 | 0x00
[OK ]  |  2704 | 0x00002e90 | 0x6a | 0x6a
[OK ]  |  2705 | 0x00002e91 | 0x1e | 0x1e
[OK ]  |  2706 | 0x00002e92 | 0x00 | 0x00
[OK ]  |  2707 | 0x00002e93 | 0x00 | 0x00
[OK ]  |  2708 | 0x00002e94 | 0x8a | 0x8a
[OK ]  |  2709 | 0x00002e95 | 0x69 | 0x69
[OK ]  |  2710 | 0x00002e96 | 0x00 | 0x00
[OK ]  |  2711 | 0x00002e97 | 0x00 | 0x00
[OK ]  |  2712 | 0x00002e98 | 0xda | 0xda
[OK ]  |  2713 | 0x00002e99 | 0xbc | 0xbc
[OK ]  |  2714 | 0x00002e9a | 0xff | 0xff
[OK ]  |  2715 | 0x00002e9b | 0xff | 0xff
[OK ]  |  2716 | 0x00002e9c | 0xec | 0xec
[OK ]  |  2717 | 0x00002e9d | 0x62 | 0x62
[OK ]  |  2718 | 0x00002e9e | 0xff | 0xff
[OK ]  |  2719 | 0x00002e9f | 0xff | 0xff
[OK ]  |  2720 | 0x00002ea0 | 0xe5 | 0xe5
[OK ]  |  2721 | 0x00002ea1 | 0x5f | 0x5f
[OK ]  |  2722 | 0x00002ea2 | 0x00 | 0x00
[OK ]  |  2723 | 0x00002ea3 | 0x00 | 0x00
[OK ]  |  2724 | 0x00002ea4 | 0x24 | 0x24
[OK ]  |  2725 | 0x00002ea5 | 0xe3 | 0xe3
[OK ]  |  2726 | 0x00002ea6 | 0xff | 0xff
[OK ]  |  2727 | 0x00002ea7 | 0xff | 0xff
[OK ]  |  2728 | 0x00002ea8 | 0x56 | 0x56
[OK ]  |  2729 | 0x00002ea9 | 0x5e | 0x5e
[OK ]  |  2730 | 0x00002eaa | 0x00 | 0x00
[OK ]  |  2731 | 0x00002eab | 0x00 | 0x00
[OK ]  |  2732 | 0x00002eac | 0x7a | 0x7a
[OK ]  |  2733 | 0x00002ead | 0x24 | 0x24
[OK ]  |  2734 | 0x00002eae | 0xff | 0xff
[OK ]  |  2735 | 0x00002eaf | 0xff | 0xff
[OK ]  |  2736 | 0x00002eb0 | 0xe5 | 0xe5
[OK ]  |  2737 | 0x00002eb1 | 0xb2 | 0xb2
[OK ]  |  2738 | 0x00002eb2 | 0xff | 0xff
[OK ]  |  2739 | 0x00002eb3 | 0xff | 0xff
[OK ]  |  2740 | 0x00002eb4 | 0x37 | 0x37
[OK ]  |  2741 | 0x00002eb5 | 0xcb | 0xcb
[OK ]  |  2742 | 0x00002eb6 | 0xff | 0xff
[OK ]  |  2743 | 0x00002eb7 | 0xff | 0xff
[OK ]  |  2744 | 0x00002eb8 | 0x3d | 0x3d
[OK ]  |  2745 | 0x00002eb9 | 0x8b | 0x8b
[OK ]  |  2746 | 0x00002eba | 0xff | 0xff
[OK ]  |  2747 | 0x00002ebb | 0xff | 0xff
[OK ]  |  2748 | 0x00002ebc | 0xc3 | 0xc3
[OK ]  |  2749 | 0x00002ebd | 0x14 | 0x14
[OK ]  |  2750 | 0x00002ebe | 0xff | 0xff
[OK ]  |  2751 | 0x00002ebf | 0xff | 0xff
[OK ]  |  2752 | 0x00002ec0 | 0xca | 0xca
[OK ]  |  2753 | 0x00002ec1 | 0x7f | 0x7f
[OK ]  |  2754 | 0x00002ec2 | 0xff | 0xff
[OK ]  |  2755 | 0x00002ec3 | 0xff | 0xff
[OK ]  |  2756 | 0x00002ec4 | 0x92 | 0x92
[OK ]  |  2757 | 0x00002ec5 | 0xde | 0xde
[OK ]  |  2758 | 0x00002ec6 | 0xff | 0xff
[OK ]  |  2759 | 0x00002ec7 | 0xff | 0xff
[OK ]  |  2760 | 0x00002ec8 | 0x32 | 0x32
[OK ]  |  2761 | 0x00002ec9 | 0x52 | 0x52
[OK ]  |  2762 | 0x00002eca | 0x01 | 0x01
[OK ]  |  2763 | 0x00002ecb | 0x00 | 0x00
[OK ]  |  2764 | 0x00002ecc | 0x74 | 0x74
[OK ]  |  2765 | 0x00002ecd | 0xea | 0xea
[OK ]  |  2766 | 0x00002ece | 0xff | 0xff
[OK ]  |  2767 | 0x00002ecf | 0xff | 0xff
[OK ]  |  2768 | 0x00002ed0 | 0xb6 | 0xb6
[OK ]  |  2769 | 0x00002ed1 | 0xa6 | 0xa6
[OK ]  |  2770 | 0x00002ed2 | 0x00 | 0x00
[OK ]  |  2771 | 0x00002ed3 | 0x00 | 0x00
[OK ]  |  2772 | 0x00002ed4 | 0x5b | 0x5b
[OK ]  |  2773 | 0x00002ed5 | 0x34 | 0x34
[OK ]  |  2774 | 0x00002ed6 | 0x00 | 0x00
[OK ]  |  2775 | 0x00002ed7 | 0x00 | 0x00
[OK ]  |  2776 | 0x00002ed8 | 0xb6 | 0xb6
[OK ]  |  2777 | 0x00002ed9 | 0x2f | 0x2f
[OK ]  |  2778 | 0x00002eda | 0x00 | 0x00
[OK ]  |  2779 | 0x00002edb | 0x00 | 0x00
[OK ]  |  2780 | 0x00002edc | 0x30 | 0x30
[OK ]  |  2781 | 0x00002edd | 0x97 | 0x97
[OK ]  |  2782 | 0x00002ede | 0x00 | 0x00
[OK ]  |  2783 | 0x00002edf | 0x00 | 0x00
[OK ]  |  2784 | 0x00002ee0 | 0x68 | 0x68
[OK ]  |  2785 | 0x00002ee1 | 0xce | 0xce
[OK ]  |  2786 | 0x00002ee2 | 0xff | 0xff
[OK ]  |  2787 | 0x00002ee3 | 0xff | 0xff
[OK ]  |  2788 | 0x00002ee4 | 0xdc | 0xdc
[OK ]  |  2789 | 0x00002ee5 | 0x7a | 0x7a
[OK ]  |  2790 | 0x00002ee6 | 0xff | 0xff
[OK ]  |  2791 | 0x00002ee7 | 0xff | 0xff
[OK ]  |  2792 | 0x00002ee8 | 0x19 | 0x19
[OK ]  |  2793 | 0x00002ee9 | 0xbb | 0xbb
[OK ]  |  2794 | 0x00002eea | 0xff | 0xff
[OK ]  |  2795 | 0x00002eeb | 0xff | 0xff
[OK ]  |  2796 | 0x00002eec | 0x06 | 0x06
[OK ]  |  2797 | 0x00002eed | 0x6e | 0x6e
[OK ]  |  2798 | 0x00002eee | 0xff | 0xff
[OK ]  |  2799 | 0x00002eef | 0xff | 0xff
[OK ]  |  2800 | 0x00002ef0 | 0x8f | 0x8f
[OK ]  |  2801 | 0x00002ef1 | 0x31 | 0x31
[OK ]  |  2802 | 0x00002ef2 | 0x00 | 0x00
[OK ]  |  2803 | 0x00002ef3 | 0x00 | 0x00
[OK ]  |  2804 | 0x00002ef4 | 0xe0 | 0xe0
[OK ]  |  2805 | 0x00002ef5 | 0x38 | 0x38
[OK ]  |  2806 | 0x00002ef6 | 0x00 | 0x00
[OK ]  |  2807 | 0x00002ef7 | 0x00 | 0x00
[OK ]  |  2808 | 0x00002ef8 | 0x92 | 0x92
[OK ]  |  2809 | 0x00002ef9 | 0x30 | 0x30
[OK ]  |  2810 | 0x00002efa | 0xff | 0xff
[OK ]  |  2811 | 0x00002efb | 0xff | 0xff
[OK ]  |  2812 | 0x00002efc | 0xa7 | 0xa7
[OK ]  |  2813 | 0x00002efd | 0x6b | 0x6b
[OK ]  |  2814 | 0x00002efe | 0xff | 0xff
[OK ]  |  2815 | 0x00002eff | 0xff | 0xff
[OK ]  |  2816 | 0x00002f00 | 0x03 | 0x03
[OK ]  |  2817 | 0x00002f01 | 0x04 | 0x04
[OK ]  |  2818 | 0x00002f02 | 0x00 | 0x00
[OK ]  |  2819 | 0x00002f03 | 0x00 | 0x00
[OK ]  |  2820 | 0x00002f04 | 0x39 | 0x39
[OK ]  |  2821 | 0x00002f05 | 0x7b | 0x7b
[OK ]  |  2822 | 0x00002f06 | 0x00 | 0x00
[OK ]  |  2823 | 0x00002f07 | 0x00 | 0x00
[OK ]  |  2824 | 0x00002f08 | 0x95 | 0x95
[OK ]  |  2825 | 0x00002f09 | 0xc7 | 0xc7
[OK ]  |  2826 | 0x00002f0a | 0xff | 0xff
[OK ]  |  2827 | 0x00002f0b | 0xff | 0xff
[OK ]  |  2828 | 0x00002f0c | 0x39 | 0x39
[OK ]  |  2829 | 0x00002f0d | 0xf0 | 0xf0
[OK ]  |  2830 | 0x00002f0e | 0x01 | 0x01
[OK ]  |  2831 | 0x00002f0f | 0x00 | 0x00
[OK ]  |  2832 | 0x00002f10 | 0x1b | 0x1b
[OK ]  |  2833 | 0x00002f11 | 0x76 | 0x76
[OK ]  |  2834 | 0x00002f12 | 0x00 | 0x00
[OK ]  |  2835 | 0x00002f13 | 0x00 | 0x00
[OK ]  |  2836 | 0x00002f14 | 0xf9 | 0xf9
[OK ]  |  2837 | 0x00002f15 | 0xcf | 0xcf
[OK ]  |  2838 | 0x00002f16 | 0x00 | 0x00
[OK ]  |  2839 | 0x00002f17 | 0x00 | 0x00
[OK ]  |  2840 | 0x00002f18 | 0x7c | 0x7c
[OK ]  |  2841 | 0x00002f19 | 0x41 | 0x41
[OK ]  |  2842 | 0x00002f1a | 0xff | 0xff
[OK ]  |  2843 | 0x00002f1b | 0xff | 0xff
[OK ]  |  2844 | 0x00002f1c | 0x27 | 0x27
[OK ]  |  2845 | 0x00002f1d | 0xca | 0xca
[OK ]  |  2846 | 0x00002f1e | 0xff | 0xff
[OK ]  |  2847 | 0x00002f1f | 0xff | 0xff
[OK ]  |  2848 | 0x00002f20 | 0xf9 | 0xf9
[OK ]  |  2849 | 0x00002f21 | 0xdb | 0xdb
[OK ]  |  2850 | 0x00002f22 | 0xff | 0xff
[OK ]  |  2851 | 0x00002f23 | 0xff | 0xff
[OK ]  |  2852 | 0x00002f24 | 0x83 | 0x83
[OK ]  |  2853 | 0x00002f25 | 0x4a | 0x4a
[OK ]  |  2854 | 0x00002f26 | 0x00 | 0x00
[OK ]  |  2855 | 0x00002f27 | 0x00 | 0x00
[OK ]  |  2856 | 0x00002f28 | 0xa7 | 0xa7
[OK ]  |  2857 | 0x00002f29 | 0xd7 | 0xd7
[OK ]  |  2858 | 0x00002f2a | 0xfe | 0xfe
[OK ]  |  2859 | 0x00002f2b | 0xff | 0xff
[OK ]  |  2860 | 0x00002f2c | 0xab | 0xab
[OK ]  |  2861 | 0x00002f2d | 0x23 | 0x23
[OK ]  |  2862 | 0x00002f2e | 0x01 | 0x01
[OK ]  |  2863 | 0x00002f2f | 0x00 | 0x00
[OK ]  |  2864 | 0x00002f30 | 0xe9 | 0xe9
[OK ]  |  2865 | 0x00002f31 | 0x9c | 0x9c
[OK ]  |  2866 | 0x00002f32 | 0xff | 0xff
[OK ]  |  2867 | 0x00002f33 | 0xff | 0xff
[OK ]  |  2868 | 0x00002f34 | 0x46 | 0x46
[OK ]  |  2869 | 0x00002f35 | 0xd2 | 0xd2
[OK ]  |  2870 | 0x00002f36 | 0x00 | 0x00
[OK ]  |  2871 | 0x00002f37 | 0x00 | 0x00
[OK ]  |  2872 | 0x00002f38 | 0x5f | 0x5f
[OK ]  |  2873 | 0x00002f39 | 0x43 | 0x43
[OK ]  |  2874 | 0x00002f3a | 0xff | 0xff
[OK ]  |  2875 | 0x00002f3b | 0xff | 0xff
[OK ]  |  2876 | 0x00002f3c | 0x35 | 0x35
[OK ]  |  2877 | 0x00002f3d | 0xd1 | 0xd1
[OK ]  |  2878 | 0x00002f3e | 0xff | 0xff
[OK ]  |  2879 | 0x00002f3f | 0xff | 0xff
[OK ]  |  2880 | 0x00002f40 | 0xb6 | 0xb6
[OK ]  |  2881 | 0x00002f41 | 0xa4 | 0xa4
[OK ]  |  2882 | 0x00002f42 | 0x00 | 0x00
[OK ]  |  2883 | 0x00002f43 | 0x00 | 0x00
[OK ]  |  2884 | 0x00002f44 | 0x64 | 0x64
[OK ]  |  2885 | 0x00002f45 | 0x6b | 0x6b
[OK ]  |  2886 | 0x00002f46 | 0x00 | 0x00
[OK ]  |  2887 | 0x00002f47 | 0x00 | 0x00
[OK ]  |  2888 | 0x00002f48 | 0xb8 | 0xb8
[OK ]  |  2889 | 0x00002f49 | 0x12 | 0x12
[OK ]  |  2890 | 0x00002f4a | 0xff | 0xff
[OK ]  |  2891 | 0x00002f4b | 0xff | 0xff
[OK ]  |  2892 | 0x00002f4c | 0x13 | 0x13
[OK ]  |  2893 | 0x00002f4d | 0xfd | 0xfd
[OK ]  |  2894 | 0x00002f4e | 0xfe | 0xfe
[OK ]  |  2895 | 0x00002f4f | 0xff | 0xff
[OK ]  |  2896 | 0x00002f50 | 0x93 | 0x93
[OK ]  |  2897 | 0x00002f51 | 0x0d | 0x0d
[OK ]  |  2898 | 0x00002f52 | 0x00 | 0x00
[OK ]  |  2899 | 0x00002f53 | 0x00 | 0x00
[OK ]  |  2900 | 0x00002f54 | 0xd9 | 0xd9
[OK ]  |  2901 | 0x00002f55 | 0xdc | 0xdc
[OK ]  |  2902 | 0x00002f56 | 0xff | 0xff
[OK ]  |  2903 | 0x00002f57 | 0xff | 0xff
[OK ]  |  2904 | 0x00002f58 | 0x4c | 0x4c
[OK ]  |  2905 | 0x00002f59 | 0x40 | 0x40
[OK ]  |  2906 | 0x00002f5a | 0x01 | 0x01
[OK ]  |  2907 | 0x00002f5b | 0x00 | 0x00
[OK ]  |  2908 | 0x00002f5c | 0x8b | 0x8b
[OK ]  |  2909 | 0x00002f5d | 0x3d | 0x3d
[OK ]  |  2910 | 0x00002f5e | 0x00 | 0x00
[OK ]  |  2911 | 0x00002f5f | 0x00 | 0x00
[OK ]  |  2912 | 0x00002f60 | 0x9f | 0x9f
[OK ]  |  2913 | 0x00002f61 | 0xcf | 0xcf
[OK ]  |  2914 | 0x00002f62 | 0xff | 0xff
[OK ]  |  2915 | 0x00002f63 | 0xff | 0xff
[OK ]  |  2916 | 0x00002f64 | 0x8c | 0x8c
[OK ]  |  2917 | 0x00002f65 | 0x07 | 0x07
[OK ]  |  2918 | 0x00002f66 | 0x00 | 0x00
[OK ]  |  2919 | 0x00002f67 | 0x00 | 0x00
[OK ]  |  2920 | 0x00002f68 | 0xd6 | 0xd6
[OK ]  |  2921 | 0x00002f69 | 0x3e | 0x3e
[OK ]  |  2922 | 0x00002f6a | 0x00 | 0x00
[OK ]  |  2923 | 0x00002f6b | 0x00 | 0x00
[OK ]  |  2924 | 0x00002f6c | 0x2a | 0x2a
[OK ]  |  2925 | 0x00002f6d | 0xa2 | 0xa2
[OK ]  |  2926 | 0x00002f6e | 0xff | 0xff
[OK ]  |  2927 | 0x00002f6f | 0xff | 0xff
[OK ]  |  2928 | 0x00002f70 | 0x58 | 0x58
[OK ]  |  2929 | 0x00002f71 | 0xd2 | 0xd2
[OK ]  |  2930 | 0x00002f72 | 0x01 | 0x01
[OK ]  |  2931 | 0x00002f73 | 0x00 | 0x00
[OK ]  |  2932 | 0x00002f74 | 0x46 | 0x46
[OK ]  |  2933 | 0x00002f75 | 0x52 | 0x52
[OK ]  |  2934 | 0x00002f76 | 0x00 | 0x00
[OK ]  |  2935 | 0x00002f77 | 0x00 | 0x00
[OK ]  |  2936 | 0x00002f78 | 0xaa | 0xaa
[OK ]  |  2937 | 0x00002f79 | 0x33 | 0x33
[OK ]  |  2938 | 0x00002f7a | 0xff | 0xff
[OK ]  |  2939 | 0x00002f7b | 0xff | 0xff
[OK ]  |  2940 | 0x00002f7c | 0x78 | 0x78
[OK ]  |  2941 | 0x00002f7d | 0x22 | 0x22
[OK ]  |  2942 | 0x00002f7e | 0x01 | 0x01
[OK ]  |  2943 | 0x00002f7f | 0x00 | 0x00
[OK ]  |  2944 | 0x00002f80 | 0x17 | 0x17
[OK ]  |  2945 | 0x00002f81 | 0x65 | 0x65
[OK ]  |  2946 | 0x00002f82 | 0xff | 0xff
[OK ]  |  2947 | 0x00002f83 | 0xff | 0xff
[OK ]  |  2948 | 0x00002f84 | 0x3f | 0x3f
[OK ]  |  2949 | 0x00002f85 | 0x5b | 0x5b
[OK ]  |  2950 | 0x00002f86 | 0xff | 0xff
[OK ]  |  2951 | 0x00002f87 | 0xff | 0xff
[OK ]  |  2952 | 0x00002f88 | 0xbf | 0xbf
[OK ]  |  2953 | 0x00002f89 | 0xa6 | 0xa6
[OK ]  |  2954 | 0x00002f8a | 0x00 | 0x00
[OK ]  |  2955 | 0x00002f8b | 0x00 | 0x00
[OK ]  |  2956 | 0x00002f8c | 0x72 | 0x72
[OK ]  |  2957 | 0x00002f8d | 0x35 | 0x35
[OK ]  |  2958 | 0x00002f8e | 0x00 | 0x00
[OK ]  |  2959 | 0x00002f8f | 0x00 | 0x00
[OK ]  |  2960 | 0x00002f90 | 0x79 | 0x79
[OK ]  |  2961 | 0x00002f91 | 0x51 | 0x51
[OK ]  |  2962 | 0x00002f92 | 0xff | 0xff
[OK ]  |  2963 | 0x00002f93 | 0xff | 0xff
[OK ]  |  2964 | 0x00002f94 | 0x6f | 0x6f
[OK ]  |  2965 | 0x00002f95 | 0xdb | 0xdb
[OK ]  |  2966 | 0x00002f96 | 0xff | 0xff
[OK ]  |  2967 | 0x00002f97 | 0xff | 0xff
[OK ]  |  2968 | 0x00002f98 | 0x97 | 0x97
[OK ]  |  2969 | 0x00002f99 | 0xbf | 0xbf
[OK ]  |  2970 | 0x00002f9a | 0x00 | 0x00
[OK ]  |  2971 | 0x00002f9b | 0x00 | 0x00
[OK ]  |  2972 | 0x00002f9c | 0x02 | 0x02
[OK ]  |  2973 | 0x00002f9d | 0x18 | 0x18
[OK ]  |  2974 | 0x00002f9e | 0xff | 0xff
[OK ]  |  2975 | 0x00002f9f | 0xff | 0xff
[OK ]  |  2976 | 0x00002fa0 | 0x36 | 0x36
[OK ]  |  2977 | 0x00002fa1 | 0xd4 | 0xd4
[OK ]  |  2978 | 0x00002fa2 | 0x00 | 0x00
[OK ]  |  2979 | 0x00002fa3 | 0x00 | 0x00
[OK ]  |  2980 | 0x00002fa4 | 0xf4 | 0xf4
[OK ]  |  2981 | 0x00002fa5 | 0x7e | 0x7e
[OK ]  |  2982 | 0x00002fa6 | 0x00 | 0x00
[OK ]  |  2983 | 0x00002fa7 | 0x00 | 0x00
[OK ]  |  2984 | 0x00002fa8 | 0xe7 | 0xe7
[OK ]  |  2985 | 0x00002fa9 | 0xac | 0xac
[OK ]  |  2986 | 0x00002faa | 0x01 | 0x01
[OK ]  |  2987 | 0x00002fab | 0x00 | 0x00
[OK ]  |  2988 | 0x00002fac | 0x88 | 0x88
[OK ]  |  2989 | 0x00002fad | 0xb7 | 0xb7
[OK ]  |  2990 | 0x00002fae | 0xff | 0xff
[OK ]  |  2991 | 0x00002faf | 0xff | 0xff
[OK ]  |  2992 | 0x00002fb0 | 0x83 | 0x83
[OK ]  |  2993 | 0x00002fb1 | 0xf0 | 0xf0
[OK ]  |  2994 | 0x00002fb2 | 0xff | 0xff
[OK ]  |  2995 | 0x00002fb3 | 0xff | 0xff
[OK ]  |  2996 | 0x00002fb4 | 0x0a | 0x0a
[OK ]  |  2997 | 0x00002fb5 | 0xdc | 0xdc
[OK ]  |  2998 | 0x00002fb6 | 0x00 | 0x00
[OK ]  |  2999 | 0x00002fb7 | 0x00 | 0x00
[OK ]  |  3000 | 0x00002fb8 | 0xbb | 0xbb
[OK ]  |  3001 | 0x00002fb9 | 0x22 | 0x22
[OK ]  |  3002 | 0x00002fba | 0x00 | 0x00
[OK ]  |  3003 | 0x00002fbb | 0x00 | 0x00
[OK ]  |  3004 | 0x00002fbc | 0xe6 | 0xe6
[OK ]  |  3005 | 0x00002fbd | 0x34 | 0x34
[OK ]  |  3006 | 0x00002fbe | 0x00 | 0x00
[OK ]  |  3007 | 0x00002fbf | 0x00 | 0x00
[OK ]  |  3008 | 0x00002fc0 | 0xb4 | 0xb4
[OK ]  |  3009 | 0x00002fc1 | 0x59 | 0x59
[OK ]  |  3010 | 0x00002fc2 | 0xff | 0xff
[OK ]  |  3011 | 0x00002fc3 | 0xff | 0xff
[OK ]  |  3012 | 0x00002fc4 | 0xf3 | 0xf3
[OK ]  |  3013 | 0x00002fc5 | 0xba | 0xba
[OK ]  |  3014 | 0x00002fc6 | 0xff | 0xff
[OK ]  |  3015 | 0x00002fc7 | 0xff | 0xff
[OK ]  |  3016 | 0x00002fc8 | 0xb5 | 0xb5
[OK ]  |  3017 | 0x00002fc9 | 0x20 | 0x20
[OK ]  |  3018 | 0x00002fca | 0x00 | 0x00
[OK ]  |  3019 | 0x00002fcb | 0x00 | 0x00
[OK ]  |  3020 | 0x00002fcc | 0x4b | 0x4b
[OK ]  |  3021 | 0x00002fcd | 0x34 | 0x34
[OK ]  |  3022 | 0x00002fce | 0xff | 0xff
[OK ]  |  3023 | 0x00002fcf | 0xff | 0xff
[OK ]  |  3024 | 0x00002fd0 | 0xd8 | 0xd8
[OK ]  |  3025 | 0x00002fd1 | 0x1f | 0x1f
[OK ]  |  3026 | 0x00002fd2 | 0x01 | 0x01
[OK ]  |  3027 | 0x00002fd3 | 0x00 | 0x00
[OK ]  |  3028 | 0x00002fd4 | 0x15 | 0x15
[OK ]  |  3029 | 0x00002fd5 | 0x37 | 0x37
[OK ]  |  3030 | 0x00002fd6 | 0xff | 0xff
[OK ]  |  3031 | 0x00002fd7 | 0xff | 0xff
[OK ]  |  3032 | 0x00002fd8 | 0x8f | 0x8f
[OK ]  |  3033 | 0x00002fd9 | 0x81 | 0x81
[OK ]  |  3034 | 0x00002fda | 0xff | 0xff
[OK ]  |  3035 | 0x00002fdb | 0xff | 0xff
[OK ]  |  3036 | 0x00002fdc | 0xaf | 0xaf
[OK ]  |  3037 | 0x00002fdd | 0xa1 | 0xa1
[OK ]  |  3038 | 0x00002fde | 0xff | 0xff
[OK ]  |  3039 | 0x00002fdf | 0xff | 0xff
[OK ]  |  3040 | 0x00002fe0 | 0x99 | 0x99
[OK ]  |  3041 | 0x00002fe1 | 0x14 | 0x14
[OK ]  |  3042 | 0x00002fe2 | 0x00 | 0x00
[OK ]  |  3043 | 0x00002fe3 | 0x00 | 0x00
[OK ]  |  3044 | 0x00002fe4 | 0x43 | 0x43
[OK ]  |  3045 | 0x00002fe5 | 0x5f | 0x5f
[OK ]  |  3046 | 0x00002fe6 | 0x00 | 0x00
[OK ]  |  3047 | 0x00002fe7 | 0x00 | 0x00
[OK ]  |  3048 | 0x00002fe8 | 0x8a | 0x8a
[OK ]  |  3049 | 0x00002fe9 | 0x6c | 0x6c
[OK ]  |  3050 | 0x00002fea | 0x00 | 0x00
[OK ]  |  3051 | 0x00002feb | 0x00 | 0x00
[OK ]  |  3052 | 0x00002fec | 0xd7 | 0xd7
[OK ]  |  3053 | 0x00002fed | 0x9e | 0x9e
[OK ]  |  3054 | 0x00002fee | 0x00 | 0x00
[OK ]  |  3055 | 0x00002fef | 0x00 | 0x00
[OK ]  |  3056 | 0x00002ff0 | 0x25 | 0x25
[OK ]  |  3057 | 0x00002ff1 | 0x00 | 0x00
[OK ]  |  3058 | 0x00002ff2 | 0x00 | 0x00
[OK ]  |  3059 | 0x00002ff3 | 0x00 | 0x00
[OK ]  |  3060 | 0x00002ff4 | 0xb0 | 0xb0
[OK ]  |  3061 | 0x00002ff5 | 0x6c | 0x6c
[OK ]  |  3062 | 0x00002ff6 | 0x00 | 0x00
[OK ]  |  3063 | 0x00002ff7 | 0x00 | 0x00
[OK ]  |  3064 | 0x00002ff8 | 0x5b | 0x5b
[OK ]  |  3065 | 0x00002ff9 | 0xe9 | 0xe9
[OK ]  |  3066 | 0x00002ffa | 0xff | 0xff
[OK ]  |  3067 | 0x00002ffb | 0xff | 0xff
[OK ]  |  3068 | 0x00002ffc | 0xdd | 0xdd
[OK ]  |  3069 | 0x00002ffd | 0xef | 0xef
[OK ]  |  3070 | 0x00002ffe | 0xff | 0xff
[OK ]  |  3071 | 0x00002fff | 0xff | 0xff
[OK ]  |  3072 | 0x00003000 | 0x9c | 0x9c
[OK ]  |  3073 | 0x00003001 | 0xee | 0xee
[OK ]  |  3074 | 0x00003002 | 0xff | 0xff
[OK ]  |  3075 | 0x00003003 | 0xff | 0xff
[OK ]  |  3076 | 0x00003004 | 0x2e | 0x2e
[OK ]  |  3077 | 0x00003005 | 0xed | 0xed
[OK ]  |  3078 | 0x00003006 | 0xff | 0xff
[OK ]  |  3079 | 0x00003007 | 0xff | 0xff
[OK ]  |  3080 | 0x00003008 | 0x42 | 0x42
[OK ]  |  3081 | 0x00003009 | 0xd0 | 0xd0
[OK ]  |  3082 | 0x0000300a | 0xfe | 0xfe
[OK ]  |  3083 | 0x0000300b | 0xff | 0xff
[OK ]  |  3084 | 0x0000300c | 0xd9 | 0xd9
[OK ]  |  3085 | 0x0000300d | 0x57 | 0x57
[OK ]  |  3086 | 0x0000300e | 0x00 | 0x00
[OK ]  |  3087 | 0x0000300f | 0x00 | 0x00
[OK ]  |  3088 | 0x00003010 | 0x2d | 0x2d
[OK ]  |  3089 | 0x00003011 | 0x2c | 0x2c
[OK ]  |  3090 | 0x00003012 | 0x00 | 0x00
[OK ]  |  3091 | 0x00003013 | 0x00 | 0x00
[OK ]  |  3092 | 0x00003014 | 0x1c | 0x1c
[OK ]  |  3093 | 0x00003015 | 0x74 | 0x74
[OK ]  |  3094 | 0x00003016 | 0xff | 0xff
[OK ]  |  3095 | 0x00003017 | 0xff | 0xff
[OK ]  |  3096 | 0x00003018 | 0x3e | 0x3e
[OK ]  |  3097 | 0x00003019 | 0x08 | 0x08
[OK ]  |  3098 | 0x0000301a | 0x01 | 0x01
[OK ]  |  3099 | 0x0000301b | 0x00 | 0x00
[OK ]  |  3100 | 0x0000301c | 0x18 | 0x18
[OK ]  |  3101 | 0x0000301d | 0xf0 | 0xf0
[OK ]  |  3102 | 0x0000301e | 0xff | 0xff
[OK ]  |  3103 | 0x0000301f | 0xff | 0xff
[OK ]  |  3104 | 0x00003020 | 0x4e | 0x4e
[OK ]  |  3105 | 0x00003021 | 0x03 | 0x03
[OK ]  |  3106 | 0x00003022 | 0x01 | 0x01
[OK ]  |  3107 | 0x00003023 | 0x00 | 0x00
[OK ]  |  3108 | 0x00003024 | 0xd2 | 0xd2
[OK ]  |  3109 | 0x00003025 | 0x2d | 0x2d
[OK ]  |  3110 | 0x00003026 | 0xff | 0xff
[OK ]  |  3111 | 0x00003027 | 0xff | 0xff
[OK ]  |  3112 | 0x00003028 | 0x42 | 0x42
[OK ]  |  3113 | 0x00003029 | 0xa9 | 0xa9
[OK ]  |  3114 | 0x0000302a | 0xff | 0xff
[OK ]  |  3115 | 0x0000302b | 0xff | 0xff
[OK ]  |  3116 | 0x0000302c | 0x91 | 0x91
[OK ]  |  3117 | 0x0000302d | 0x36 | 0x36
[OK ]  |  3118 | 0x0000302e | 0x00 | 0x00
[OK ]  |  3119 | 0x0000302f | 0x00 | 0x00
[OK ]  |  3120 | 0x00003030 | 0xb3 | 0xb3
[OK ]  |  3121 | 0x00003031 | 0xec | 0xec
[OK ]  |  3122 | 0x00003032 | 0xff | 0xff
[OK ]  |  3123 | 0x00003033 | 0xff | 0xff
[OK ]  |  3124 | 0x00003034 | 0xee | 0xee
[OK ]  |  3125 | 0x00003035 | 0xbe | 0xbe
[OK ]  |  3126 | 0x00003036 | 0xfe | 0xfe
[OK ]  |  3127 | 0x00003037 | 0xff | 0xff
[OK ]  |  3128 | 0x00003038 | 0xdb | 0xdb
[OK ]  |  3129 | 0x00003039 | 0xf0 | 0xf0
[OK ]  |  3130 | 0x0000303a | 0xff | 0xff
[OK ]  |  3131 | 0x0000303b | 0xff | 0xff
[OK ]  |  3132 | 0x0000303c | 0x5c | 0x5c
[OK ]  |  3133 | 0x0000303d | 0xe9 | 0xe9
[OK ]  |  3134 | 0x0000303e | 0xff | 0xff
[OK ]  |  3135 | 0x0000303f | 0xff | 0xff
[OK ]  |  3136 | 0x00003040 | 0x61 | 0x61
[OK ]  |  3137 | 0x00003041 | 0x46 | 0x46
[OK ]  |  3138 | 0x00003042 | 0x00 | 0x00
[OK ]  |  3139 | 0x00003043 | 0x00 | 0x00
[OK ]  |  3140 | 0x00003044 | 0x3d | 0x3d
[OK ]  |  3141 | 0x00003045 | 0x0b | 0x0b
[OK ]  |  3142 | 0x00003046 | 0x00 | 0x00
[OK ]  |  3143 | 0x00003047 | 0x00 | 0x00
[OK ]  |  3144 | 0x00003048 | 0xec | 0xec
[OK ]  |  3145 | 0x00003049 | 0x0b | 0x0b
[OK ]  |  3146 | 0x0000304a | 0xff | 0xff
[OK ]  |  3147 | 0x0000304b | 0xff | 0xff
[OK ]  |  3148 | 0x0000304c | 0x38 | 0x38
[OK ]  |  3149 | 0x0000304d | 0x74 | 0x74
[OK ]  |  3150 | 0x0000304e | 0x00 | 0x00
[OK ]  |  3151 | 0x0000304f | 0x00 | 0x00
[OK ]  |  3152 | 0x00003050 | 0x60 | 0x60
[OK ]  |  3153 | 0x00003051 | 0xf5 | 0xf5
[OK ]  |  3154 | 0x00003052 | 0xfe | 0xfe
[OK ]  |  3155 | 0x00003053 | 0xff | 0xff
[OK ]  |  3156 | 0x00003054 | 0x2c | 0x2c
[OK ]  |  3157 | 0x00003055 | 0x47 | 0x47
[OK ]  |  3158 | 0x00003056 | 0xff | 0xff
[OK ]  |  3159 | 0x00003057 | 0xff | 0xff
[OK ]  |  3160 | 0x00003058 | 0x37 | 0x37
[OK ]  |  3161 | 0x00003059 | 0x62 | 0x62
[OK ]  |  3162 | 0x0000305a | 0xff | 0xff
[OK ]  |  3163 | 0x0000305b | 0xff | 0xff
[OK ]  |  3164 | 0x0000305c | 0xb2 | 0xb2
[OK ]  |  3165 | 0x0000305d | 0x05 | 0x05
[OK ]  |  3166 | 0x0000305e | 0x00 | 0x00
[OK ]  |  3167 | 0x0000305f | 0x00 | 0x00
[OK ]  |  3168 | 0x00003060 | 0x64 | 0x64
[OK ]  |  3169 | 0x00003061 | 0x67 | 0x67
[OK ]  |  3170 | 0x00003062 | 0xff | 0xff
[OK ]  |  3171 | 0x00003063 | 0xff | 0xff
[OK ]  |  3172 | 0x00003064 | 0xbd | 0xbd
[OK ]  |  3173 | 0x00003065 | 0xf4 | 0xf4
[OK ]  |  3174 | 0x00003066 | 0xff | 0xff
[OK ]  |  3175 | 0x00003067 | 0xff | 0xff
[OK ]  |  3176 | 0x00003068 | 0x21 | 0x21
[OK ]  |  3177 | 0x00003069 | 0xea | 0xea
[OK ]  |  3178 | 0x0000306a | 0x00 | 0x00
[OK ]  |  3179 | 0x0000306b | 0x00 | 0x00
[OK ]  |  3180 | 0x0000306c | 0x4c | 0x4c
[OK ]  |  3181 | 0x0000306d | 0xd8 | 0xd8
[OK ]  |  3182 | 0x0000306e | 0xff | 0xff
[OK ]  |  3183 | 0x0000306f | 0xff | 0xff
[OK ]  |  3184 | 0x00003070 | 0x79 | 0x79
[OK ]  |  3185 | 0x00003071 | 0xee | 0xee
[OK ]  |  3186 | 0x00003072 | 0xff | 0xff
[OK ]  |  3187 | 0x00003073 | 0xff | 0xff
[OK ]  |  3188 | 0x00003074 | 0x7d | 0x7d
[OK ]  |  3189 | 0x00003075 | 0x18 | 0x18
[OK ]  |  3190 | 0x00003076 | 0x00 | 0x00
[OK ]  |  3191 | 0x00003077 | 0x00 | 0x00
[OK ]  |  3192 | 0x00003078 | 0x40 | 0x40
[OK ]  |  3193 | 0x00003079 | 0xe2 | 0xe2
[OK ]  |  3194 | 0x0000307a | 0xfe | 0xfe
[OK ]  |  3195 | 0x0000307b | 0xff | 0xff
[OK ]  |  3196 | 0x0000307c | 0xb3 | 0xb3
[OK ]  |  3197 | 0x0000307d | 0xd2 | 0xd2
[OK ]  |  3198 | 0x0000307e | 0xff | 0xff
[OK ]  |  3199 | 0x0000307f | 0xff | 0xff
[OK ]  |  3200 | 0x00003080 | 0x88 | 0x88
[OK ]  |  3201 | 0x00003081 | 0x35 | 0x35
[OK ]  |  3202 | 0x00003082 | 0xff | 0xff
[OK ]  |  3203 | 0x00003083 | 0xff | 0xff
[OK ]  |  3204 | 0x00003084 | 0x23 | 0x23
[OK ]  |  3205 | 0x00003085 | 0x9d | 0x9d
[OK ]  |  3206 | 0x00003086 | 0xff | 0xff
[OK ]  |  3207 | 0x00003087 | 0xff | 0xff
[OK ]  |  3208 | 0x00003088 | 0xb4 | 0xb4
[OK ]  |  3209 | 0x00003089 | 0x36 | 0x36
[OK ]  |  3210 | 0x0000308a | 0x01 | 0x01
[OK ]  |  3211 | 0x0000308b | 0x00 | 0x00
[OK ]  |  3212 | 0x0000308c | 0x4f | 0x4f
[OK ]  |  3213 | 0x0000308d | 0x25 | 0x25
[OK ]  |  3214 | 0x0000308e | 0xff | 0xff
[OK ]  |  3215 | 0x0000308f | 0xff | 0xff
[OK ]  |  3216 | 0x00003090 | 0x44 | 0x44
[OK ]  |  3217 | 0x00003091 | 0xe0 | 0xe0
[OK ]  |  3218 | 0x00003092 | 0xff | 0xff
[OK ]  |  3219 | 0x00003093 | 0xff | 0xff
[OK ]  |  3220 | 0x00003094 | 0x5d | 0x5d
[OK ]  |  3221 | 0x00003095 | 0x9d | 0x9d
[OK ]  |  3222 | 0x00003096 | 0x00 | 0x00
[OK ]  |  3223 | 0x00003097 | 0x00 | 0x00
[OK ]  |  3224 | 0x00003098 | 0x43 | 0x43
[OK ]  |  3225 | 0x00003099 | 0x7d | 0x7d
[OK ]  |  3226 | 0x0000309a | 0x00 | 0x00
[OK ]  |  3227 | 0x0000309b | 0x00 | 0x00
[OK ]  |  3228 | 0x0000309c | 0xa6 | 0xa6
[OK ]  |  3229 | 0x0000309d | 0x8e | 0x8e
[OK ]  |  3230 | 0x0000309e | 0xff | 0xff
[OK ]  |  3231 | 0x0000309f | 0xff | 0xff
[OK ]  |  3232 | 0x000030a0 | 0xfa | 0xfa
[OK ]  |  3233 | 0x000030a1 | 0x4d | 0x4d
[OK ]  |  3234 | 0x000030a2 | 0x00 | 0x00
[OK ]  |  3235 | 0x000030a3 | 0x00 | 0x00
[OK ]  |  3236 | 0x000030a4 | 0xeb | 0xeb
[OK ]  |  3237 | 0x000030a5 | 0x6d | 0x6d
[OK ]  |  3238 | 0x000030a6 | 0xff | 0xff
[OK ]  |  3239 | 0x000030a7 | 0xff | 0xff
[OK ]  |  3240 | 0x000030a8 | 0xe9 | 0xe9
[OK ]  |  3241 | 0x000030a9 | 0xcb | 0xcb
[OK ]  |  3242 | 0x000030aa | 0xff | 0xff
[OK ]  |  3243 | 0x000030ab | 0xff | 0xff
[OK ]  |  3244 | 0x000030ac | 0x32 | 0x32
[OK ]  |  3245 | 0x000030ad | 0xc6 | 0xc6
[OK ]  |  3246 | 0x000030ae | 0xff | 0xff
[OK ]  |  3247 | 0x000030af | 0xff | 0xff
[OK ]  |  3248 | 0x000030b0 | 0xa1 | 0xa1
[OK ]  |  3249 | 0x000030b1 | 0x4f | 0x4f
[OK ]  |  3250 | 0x000030b2 | 0xff | 0xff
[OK ]  |  3251 | 0x000030b3 | 0xff | 0xff
[OK ]  |  3252 | 0x000030b4 | 0x4f | 0x4f
[OK ]  |  3253 | 0x000030b5 | 0x03 | 0x03
[OK ]  |  3254 | 0x000030b6 | 0x00 | 0x00
[OK ]  |  3255 | 0x000030b7 | 0x00 | 0x00
[OK ]  |  3256 | 0x000030b8 | 0xc8 | 0xc8
[OK ]  |  3257 | 0x000030b9 | 0x51 | 0x51
[OK ]  |  3258 | 0x000030ba | 0x00 | 0x00
[OK ]  |  3259 | 0x000030bb | 0x00 | 0x00
[OK ]  |  3260 | 0x000030bc | 0x70 | 0x70
[OK ]  |  3261 | 0x000030bd | 0x95 | 0x95
[OK ]  |  3262 | 0x000030be | 0xff | 0xff
[OK ]  |  3263 | 0x000030bf | 0xff | 0xff
[OK ]  |  3264 | 0x000030c0 | 0xe9 | 0xe9
[OK ]  |  3265 | 0x000030c1 | 0x16 | 0x16
[OK ]  |  3266 | 0x000030c2 | 0x01 | 0x01
[OK ]  |  3267 | 0x000030c3 | 0x00 | 0x00
[OK ]  |  3268 | 0x000030c4 | 0x36 | 0x36
[OK ]  |  3269 | 0x000030c5 | 0x3f | 0x3f
[OK ]  |  3270 | 0x000030c6 | 0x00 | 0x00
[OK ]  |  3271 | 0x000030c7 | 0x00 | 0x00
[OK ]  |  3272 | 0x000030c8 | 0x46 | 0x46
[OK ]  |  3273 | 0x000030c9 | 0x9d | 0x9d
[OK ]  |  3274 | 0x000030ca | 0xff | 0xff
[OK ]  |  3275 | 0x000030cb | 0xff | 0xff
[OK ]  |  3276 | 0x000030cc | 0x23 | 0x23
[OK ]  |  3277 | 0x000030cd | 0xaf | 0xaf
[OK ]  |  3278 | 0x000030ce | 0xff | 0xff
[OK ]  |  3279 | 0x000030cf | 0xff | 0xff
[OK ]  |  3280 | 0x000030d0 | 0x31 | 0x31
[OK ]  |  3281 | 0x000030d1 | 0x71 | 0x71
[OK ]  |  3282 | 0x000030d2 | 0xff | 0xff
[OK ]  |  3283 | 0x000030d3 | 0xff | 0xff
[OK ]  |  3284 | 0x000030d4 | 0x51 | 0x51
[OK ]  |  3285 | 0x000030d5 | 0x2a | 0x2a
[OK ]  |  3286 | 0x000030d6 | 0xff | 0xff
[OK ]  |  3287 | 0x000030d7 | 0xff | 0xff
[OK ]  |  3288 | 0x000030d8 | 0x2e | 0x2e
[OK ]  |  3289 | 0x000030d9 | 0x66 | 0x66
[OK ]  |  3290 | 0x000030da | 0x00 | 0x00
[OK ]  |  3291 | 0x000030db | 0x00 | 0x00
[OK ]  |  3292 | 0x000030dc | 0x48 | 0x48
[OK ]  |  3293 | 0x000030dd | 0xa5 | 0xa5
[OK ]  |  3294 | 0x000030de | 0xff | 0xff
[OK ]  |  3295 | 0x000030df | 0xff | 0xff
[OK ]  |  3296 | 0x000030e0 | 0x5d | 0x5d
[OK ]  |  3297 | 0x000030e1 | 0x44 | 0x44
[OK ]  |  3298 | 0x000030e2 | 0x00 | 0x00
[OK ]  |  3299 | 0x000030e3 | 0x00 | 0x00
[OK ]  |  3300 | 0x000030e4 | 0xb2 | 0xb2
[OK ]  |  3301 | 0x000030e5 | 0xe7 | 0xe7
[OK ]  |  3302 | 0x000030e6 | 0xff | 0xff
[OK ]  |  3303 | 0x000030e7 | 0xff | 0xff
[OK ]  |  3304 | 0x000030e8 | 0xf9 | 0xf9
[OK ]  |  3305 | 0x000030e9 | 0xd5 | 0xd5
[OK ]  |  3306 | 0x000030ea | 0x00 | 0x00
[OK ]  |  3307 | 0x000030eb | 0x00 | 0x00
[OK ]  |  3308 | 0x000030ec | 0xe6 | 0xe6
[OK ]  |  3309 | 0x000030ed | 0x1a | 0x1a
[OK ]  |  3310 | 0x000030ee | 0xfe | 0xfe
[OK ]  |  3311 | 0x000030ef | 0xff | 0xff
[OK ]  |  3312 | 0x000030f0 | 0x9b | 0x9b
[OK ]  |  3313 | 0x000030f1 | 0xc1 | 0xc1
[OK ]  |  3314 | 0x000030f2 | 0x00 | 0x00
[OK ]  |  3315 | 0x000030f3 | 0x00 | 0x00
[OK ]  |  3316 | 0x000030f4 | 0x31 | 0x31
[OK ]  |  3317 | 0x000030f5 | 0x01 | 0x01
[OK ]  |  3318 | 0x000030f6 | 0x00 | 0x00
[OK ]  |  3319 | 0x000030f7 | 0x00 | 0x00
[OK ]  |  3320 | 0x000030f8 | 0xf9 | 0xf9
[OK ]  |  3321 | 0x000030f9 | 0xaf | 0xaf
[OK ]  |  3322 | 0x000030fa | 0xff | 0xff
[OK ]  |  3323 | 0x000030fb | 0xff | 0xff
[OK ]  |  3324 | 0x000030fc | 0x2a | 0x2a
[OK ]  |  3325 | 0x000030fd | 0xd7 | 0xd7
[OK ]  |  3326 | 0x000030fe | 0x00 | 0x00
[OK ]  |  3327 | 0x000030ff | 0x00 | 0x00
[OK ]  |  3328 | 0x00003100 | 0xe4 | 0xe4
[OK ]  |  3329 | 0x00003101 | 0xb1 | 0xb1
[OK ]  |  3330 | 0x00003102 | 0x00 | 0x00
[OK ]  |  3331 | 0x00003103 | 0x00 | 0x00
[OK ]  |  3332 | 0x00003104 | 0x29 | 0x29
[OK ]  |  3333 | 0x00003105 | 0xc2 | 0xc2
[OK ]  |  3334 | 0x00003106 | 0x00 | 0x00
[OK ]  |  3335 | 0x00003107 | 0x00 | 0x00
[OK ]  |  3336 | 0x00003108 | 0x30 | 0x30
[OK ]  |  3337 | 0x00003109 | 0x7a | 0x7a
[OK ]  |  3338 | 0x0000310a | 0xff | 0xff
[OK ]  |  3339 | 0x0000310b | 0xff | 0xff
[OK ]  |  3340 | 0x0000310c | 0xe8 | 0xe8
[OK ]  |  3341 | 0x0000310d | 0x6d | 0x6d
[OK ]  |  3342 | 0x0000310e | 0xfe | 0xfe
[OK ]  |  3343 | 0x0000310f | 0xff | 0xff
[OK ]  |  3344 | 0x00003110 | 0xfb | 0xfb
[OK ]  |  3345 | 0x00003111 | 0x86 | 0x86
[OK ]  |  3346 | 0x00003112 | 0xfe | 0xfe
[OK ]  |  3347 | 0x00003113 | 0xff | 0xff
[OK ]  |  3348 | 0x00003114 | 0xa3 | 0xa3
[OK ]  |  3349 | 0x00003115 | 0x81 | 0x81
[OK ]  |  3350 | 0x00003116 | 0xff | 0xff
[OK ]  |  3351 | 0x00003117 | 0xff | 0xff
[OK ]  |  3352 | 0x00003118 | 0x37 | 0x37
[OK ]  |  3353 | 0x00003119 | 0xac | 0xac
[OK ]  |  3354 | 0x0000311a | 0x01 | 0x01
[OK ]  |  3355 | 0x0000311b | 0x00 | 0x00
[OK ]  |  3356 | 0x0000311c | 0x19 | 0x19
[OK ]  |  3357 | 0x0000311d | 0xc3 | 0xc3
[OK ]  |  3358 | 0x0000311e | 0xfe | 0xfe
[OK ]  |  3359 | 0x0000311f | 0xff | 0xff
[OK ]  |  3360 | 0x00003120 | 0xb2 | 0xb2
[OK ]  |  3361 | 0x00003121 | 0x94 | 0x94
[OK ]  |  3362 | 0x00003122 | 0xff | 0xff
[OK ]  |  3363 | 0x00003123 | 0xff | 0xff
[OK ]  |  3364 | 0x00003124 | 0x47 | 0x47
[OK ]  |  3365 | 0x00003125 | 0xa0 | 0xa0
[OK ]  |  3366 | 0x00003126 | 0x00 | 0x00
[OK ]  |  3367 | 0x00003127 | 0x00 | 0x00
[OK ]  |  3368 | 0x00003128 | 0xc7 | 0xc7
[OK ]  |  3369 | 0x00003129 | 0xd2 | 0xd2
[OK ]  |  3370 | 0x0000312a | 0xff | 0xff
[OK ]  |  3371 | 0x0000312b | 0xff | 0xff
[OK ]  |  3372 | 0x0000312c | 0x45 | 0x45
[OK ]  |  3373 | 0x0000312d | 0x23 | 0x23
[OK ]  |  3374 | 0x0000312e | 0x00 | 0x00
[OK ]  |  3375 | 0x0000312f | 0x00 | 0x00
[OK ]  |  3376 | 0x00003130 | 0x20 | 0x20
[OK ]  |  3377 | 0x00003131 | 0xd6 | 0xd6
[OK ]  |  3378 | 0x00003132 | 0xff | 0xff
[OK ]  |  3379 | 0x00003133 | 0xff | 0xff
[OK ]  |  3380 | 0x00003134 | 0x08 | 0x08
[OK ]  |  3381 | 0x00003135 | 0x3f | 0x3f
[OK ]  |  3382 | 0x00003136 | 0x00 | 0x00
[OK ]  |  3383 | 0x00003137 | 0x00 | 0x00
[OK ]  |  3384 | 0x00003138 | 0xeb | 0xeb
[OK ]  |  3385 | 0x00003139 | 0xe5 | 0xe5
[OK ]  |  3386 | 0x0000313a | 0x00 | 0x00
[OK ]  |  3387 | 0x0000313b | 0x00 | 0x00
[OK ]  |  3388 | 0x0000313c | 0x11 | 0x11
[OK ]  |  3389 | 0x0000313d | 0xcb | 0xcb
[OK ]  |  3390 | 0x0000313e | 0xff | 0xff
[OK ]  |  3391 | 0x0000313f | 0xff | 0xff
[OK ]  |  3392 | 0x00003140 | 0x73 | 0x73
[OK ]  |  3393 | 0x00003141 | 0xf0 | 0xf0
[OK ]  |  3394 | 0x00003142 | 0xff | 0xff
[OK ]  |  3395 | 0x00003143 | 0xff | 0xff
[OK ]  |  3396 | 0x00003144 | 0x04 | 0x04
[OK ]  |  3397 | 0x00003145 | 0x9f | 0x9f
[OK ]  |  3398 | 0x00003146 | 0x00 | 0x00
[OK ]  |  3399 | 0x00003147 | 0x00 | 0x00
[OK ]  |  3400 | 0x00003148 | 0x12 | 0x12
[OK ]  |  3401 | 0x00003149 | 0xd8 | 0xd8
[OK ]  |  3402 | 0x0000314a | 0xff | 0xff
[OK ]  |  3403 | 0x0000314b | 0xff | 0xff
[OK ]  |  3404 | 0x0000314c | 0x87 | 0x87
[OK ]  |  3405 | 0x0000314d | 0xa1 | 0xa1
[OK ]  |  3406 | 0x0000314e | 0xff | 0xff
[OK ]  |  3407 | 0x0000314f | 0xff | 0xff
[OK ]  |  3408 | 0x00003150 | 0x4b | 0x4b
[OK ]  |  3409 | 0x00003151 | 0x4c | 0x4c
[OK ]  |  3410 | 0x00003152 | 0x00 | 0x00
[OK ]  |  3411 | 0x00003153 | 0x00 | 0x00
[OK ]  |  3412 | 0x00003154 | 0xfa | 0xfa
[OK ]  |  3413 | 0x00003155 | 0x40 | 0x40
[OK ]  |  3414 | 0x00003156 | 0x00 | 0x00
[OK ]  |  3415 | 0x00003157 | 0x00 | 0x00
[OK ]  |  3416 | 0x00003158 | 0x15 | 0x15
[OK ]  |  3417 | 0x00003159 | 0x55 | 0x55
[OK ]  |  3418 | 0x0000315a | 0xff | 0xff
[OK ]  |  3419 | 0x0000315b | 0xff | 0xff
[OK ]  |  3420 | 0x0000315c | 0x31 | 0x31
[OK ]  |  3421 | 0x0000315d | 0x12 | 0x12
[OK ]  |  3422 | 0x0000315e | 0x00 | 0x00
[OK ]  |  3423 | 0x0000315f | 0x00 | 0x00
[OK ]  |  3424 | 0x00003160 | 0x1d | 0x1d
[OK ]  |  3425 | 0x00003161 | 0x44 | 0x44
[OK ]  |  3426 | 0x00003162 | 0x00 | 0x00
[OK ]  |  3427 | 0x00003163 | 0x00 | 0x00
[OK ]  |  3428 | 0x00003164 | 0xc5 | 0xc5
[OK ]  |  3429 | 0x00003165 | 0x56 | 0x56
[OK ]  |  3430 | 0x00003166 | 0xff | 0xff
[OK ]  |  3431 | 0x00003167 | 0xff | 0xff
[OK ]  |  3432 | 0x00003168 | 0x74 | 0x74
[OK ]  |  3433 | 0x00003169 | 0x51 | 0x51
[OK ]  |  3434 | 0x0000316a | 0x00 | 0x00
[OK ]  |  3435 | 0x0000316b | 0x00 | 0x00
[OK ]  |  3436 | 0x0000316c | 0x52 | 0x52
[OK ]  |  3437 | 0x0000316d | 0xb6 | 0xb6
[OK ]  |  3438 | 0x0000316e | 0xfe | 0xfe
[OK ]  |  3439 | 0x0000316f | 0xff | 0xff
[OK ]  |  3440 | 0x00003170 | 0x03 | 0x03
[OK ]  |  3441 | 0x00003171 | 0x48 | 0x48
[OK ]  |  3442 | 0x00003172 | 0x00 | 0x00
[OK ]  |  3443 | 0x00003173 | 0x00 | 0x00
[OK ]  |  3444 | 0x00003174 | 0x0f | 0x0f
[OK ]  |  3445 | 0x00003175 | 0x96 | 0x96
[OK ]  |  3446 | 0x00003176 | 0x00 | 0x00
[OK ]  |  3447 | 0x00003177 | 0x00 | 0x00
[OK ]  |  3448 | 0x00003178 | 0x00 | 0x00
[OK ]  |  3449 | 0x00003179 | 0xa1 | 0xa1
[OK ]  |  3450 | 0x0000317a | 0xff | 0xff
[OK ]  |  3451 | 0x0000317b | 0xff | 0xff
[OK ]  |  3452 | 0x0000317c | 0x92 | 0x92
[OK ]  |  3453 | 0x0000317d | 0xb4 | 0xb4
[OK ]  |  3454 | 0x0000317e | 0xff | 0xff
[OK ]  |  3455 | 0x0000317f | 0xff | 0xff
[OK ]  |  3456 | 0x00003180 | 0xb1 | 0xb1
[OK ]  |  3457 | 0x00003181 | 0x3c | 0x3c
[OK ]  |  3458 | 0x00003182 | 0x00 | 0x00
[OK ]  |  3459 | 0x00003183 | 0x00 | 0x00
[OK ]  |  3460 | 0x00003184 | 0x44 | 0x44
[OK ]  |  3461 | 0x00003185 | 0xe5 | 0xe5
[OK ]  |  3462 | 0x00003186 | 0xff | 0xff
[OK ]  |  3463 | 0x00003187 | 0xff | 0xff
[OK ]  |  3464 | 0x00003188 | 0x05 | 0x05
[OK ]  |  3465 | 0x00003189 | 0x6a | 0x6a
[OK ]  |  3466 | 0x0000318a | 0x00 | 0x00
[OK ]  |  3467 | 0x0000318b | 0x00 | 0x00
[OK ]  |  3468 | 0x0000318c | 0x8e | 0x8e
[OK ]  |  3469 | 0x0000318d | 0x82 | 0x82
[OK ]  |  3470 | 0x0000318e | 0xff | 0xff
[OK ]  |  3471 | 0x0000318f | 0xff | 0xff
[OK ]  |  3472 | 0x00003190 | 0x3a | 0x3a
[OK ]  |  3473 | 0x00003191 | 0xde | 0xde
[OK ]  |  3474 | 0x00003192 | 0xff | 0xff
[OK ]  |  3475 | 0x00003193 | 0xff | 0xff
[OK ]  |  3476 | 0x00003194 | 0x47 | 0x47
[OK ]  |  3477 | 0x00003195 | 0xed | 0xed
[OK ]  |  3478 | 0x00003196 | 0xff | 0xff
[OK ]  |  3479 | 0x00003197 | 0xff | 0xff
[OK ]  |  3480 | 0x00003198 | 0xcd | 0xcd
[OK ]  |  3481 | 0x00003199 | 0x6d | 0x6d
[OK ]  |  3482 | 0x0000319a | 0xff | 0xff
[OK ]  |  3483 | 0x0000319b | 0xff | 0xff
[OK ]  |  3484 | 0x0000319c | 0xc0 | 0xc0
[OK ]  |  3485 | 0x0000319d | 0xc0 | 0xc0
[OK ]  |  3486 | 0x0000319e | 0xff | 0xff
[OK ]  |  3487 | 0x0000319f | 0xff | 0xff
[OK ]  |  3488 | 0x000031a0 | 0xb1 | 0xb1
[OK ]  |  3489 | 0x000031a1 | 0x89 | 0x89
[OK ]  |  3490 | 0x000031a2 | 0x00 | 0x00
[OK ]  |  3491 | 0x000031a3 | 0x00 | 0x00
[OK ]  |  3492 | 0x000031a4 | 0x11 | 0x11
[OK ]  |  3493 | 0x000031a5 | 0x5c | 0x5c
[OK ]  |  3494 | 0x000031a6 | 0xff | 0xff
[OK ]  |  3495 | 0x000031a7 | 0xff | 0xff
[OK ]  |  3496 | 0x000031a8 | 0xa2 | 0xa2
[OK ]  |  3497 | 0x000031a9 | 0x28 | 0x28
[OK ]  |  3498 | 0x000031aa | 0x00 | 0x00
[OK ]  |  3499 | 0x000031ab | 0x00 | 0x00
[OK ]  |  3500 | 0x000031ac | 0x69 | 0x69
[OK ]  |  3501 | 0x000031ad | 0x0a | 0x0a
[OK ]  |  3502 | 0x000031ae | 0x00 | 0x00
[OK ]  |  3503 | 0x000031af | 0x00 | 0x00
[OK ]  |  3504 | 0x000031b0 | 0x74 | 0x74
[OK ]  |  3505 | 0x000031b1 | 0x71 | 0x71
[OK ]  |  3506 | 0x000031b2 | 0x01 | 0x01
[OK ]  |  3507 | 0x000031b3 | 0x00 | 0x00
[OK ]  |  3508 | 0x000031b4 | 0xef | 0xef
[OK ]  |  3509 | 0x000031b5 | 0x1c | 0x1c
[OK ]  |  3510 | 0x000031b6 | 0xff | 0xff
[OK ]  |  3511 | 0x000031b7 | 0xff | 0xff
[OK ]  |  3512 | 0x000031b8 | 0x01 | 0x01
[OK ]  |  3513 | 0x000031b9 | 0x74 | 0x74
[OK ]  |  3514 | 0x000031ba | 0x00 | 0x00
[OK ]  |  3515 | 0x000031bb | 0x00 | 0x00
[OK ]  |  3516 | 0x000031bc | 0xe6 | 0xe6
[OK ]  |  3517 | 0x000031bd | 0xeb | 0xeb
[OK ]  |  3518 | 0x000031be | 0x00 | 0x00
[OK ]  |  3519 | 0x000031bf | 0x00 | 0x00
[OK ]  |  3520 | 0x000031c0 | 0xa0 | 0xa0
[OK ]  |  3521 | 0x000031c1 | 0xa4 | 0xa4
[OK ]  |  3522 | 0x000031c2 | 0x00 | 0x00
[OK ]  |  3523 | 0x000031c3 | 0x00 | 0x00
[OK ]  |  3524 | 0x000031c4 | 0x37 | 0x37
[OK ]  |  3525 | 0x000031c5 | 0x6c | 0x6c
[OK ]  |  3526 | 0x000031c6 | 0xff | 0xff
[OK ]  |  3527 | 0x000031c7 | 0xff | 0xff
[OK ]  |  3528 | 0x000031c8 | 0x3f | 0x3f
[OK ]  |  3529 | 0x000031c9 | 0x35 | 0x35
[OK ]  |  3530 | 0x000031ca | 0x00 | 0x00
[OK ]  |  3531 | 0x000031cb | 0x00 | 0x00
[OK ]  |  3532 | 0x000031cc | 0x51 | 0x51
[OK ]  |  3533 | 0x000031cd | 0xc1 | 0xc1
[OK ]  |  3534 | 0x000031ce | 0xff | 0xff
[OK ]  |  3535 | 0x000031cf | 0xff | 0xff
[OK ]  |  3536 | 0x000031d0 | 0x74 | 0x74
[OK ]  |  3537 | 0x000031d1 | 0x7b | 0x7b
[OK ]  |  3538 | 0x000031d2 | 0x00 | 0x00
[OK ]  |  3539 | 0x000031d3 | 0x00 | 0x00
[OK ]  |  3540 | 0x000031d4 | 0xb7 | 0xb7
[OK ]  |  3541 | 0x000031d5 | 0x94 | 0x94
[OK ]  |  3542 | 0x000031d6 | 0x00 | 0x00
[OK ]  |  3543 | 0x000031d7 | 0x00 | 0x00
[OK ]  |  3544 | 0x000031d8 | 0x74 | 0x74
[OK ]  |  3545 | 0x000031d9 | 0x52 | 0x52
[OK ]  |  3546 | 0x000031da | 0x00 | 0x00
[OK ]  |  3547 | 0x000031db | 0x00 | 0x00
[OK ]  |  3548 | 0x000031dc | 0xbb | 0xbb
[OK ]  |  3549 | 0x000031dd | 0xe7 | 0xe7
[OK ]  |  3550 | 0x000031de | 0xff | 0xff
[OK ]  |  3551 | 0x000031df | 0xff | 0xff
[OK ]  |  3552 | 0x000031e0 | 0x6d | 0x6d
[OK ]  |  3553 | 0x000031e1 | 0x48 | 0x48
[OK ]  |  3554 | 0x000031e2 | 0xfe | 0xfe
[OK ]  |  3555 | 0x000031e3 | 0xff | 0xff
[OK ]  |  3556 | 0x000031e4 | 0x62 | 0x62
[OK ]  |  3557 | 0x000031e5 | 0xa9 | 0xa9
[OK ]  |  3558 | 0x000031e6 | 0x00 | 0x00
[OK ]  |  3559 | 0x000031e7 | 0x00 | 0x00
[OK ]  |  3560 | 0x000031e8 | 0x8e | 0x8e
[OK ]  |  3561 | 0x000031e9 | 0x0a | 0x0a
[OK ]  |  3562 | 0x000031ea | 0x01 | 0x01
[OK ]  |  3563 | 0x000031eb | 0x00 | 0x00
[OK ]  |  3564 | 0x000031ec | 0x11 | 0x11
[OK ]  |  3565 | 0x000031ed | 0x0f | 0x0f
[OK ]  |  3566 | 0x000031ee | 0x00 | 0x00
[OK ]  |  3567 | 0x000031ef | 0x00 | 0x00
[OK ]  |  3568 | 0x000031f0 | 0x21 | 0x21
[OK ]  |  3569 | 0x000031f1 | 0x73 | 0x73
[OK ]  |  3570 | 0x000031f2 | 0x00 | 0x00
[OK ]  |  3571 | 0x000031f3 | 0x00 | 0x00
[OK ]  |  3572 | 0x000031f4 | 0xe1 | 0xe1
[OK ]  |  3573 | 0x000031f5 | 0x6a | 0x6a
[OK ]  |  3574 | 0x000031f6 | 0xff | 0xff
[OK ]  |  3575 | 0x000031f7 | 0xff | 0xff
[OK ]  |  3576 | 0x000031f8 | 0xaa | 0xaa
[OK ]  |  3577 | 0x000031f9 | 0x00 | 0x00
[OK ]  |  3578 | 0x000031fa | 0x00 | 0x00
[OK ]  |  3579 | 0x000031fb | 0x00 | 0x00
[OK ]  |  3580 | 0x000031fc | 0x4a | 0x4a
[OK ]  |  3581 | 0x000031fd | 0x65 | 0x65
[OK ]  |  3582 | 0x000031fe | 0xff | 0xff
[OK ]  |  3583 | 0x000031ff | 0xff | 0xff
[OK ]  |  3584 | 0x00003200 | 0x5b | 0x5b
[OK ]  |  3585 | 0x00003201 | 0xa2 | 0xa2
[OK ]  |  3586 | 0x00003202 | 0x00 | 0x00
[OK ]  |  3587 | 0x00003203 | 0x00 | 0x00
[OK ]  |  3588 | 0x00003204 | 0x09 | 0x09
[OK ]  |  3589 | 0x00003205 | 0xbb | 0xbb
[OK ]  |  3590 | 0x00003206 | 0x00 | 0x00
[OK ]  |  3591 | 0x00003207 | 0x00 | 0x00
[OK ]  |  3592 | 0x00003208 | 0xc5 | 0xc5
[OK ]  |  3593 | 0x00003209 | 0xfd | 0xfd
[OK ]  |  3594 | 0x0000320a | 0xff | 0xff
[OK ]  |  3595 | 0x0000320b | 0xff | 0xff
[OK ]  |  3596 | 0x0000320c | 0x28 | 0x28
[OK ]  |  3597 | 0x0000320d | 0xab | 0xab
[OK ]  |  3598 | 0x0000320e | 0x00 | 0x00
[OK ]  |  3599 | 0x0000320f | 0x00 | 0x00
[OK ]  |  3600 | 0x00003210 | 0xc8 | 0xc8
[OK ]  |  3601 | 0x00003211 | 0x21 | 0x21
[OK ]  |  3602 | 0x00003212 | 0x00 | 0x00
[OK ]  |  3603 | 0x00003213 | 0x00 | 0x00
[OK ]  |  3604 | 0x00003214 | 0xc9 | 0xc9
[OK ]  |  3605 | 0x00003215 | 0x21 | 0x21
[OK ]  |  3606 | 0x00003216 | 0xff | 0xff
[OK ]  |  3607 | 0x00003217 | 0xff | 0xff
[OK ]  |  3608 | 0x00003218 | 0xec | 0xec
[OK ]  |  3609 | 0x00003219 | 0x14 | 0x14
[OK ]  |  3610 | 0x0000321a | 0x01 | 0x01
[OK ]  |  3611 | 0x0000321b | 0x00 | 0x00
[OK ]  |  3612 | 0x0000321c | 0xf5 | 0xf5
[OK ]  |  3613 | 0x0000321d | 0x2a | 0x2a
[OK ]  |  3614 | 0x0000321e | 0x00 | 0x00
[OK ]  |  3615 | 0x0000321f | 0x00 | 0x00
[OK ]  |  3616 | 0x00003220 | 0x2e | 0x2e
[OK ]  |  3617 | 0x00003221 | 0xdc | 0xdc
[OK ]  |  3618 | 0x00003222 | 0xfe | 0xfe
[OK ]  |  3619 | 0x00003223 | 0xff | 0xff
[OK ]  |  3620 | 0x00003224 | 0x74 | 0x74
[OK ]  |  3621 | 0x00003225 | 0xe0 | 0xe0
[OK ]  |  3622 | 0x00003226 | 0x00 | 0x00
[OK ]  |  3623 | 0x00003227 | 0x00 | 0x00
[OK ]  |  3624 | 0x00003228 | 0x3a | 0x3a
[OK ]  |  3625 | 0x00003229 | 0x83 | 0x83
[OK ]  |  3626 | 0x0000322a | 0xff | 0xff
[OK ]  |  3627 | 0x0000322b | 0xff | 0xff
[OK ]  |  3628 | 0x0000322c | 0x34 | 0x34
[OK ]  |  3629 | 0x0000322d | 0xc6 | 0xc6
[OK ]  |  3630 | 0x0000322e | 0x00 | 0x00
[OK ]  |  3631 | 0x0000322f | 0x00 | 0x00
[OK ]  |  3632 | 0x00003230 | 0xa4 | 0xa4
[OK ]  |  3633 | 0x00003231 | 0x78 | 0x78
[OK ]  |  3634 | 0x00003232 | 0x00 | 0x00
[OK ]  |  3635 | 0x00003233 | 0x00 | 0x00
[OK ]  |  3636 | 0x00003234 | 0x98 | 0x98
[OK ]  |  3637 | 0x00003235 | 0x8b | 0x8b
[OK ]  |  3638 | 0x00003236 | 0xff | 0xff
[OK ]  |  3639 | 0x00003237 | 0xff | 0xff
[OK ]  |  3640 | 0x00003238 | 0x5e | 0x5e
[OK ]  |  3641 | 0x00003239 | 0x80 | 0x80
[OK ]  |  3642 | 0x0000323a | 0x00 | 0x00
[OK ]  |  3643 | 0x0000323b | 0x00 | 0x00
[OK ]  |  3644 | 0x0000323c | 0x0d | 0x0d
[OK ]  |  3645 | 0x0000323d | 0x77 | 0x77
[OK ]  |  3646 | 0x0000323e | 0x00 | 0x00
[OK ]  |  3647 | 0x0000323f | 0x00 | 0x00
[OK ]  |  3648 | 0x00003240 | 0xba | 0xba
[OK ]  |  3649 | 0x00003241 | 0xc2 | 0xc2
[OK ]  |  3650 | 0x00003242 | 0xff | 0xff
[OK ]  |  3651 | 0x00003243 | 0xff | 0xff
[OK ]  |  3652 | 0x00003244 | 0x4c | 0x4c
[OK ]  |  3653 | 0x00003245 | 0xda | 0xda
[OK ]  |  3654 | 0x00003246 | 0x00 | 0x00
[OK ]  |  3655 | 0x00003247 | 0x00 | 0x00
[OK ]  |  3656 | 0x00003248 | 0xdd | 0xdd
[OK ]  |  3657 | 0x00003249 | 0xe0 | 0xe0
[OK ]  |  3658 | 0x0000324a | 0xff | 0xff
[OK ]  |  3659 | 0x0000324b | 0xff | 0xff
[OK ]  |  3660 | 0x0000324c | 0x3e | 0x3e
[OK ]  |  3661 | 0x0000324d | 0x12 | 0x12
[OK ]  |  3662 | 0x0000324e | 0x00 | 0x00
[OK ]  |  3663 | 0x0000324f | 0x00 | 0x00
[OK ]  |  3664 | 0x00003250 | 0xd8 | 0xd8
[OK ]  |  3665 | 0x00003251 | 0xdc | 0xdc
[OK ]  |  3666 | 0x00003252 | 0xfe | 0xfe
[OK ]  |  3667 | 0x00003253 | 0xff | 0xff
[OK ]  |  3668 | 0x00003254 | 0xb7 | 0xb7
[OK ]  |  3669 | 0x00003255 | 0x54 | 0x54
[OK ]  |  3670 | 0x00003256 | 0x00 | 0x00
[OK ]  |  3671 | 0x00003257 | 0x00 | 0x00
[OK ]  |  3672 | 0x00003258 | 0x19 | 0x19
[OK ]  |  3673 | 0x00003259 | 0x3d | 0x3d
[OK ]  |  3674 | 0x0000325a | 0x00 | 0x00
[OK ]  |  3675 | 0x0000325b | 0x00 | 0x00
[OK ]  |  3676 | 0x0000325c | 0x82 | 0x82
[OK ]  |  3677 | 0x0000325d | 0x9e | 0x9e
[OK ]  |  3678 | 0x0000325e | 0xff | 0xff
[OK ]  |  3679 | 0x0000325f | 0xff | 0xff
[OK ]  |  3680 | 0x00003260 | 0x16 | 0x16
[OK ]  |  3681 | 0x00003261 | 0xb4 | 0xb4
[OK ]  |  3682 | 0x00003262 | 0x00 | 0x00
[OK ]  |  3683 | 0x00003263 | 0x00 | 0x00
[OK ]  |  3684 | 0x00003264 | 0xc0 | 0xc0
[OK ]  |  3685 | 0x00003265 | 0x1d | 0x1d
[OK ]  |  3686 | 0x00003266 | 0x00 | 0x00
[OK ]  |  3687 | 0x00003267 | 0x00 | 0x00
[OK ]  |  3688 | 0x00003268 | 0x60 | 0x60
[OK ]  |  3689 | 0x00003269 | 0xd2 | 0xd2
[OK ]  |  3690 | 0x0000326a | 0xff | 0xff
[OK ]  |  3691 | 0x0000326b | 0xff | 0xff
[OK ]  |  3692 | 0x0000326c | 0x0b | 0x0b
[OK ]  |  3693 | 0x0000326d | 0xdd | 0xdd
[OK ]  |  3694 | 0x0000326e | 0xff | 0xff
[OK ]  |  3695 | 0x0000326f | 0xff | 0xff
[OK ]  |  3696 | 0x00003270 | 0x59 | 0x59
[OK ]  |  3697 | 0x00003271 | 0x4e | 0x4e
[OK ]  |  3698 | 0x00003272 | 0xff | 0xff
[OK ]  |  3699 | 0x00003273 | 0xff | 0xff
[OK ]  |  3700 | 0x00003274 | 0xea | 0xea
[OK ]  |  3701 | 0x00003275 | 0x68 | 0x68
[OK ]  |  3702 | 0x00003276 | 0xff | 0xff
[OK ]  |  3703 | 0x00003277 | 0xff | 0xff
[OK ]  |  3704 | 0x00003278 | 0x5d | 0x5d
[OK ]  |  3705 | 0x00003279 | 0x39 | 0x39
[OK ]  |  3706 | 0x0000327a | 0xff | 0xff
[OK ]  |  3707 | 0x0000327b | 0xff | 0xff
[OK ]  |  3708 | 0x0000327c | 0x6d | 0x6d
[OK ]  |  3709 | 0x0000327d | 0x9d | 0x9d
[OK ]  |  3710 | 0x0000327e | 0x00 | 0x00
[OK ]  |  3711 | 0x0000327f | 0x00 | 0x00
[OK ]  |  3712 | 0x00003280 | 0x02 | 0x02
[OK ]  |  3713 | 0x00003281 | 0xa5 | 0xa5
[OK ]  |  3714 | 0x00003282 | 0xff | 0xff
[OK ]  |  3715 | 0x00003283 | 0xff | 0xff
[OK ]  |  3716 | 0x00003284 | 0x7f | 0x7f
[OK ]  |  3717 | 0x00003285 | 0xae | 0xae
[OK ]  |  3718 | 0x00003286 | 0xfe | 0xfe
[OK ]  |  3719 | 0x00003287 | 0xff | 0xff
[OK ]  |  3720 | 0x00003288 | 0x43 | 0x43
[OK ]  |  3721 | 0x00003289 | 0xa0 | 0xa0
[OK ]  |  3722 | 0x0000328a | 0x01 | 0x01
[OK ]  |  3723 | 0x0000328b | 0x00 | 0x00
[OK ]  |  3724 | 0x0000328c | 0x2d | 0x2d
[OK ]  |  3725 | 0x0000328d | 0x86 | 0x86
[OK ]  |  3726 | 0x0000328e | 0xff | 0xff
[OK ]  |  3727 | 0x0000328f | 0xff | 0xff
[OK ]  |  3728 | 0x00003290 | 0x5b | 0x5b
[OK ]  |  3729 | 0x00003291 | 0xa1 | 0xa1
[OK ]  |  3730 | 0x00003292 | 0xff | 0xff
[OK ]  |  3731 | 0x00003293 | 0xff | 0xff
[OK ]  |  3732 | 0x00003294 | 0xf0 | 0xf0
[OK ]  |  3733 | 0x00003295 | 0xce | 0xce
[OK ]  |  3734 | 0x00003296 | 0xff | 0xff
[OK ]  |  3735 | 0x00003297 | 0xff | 0xff
[OK ]  |  3736 | 0x00003298 | 0x6a | 0x6a
[OK ]  |  3737 | 0x00003299 | 0x66 | 0x66
[OK ]  |  3738 | 0x0000329a | 0xff | 0xff
[OK ]  |  3739 | 0x0000329b | 0xff | 0xff
[OK ]  |  3740 | 0x0000329c | 0xc9 | 0xc9
[OK ]  |  3741 | 0x0000329d | 0xb9 | 0xb9
[OK ]  |  3742 | 0x0000329e | 0x00 | 0x00
[OK ]  |  3743 | 0x0000329f | 0x00 | 0x00
[OK ]  |  3744 | 0x000032a0 | 0x08 | 0x08
[OK ]  |  3745 | 0x000032a1 | 0xd5 | 0xd5
[OK ]  |  3746 | 0x000032a2 | 0xfe | 0xfe
[OK ]  |  3747 | 0x000032a3 | 0xff | 0xff
[OK ]  |  3748 | 0x000032a4 | 0x70 | 0x70
[OK ]  |  3749 | 0x000032a5 | 0x8c | 0x8c
[OK ]  |  3750 | 0x000032a6 | 0xff | 0xff
[OK ]  |  3751 | 0x000032a7 | 0xff | 0xff
[OK ]  |  3752 | 0x000032a8 | 0x31 | 0x31
[OK ]  |  3753 | 0x000032a9 | 0xf1 | 0xf1
[OK ]  |  3754 | 0x000032aa | 0xff | 0xff
[OK ]  |  3755 | 0x000032ab | 0xff | 0xff
[OK ]  |  3756 | 0x000032ac | 0x1f | 0x1f
[OK ]  |  3757 | 0x000032ad | 0x8f | 0x8f
[OK ]  |  3758 | 0x000032ae | 0x00 | 0x00
[OK ]  |  3759 | 0x000032af | 0x00 | 0x00
[OK ]  |  3760 | 0x000032b0 | 0xe9 | 0xe9
[OK ]  |  3761 | 0x000032b1 | 0x07 | 0x07
[OK ]  |  3762 | 0x000032b2 | 0xff | 0xff
[OK ]  |  3763 | 0x000032b3 | 0xff | 0xff
[OK ]  |  3764 | 0x000032b4 | 0xda | 0xda
[OK ]  |  3765 | 0x000032b5 | 0x48 | 0x48
[OK ]  |  3766 | 0x000032b6 | 0x00 | 0x00
[OK ]  |  3767 | 0x000032b7 | 0x00 | 0x00
[OK ]  |  3768 | 0x000032b8 | 0x84 | 0x84
[OK ]  |  3769 | 0x000032b9 | 0x4a | 0x4a
[OK ]  |  3770 | 0x000032ba | 0xff | 0xff
[OK ]  |  3771 | 0x000032bb | 0xff | 0xff
[OK ]  |  3772 | 0x000032bc | 0x45 | 0x45
[OK ]  |  3773 | 0x000032bd | 0x35 | 0x35
[OK ]  |  3774 | 0x000032be | 0xff | 0xff
[OK ]  |  3775 | 0x000032bf | 0xff | 0xff
[OK ]  |  3776 | 0x000032c0 | 0x45 | 0x45
[OK ]  |  3777 | 0x000032c1 | 0x2a | 0x2a
[OK ]  |  3778 | 0x000032c2 | 0x00 | 0x00
[OK ]  |  3779 | 0x000032c3 | 0x00 | 0x00
[OK ]  |  3780 | 0x000032c4 | 0x16 | 0x16
[OK ]  |  3781 | 0x000032c5 | 0xb6 | 0xb6
[OK ]  |  3782 | 0x000032c6 | 0xfe | 0xfe
[OK ]  |  3783 | 0x000032c7 | 0xff | 0xff
[OK ]  |  3784 | 0x000032c8 | 0x65 | 0x65
[OK ]  |  3785 | 0x000032c9 | 0x7f | 0x7f
[OK ]  |  3786 | 0x000032ca | 0xff | 0xff
[OK ]  |  3787 | 0x000032cb | 0xff | 0xff
[OK ]  |  3788 | 0x000032cc | 0xc8 | 0xc8
[OK ]  |  3789 | 0x000032cd | 0xdb | 0xdb
[OK ]  |  3790 | 0x000032ce | 0xff | 0xff
[OK ]  |  3791 | 0x000032cf | 0xff | 0xff
[OK ]  |  3792 | 0x000032d0 | 0x77 | 0x77
[OK ]  |  3793 | 0x000032d1 | 0x68 | 0x68
[OK ]  |  3794 | 0x000032d2 | 0xff | 0xff
[OK ]  |  3795 | 0x000032d3 | 0xff | 0xff
[OK ]  |  3796 | 0x000032d4 | 0xa7 | 0xa7
[OK ]  |  3797 | 0x000032d5 | 0xfd | 0xfd
[OK ]  |  3798 | 0x000032d6 | 0xfd | 0xfd
[OK ]  |  3799 | 0x000032d7 | 0xff | 0xff
[OK ]  |  3800 | 0x000032d8 | 0x07 | 0x07
[OK ]  |  3801 | 0x000032d9 | 0x96 | 0x96
[OK ]  |  3802 | 0x000032da | 0x01 | 0x01
[OK ]  |  3803 | 0x000032db | 0x00 | 0x00
[OK ]  |  3804 | 0x000032dc | 0x9f | 0x9f
[OK ]  |  3805 | 0x000032dd | 0x7c | 0x7c
[OK ]  |  3806 | 0x000032de | 0xff | 0xff
[OK ]  |  3807 | 0x000032df | 0xff | 0xff
[OK ]  |  3808 | 0x000032e0 | 0x19 | 0x19
[OK ]  |  3809 | 0x000032e1 | 0xdb | 0xdb
[OK ]  |  3810 | 0x000032e2 | 0xff | 0xff
[OK ]  |  3811 | 0x000032e3 | 0xff | 0xff
[OK ]  |  3812 | 0x000032e4 | 0xa3 | 0xa3
[OK ]  |  3813 | 0x000032e5 | 0x58 | 0x58
[OK ]  |  3814 | 0x000032e6 | 0x01 | 0x01
[OK ]  |  3815 | 0x000032e7 | 0x00 | 0x00
[OK ]  |  3816 | 0x000032e8 | 0xe5 | 0xe5
[OK ]  |  3817 | 0x000032e9 | 0x07 | 0x07
[OK ]  |  3818 | 0x000032ea | 0x01 | 0x01
[OK ]  |  3819 | 0x000032eb | 0x00 | 0x00
[OK ]  |  3820 | 0x000032ec | 0x89 | 0x89
[OK ]  |  3821 | 0x000032ed | 0x90 | 0x90
[OK ]  |  3822 | 0x000032ee | 0x00 | 0x00
[OK ]  |  3823 | 0x000032ef | 0x00 | 0x00
[OK ]  |  3824 | 0x000032f0 | 0x6b | 0x6b
[OK ]  |  3825 | 0x000032f1 | 0xcb | 0xcb
[OK ]  |  3826 | 0x000032f2 | 0xff | 0xff
[OK ]  |  3827 | 0x000032f3 | 0xff | 0xff
[OK ]  |  3828 | 0x000032f4 | 0xf3 | 0xf3
[OK ]  |  3829 | 0x000032f5 | 0xab | 0xab
[OK ]  |  3830 | 0x000032f6 | 0xff | 0xff
[OK ]  |  3831 | 0x000032f7 | 0xff | 0xff
[OK ]  |  3832 | 0x000032f8 | 0xc0 | 0xc0
[OK ]  |  3833 | 0x000032f9 | 0x7c | 0x7c
[OK ]  |  3834 | 0x000032fa | 0x00 | 0x00
[OK ]  |  3835 | 0x000032fb | 0x00 | 0x00
[OK ]  |  3836 | 0x000032fc | 0xd3 | 0xd3
[OK ]  |  3837 | 0x000032fd | 0x8c | 0x8c
[OK ]  |  3838 | 0x000032fe | 0xfe | 0xfe
[OK ]  |  3839 | 0x000032ff | 0xff | 0xff
[OK ]  |  3840 | 0x00003300 | 0xd2 | 0xd2
[OK ]  |  3841 | 0x00003301 | 0x07 | 0x07
[OK ]  |  3842 | 0x00003302 | 0xff | 0xff
[OK ]  |  3843 | 0x00003303 | 0xff | 0xff
[OK ]  |  3844 | 0x00003304 | 0x90 | 0x90
[OK ]  |  3845 | 0x00003305 | 0x71 | 0x71
[OK ]  |  3846 | 0x00003306 | 0xfe | 0xfe
[OK ]  |  3847 | 0x00003307 | 0xff | 0xff
[OK ]  |  3848 | 0x00003308 | 0x83 | 0x83
[OK ]  |  3849 | 0x00003309 | 0xfe | 0xfe
[OK ]  |  3850 | 0x0000330a | 0x00 | 0x00
[OK ]  |  3851 | 0x0000330b | 0x00 | 0x00
[OK ]  |  3852 | 0x0000330c | 0xef | 0xef
[OK ]  |  3853 | 0x0000330d | 0xd5 | 0xd5
[OK ]  |  3854 | 0x0000330e | 0xff | 0xff
[OK ]  |  3855 | 0x0000330f | 0xff | 0xff
[OK ]  |  3856 | 0x00003310 | 0x2e | 0x2e
[OK ]  |  3857 | 0x00003311 | 0x78 | 0x78
[OK ]  |  3858 | 0x00003312 | 0x01 | 0x01
[OK ]  |  3859 | 0x00003313 | 0x00 | 0x00
[OK ]  |  3860 | 0x00003314 | 0xa7 | 0xa7
[OK ]  |  3861 | 0x00003315 | 0xe5 | 0xe5
[OK ]  |  3862 | 0x00003316 | 0xff | 0xff
[OK ]  |  3863 | 0x00003317 | 0xff | 0xff
[OK ]  |  3864 | 0x00003318 | 0x33 | 0x33
[OK ]  |  3865 | 0x00003319 | 0x41 | 0x41
[OK ]  |  3866 | 0x0000331a | 0x00 | 0x00
[OK ]  |  3867 | 0x0000331b | 0x00 | 0x00
[OK ]  |  3868 | 0x0000331c | 0xfa | 0xfa
[OK ]  |  3869 | 0x0000331d | 0x4f | 0x4f
[OK ]  |  3870 | 0x0000331e | 0x01 | 0x01
[OK ]  |  3871 | 0x0000331f | 0x00 | 0x00
[OK ]  |  3872 | 0x00003320 | 0x2c | 0x2c
[OK ]  |  3873 | 0x00003321 | 0x29 | 0x29
[OK ]  |  3874 | 0x00003322 | 0xff | 0xff
[OK ]  |  3875 | 0x00003323 | 0xff | 0xff
[OK ]  |  3876 | 0x00003324 | 0x39 | 0x39
[OK ]  |  3877 | 0x00003325 | 0x3f | 0x3f
[OK ]  |  3878 | 0x00003326 | 0x01 | 0x01
[OK ]  |  3879 | 0x00003327 | 0x00 | 0x00
[OK ]  |  3880 | 0x00003328 | 0x5a | 0x5a
[OK ]  |  3881 | 0x00003329 | 0x33 | 0x33
[OK ]  |  3882 | 0x0000332a | 0x00 | 0x00
[OK ]  |  3883 | 0x0000332b | 0x00 | 0x00
[OK ]  |  3884 | 0x0000332c | 0xe2 | 0xe2
[OK ]  |  3885 | 0x0000332d | 0xc6 | 0xc6
[OK ]  |  3886 | 0x0000332e | 0xff | 0xff
[OK ]  |  3887 | 0x0000332f | 0xff | 0xff
[OK ]  |  3888 | 0x00003330 | 0xd9 | 0xd9
[OK ]  |  3889 | 0x00003331 | 0x2e | 0x2e
[OK ]  |  3890 | 0x00003332 | 0xff | 0xff
[OK ]  |  3891 | 0x00003333 | 0xff | 0xff
[OK ]  |  3892 | 0x00003334 | 0xd4 | 0xd4
[OK ]  |  3893 | 0x00003335 | 0xd2 | 0xd2
[OK ]  |  3894 | 0x00003336 | 0xff | 0xff
[OK ]  |  3895 | 0x00003337 | 0xff | 0xff
[OK ]  |  3896 | 0x00003338 | 0x8a | 0x8a
[OK ]  |  3897 | 0x00003339 | 0x88 | 0x88
[OK ]  |  3898 | 0x0000333a | 0xff | 0xff
[OK ]  |  3899 | 0x0000333b | 0xff | 0xff
[OK ]  |  3900 | 0x0000333c | 0x92 | 0x92
[OK ]  |  3901 | 0x0000333d | 0x69 | 0x69
[OK ]  |  3902 | 0x0000333e | 0x00 | 0x00
[OK ]  |  3903 | 0x0000333f | 0x00 | 0x00
[OK ]  |  3904 | 0x00003340 | 0x69 | 0x69
[OK ]  |  3905 | 0x00003341 | 0xa2 | 0xa2
[OK ]  |  3906 | 0x00003342 | 0xff | 0xff
[OK ]  |  3907 | 0x00003343 | 0xff | 0xff
[OK ]  |  3908 | 0x00003344 | 0x6b | 0x6b
[OK ]  |  3909 | 0x00003345 | 0xb7 | 0xb7
[OK ]  |  3910 | 0x00003346 | 0xff | 0xff
[OK ]  |  3911 | 0x00003347 | 0xff | 0xff
[OK ]  |  3912 | 0x00003348 | 0xb4 | 0xb4
[OK ]  |  3913 | 0x00003349 | 0xdf | 0xdf
[OK ]  |  3914 | 0x0000334a | 0x00 | 0x00
[OK ]  |  3915 | 0x0000334b | 0x00 | 0x00
[OK ]  |  3916 | 0x0000334c | 0x4f | 0x4f
[OK ]  |  3917 | 0x0000334d | 0x16 | 0x16
[OK ]  |  3918 | 0x0000334e | 0xff | 0xff
[OK ]  |  3919 | 0x0000334f | 0xff | 0xff
[OK ]  |  3920 | 0x00003350 | 0x6e | 0x6e
[OK ]  |  3921 | 0x00003351 | 0x7e | 0x7e
[OK ]  |  3922 | 0x00003352 | 0x00 | 0x00
[OK ]  |  3923 | 0x00003353 | 0x00 | 0x00
[OK ]  |  3924 | 0x00003354 | 0xb5 | 0xb5
[OK ]  |  3925 | 0x00003355 | 0x0e | 0x0e
[OK ]  |  3926 | 0x00003356 | 0x00 | 0x00
[OK ]  |  3927 | 0x00003357 | 0x00 | 0x00
[OK ]  |  3928 | 0x00003358 | 0xcb | 0xcb
[OK ]  |  3929 | 0x00003359 | 0x38 | 0x38
[OK ]  |  3930 | 0x0000335a | 0x00 | 0x00
[OK ]  |  3931 | 0x0000335b | 0x00 | 0x00
[OK ]  |  3932 | 0x0000335c | 0x24 | 0x24
[OK ]  |  3933 | 0x0000335d | 0x2f | 0x2f
[OK ]  |  3934 | 0x0000335e | 0x01 | 0x01
[OK ]  |  3935 | 0x0000335f | 0x00 | 0x00
[OK ]  |  3936 | 0x00003360 | 0x08 | 0x08
[OK ]  |  3937 | 0x00003361 | 0x57 | 0x57
[OK ]  |  3938 | 0x00003362 | 0x00 | 0x00
[OK ]  |  3939 | 0x00003363 | 0x00 | 0x00
[OK ]  |  3940 | 0x00003364 | 0x46 | 0x46
[OK ]  |  3941 | 0x00003365 | 0x97 | 0x97
[OK ]  |  3942 | 0x00003366 | 0xff | 0xff
[OK ]  |  3943 | 0x00003367 | 0xff | 0xff
[OK ]  |  3944 | 0x00003368 | 0x74 | 0x74
[OK ]  |  3945 | 0x00003369 | 0x7d | 0x7d
[OK ]  |  3946 | 0x0000336a | 0xfe | 0xfe
[OK ]  |  3947 | 0x0000336b | 0xff | 0xff
[OK ]  |  3948 | 0x0000336c | 0xf0 | 0xf0
[OK ]  |  3949 | 0x0000336d | 0x9f | 0x9f
[OK ]  |  3950 | 0x0000336e | 0xff | 0xff
[OK ]  |  3951 | 0x0000336f | 0xff | 0xff
[OK ]  |  3952 | 0x00003370 | 0x8a | 0x8a
[OK ]  |  3953 | 0x00003371 | 0x95 | 0x95
[OK ]  |  3954 | 0x00003372 | 0xff | 0xff
[OK ]  |  3955 | 0x00003373 | 0xff | 0xff
[OK ]  |  3956 | 0x00003374 | 0x2c | 0x2c
[OK ]  |  3957 | 0x00003375 | 0x70 | 0x70
[OK ]  |  3958 | 0x00003376 | 0xff | 0xff
[OK ]  |  3959 | 0x00003377 | 0xff | 0xff
[OK ]  |  3960 | 0x00003378 | 0xb9 | 0xb9
[OK ]  |  3961 | 0x00003379 | 0xef | 0xef
[OK ]  |  3962 | 0x0000337a | 0x00 | 0x00
[OK ]  |  3963 | 0x0000337b | 0x00 | 0x00
[OK ]  |  3964 | 0x0000337c | 0x76 | 0x76
[OK ]  |  3965 | 0x0000337d | 0xbd | 0xbd
[OK ]  |  3966 | 0x0000337e | 0x00 | 0x00
[OK ]  |  3967 | 0x0000337f | 0x00 | 0x00
[OK ]  |  3968 | 0x00003380 | 0xd2 | 0xd2
[OK ]  |  3969 | 0x00003381 | 0xd1 | 0xd1
[OK ]  |  3970 | 0x00003382 | 0xff | 0xff
[OK ]  |  3971 | 0x00003383 | 0xff | 0xff
[OK ]  |  3972 | 0x00003384 | 0xb5 | 0xb5
[OK ]  |  3973 | 0x00003385 | 0xb7 | 0xb7
[OK ]  |  3974 | 0x00003386 | 0x00 | 0x00
[OK ]  |  3975 | 0x00003387 | 0x00 | 0x00
[OK ]  |  3976 | 0x00003388 | 0xc2 | 0xc2
[OK ]  |  3977 | 0x00003389 | 0x4b | 0x4b
[OK ]  |  3978 | 0x0000338a | 0x00 | 0x00
[OK ]  |  3979 | 0x0000338b | 0x00 | 0x00
[OK ]  |  3980 | 0x0000338c | 0x34 | 0x34
[OK ]  |  3981 | 0x0000338d | 0x4e | 0x4e
[OK ]  |  3982 | 0x0000338e | 0x00 | 0x00
[OK ]  |  3983 | 0x0000338f | 0x00 | 0x00
[OK ]  |  3984 | 0x00003390 | 0x7e | 0x7e
[OK ]  |  3985 | 0x00003391 | 0xa1 | 0xa1
[OK ]  |  3986 | 0x00003392 | 0xff | 0xff
[OK ]  |  3987 | 0x00003393 | 0xff | 0xff
[OK ]  |  3988 | 0x00003394 | 0xc2 | 0xc2
[OK ]  |  3989 | 0x00003395 | 0x79 | 0x79
[OK ]  |  3990 | 0x00003396 | 0x00 | 0x00
[OK ]  |  3991 | 0x00003397 | 0x00 | 0x00
[OK ]  |  3992 | 0x00003398 | 0x5e | 0x5e
[OK ]  |  3993 | 0x00003399 | 0x4f | 0x4f
[OK ]  |  3994 | 0x0000339a | 0x00 | 0x00
[OK ]  |  3995 | 0x0000339b | 0x00 | 0x00
[OK ]  |  3996 | 0x0000339c | 0x9f | 0x9f
[OK ]  |  3997 | 0x0000339d | 0x9c | 0x9c
[OK ]  |  3998 | 0x0000339e | 0x00 | 0x00
[OK ]  |  3999 | 0x0000339f | 0x00 | 0x00
[OK ]  |  4000 | 0x000033a0 | 0x2f | 0x2f
[OK ]  |  4001 | 0x000033a1 | 0x5d | 0x5d
[OK ]  |  4002 | 0x000033a2 | 0x00 | 0x00
[OK ]  |  4003 | 0x000033a3 | 0x00 | 0x00
[OK ]  |  4004 | 0x000033a4 | 0x8c | 0x8c
[OK ]  |  4005 | 0x000033a5 | 0xc8 | 0xc8
[OK ]  |  4006 | 0x000033a6 | 0xff | 0xff
[OK ]  |  4007 | 0x000033a7 | 0xff | 0xff
[OK ]  |  4008 | 0x000033a8 | 0x2b | 0x2b
[OK ]  |  4009 | 0x000033a9 | 0xc1 | 0xc1
[OK ]  |  4010 | 0x000033aa | 0x00 | 0x00
[OK ]  |  4011 | 0x000033ab | 0x00 | 0x00
[OK ]  |  4012 | 0x000033ac | 0xca | 0xca
[OK ]  |  4013 | 0x000033ad | 0xad | 0xad
[OK ]  |  4014 | 0x000033ae | 0xff | 0xff
[OK ]  |  4015 | 0x000033af | 0xff | 0xff
[OK ]  |  4016 | 0x000033b0 | 0x8d | 0x8d
[OK ]  |  4017 | 0x000033b1 | 0x9f | 0x9f
[OK ]  |  4018 | 0x000033b2 | 0xff | 0xff
[OK ]  |  4019 | 0x000033b3 | 0xff | 0xff
[OK ]  |  4020 | 0x000033b4 | 0x9a | 0x9a
[OK ]  |  4021 | 0x000033b5 | 0x12 | 0x12
[OK ]  |  4022 | 0x000033b6 | 0x00 | 0x00
[OK ]  |  4023 | 0x000033b7 | 0x00 | 0x00
[OK ]  |  4024 | 0x000033b8 | 0xb9 | 0xb9
[OK ]  |  4025 | 0x000033b9 | 0xb1 | 0xb1
[OK ]  |  4026 | 0x000033ba | 0xff | 0xff
[OK ]  |  4027 | 0x000033bb | 0xff | 0xff
[OK ]  |  4028 | 0x000033bc | 0x42 | 0x42
[OK ]  |  4029 | 0x000033bd | 0xbc | 0xbc
[OK ]  |  4030 | 0x000033be | 0x00 | 0x00
[OK ]  |  4031 | 0x000033bf | 0x00 | 0x00
[OK ]  |  4032 | 0x000033c0 | 0xe2 | 0xe2
[OK ]  |  4033 | 0x000033c1 | 0x8f | 0x8f
[OK ]  |  4034 | 0x000033c2 | 0x00 | 0x00
[OK ]  |  4035 | 0x000033c3 | 0x00 | 0x00
[OK ]  |  4036 | 0x000033c4 | 0xba | 0xba
[OK ]  |  4037 | 0x000033c5 | 0x38 | 0x38
[OK ]  |  4038 | 0x000033c6 | 0x01 | 0x01
[OK ]  |  4039 | 0x000033c7 | 0x00 | 0x00
[OK ]  |  4040 | 0x000033c8 | 0x33 | 0x33
[OK ]  |  4041 | 0x000033c9 | 0xfa | 0xfa
[OK ]  |  4042 | 0x000033ca | 0x00 | 0x00
[OK ]  |  4043 | 0x000033cb | 0x00 | 0x00
[OK ]  |  4044 | 0x000033cc | 0x17 | 0x17
[OK ]  |  4045 | 0x000033cd | 0x07 | 0x07
[OK ]  |  4046 | 0x000033ce | 0x00 | 0x00
[OK ]  |  4047 | 0x000033cf | 0x00 | 0x00
[OK ]  |  4048 | 0x000033d0 | 0x3e | 0x3e
[OK ]  |  4049 | 0x000033d1 | 0x26 | 0x26
[OK ]  |  4050 | 0x000033d2 | 0x00 | 0x00
[OK ]  |  4051 | 0x000033d3 | 0x00 | 0x00
[OK ]  |  4052 | 0x000033d4 | 0xfa | 0xfa
[OK ]  |  4053 | 0x000033d5 | 0xc5 | 0xc5
[OK ]  |  4054 | 0x000033d6 | 0x00 | 0x00
[OK ]  |  4055 | 0x000033d7 | 0x00 | 0x00
[OK ]  |  4056 | 0x000033d8 | 0x93 | 0x93
[OK ]  |  4057 | 0x000033d9 | 0x60 | 0x60
[OK ]  |  4058 | 0x000033da | 0xff | 0xff
[OK ]  |  4059 | 0x000033db | 0xff | 0xff
[OK ]  |  4060 | 0x000033dc | 0xb8 | 0xb8
[OK ]  |  4061 | 0x000033dd | 0x43 | 0x43
[OK ]  |  4062 | 0x000033de | 0x00 | 0x00
[OK ]  |  4063 | 0x000033df | 0x00 | 0x00
[OK ]  |  4064 | 0x000033e0 | 0x5c | 0x5c
[OK ]  |  4065 | 0x000033e1 | 0x1a | 0x1a
[OK ]  |  4066 | 0x000033e2 | 0x01 | 0x01
[OK ]  |  4067 | 0x000033e3 | 0x00 | 0x00
[OK ]  |  4068 | 0x000033e4 | 0xe7 | 0xe7
[OK ]  |  4069 | 0x000033e5 | 0xc1 | 0xc1
[OK ]  |  4070 | 0x000033e6 | 0xff | 0xff
[OK ]  |  4071 | 0x000033e7 | 0xff | 0xff
[OK ]  |  4072 | 0x000033e8 | 0x67 | 0x67
[OK ]  |  4073 | 0x000033e9 | 0xee | 0xee
[OK ]  |  4074 | 0x000033ea | 0xfe | 0xfe
[OK ]  |  4075 | 0x000033eb | 0xff | 0xff
[OK ]  |  4076 | 0x000033ec | 0x85 | 0x85
[OK ]  |  4077 | 0x000033ed | 0x14 | 0x14
[OK ]  |  4078 | 0x000033ee | 0x01 | 0x01
[OK ]  |  4079 | 0x000033ef | 0x00 | 0x00
[OK ]  |  4080 | 0x000033f0 | 0x4d | 0x4d
[OK ]  |  4081 | 0x000033f1 | 0x8d | 0x8d
[OK ]  |  4082 | 0x000033f2 | 0xff | 0xff
[OK ]  |  4083 | 0x000033f3 | 0xff | 0xff
[OK ]  |  4084 | 0x000033f4 | 0xb2 | 0xb2
[OK ]  |  4085 | 0x000033f5 | 0x47 | 0x47
[OK ]  |  4086 | 0x000033f6 | 0xff | 0xff
[OK ]  |  4087 | 0x000033f7 | 0xff | 0xff
[OK ]  |  4088 | 0x000033f8 | 0xfe | 0xfe
[OK ]  |  4089 | 0x000033f9 | 0x1c | 0x1c
[OK ]  |  4090 | 0x000033fa | 0xff | 0xff
[OK ]  |  4091 | 0x000033fb | 0xff | 0xff
[OK ]  |  4092 | 0x000033fc | 0x46 | 0x46
[OK ]  |  4093 | 0x000033fd | 0xf7 | 0xf7
[OK ]  |  4094 | 0x000033fe | 0xfe | 0xfe
[OK ]  |  4095 | 0x000033ff | 0xff | 0xff
[OK ]  |  4096 | 0x00003400 | 0x89 | 0x89
[OK ]  |  4097 | 0x00003401 | 0x02 | 0x02
[OK ]  |  4098 | 0x00003402 | 0x00 | 0x00
[OK ]  |  4099 | 0x00003403 | 0x00 | 0x00
[OK ]  |  4100 | 0x00003404 | 0x3f | 0x3f
[OK ]  |  4101 | 0x00003405 | 0xb5 | 0xb5
[OK ]  |  4102 | 0x00003406 | 0x00 | 0x00
[OK ]  |  4103 | 0x00003407 | 0x00 | 0x00
[OK ]  |  4104 | 0x00003408 | 0xba | 0xba
[OK ]  |  4105 | 0x00003409 | 0x04 | 0x04
[OK ]  |  4106 | 0x0000340a | 0x00 | 0x00
[OK ]  |  4107 | 0x0000340b | 0x00 | 0x00
[OK ]  |  4108 | 0x0000340c | 0xf4 | 0xf4
[OK ]  |  4109 | 0x0000340d | 0x1a | 0x1a
[OK ]  |  4110 | 0x0000340e | 0x01 | 0x01
[OK ]  |  4111 | 0x0000340f | 0x00 | 0x00
[OK ]  |  4112 | 0x00003410 | 0xe9 | 0xe9
[OK ]  |  4113 | 0x00003411 | 0x11 | 0x11
[OK ]  |  4114 | 0x00003412 | 0xff | 0xff
[OK ]  |  4115 | 0x00003413 | 0xff | 0xff
[OK ]  |  4116 | 0x00003414 | 0x33 | 0x33
[OK ]  |  4117 | 0x00003415 | 0xdc | 0xdc
[OK ]  |  4118 | 0x00003416 | 0xfe | 0xfe
[OK ]  |  4119 | 0x00003417 | 0xff | 0xff
[OK ]  |  4120 | 0x00003418 | 0x1b | 0x1b
[OK ]  |  4121 | 0x00003419 | 0x1b | 0x1b
[OK ]  |  4122 | 0x0000341a | 0xff | 0xff
[OK ]  |  4123 | 0x0000341b | 0xff | 0xff
[OK ]  |  4124 | 0x0000341c | 0x0d | 0x0d
[OK ]  |  4125 | 0x0000341d | 0x20 | 0x20
[OK ]  |  4126 | 0x0000341e | 0x00 | 0x00
[OK ]  |  4127 | 0x0000341f | 0x00 | 0x00
[OK ]  |  4128 | 0x00003420 | 0x01 | 0x01
[OK ]  |  4129 | 0x00003421 | 0xed | 0xed
[OK ]  |  4130 | 0x00003422 | 0xff | 0xff
[OK ]  |  4131 | 0x00003423 | 0xff | 0xff
[OK ]  |  4132 | 0x00003424 | 0x50 | 0x50
[OK ]  |  4133 | 0x00003425 | 0xe9 | 0xe9
[OK ]  |  4134 | 0x00003426 | 0xfe | 0xfe
[OK ]  |  4135 | 0x00003427 | 0xff | 0xff
[OK ]  |  4136 | 0x00003428 | 0x69 | 0x69
[OK ]  |  4137 | 0x00003429 | 0x2f | 0x2f
[OK ]  |  4138 | 0x0000342a | 0x00 | 0x00
[OK ]  |  4139 | 0x0000342b | 0x00 | 0x00
[OK ]  |  4140 | 0x0000342c | 0x0a | 0x0a
[OK ]  |  4141 | 0x0000342d | 0xcf | 0xcf
[OK ]  |  4142 | 0x0000342e | 0xff | 0xff
[OK ]  |  4143 | 0x0000342f | 0xff | 0xff
[OK ]  |  4144 | 0x00003430 | 0x36 | 0x36
[OK ]  |  4145 | 0x00003431 | 0x6e | 0x6e
[OK ]  |  4146 | 0x00003432 | 0xff | 0xff
[OK ]  |  4147 | 0x00003433 | 0xff | 0xff
[OK ]  |  4148 | 0x00003434 | 0xb4 | 0xb4
[OK ]  |  4149 | 0x00003435 | 0xd9 | 0xd9
[OK ]  |  4150 | 0x00003436 | 0x00 | 0x00
[OK ]  |  4151 | 0x00003437 | 0x00 | 0x00
[OK ]  |  4152 | 0x00003438 | 0xe4 | 0xe4
[OK ]  |  4153 | 0x00003439 | 0x33 | 0x33
[OK ]  |  4154 | 0x0000343a | 0xff | 0xff
[OK ]  |  4155 | 0x0000343b | 0xff | 0xff
[OK ]  |  4156 | 0x0000343c | 0x7c | 0x7c
[OK ]  |  4157 | 0x0000343d | 0xb1 | 0xb1
[OK ]  |  4158 | 0x0000343e | 0x00 | 0x00
[OK ]  |  4159 | 0x0000343f | 0x00 | 0x00
[OK ]  |  4160 | 0x00003440 | 0x36 | 0x36
[OK ]  |  4161 | 0x00003441 | 0xec | 0xec
[OK ]  |  4162 | 0x00003442 | 0xfe | 0xfe
[OK ]  |  4163 | 0x00003443 | 0xff | 0xff
[OK ]  |  4164 | 0x00003444 | 0x44 | 0x44
[OK ]  |  4165 | 0x00003445 | 0xe4 | 0xe4
[OK ]  |  4166 | 0x00003446 | 0x00 | 0x00
[OK ]  |  4167 | 0x00003447 | 0x00 | 0x00
[OK ]  |  4168 | 0x00003448 | 0x71 | 0x71
[OK ]  |  4169 | 0x00003449 | 0x31 | 0x31
[OK ]  |  4170 | 0x0000344a | 0xff | 0xff
[OK ]  |  4171 | 0x0000344b | 0xff | 0xff
[OK ]  |  4172 | 0x0000344c | 0x01 | 0x01
[OK ]  |  4173 | 0x0000344d | 0x9a | 0x9a
[OK ]  |  4174 | 0x0000344e | 0xff | 0xff
[OK ]  |  4175 | 0x0000344f | 0xff | 0xff
[OK ]  |  4176 | 0x00003450 | 0xf8 | 0xf8
[OK ]  |  4177 | 0x00003451 | 0xcd | 0xcd
[OK ]  |  4178 | 0x00003452 | 0xff | 0xff
[OK ]  |  4179 | 0x00003453 | 0xff | 0xff
[OK ]  |  4180 | 0x00003454 | 0x2a | 0x2a
[OK ]  |  4181 | 0x00003455 | 0x7f | 0x7f
[OK ]  |  4182 | 0x00003456 | 0x01 | 0x01
[OK ]  |  4183 | 0x00003457 | 0x00 | 0x00
[OK ]  |  4184 | 0x00003458 | 0xc2 | 0xc2
[OK ]  |  4185 | 0x00003459 | 0xd8 | 0xd8
[OK ]  |  4186 | 0x0000345a | 0xff | 0xff
[OK ]  |  4187 | 0x0000345b | 0xff | 0xff
[OK ]  |  4188 | 0x0000345c | 0xb8 | 0xb8
[OK ]  |  4189 | 0x0000345d | 0x13 | 0x13
[OK ]  |  4190 | 0x0000345e | 0x00 | 0x00
[OK ]  |  4191 | 0x0000345f | 0x00 | 0x00
[OK ]  |  4192 | 0x00003460 | 0x1d | 0x1d
[OK ]  |  4193 | 0x00003461 | 0x6f | 0x6f
[OK ]  |  4194 | 0x00003462 | 0x00 | 0x00
[OK ]  |  4195 | 0x00003463 | 0x00 | 0x00
[OK ]  |  4196 | 0x00003464 | 0xf4 | 0xf4
[OK ]  |  4197 | 0x00003465 | 0x42 | 0x42
[OK ]  |  4198 | 0x00003466 | 0xfe | 0xfe
[OK ]  |  4199 | 0x00003467 | 0xff | 0xff
[OK ]  |  4200 | 0x00003468 | 0xee | 0xee
[OK ]  |  4201 | 0x00003469 | 0xc3 | 0xc3
[OK ]  |  4202 | 0x0000346a | 0x00 | 0x00
[OK ]  |  4203 | 0x0000346b | 0x00 | 0x00
[OK ]  |  4204 | 0x0000346c | 0x23 | 0x23
[OK ]  |  4205 | 0x0000346d | 0x8e | 0x8e
[OK ]  |  4206 | 0x0000346e | 0xff | 0xff
[OK ]  |  4207 | 0x0000346f | 0xff | 0xff
[OK ]  |  4208 | 0x00003470 | 0x88 | 0x88
[OK ]  |  4209 | 0x00003471 | 0x23 | 0x23
[OK ]  |  4210 | 0x00003472 | 0x00 | 0x00
[OK ]  |  4211 | 0x00003473 | 0x00 | 0x00
[OK ]  |  4212 | 0x00003474 | 0xf4 | 0xf4
[OK ]  |  4213 | 0x00003475 | 0xb1 | 0xb1
[OK ]  |  4214 | 0x00003476 | 0x00 | 0x00
[OK ]  |  4215 | 0x00003477 | 0x00 | 0x00
[OK ]  |  4216 | 0x00003478 | 0xe6 | 0xe6
[OK ]  |  4217 | 0x00003479 | 0xa7 | 0xa7
[OK ]  |  4218 | 0x0000347a | 0xff | 0xff
[OK ]  |  4219 | 0x0000347b | 0xff | 0xff
[OK ]  |  4220 | 0x0000347c | 0xf7 | 0xf7
[OK ]  |  4221 | 0x0000347d | 0xe4 | 0xe4
[OK ]  |  4222 | 0x0000347e | 0xff | 0xff
[OK ]  |  4223 | 0x0000347f | 0xff | 0xff
[OK ]  |  4224 | 0x00003480 | 0x26 | 0x26
[OK ]  |  4225 | 0x00003481 | 0x0c | 0x0c
[OK ]  |  4226 | 0x00003482 | 0x00 | 0x00
[OK ]  |  4227 | 0x00003483 | 0x00 | 0x00
[OK ]  |  4228 | 0x00003484 | 0x18 | 0x18
[OK ]  |  4229 | 0x00003485 | 0x9b | 0x9b
[OK ]  |  4230 | 0x00003486 | 0xff | 0xff
[OK ]  |  4231 | 0x00003487 | 0xff | 0xff
[OK ]  |  4232 | 0x00003488 | 0x70 | 0x70
[OK ]  |  4233 | 0x00003489 | 0x07 | 0x07
[OK ]  |  4234 | 0x0000348a | 0xff | 0xff
[OK ]  |  4235 | 0x0000348b | 0xff | 0xff
[OK ]  |  4236 | 0x0000348c | 0xf8 | 0xf8
[OK ]  |  4237 | 0x0000348d | 0xf7 | 0xf7
[OK ]  |  4238 | 0x0000348e | 0xff | 0xff
[OK ]  |  4239 | 0x0000348f | 0xff | 0xff
[OK ]  |  4240 | 0x00003490 | 0xa3 | 0xa3
[OK ]  |  4241 | 0x00003491 | 0xc7 | 0xc7
[OK ]  |  4242 | 0x00003492 | 0xff | 0xff
[OK ]  |  4243 | 0x00003493 | 0xff | 0xff
[OK ]  |  4244 | 0x00003494 | 0x81 | 0x81
[OK ]  |  4245 | 0x00003495 | 0x9b | 0x9b
[OK ]  |  4246 | 0x00003496 | 0x01 | 0x01
[OK ]  |  4247 | 0x00003497 | 0x00 | 0x00
[OK ]  |  4248 | 0x00003498 | 0xce | 0xce
[OK ]  |  4249 | 0x00003499 | 0xde | 0xde
[OK ]  |  4250 | 0x0000349a | 0xfe | 0xfe
[OK ]  |  4251 | 0x0000349b | 0xff | 0xff
[OK ]  |  4252 | 0x0000349c | 0xc2 | 0xc2
[OK ]  |  4253 | 0x0000349d | 0x96 | 0x96
[OK ]  |  4254 | 0x0000349e | 0x00 | 0x00
[OK ]  |  4255 | 0x0000349f | 0x00 | 0x00
[OK ]  |  4256 | 0x000034a0 | 0x25 | 0x25
[OK ]  |  4257 | 0x000034a1 | 0xb2 | 0xb2
[OK ]  |  4258 | 0x000034a2 | 0xfe | 0xfe
[OK ]  |  4259 | 0x000034a3 | 0xff | 0xff
[OK ]  |  4260 | 0x000034a4 | 0xaf | 0xaf
[OK ]  |  4261 | 0x000034a5 | 0xa1 | 0xa1
[OK ]  |  4262 | 0x000034a6 | 0xff | 0xff
[OK ]  |  4263 | 0x000034a7 | 0xff | 0xff
[OK ]  |  4264 | 0x000034a8 | 0xd0 | 0xd0
[OK ]  |  4265 | 0x000034a9 | 0x05 | 0x05
[OK ]  |  4266 | 0x000034aa | 0x00 | 0x00
[OK ]  |  4267 | 0x000034ab | 0x00 | 0x00
[OK ]  |  4268 | 0x000034ac | 0x6a | 0x6a
[OK ]  |  4269 | 0x000034ad | 0x23 | 0x23
[OK ]  |  4270 | 0x000034ae | 0xff | 0xff
[OK ]  |  4271 | 0x000034af | 0xff | 0xff
[OK ]  |  4272 | 0x000034b0 | 0x50 | 0x50
[OK ]  |  4273 | 0x000034b1 | 0x1f | 0x1f
[OK ]  |  4274 | 0x000034b2 | 0x00 | 0x00
[OK ]  |  4275 | 0x000034b3 | 0x00 | 0x00
[OK ]  |  4276 | 0x000034b4 | 0xa8 | 0xa8
[OK ]  |  4277 | 0x000034b5 | 0x3f | 0x3f
[OK ]  |  4278 | 0x000034b6 | 0x00 | 0x00
[OK ]  |  4279 | 0x000034b7 | 0x00 | 0x00
[OK ]  |  4280 | 0x000034b8 | 0x4b | 0x4b
[OK ]  |  4281 | 0x000034b9 | 0xb3 | 0xb3
[OK ]  |  4282 | 0x000034ba | 0xff | 0xff
[OK ]  |  4283 | 0x000034bb | 0xff | 0xff
[OK ]  |  4284 | 0x000034bc | 0x84 | 0x84
[OK ]  |  4285 | 0x000034bd | 0xc9 | 0xc9
[OK ]  |  4286 | 0x000034be | 0xff | 0xff
[OK ]  |  4287 | 0x000034bf | 0xff | 0xff
[OK ]  |  4288 | 0x000034c0 | 0xf2 | 0xf2
[OK ]  |  4289 | 0x000034c1 | 0x4b | 0x4b
[OK ]  |  4290 | 0x000034c2 | 0xff | 0xff
[OK ]  |  4291 | 0x000034c3 | 0xff | 0xff
[OK ]  |  4292 | 0x000034c4 | 0xa9 | 0xa9
[OK ]  |  4293 | 0x000034c5 | 0xcf | 0xcf
[OK ]  |  4294 | 0x000034c6 | 0x00 | 0x00
[OK ]  |  4295 | 0x000034c7 | 0x00 | 0x00
[OK ]  |  4296 | 0x000034c8 | 0xb7 | 0xb7
[OK ]  |  4297 | 0x000034c9 | 0x39 | 0x39
[OK ]  |  4298 | 0x000034ca | 0x00 | 0x00
[OK ]  |  4299 | 0x000034cb | 0x00 | 0x00
[OK ]  |  4300 | 0x000034cc | 0xf0 | 0xf0
[OK ]  |  4301 | 0x000034cd | 0x50 | 0x50
[OK ]  |  4302 | 0x000034ce | 0xff | 0xff
[OK ]  |  4303 | 0x000034cf | 0xff | 0xff
[OK ]  |  4304 | 0x000034d0 | 0xc1 | 0xc1
[OK ]  |  4305 | 0x000034d1 | 0xbf | 0xbf
[OK ]  |  4306 | 0x000034d2 | 0xff | 0xff
[OK ]  |  4307 | 0x000034d3 | 0xff | 0xff
[OK ]  |  4308 | 0x000034d4 | 0x91 | 0x91
[OK ]  |  4309 | 0x000034d5 | 0xe1 | 0xe1
[OK ]  |  4310 | 0x000034d6 | 0xff | 0xff
[OK ]  |  4311 | 0x000034d7 | 0xff | 0xff
[OK ]  |  4312 | 0x000034d8 | 0xc9 | 0xc9
[OK ]  |  4313 | 0x000034d9 | 0x87 | 0x87
[OK ]  |  4314 | 0x000034da | 0xff | 0xff
[OK ]  |  4315 | 0x000034db | 0xff | 0xff
[OK ]  |  4316 | 0x000034dc | 0xe3 | 0xe3
[OK ]  |  4317 | 0x000034dd | 0x6b | 0x6b
[OK ]  |  4318 | 0x000034de | 0xff | 0xff
[OK ]  |  4319 | 0x000034df | 0xff | 0xff
[OK ]  |  4320 | 0x000034e0 | 0x34 | 0x34
[OK ]  |  4321 | 0x000034e1 | 0x5e | 0x5e
[OK ]  |  4322 | 0x000034e2 | 0x00 | 0x00
[OK ]  |  4323 | 0x000034e3 | 0x00 | 0x00
[OK ]  |  4324 | 0x000034e4 | 0xff | 0xff
[OK ]  |  4325 | 0x000034e5 | 0xf2 | 0xf2
[OK ]  |  4326 | 0x000034e6 | 0x00 | 0x00
[OK ]  |  4327 | 0x000034e7 | 0x00 | 0x00
[OK ]  |  4328 | 0x000034e8 | 0x2f | 0x2f
[OK ]  |  4329 | 0x000034e9 | 0x82 | 0x82
[OK ]  |  4330 | 0x000034ea | 0x00 | 0x00
[OK ]  |  4331 | 0x000034eb | 0x00 | 0x00
[OK ]  |  4332 | 0x000034ec | 0xd4 | 0xd4
[OK ]  |  4333 | 0x000034ed | 0x99 | 0x99
[OK ]  |  4334 | 0x000034ee | 0x00 | 0x00
[OK ]  |  4335 | 0x000034ef | 0x00 | 0x00
[OK ]  |  4336 | 0x000034f0 | 0x0c | 0x0c
[OK ]  |  4337 | 0x000034f1 | 0x1e | 0x1e
[OK ]  |  4338 | 0x000034f2 | 0x00 | 0x00
[OK ]  |  4339 | 0x000034f3 | 0x00 | 0x00
[OK ]  |  4340 | 0x000034f4 | 0x58 | 0x58
[OK ]  |  4341 | 0x000034f5 | 0x66 | 0x66
[OK ]  |  4342 | 0x000034f6 | 0x00 | 0x00
[OK ]  |  4343 | 0x000034f7 | 0x00 | 0x00
[OK ]  |  4344 | 0x000034f8 | 0x3d | 0x3d
[OK ]  |  4345 | 0x000034f9 | 0x54 | 0x54
[OK ]  |  4346 | 0x000034fa | 0x00 | 0x00
[OK ]  |  4347 | 0x000034fb | 0x00 | 0x00
[OK ]  |  4348 | 0x000034fc | 0x89 | 0x89
[OK ]  |  4349 | 0x000034fd | 0xfe | 0xfe
[OK ]  |  4350 | 0x000034fe | 0xfe | 0xfe
[OK ]  |  4351 | 0x000034ff | 0xff | 0xff
[OK ]  |  4352 | 0x00003500 | 0x6c | 0x6c
[OK ]  |  4353 | 0x00003501 | 0x6f | 0x6f
[OK ]  |  4354 | 0x00003502 | 0x00 | 0x00
[OK ]  |  4355 | 0x00003503 | 0x00 | 0x00
[OK ]  |  4356 | 0x00003504 | 0xc1 | 0xc1
[OK ]  |  4357 | 0x00003505 | 0x17 | 0x17
[OK ]  |  4358 | 0x00003506 | 0xff | 0xff
[OK ]  |  4359 | 0x00003507 | 0xff | 0xff
[OK ]  |  4360 | 0x00003508 | 0xd2 | 0xd2
[OK ]  |  4361 | 0x00003509 | 0xc2 | 0xc2
[OK ]  |  4362 | 0x0000350a | 0xff | 0xff
[OK ]  |  4363 | 0x0000350b | 0xff | 0xff
[OK ]  |  4364 | 0x0000350c | 0x8d | 0x8d
[OK ]  |  4365 | 0x0000350d | 0x1d | 0x1d
[OK ]  |  4366 | 0x0000350e | 0x00 | 0x00
[OK ]  |  4367 | 0x0000350f | 0x00 | 0x00
[OK ]  |  4368 | 0x00003510 | 0x05 | 0x05
[OK ]  |  4369 | 0x00003511 | 0xed | 0xed
[OK ]  |  4370 | 0x00003512 | 0x00 | 0x00
[OK ]  |  4371 | 0x00003513 | 0x00 | 0x00
[OK ]  |  4372 | 0x00003514 | 0xe1 | 0xe1
[OK ]  |  4373 | 0x00003515 | 0x9a | 0x9a
[OK ]  |  4374 | 0x00003516 | 0xff | 0xff
[OK ]  |  4375 | 0x00003517 | 0xff | 0xff
[OK ]  |  4376 | 0x00003518 | 0xe5 | 0xe5
[OK ]  |  4377 | 0x00003519 | 0x3d | 0x3d
[OK ]  |  4378 | 0x0000351a | 0x01 | 0x01
[OK ]  |  4379 | 0x0000351b | 0x00 | 0x00
[OK ]  |  4380 | 0x0000351c | 0xb7 | 0xb7
[OK ]  |  4381 | 0x0000351d | 0xdf | 0xdf
[OK ]  |  4382 | 0x0000351e | 0xff | 0xff
[OK ]  |  4383 | 0x0000351f | 0xff | 0xff
[OK ]  |  4384 | 0x00003520 | 0xf2 | 0xf2
[OK ]  |  4385 | 0x00003521 | 0x88 | 0x88
[OK ]  |  4386 | 0x00003522 | 0xfe | 0xfe
[OK ]  |  4387 | 0x00003523 | 0xff | 0xff
[OK ]  |  4388 | 0x00003524 | 0xd7 | 0xd7
[OK ]  |  4389 | 0x00003525 | 0x2e | 0x2e
[OK ]  |  4390 | 0x00003526 | 0x00 | 0x00
[OK ]  |  4391 | 0x00003527 | 0x00 | 0x00
[OK ]  |  4392 | 0x00003528 | 0x26 | 0x26
[OK ]  |  4393 | 0x00003529 | 0x90 | 0x90
[OK ]  |  4394 | 0x0000352a | 0x00 | 0x00
[OK ]  |  4395 | 0x0000352b | 0x00 | 0x00
[OK ]  |  4396 | 0x0000352c | 0xa0 | 0xa0
[OK ]  |  4397 | 0x0000352d | 0x1e | 0x1e
[OK ]  |  4398 | 0x0000352e | 0xff | 0xff
[OK ]  |  4399 | 0x0000352f | 0xff | 0xff
[OK ]  |  4400 | 0x00003530 | 0x9b | 0x9b
[OK ]  |  4401 | 0x00003531 | 0x4f | 0x4f
[OK ]  |  4402 | 0x00003532 | 0x00 | 0x00
[OK ]  |  4403 | 0x00003533 | 0x00 | 0x00
[OK ]  |  4404 | 0x00003534 | 0xbf | 0xbf
[OK ]  |  4405 | 0x00003535 | 0x73 | 0x73
[OK ]  |  4406 | 0x00003536 | 0xff | 0xff
[OK ]  |  4407 | 0x00003537 | 0xff | 0xff
[OK ]  |  4408 | 0x00003538 | 0xc6 | 0xc6
[OK ]  |  4409 | 0x00003539 | 0xf1 | 0xf1
[OK ]  |  4410 | 0x0000353a | 0xff | 0xff
[OK ]  |  4411 | 0x0000353b | 0xff | 0xff
[OK ]  |  4412 | 0x0000353c | 0xb8 | 0xb8
[OK ]  |  4413 | 0x0000353d | 0xc3 | 0xc3
[OK ]  |  4414 | 0x0000353e | 0x00 | 0x00
[OK ]  |  4415 | 0x0000353f | 0x00 | 0x00
[OK ]  |  4416 | 0x00003540 | 0x30 | 0x30
[OK ]  |  4417 | 0x00003541 | 0x00 | 0x00
[OK ]  |  4418 | 0x00003542 | 0xff | 0xff
[OK ]  |  4419 | 0x00003543 | 0xff | 0xff
[OK ]  |  4420 | 0x00003544 | 0x82 | 0x82
[OK ]  |  4421 | 0x00003545 | 0x25 | 0x25
[OK ]  |  4422 | 0x00003546 | 0xff | 0xff
[OK ]  |  4423 | 0x00003547 | 0xff | 0xff
[OK ]  |  4424 | 0x00003548 | 0xba | 0xba
[OK ]  |  4425 | 0x00003549 | 0xd3 | 0xd3
[OK ]  |  4426 | 0x0000354a | 0xff | 0xff
[OK ]  |  4427 | 0x0000354b | 0xff | 0xff
[OK ]  |  4428 | 0x0000354c | 0xf0 | 0xf0
[OK ]  |  4429 | 0x0000354d | 0xb1 | 0xb1
[OK ]  |  4430 | 0x0000354e | 0xff | 0xff
[OK ]  |  4431 | 0x0000354f | 0xff | 0xff
[OK ]  |  4432 | 0x00003550 | 0x0c | 0x0c
[OK ]  |  4433 | 0x00003551 | 0x4f | 0x4f
[OK ]  |  4434 | 0x00003552 | 0xff | 0xff
[OK ]  |  4435 | 0x00003553 | 0xff | 0xff
[OK ]  |  4436 | 0x00003554 | 0xfb | 0xfb
[OK ]  |  4437 | 0x00003555 | 0x4c | 0x4c
[OK ]  |  4438 | 0x00003556 | 0xff | 0xff
[OK ]  |  4439 | 0x00003557 | 0xff | 0xff
[OK ]  |  4440 | 0x00003558 | 0x1e | 0x1e
[OK ]  |  4441 | 0x00003559 | 0xfa | 0xfa
[OK ]  |  4442 | 0x0000355a | 0xfe | 0xfe
[OK ]  |  4443 | 0x0000355b | 0xff | 0xff
[OK ]  |  4444 | 0x0000355c | 0x22 | 0x22
[OK ]  |  4445 | 0x0000355d | 0xab | 0xab
[OK ]  |  4446 | 0x0000355e | 0xff | 0xff
[OK ]  |  4447 | 0x0000355f | 0xff | 0xff
[OK ]  |  4448 | 0x00003560 | 0x2a | 0x2a
[OK ]  |  4449 | 0x00003561 | 0x46 | 0x46
[OK ]  |  4450 | 0x00003562 | 0x00 | 0x00
[OK ]  |  4451 | 0x00003563 | 0x00 | 0x00
[OK ]  |  4452 | 0x00003564 | 0xf2 | 0xf2
[OK ]  |  4453 | 0x00003565 | 0x01 | 0x01
[OK ]  |  4454 | 0x00003566 | 0x00 | 0x00
[OK ]  |  4455 | 0x00003567 | 0x00 | 0x00
[OK ]  |  4456 | 0x00003568 | 0xe5 | 0xe5
[OK ]  |  4457 | 0x00003569 | 0x29 | 0x29
[OK ]  |  4458 | 0x0000356a | 0x00 | 0x00
[OK ]  |  4459 | 0x0000356b | 0x00 | 0x00
[OK ]  |  4460 | 0x0000356c | 0x5b | 0x5b
[OK ]  |  4461 | 0x0000356d | 0xe6 | 0xe6
[OK ]  |  4462 | 0x0000356e | 0x00 | 0x00
[OK ]  |  4463 | 0x0000356f | 0x00 | 0x00
[OK ]  |  4464 | 0x00003570 | 0x37 | 0x37
[OK ]  |  4465 | 0x00003571 | 0x66 | 0x66
[OK ]  |  4466 | 0x00003572 | 0x00 | 0x00
[OK ]  |  4467 | 0x00003573 | 0x00 | 0x00
[OK ]  |  4468 | 0x00003574 | 0xd7 | 0xd7
[OK ]  |  4469 | 0x00003575 | 0x34 | 0x34
[OK ]  |  4470 | 0x00003576 | 0x00 | 0x00
[OK ]  |  4471 | 0x00003577 | 0x00 | 0x00
[OK ]  |  4472 | 0x00003578 | 0x39 | 0x39
[OK ]  |  4473 | 0x00003579 | 0x65 | 0x65
[OK ]  |  4474 | 0x0000357a | 0xff | 0xff
[OK ]  |  4475 | 0x0000357b | 0xff | 0xff
[OK ]  |  4476 | 0x0000357c | 0xca | 0xca
[OK ]  |  4477 | 0x0000357d | 0x69 | 0x69
[OK ]  |  4478 | 0x0000357e | 0x00 | 0x00
[OK ]  |  4479 | 0x0000357f | 0x00 | 0x00
[OK ]  |  4480 | 0x00003580 | 0x63 | 0x63
[OK ]  |  4481 | 0x00003581 | 0x95 | 0x95
[OK ]  |  4482 | 0x00003582 | 0xff | 0xff
[OK ]  |  4483 | 0x00003583 | 0xff | 0xff
[OK ]  |  4484 | 0x00003584 | 0xf5 | 0xf5
[OK ]  |  4485 | 0x00003585 | 0xcc | 0xcc
[OK ]  |  4486 | 0x00003586 | 0xff | 0xff
[OK ]  |  4487 | 0x00003587 | 0xff | 0xff
[OK ]  |  4488 | 0x00003588 | 0xdb | 0xdb
[OK ]  |  4489 | 0x00003589 | 0xbf | 0xbf
[OK ]  |  4490 | 0x0000358a | 0x00 | 0x00
[OK ]  |  4491 | 0x0000358b | 0x00 | 0x00
[OK ]  |  4492 | 0x0000358c | 0xbb | 0xbb
[OK ]  |  4493 | 0x0000358d | 0x54 | 0x54
[OK ]  |  4494 | 0x0000358e | 0xff | 0xff
[OK ]  |  4495 | 0x0000358f | 0xff | 0xff
[OK ]  |  4496 | 0x00003590 | 0x53 | 0x53
[OK ]  |  4497 | 0x00003591 | 0x0b | 0x0b
[OK ]  |  4498 | 0x00003592 | 0xff | 0xff
[OK ]  |  4499 | 0x00003593 | 0xff | 0xff
[OK ]  |  4500 | 0x00003594 | 0x9d | 0x9d
[OK ]  |  4501 | 0x00003595 | 0xb6 | 0xb6
[OK ]  |  4502 | 0x00003596 | 0xff | 0xff
[OK ]  |  4503 | 0x00003597 | 0xff | 0xff
[OK ]  |  4504 | 0x00003598 | 0xd2 | 0xd2
[OK ]  |  4505 | 0x00003599 | 0xbf | 0xbf
[OK ]  |  4506 | 0x0000359a | 0xff | 0xff
[OK ]  |  4507 | 0x0000359b | 0xff | 0xff
[OK ]  |  4508 | 0x0000359c | 0x44 | 0x44
[OK ]  |  4509 | 0x0000359d | 0x0d | 0x0d
[OK ]  |  4510 | 0x0000359e | 0x01 | 0x01
[OK ]  |  4511 | 0x0000359f | 0x00 | 0x00
[OK ]  |  4512 | 0x000035a0 | 0xea | 0xea
[OK ]  |  4513 | 0x000035a1 | 0x39 | 0x39
[OK ]  |  4514 | 0x000035a2 | 0x00 | 0x00
[OK ]  |  4515 | 0x000035a3 | 0x00 | 0x00
[OK ]  |  4516 | 0x000035a4 | 0x35 | 0x35
[OK ]  |  4517 | 0x000035a5 | 0x1c | 0x1c
[OK ]  |  4518 | 0x000035a6 | 0x00 | 0x00
[OK ]  |  4519 | 0x000035a7 | 0x00 | 0x00
[OK ]  |  4520 | 0x000035a8 | 0xf4 | 0xf4
[OK ]  |  4521 | 0x000035a9 | 0x64 | 0x64
[OK ]  |  4522 | 0x000035aa | 0x00 | 0x00
[OK ]  |  4523 | 0x000035ab | 0x00 | 0x00
[OK ]  |  4524 | 0x000035ac | 0x50 | 0x50
[OK ]  |  4525 | 0x000035ad | 0xe2 | 0xe2
[OK ]  |  4526 | 0x000035ae | 0xfe | 0xfe
[OK ]  |  4527 | 0x000035af | 0xff | 0xff
[OK ]  |  4528 | 0x000035b0 | 0x5e | 0x5e
[OK ]  |  4529 | 0x000035b1 | 0x35 | 0x35
[OK ]  |  4530 | 0x000035b2 | 0x00 | 0x00
[OK ]  |  4531 | 0x000035b3 | 0x00 | 0x00
[OK ]  |  4532 | 0x000035b4 | 0xd5 | 0xd5
[OK ]  |  4533 | 0x000035b5 | 0x55 | 0x55
[OK ]  |  4534 | 0x000035b6 | 0x00 | 0x00
[OK ]  |  4535 | 0x000035b7 | 0x00 | 0x00
[OK ]  |  4536 | 0x000035b8 | 0x33 | 0x33
[OK ]  |  4537 | 0x000035b9 | 0xb7 | 0xb7
[OK ]  |  4538 | 0x000035ba | 0xff | 0xff
[OK ]  |  4539 | 0x000035bb | 0xff | 0xff
[OK ]  |  4540 | 0x000035bc | 0x9b | 0x9b
[OK ]  |  4541 | 0x000035bd | 0xbc | 0xbc
[OK ]  |  4542 | 0x000035be | 0xff | 0xff
[OK ]  |  4543 | 0x000035bf | 0xff | 0xff
[OK ]  |  4544 | 0x000035c0 | 0xef | 0xef
[OK ]  |  4545 | 0x000035c1 | 0x25 | 0x25
[OK ]  |  4546 | 0x000035c2 | 0x00 | 0x00
[OK ]  |  4547 | 0x000035c3 | 0x00 | 0x00
[OK ]  |  4548 | 0x000035c4 | 0x02 | 0x02
[OK ]  |  4549 | 0x000035c5 | 0x7e | 0x7e
[OK ]  |  4550 | 0x000035c6 | 0x00 | 0x00
[OK ]  |  4551 | 0x000035c7 | 0x00 | 0x00
[OK ]  |  4552 | 0x000035c8 | 0x62 | 0x62
[OK ]  |  4553 | 0x000035c9 | 0x51 | 0x51
[OK ]  |  4554 | 0x000035ca | 0xff | 0xff
[OK ]  |  4555 | 0x000035cb | 0xff | 0xff
[OK ]  |  4556 | 0x000035cc | 0x72 | 0x72
[OK ]  |  4557 | 0x000035cd | 0xb4 | 0xb4
[OK ]  |  4558 | 0x000035ce | 0xff | 0xff
[OK ]  |  4559 | 0x000035cf | 0xff | 0xff
[OK ]  |  4560 | 0x000035d0 | 0xf9 | 0xf9
[OK ]  |  4561 | 0x000035d1 | 0xd6 | 0xd6
[OK ]  |  4562 | 0x000035d2 | 0xfe | 0xfe
[OK ]  |  4563 | 0x000035d3 | 0xff | 0xff
[OK ]  |  4564 | 0x000035d4 | 0xf3 | 0xf3
[OK ]  |  4565 | 0x000035d5 | 0x06 | 0x06
[OK ]  |  4566 | 0x000035d6 | 0xff | 0xff
[OK ]  |  4567 | 0x000035d7 | 0xff | 0xff
[OK ]  |  4568 | 0x000035d8 | 0x53 | 0x53
[OK ]  |  4569 | 0x000035d9 | 0x5b | 0x5b
[OK ]  |  4570 | 0x000035da | 0x00 | 0x00
[OK ]  |  4571 | 0x000035db | 0x00 | 0x00
[OK ]  |  4572 | 0x000035dc | 0x63 | 0x63
[OK ]  |  4573 | 0x000035dd | 0x2a | 0x2a
[OK ]  |  4574 | 0x000035de | 0xff | 0xff
[OK ]  |  4575 | 0x000035df | 0xff | 0xff
[OK ]  |  4576 | 0x000035e0 | 0xc4 | 0xc4
[OK ]  |  4577 | 0x000035e1 | 0xcf | 0xcf
[OK ]  |  4578 | 0x000035e2 | 0xff | 0xff
[OK ]  |  4579 | 0x000035e3 | 0xff | 0xff
[OK ]  |  4580 | 0x000035e4 | 0x93 | 0x93
[OK ]  |  4581 | 0x000035e5 | 0xaa | 0xaa
[OK ]  |  4582 | 0x000035e6 | 0xff | 0xff
[OK ]  |  4583 | 0x000035e7 | 0xff | 0xff
[OK ]  |  4584 | 0x000035e8 | 0x63 | 0x63
[OK ]  |  4585 | 0x000035e9 | 0xc5 | 0xc5
[OK ]  |  4586 | 0x000035ea | 0x00 | 0x00
[OK ]  |  4587 | 0x000035eb | 0x00 | 0x00
[OK ]  |  4588 | 0x000035ec | 0xb2 | 0xb2
[OK ]  |  4589 | 0x000035ed | 0xff | 0xff
[OK ]  |  4590 | 0x000035ee | 0xff | 0xff
[OK ]  |  4591 | 0x000035ef | 0xff | 0xff
[OK ]  |  4592 | 0x000035f0 | 0x7a | 0x7a
[OK ]  |  4593 | 0x000035f1 | 0x0f | 0x0f
[OK ]  |  4594 | 0x000035f2 | 0x00 | 0x00
[OK ]  |  4595 | 0x000035f3 | 0x00 | 0x00
[OK ]  |  4596 | 0x000035f4 | 0x9a | 0x9a
[OK ]  |  4597 | 0x000035f5 | 0x41 | 0x41
[OK ]  |  4598 | 0x000035f6 | 0xff | 0xff
[OK ]  |  4599 | 0x000035f7 | 0xff | 0xff
[OK ]  |  4600 | 0x000035f8 | 0xb6 | 0xb6
[OK ]  |  4601 | 0x000035f9 | 0x79 | 0x79
[OK ]  |  4602 | 0x000035fa | 0x00 | 0x00
[OK ]  |  4603 | 0x000035fb | 0x00 | 0x00
[OK ]  |  4604 | 0x000035fc | 0x7d | 0x7d
[OK ]  |  4605 | 0x000035fd | 0x5c | 0x5c
[OK ]  |  4606 | 0x000035fe | 0x00 | 0x00
[OK ]  |  4607 | 0x000035ff | 0x00 | 0x00
[OK ]  |  4608 | 0x00003600 | 0xce | 0xce
[OK ]  |  4609 | 0x00003601 | 0xaf | 0xaf
[OK ]  |  4610 | 0x00003602 | 0x00 | 0x00
[OK ]  |  4611 | 0x00003603 | 0x00 | 0x00
[OK ]  |  4612 | 0x00003604 | 0x73 | 0x73
[OK ]  |  4613 | 0x00003605 | 0x80 | 0x80
[OK ]  |  4614 | 0x00003606 | 0xff | 0xff
[OK ]  |  4615 | 0x00003607 | 0xff | 0xff
[OK ]  |  4616 | 0x00003608 | 0x20 | 0x20
[OK ]  |  4617 | 0x00003609 | 0x68 | 0x68
[OK ]  |  4618 | 0x0000360a | 0x00 | 0x00
[OK ]  |  4619 | 0x0000360b | 0x00 | 0x00
[OK ]  |  4620 | 0x0000360c | 0xa2 | 0xa2
[OK ]  |  4621 | 0x0000360d | 0x03 | 0x03
[OK ]  |  4622 | 0x0000360e | 0xff | 0xff
[OK ]  |  4623 | 0x0000360f | 0xff | 0xff
[OK ]  |  4624 | 0x00003610 | 0x72 | 0x72
[OK ]  |  4625 | 0x00003611 | 0x96 | 0x96
[OK ]  |  4626 | 0x00003612 | 0xff | 0xff
[OK ]  |  4627 | 0x00003613 | 0xff | 0xff
[OK ]  |  4628 | 0x00003614 | 0x9a | 0x9a
[OK ]  |  4629 | 0x00003615 | 0x51 | 0x51
[OK ]  |  4630 | 0x00003616 | 0x00 | 0x00
[OK ]  |  4631 | 0x00003617 | 0x00 | 0x00
[OK ]  |  4632 | 0x00003618 | 0xed | 0xed
[OK ]  |  4633 | 0x00003619 | 0x99 | 0x99
[OK ]  |  4634 | 0x0000361a | 0x00 | 0x00
[OK ]  |  4635 | 0x0000361b | 0x00 | 0x00
[OK ]  |  4636 | 0x0000361c | 0x29 | 0x29
[OK ]  |  4637 | 0x0000361d | 0x82 | 0x82
[OK ]  |  4638 | 0x0000361e | 0x00 | 0x00
[OK ]  |  4639 | 0x0000361f | 0x00 | 0x00
[OK ]  |  4640 | 0x00003620 | 0xb1 | 0xb1
[OK ]  |  4641 | 0x00003621 | 0x08 | 0x08
[OK ]  |  4642 | 0x00003622 | 0x00 | 0x00
[OK ]  |  4643 | 0x00003623 | 0x00 | 0x00
[OK ]  |  4644 | 0x00003624 | 0xcd | 0xcd
[OK ]  |  4645 | 0x00003625 | 0x31 | 0x31
[OK ]  |  4646 | 0x00003626 | 0x01 | 0x01
[OK ]  |  4647 | 0x00003627 | 0x00 | 0x00
[OK ]  |  4648 | 0x00003628 | 0x47 | 0x47
[OK ]  |  4649 | 0x00003629 | 0x63 | 0x63
[OK ]  |  4650 | 0x0000362a | 0x00 | 0x00
[OK ]  |  4651 | 0x0000362b | 0x00 | 0x00
[OK ]  |  4652 | 0x0000362c | 0xc9 | 0xc9
[OK ]  |  4653 | 0x0000362d | 0xc9 | 0xc9
[OK ]  |  4654 | 0x0000362e | 0xff | 0xff
[OK ]  |  4655 | 0x0000362f | 0xff | 0xff
[OK ]  |  4656 | 0x00003630 | 0xa4 | 0xa4
[OK ]  |  4657 | 0x00003631 | 0x06 | 0x06
[OK ]  |  4658 | 0x00003632 | 0x01 | 0x01
[OK ]  |  4659 | 0x00003633 | 0x00 | 0x00
[OK ]  |  4660 | 0x00003634 | 0x42 | 0x42
[OK ]  |  4661 | 0x00003635 | 0xf2 | 0xf2
[OK ]  |  4662 | 0x00003636 | 0xff | 0xff
[OK ]  |  4663 | 0x00003637 | 0xff | 0xff
[OK ]  |  4664 | 0x00003638 | 0xc9 | 0xc9
[OK ]  |  4665 | 0x00003639 | 0x8c | 0x8c
[OK ]  |  4666 | 0x0000363a | 0xff | 0xff
[OK ]  |  4667 | 0x0000363b | 0xff | 0xff
[OK ]  |  4668 | 0x0000363c | 0xd3 | 0xd3
[OK ]  |  4669 | 0x0000363d | 0x88 | 0x88
[OK ]  |  4670 | 0x0000363e | 0xff | 0xff
[OK ]  |  4671 | 0x0000363f | 0xff | 0xff
[OK ]  |  4672 | 0x00003640 | 0x23 | 0x23
[OK ]  |  4673 | 0x00003641 | 0xed | 0xed
[OK ]  |  4674 | 0x00003642 | 0x00 | 0x00
[OK ]  |  4675 | 0x00003643 | 0x00 | 0x00
[OK ]  |  4676 | 0x00003644 | 0x59 | 0x59
[OK ]  |  4677 | 0x00003645 | 0x48 | 0x48
[OK ]  |  4678 | 0x00003646 | 0xff | 0xff
[OK ]  |  4679 | 0x00003647 | 0xff | 0xff
[OK ]  |  4680 | 0x00003648 | 0xd8 | 0xd8
[OK ]  |  4681 | 0x00003649 | 0xc2 | 0xc2
[OK ]  |  4682 | 0x0000364a | 0xff | 0xff
[OK ]  |  4683 | 0x0000364b | 0xff | 0xff
[OK ]  |  4684 | 0x0000364c | 0xbe | 0xbe
[OK ]  |  4685 | 0x0000364d | 0x50 | 0x50
[OK ]  |  4686 | 0x0000364e | 0xff | 0xff
[OK ]  |  4687 | 0x0000364f | 0xff | 0xff
[OK ]  |  4688 | 0x00003650 | 0xf2 | 0xf2
[OK ]  |  4689 | 0x00003651 | 0x63 | 0x63
[OK ]  |  4690 | 0x00003652 | 0x00 | 0x00
[OK ]  |  4691 | 0x00003653 | 0x00 | 0x00
[OK ]  |  4692 | 0x00003654 | 0x1f | 0x1f
[OK ]  |  4693 | 0x00003655 | 0x24 | 0x24
[OK ]  |  4694 | 0x00003656 | 0xff | 0xff
[OK ]  |  4695 | 0x00003657 | 0xff | 0xff
[OK ]  |  4696 | 0x00003658 | 0x0e | 0x0e
[OK ]  |  4697 | 0x00003659 | 0xfa | 0xfa
[OK ]  |  4698 | 0x0000365a | 0xfe | 0xfe
[OK ]  |  4699 | 0x0000365b | 0xff | 0xff
[OK ]  |  4700 | 0x0000365c | 0x8f | 0x8f
[OK ]  |  4701 | 0x0000365d | 0x6b | 0x6b
[OK ]  |  4702 | 0x0000365e | 0x01 | 0x01
[OK ]  |  4703 | 0x0000365f | 0x00 | 0x00
[OK ]  |  4704 | 0x00003660 | 0x64 | 0x64
[OK ]  |  4705 | 0x00003661 | 0x9c | 0x9c
[OK ]  |  4706 | 0x00003662 | 0x01 | 0x01
[OK ]  |  4707 | 0x00003663 | 0x00 | 0x00
[OK ]  |  4708 | 0x00003664 | 0x94 | 0x94
[OK ]  |  4709 | 0x00003665 | 0x44 | 0x44
[OK ]  |  4710 | 0x00003666 | 0x00 | 0x00
[OK ]  |  4711 | 0x00003667 | 0x00 | 0x00
[OK ]  |  4712 | 0x00003668 | 0x5a | 0x5a
[OK ]  |  4713 | 0x00003669 | 0x23 | 0x23
[OK ]  |  4714 | 0x0000366a | 0xff | 0xff
[OK ]  |  4715 | 0x0000366b | 0xff | 0xff
[OK ]  |  4716 | 0x0000366c | 0xa5 | 0xa5
[OK ]  |  4717 | 0x0000366d | 0x75 | 0x75
[OK ]  |  4718 | 0x0000366e | 0xff | 0xff
[OK ]  |  4719 | 0x0000366f | 0xff | 0xff
[OK ]  |  4720 | 0x00003670 | 0xcd | 0xcd
[OK ]  |  4721 | 0x00003671 | 0x99 | 0x99
[OK ]  |  4722 | 0x00003672 | 0xff | 0xff
[OK ]  |  4723 | 0x00003673 | 0xff | 0xff
[OK ]  |  4724 | 0x00003674 | 0x96 | 0x96
[OK ]  |  4725 | 0x00003675 | 0x49 | 0x49
[OK ]  |  4726 | 0x00003676 | 0x00 | 0x00
[OK ]  |  4727 | 0x00003677 | 0x00 | 0x00
[OK ]  |  4728 | 0x00003678 | 0x77 | 0x77
[OK ]  |  4729 | 0x00003679 | 0x13 | 0x13
[OK ]  |  4730 | 0x0000367a | 0x00 | 0x00
[OK ]  |  4731 | 0x0000367b | 0x00 | 0x00
[OK ]  |  4732 | 0x0000367c | 0xab | 0xab
[OK ]  |  4733 | 0x0000367d | 0xb3 | 0xb3
[OK ]  |  4734 | 0x0000367e | 0x00 | 0x00
[OK ]  |  4735 | 0x0000367f | 0x00 | 0x00
[OK ]  |  4736 | 0x00003680 | 0x4e | 0x4e
[OK ]  |  4737 | 0x00003681 | 0x2d | 0x2d
[OK ]  |  4738 | 0x00003682 | 0xff | 0xff
[OK ]  |  4739 | 0x00003683 | 0xff | 0xff
[OK ]  |  4740 | 0x00003684 | 0x12 | 0x12
[OK ]  |  4741 | 0x00003685 | 0x86 | 0x86
[OK ]  |  4742 | 0x00003686 | 0x00 | 0x00
[OK ]  |  4743 | 0x00003687 | 0x00 | 0x00
[OK ]  |  4744 | 0x00003688 | 0xc2 | 0xc2
[OK ]  |  4745 | 0x00003689 | 0x4f | 0x4f
[OK ]  |  4746 | 0x0000368a | 0x00 | 0x00
[OK ]  |  4747 | 0x0000368b | 0x00 | 0x00
[OK ]  |  4748 | 0x0000368c | 0x06 | 0x06
[OK ]  |  4749 | 0x0000368d | 0x42 | 0x42
[OK ]  |  4750 | 0x0000368e | 0xff | 0xff
[OK ]  |  4751 | 0x0000368f | 0xff | 0xff
[OK ]  |  4752 | 0x00003690 | 0xe6 | 0xe6
[OK ]  |  4753 | 0x00003691 | 0x1d | 0x1d
[OK ]  |  4754 | 0x00003692 | 0xff | 0xff
[OK ]  |  4755 | 0x00003693 | 0xff | 0xff
[OK ]  |  4756 | 0x00003694 | 0x4c | 0x4c
[OK ]  |  4757 | 0x00003695 | 0xe1 | 0xe1
[OK ]  |  4758 | 0x00003696 | 0xff | 0xff
[OK ]  |  4759 | 0x00003697 | 0xff | 0xff
[OK ]  |  4760 | 0x00003698 | 0xba | 0xba
[OK ]  |  4761 | 0x00003699 | 0xe0 | 0xe0
[OK ]  |  4762 | 0x0000369a | 0xff | 0xff
[OK ]  |  4763 | 0x0000369b | 0xff | 0xff
[OK ]  |  4764 | 0x0000369c | 0x6b | 0x6b
[OK ]  |  4765 | 0x0000369d | 0xb1 | 0xb1
[OK ]  |  4766 | 0x0000369e | 0xff | 0xff
[OK ]  |  4767 | 0x0000369f | 0xff | 0xff
[OK ]  |  4768 | 0x000036a0 | 0xeb | 0xeb
[OK ]  |  4769 | 0x000036a1 | 0x21 | 0x21
[OK ]  |  4770 | 0x000036a2 | 0x01 | 0x01
[OK ]  |  4771 | 0x000036a3 | 0x00 | 0x00
[OK ]  |  4772 | 0x000036a4 | 0x02 | 0x02
[OK ]  |  4773 | 0x000036a5 | 0x0a | 0x0a
[OK ]  |  4774 | 0x000036a6 | 0xfe | 0xfe
[OK ]  |  4775 | 0x000036a7 | 0xff | 0xff
[OK ]  |  4776 | 0x000036a8 | 0x0f | 0x0f
[OK ]  |  4777 | 0x000036a9 | 0x62 | 0x62
[OK ]  |  4778 | 0x000036aa | 0x00 | 0x00
[OK ]  |  4779 | 0x000036ab | 0x00 | 0x00
[OK ]  |  4780 | 0x000036ac | 0x35 | 0x35
[OK ]  |  4781 | 0x000036ad | 0x0c | 0x0c
[OK ]  |  4782 | 0x000036ae | 0x00 | 0x00
[OK ]  |  4783 | 0x000036af | 0x00 | 0x00
[OK ]  |  4784 | 0x000036b0 | 0xf6 | 0xf6
[OK ]  |  4785 | 0x000036b1 | 0xd7 | 0xd7
[OK ]  |  4786 | 0x000036b2 | 0xfe | 0xfe
[OK ]  |  4787 | 0x000036b3 | 0xff | 0xff
[OK ]  |  4788 | 0x000036b4 | 0x10 | 0x10
[OK ]  |  4789 | 0x000036b5 | 0x63 | 0x63
[OK ]  |  4790 | 0x000036b6 | 0xff | 0xff
[OK ]  |  4791 | 0x000036b7 | 0xff | 0xff
[OK ]  |  4792 | 0x000036b8 | 0x32 | 0x32
[OK ]  |  4793 | 0x000036b9 | 0x83 | 0x83
[OK ]  |  4794 | 0x000036ba | 0xfe | 0xfe
[OK ]  |  4795 | 0x000036bb | 0xff | 0xff
[OK ]  |  4796 | 0x000036bc | 0xbb | 0xbb
[OK ]  |  4797 | 0x000036bd | 0xc3 | 0xc3
[OK ]  |  4798 | 0x000036be | 0xfe | 0xfe
[OK ]  |  4799 | 0x000036bf | 0xff | 0xff
[OK ]  |  4800 | 0x000036c0 | 0x1b | 0x1b
[OK ]  |  4801 | 0x000036c1 | 0x66 | 0x66
[OK ]  |  4802 | 0x000036c2 | 0x01 | 0x01
[OK ]  |  4803 | 0x000036c3 | 0x00 | 0x00
[OK ]  |  4804 | 0x000036c4 | 0x52 | 0x52
[OK ]  |  4805 | 0x000036c5 | 0x4b | 0x4b
[OK ]  |  4806 | 0x000036c6 | 0x01 | 0x01
[OK ]  |  4807 | 0x000036c7 | 0x00 | 0x00
[OK ]  |  4808 | 0x000036c8 | 0x6b | 0x6b
[OK ]  |  4809 | 0x000036c9 | 0x7a | 0x7a
[OK ]  |  4810 | 0x000036ca | 0x00 | 0x00
[OK ]  |  4811 | 0x000036cb | 0x00 | 0x00
[OK ]  |  4812 | 0x000036cc | 0x17 | 0x17
[OK ]  |  4813 | 0x000036cd | 0xe4 | 0xe4
[OK ]  |  4814 | 0x000036ce | 0x00 | 0x00
[OK ]  |  4815 | 0x000036cf | 0x00 | 0x00
[OK ]  |  4816 | 0x000036d0 | 0x69 | 0x69
[OK ]  |  4817 | 0x000036d1 | 0x79 | 0x79
[OK ]  |  4818 | 0x000036d2 | 0x01 | 0x01
[OK ]  |  4819 | 0x000036d3 | 0x00 | 0x00
[OK ]  |  4820 | 0x000036d4 | 0xaa | 0xaa
[OK ]  |  4821 | 0x000036d5 | 0xd9 | 0xd9
[OK ]  |  4822 | 0x000036d6 | 0x00 | 0x00
[OK ]  |  4823 | 0x000036d7 | 0x00 | 0x00
[OK ]  |  4824 | 0x000036d8 | 0x2b | 0x2b
[OK ]  |  4825 | 0x000036d9 | 0xfb | 0xfb
[OK ]  |  4826 | 0x000036da | 0xff | 0xff
[OK ]  |  4827 | 0x000036db | 0xff | 0xff
[OK ]  |  4828 | 0x000036dc | 0x29 | 0x29
[OK ]  |  4829 | 0x000036dd | 0x7d | 0x7d
[OK ]  |  4830 | 0x000036de | 0xff | 0xff
[OK ]  |  4831 | 0x000036df | 0xff | 0xff
[OK ]  |  4832 | 0x000036e0 | 0x91 | 0x91
[OK ]  |  4833 | 0x000036e1 | 0xb4 | 0xb4
[OK ]  |  4834 | 0x000036e2 | 0xff | 0xff
[OK ]  |  4835 | 0x000036e3 | 0xff | 0xff
[OK ]  |  4836 | 0x000036e4 | 0x97 | 0x97
[OK ]  |  4837 | 0x000036e5 | 0x28 | 0x28
[OK ]  |  4838 | 0x000036e6 | 0x00 | 0x00
[OK ]  |  4839 | 0x000036e7 | 0x00 | 0x00
[OK ]  |  4840 | 0x000036e8 | 0xc0 | 0xc0
[OK ]  |  4841 | 0x000036e9 | 0x67 | 0x67
[OK ]  |  4842 | 0x000036ea | 0x00 | 0x00
[OK ]  |  4843 | 0x000036eb | 0x00 | 0x00
[OK ]  |  4844 | 0x000036ec | 0x28 | 0x28
[OK ]  |  4845 | 0x000036ed | 0xec | 0xec
[OK ]  |  4846 | 0x000036ee | 0x00 | 0x00
[OK ]  |  4847 | 0x000036ef | 0x00 | 0x00
[OK ]  |  4848 | 0x000036f0 | 0x14 | 0x14
[OK ]  |  4849 | 0x000036f1 | 0x69 | 0x69
[OK ]  |  4850 | 0x000036f2 | 0xff | 0xff
[OK ]  |  4851 | 0x000036f3 | 0xff | 0xff
[OK ]  |  4852 | 0x000036f4 | 0x03 | 0x03
[OK ]  |  4853 | 0x000036f5 | 0xa2 | 0xa2
[OK ]  |  4854 | 0x000036f6 | 0xff | 0xff
[OK ]  |  4855 | 0x000036f7 | 0xff | 0xff
[OK ]  |  4856 | 0x000036f8 | 0xef | 0xef
[OK ]  |  4857 | 0x000036f9 | 0x01 | 0x01
[OK ]  |  4858 | 0x000036fa | 0xff | 0xff
[OK ]  |  4859 | 0x000036fb | 0xff | 0xff
[OK ]  |  4860 | 0x000036fc | 0xa2 | 0xa2
[OK ]  |  4861 | 0x000036fd | 0xae | 0xae
[OK ]  |  4862 | 0x000036fe | 0xff | 0xff
[OK ]  |  4863 | 0x000036ff | 0xff | 0xff
[OK ]  |  4864 | 0x00003700 | 0xfa | 0xfa
[OK ]  |  4865 | 0x00003701 | 0x7a | 0x7a
[OK ]  |  4866 | 0x00003702 | 0x00 | 0x00
[OK ]  |  4867 | 0x00003703 | 0x00 | 0x00
[OK ]  |  4868 | 0x00003704 | 0x0d | 0x0d
[OK ]  |  4869 | 0x00003705 | 0x37 | 0x37
[OK ]  |  4870 | 0x00003706 | 0x01 | 0x01
[OK ]  |  4871 | 0x00003707 | 0x00 | 0x00
[OK ]  |  4872 | 0x00003708 | 0x7a | 0x7a
[OK ]  |  4873 | 0x00003709 | 0x76 | 0x76
[OK ]  |  4874 | 0x0000370a | 0xff | 0xff
[OK ]  |  4875 | 0x0000370b | 0xff | 0xff
[OK ]  |  4876 | 0x0000370c | 0x10 | 0x10
[OK ]  |  4877 | 0x0000370d | 0x00 | 0x00
[OK ]  |  4878 | 0x0000370e | 0xff | 0xff
[OK ]  |  4879 | 0x0000370f | 0xff | 0xff
[OK ]  |  4880 | 0x00003710 | 0xe8 | 0xe8
[OK ]  |  4881 | 0x00003711 | 0x39 | 0x39
[OK ]  |  4882 | 0x00003712 | 0x01 | 0x01
[OK ]  |  4883 | 0x00003713 | 0x00 | 0x00
[OK ]  |  4884 | 0x00003714 | 0x50 | 0x50
[OK ]  |  4885 | 0x00003715 | 0x05 | 0x05
[OK ]  |  4886 | 0x00003716 | 0x00 | 0x00
[OK ]  |  4887 | 0x00003717 | 0x00 | 0x00
[OK ]  |  4888 | 0x00003718 | 0xd0 | 0xd0
[OK ]  |  4889 | 0x00003719 | 0xaa | 0xaa
[OK ]  |  4890 | 0x0000371a | 0x00 | 0x00
[OK ]  |  4891 | 0x0000371b | 0x00 | 0x00
[OK ]  |  4892 | 0x0000371c | 0x02 | 0x02
[OK ]  |  4893 | 0x0000371d | 0xe6 | 0xe6
[OK ]  |  4894 | 0x0000371e | 0xff | 0xff
[OK ]  |  4895 | 0x0000371f | 0xff | 0xff
[OK ]  |  4896 | 0x00003720 | 0xa0 | 0xa0
[OK ]  |  4897 | 0x00003721 | 0xa5 | 0xa5
[OK ]  |  4898 | 0x00003722 | 0xfe | 0xfe
[OK ]  |  4899 | 0x00003723 | 0xff | 0xff
[OK ]  |  4900 | 0x00003724 | 0xc0 | 0xc0
[OK ]  |  4901 | 0x00003725 | 0xe9 | 0xe9
[OK ]  |  4902 | 0x00003726 | 0x00 | 0x00
[OK ]  |  4903 | 0x00003727 | 0x00 | 0x00
[OK ]  |  4904 | 0x00003728 | 0x69 | 0x69
[OK ]  |  4905 | 0x00003729 | 0xf6 | 0xf6
[OK ]  |  4906 | 0x0000372a | 0xff | 0xff
[OK ]  |  4907 | 0x0000372b | 0xff | 0xff
[OK ]  |  4908 | 0x0000372c | 0x2a | 0x2a
[OK ]  |  4909 | 0x0000372d | 0x5f | 0x5f
[OK ]  |  4910 | 0x0000372e | 0xff | 0xff
[OK ]  |  4911 | 0x0000372f | 0xff | 0xff
[OK ]  |  4912 | 0x00003730 | 0x7e | 0x7e
[OK ]  |  4913 | 0x00003731 | 0x88 | 0x88
[OK ]  |  4914 | 0x00003732 | 0x00 | 0x00
[OK ]  |  4915 | 0x00003733 | 0x00 | 0x00
[OK ]  |  4916 | 0x00003734 | 0x4a | 0x4a
[OK ]  |  4917 | 0x00003735 | 0x91 | 0x91
[OK ]  |  4918 | 0x00003736 | 0xff | 0xff
[OK ]  |  4919 | 0x00003737 | 0xff | 0xff
[OK ]  |  4920 | 0x00003738 | 0x3e | 0x3e
[OK ]  |  4921 | 0x00003739 | 0x44 | 0x44
[OK ]  |  4922 | 0x0000373a | 0xff | 0xff
[OK ]  |  4923 | 0x0000373b | 0xff | 0xff
[OK ]  |  4924 | 0x0000373c | 0x69 | 0x69
[OK ]  |  4925 | 0x0000373d | 0x19 | 0x19
[OK ]  |  4926 | 0x0000373e | 0x01 | 0x01
[OK ]  |  4927 | 0x0000373f | 0x00 | 0x00
[OK ]  |  4928 | 0x00003740 | 0x56 | 0x56
[OK ]  |  4929 | 0x00003741 | 0x58 | 0x58
[OK ]  |  4930 | 0x00003742 | 0xfe | 0xfe
[OK ]  |  4931 | 0x00003743 | 0xff | 0xff
[OK ]  |  4932 | 0x00003744 | 0xa6 | 0xa6
[OK ]  |  4933 | 0x00003745 | 0x5a | 0x5a
[OK ]  |  4934 | 0x00003746 | 0x00 | 0x00
[OK ]  |  4935 | 0x00003747 | 0x00 | 0x00
[OK ]  |  4936 | 0x00003748 | 0x73 | 0x73
[OK ]  |  4937 | 0x00003749 | 0xe0 | 0xe0
[OK ]  |  4938 | 0x0000374a | 0xff | 0xff
[OK ]  |  4939 | 0x0000374b | 0xff | 0xff
[OK ]  |  4940 | 0x0000374c | 0x44 | 0x44
[OK ]  |  4941 | 0x0000374d | 0x78 | 0x78
[OK ]  |  4942 | 0x0000374e | 0xff | 0xff
[OK ]  |  4943 | 0x0000374f | 0xff | 0xff
[OK ]  |  4944 | 0x00003750 | 0x84 | 0x84
[OK ]  |  4945 | 0x00003751 | 0xfe | 0xfe
[OK ]  |  4946 | 0x00003752 | 0xff | 0xff
[OK ]  |  4947 | 0x00003753 | 0xff | 0xff
[OK ]  |  4948 | 0x00003754 | 0xc6 | 0xc6
[OK ]  |  4949 | 0x00003755 | 0x83 | 0x83
[OK ]  |  4950 | 0x00003756 | 0xff | 0xff
[OK ]  |  4951 | 0x00003757 | 0xff | 0xff
[OK ]  |  4952 | 0x00003758 | 0x54 | 0x54
[OK ]  |  4953 | 0x00003759 | 0x21 | 0x21
[OK ]  |  4954 | 0x0000375a | 0x00 | 0x00
[OK ]  |  4955 | 0x0000375b | 0x00 | 0x00
[OK ]  |  4956 | 0x0000375c | 0x67 | 0x67
[OK ]  |  4957 | 0x0000375d | 0x84 | 0x84
[OK ]  |  4958 | 0x0000375e | 0x00 | 0x00
[OK ]  |  4959 | 0x0000375f | 0x00 | 0x00
[OK ]  |  4960 | 0x00003760 | 0x44 | 0x44
[OK ]  |  4961 | 0x00003761 | 0x7a | 0x7a
[OK ]  |  4962 | 0x00003762 | 0xff | 0xff
[OK ]  |  4963 | 0x00003763 | 0xff | 0xff
[OK ]  |  4964 | 0x00003764 | 0xa6 | 0xa6
[OK ]  |  4965 | 0x00003765 | 0x5a | 0x5a
[OK ]  |  4966 | 0x00003766 | 0x01 | 0x01
[OK ]  |  4967 | 0x00003767 | 0x00 | 0x00
[OK ]  |  4968 | 0x00003768 | 0xca | 0xca
[OK ]  |  4969 | 0x00003769 | 0x3f | 0x3f
[OK ]  |  4970 | 0x0000376a | 0xff | 0xff
[OK ]  |  4971 | 0x0000376b | 0xff | 0xff
[OK ]  |  4972 | 0x0000376c | 0x0c | 0x0c
[OK ]  |  4973 | 0x0000376d | 0x43 | 0x43
[OK ]  |  4974 | 0x0000376e | 0x00 | 0x00
[OK ]  |  4975 | 0x0000376f | 0x00 | 0x00
[OK ]  |  4976 | 0x00003770 | 0x10 | 0x10
[OK ]  |  4977 | 0x00003771 | 0x18 | 0x18
[OK ]  |  4978 | 0x00003772 | 0xff | 0xff
[OK ]  |  4979 | 0x00003773 | 0xff | 0xff
[OK ]  |  4980 | 0x00003774 | 0x1b | 0x1b
[OK ]  |  4981 | 0x00003775 | 0xd6 | 0xd6
[OK ]  |  4982 | 0x00003776 | 0xfe | 0xfe
[OK ]  |  4983 | 0x00003777 | 0xff | 0xff
[OK ]  |  4984 | 0x00003778 | 0x4f | 0x4f
[OK ]  |  4985 | 0x00003779 | 0x54 | 0x54
[OK ]  |  4986 | 0x0000377a | 0x00 | 0x00
[OK ]  |  4987 | 0x0000377b | 0x00 | 0x00
[OK ]  |  4988 | 0x0000377c | 0x0b | 0x0b
[OK ]  |  4989 | 0x0000377d | 0x36 | 0x36
[OK ]  |  4990 | 0x0000377e | 0x01 | 0x01
[OK ]  |  4991 | 0x0000377f | 0x00 | 0x00
[OK ]  |  4992 | 0x00003780 | 0x7c | 0x7c
[OK ]  |  4993 | 0x00003781 | 0x78 | 0x78
[OK ]  |  4994 | 0x00003782 | 0xff | 0xff
[OK ]  |  4995 | 0x00003783 | 0xff | 0xff
[OK ]  |  4996 | 0x00003784 | 0xc5 | 0xc5
[OK ]  |  4997 | 0x00003785 | 0xb1 | 0xb1
[OK ]  |  4998 | 0x00003786 | 0x00 | 0x00
[OK ]  |  4999 | 0x00003787 | 0x00 | 0x00
[OK ]  |  5000 | 0x00003788 | 0xa1 | 0xa1
[OK ]  |  5001 | 0x00003789 | 0x83 | 0x83
[OK ]  |  5002 | 0x0000378a | 0x01 | 0x01
[OK ]  |  5003 | 0x0000378b | 0x00 | 0x00
[OK ]  |  5004 | 0x0000378c | 0x14 | 0x14
[OK ]  |  5005 | 0x0000378d | 0x60 | 0x60
[OK ]  |  5006 | 0x0000378e | 0xff | 0xff
[OK ]  |  5007 | 0x0000378f | 0xff | 0xff
[OK ]  |  5008 | 0x00003790 | 0x4f | 0x4f
[OK ]  |  5009 | 0x00003791 | 0x3f | 0x3f
[OK ]  |  5010 | 0x00003792 | 0x00 | 0x00
[OK ]  |  5011 | 0x00003793 | 0x00 | 0x00
[OK ]  |  5012 | 0x00003794 | 0x11 | 0x11
[OK ]  |  5013 | 0x00003795 | 0xd9 | 0xd9
[OK ]  |  5014 | 0x00003796 | 0xff | 0xff
[OK ]  |  5015 | 0x00003797 | 0xff | 0xff
[OK ]  |  5016 | 0x00003798 | 0xfa | 0xfa
[OK ]  |  5017 | 0x00003799 | 0x4a | 0x4a
[OK ]  |  5018 | 0x0000379a | 0x00 | 0x00
[OK ]  |  5019 | 0x0000379b | 0x00 | 0x00
[OK ]  |  5020 | 0x0000379c | 0x84 | 0x84
[OK ]  |  5021 | 0x0000379d | 0x20 | 0x20
[OK ]  |  5022 | 0x0000379e | 0x00 | 0x00
[OK ]  |  5023 | 0x0000379f | 0x00 | 0x00
[OK ]  |  5024 | 0x000037a0 | 0xa3 | 0xa3
[OK ]  |  5025 | 0x000037a1 | 0x28 | 0x28
[OK ]  |  5026 | 0x000037a2 | 0xff | 0xff
[OK ]  |  5027 | 0x000037a3 | 0xff | 0xff
[OK ]  |  5028 | 0x000037a4 | 0xcb | 0xcb
[OK ]  |  5029 | 0x000037a5 | 0xf0 | 0xf0
[OK ]  |  5030 | 0x000037a6 | 0xff | 0xff
[OK ]  |  5031 | 0x000037a7 | 0xff | 0xff
[OK ]  |  5032 | 0x000037a8 | 0x87 | 0x87
[OK ]  |  5033 | 0x000037a9 | 0xe7 | 0xe7
[OK ]  |  5034 | 0x000037aa | 0xff | 0xff
[OK ]  |  5035 | 0x000037ab | 0xff | 0xff
[OK ]  |  5036 | 0x000037ac | 0xbb | 0xbb
[OK ]  |  5037 | 0x000037ad | 0x23 | 0x23
[OK ]  |  5038 | 0x000037ae | 0xff | 0xff
[OK ]  |  5039 | 0x000037af | 0xff | 0xff
[OK ]  |  5040 | 0x000037b0 | 0x2f | 0x2f
[OK ]  |  5041 | 0x000037b1 | 0x33 | 0x33
[OK ]  |  5042 | 0x000037b2 | 0x01 | 0x01
[OK ]  |  5043 | 0x000037b3 | 0x00 | 0x00
[OK ]  |  5044 | 0x000037b4 | 0x24 | 0x24
[OK ]  |  5045 | 0x000037b5 | 0x47 | 0x47
[OK ]  |  5046 | 0x000037b6 | 0x00 | 0x00
[OK ]  |  5047 | 0x000037b7 | 0x00 | 0x00
[OK ]  |  5048 | 0x000037b8 | 0xed | 0xed
[OK ]  |  5049 | 0x000037b9 | 0xc0 | 0xc0
[OK ]  |  5050 | 0x000037ba | 0xff | 0xff
[OK ]  |  5051 | 0x000037bb | 0xff | 0xff
[OK ]  |  5052 | 0x000037bc | 0x7a | 0x7a
[OK ]  |  5053 | 0x000037bd | 0x72 | 0x72
[OK ]  |  5054 | 0x000037be | 0xff | 0xff
[OK ]  |  5055 | 0x000037bf | 0xff | 0xff
[OK ]  |  5056 | 0x000037c0 | 0x18 | 0x18
[OK ]  |  5057 | 0x000037c1 | 0xb9 | 0xb9
[OK ]  |  5058 | 0x000037c2 | 0xff | 0xff
[OK ]  |  5059 | 0x000037c3 | 0xff | 0xff
[OK ]  |  5060 | 0x000037c4 | 0x0e | 0x0e
[OK ]  |  5061 | 0x000037c5 | 0x67 | 0x67
[OK ]  |  5062 | 0x000037c6 | 0xfe | 0xfe
[OK ]  |  5063 | 0x000037c7 | 0xff | 0xff
[OK ]  |  5064 | 0x000037c8 | 0x5a | 0x5a
[OK ]  |  5065 | 0x000037c9 | 0x60 | 0x60
[OK ]  |  5066 | 0x000037ca | 0x00 | 0x00
[OK ]  |  5067 | 0x000037cb | 0x00 | 0x00
[OK ]  |  5068 | 0x000037cc | 0x4e | 0x4e
[OK ]  |  5069 | 0x000037cd | 0x77 | 0x77
[OK ]  |  5070 | 0x000037ce | 0xff | 0xff
[OK ]  |  5071 | 0x000037cf | 0xff | 0xff
[OK ]  |  5072 | 0x000037d0 | 0xd7 | 0xd7
[OK ]  |  5073 | 0x000037d1 | 0xcf | 0xcf
[OK ]  |  5074 | 0x000037d2 | 0xff | 0xff
[OK ]  |  5075 | 0x000037d3 | 0xff | 0xff
[OK ]  |  5076 | 0x000037d4 | 0x83 | 0x83
[OK ]  |  5077 | 0x000037d5 | 0x86 | 0x86
[OK ]  |  5078 | 0x000037d6 | 0xff | 0xff
[OK ]  |  5079 | 0x000037d7 | 0xff | 0xff
[OK ]  |  5080 | 0x000037d8 | 0x8c | 0x8c
[OK ]  |  5081 | 0x000037d9 | 0x6f | 0x6f
[OK ]  |  5082 | 0x000037da | 0x00 | 0x00
[OK ]  |  5083 | 0x000037db | 0x00 | 0x00
[OK ]  |  5084 | 0x000037dc | 0xf3 | 0xf3
[OK ]  |  5085 | 0x000037dd | 0x51 | 0x51
[OK ]  |  5086 | 0x000037de | 0x00 | 0x00
[OK ]  |  5087 | 0x000037df | 0x00 | 0x00
[OK ]  |  5088 | 0x000037e0 | 0x22 | 0x22
[OK ]  |  5089 | 0x000037e1 | 0xcd | 0xcd
[OK ]  |  5090 | 0x000037e2 | 0x00 | 0x00
[OK ]  |  5091 | 0x000037e3 | 0x00 | 0x00
[OK ]  |  5092 | 0x000037e4 | 0x57 | 0x57
[OK ]  |  5093 | 0x000037e5 | 0x47 | 0x47
[OK ]  |  5094 | 0x000037e6 | 0xff | 0xff
[OK ]  |  5095 | 0x000037e7 | 0xff | 0xff
[OK ]  |  5096 | 0x000037e8 | 0x34 | 0x34
[OK ]  |  5097 | 0x000037e9 | 0x01 | 0x01
[OK ]  |  5098 | 0x000037ea | 0xff | 0xff
[OK ]  |  5099 | 0x000037eb | 0xff | 0xff
[OK ]  |  5100 | 0x000037ec | 0x75 | 0x75
[OK ]  |  5101 | 0x000037ed | 0x44 | 0x44
[OK ]  |  5102 | 0x000037ee | 0x00 | 0x00
[OK ]  |  5103 | 0x000037ef | 0x00 | 0x00
[OK ]  |  5104 | 0x000037f0 | 0xdb | 0xdb
[OK ]  |  5105 | 0x000037f1 | 0xf4 | 0xf4
[OK ]  |  5106 | 0x000037f2 | 0xff | 0xff
[OK ]  |  5107 | 0x000037f3 | 0xff | 0xff
[OK ]  |  5108 | 0x000037f4 | 0x80 | 0x80
[OK ]  |  5109 | 0x000037f5 | 0xd4 | 0xd4
[OK ]  |  5110 | 0x000037f6 | 0xff | 0xff
[OK ]  |  5111 | 0x000037f7 | 0xff | 0xff
[OK ]  |  5112 | 0x000037f8 | 0xa3 | 0xa3
[OK ]  |  5113 | 0x000037f9 | 0x98 | 0x98
[OK ]  |  5114 | 0x000037fa | 0x00 | 0x00
[OK ]  |  5115 | 0x000037fb | 0x00 | 0x00
[OK ]  |  5116 | 0x000037fc | 0x23 | 0x23
[OK ]  |  5117 | 0x000037fd | 0xec | 0xec
[OK ]  |  5118 | 0x000037fe | 0xfe | 0xfe
[OK ]  |  5119 | 0x000037ff | 0xff | 0xff
[OK ]  |  5120 | 0x00003800 | 0xda | 0xda
[OK ]  |  5121 | 0x00003801 | 0xef | 0xef
[OK ]  |  5122 | 0x00003802 | 0xff | 0xff
[OK ]  |  5123 | 0x00003803 | 0xff | 0xff
[OK ]  |  5124 | 0x00003804 | 0x8e | 0x8e
[OK ]  |  5125 | 0x00003805 | 0xab | 0xab
[OK ]  |  5126 | 0x00003806 | 0xff | 0xff
[OK ]  |  5127 | 0x00003807 | 0xff | 0xff
[OK ]  |  5128 | 0x00003808 | 0x6d | 0x6d
[OK ]  |  5129 | 0x00003809 | 0xc0 | 0xc0
[OK ]  |  5130 | 0x0000380a | 0xff | 0xff
[OK ]  |  5131 | 0x0000380b | 0xff | 0xff
[OK ]  |  5132 | 0x0000380c | 0xb4 | 0xb4
[OK ]  |  5133 | 0x0000380d | 0x36 | 0x36
[OK ]  |  5134 | 0x0000380e | 0x00 | 0x00
[OK ]  |  5135 | 0x0000380f | 0x00 | 0x00
[OK ]  |  5136 | 0x00003810 | 0x19 | 0x19
[OK ]  |  5137 | 0x00003811 | 0xaf | 0xaf
[OK ]  |  5138 | 0x00003812 | 0x00 | 0x00
[OK ]  |  5139 | 0x00003813 | 0x00 | 0x00
[OK ]  |  5140 | 0x00003814 | 0xa9 | 0xa9
[OK ]  |  5141 | 0x00003815 | 0x97 | 0x97
[OK ]  |  5142 | 0x00003816 | 0xff | 0xff
[OK ]  |  5143 | 0x00003817 | 0xff | 0xff
[OK ]  |  5144 | 0x00003818 | 0x66 | 0x66
[OK ]  |  5145 | 0x00003819 | 0x7a | 0x7a
[OK ]  |  5146 | 0x0000381a | 0x00 | 0x00
[OK ]  |  5147 | 0x0000381b | 0x00 | 0x00
[OK ]  |  5148 | 0x0000381c | 0x8c | 0x8c
[OK ]  |  5149 | 0x0000381d | 0x10 | 0x10
[OK ]  |  5150 | 0x0000381e | 0x00 | 0x00
[OK ]  |  5151 | 0x0000381f | 0x00 | 0x00
[OK ]  |  5152 | 0x00003820 | 0x18 | 0x18
[OK ]  |  5153 | 0x00003821 | 0xe3 | 0xe3
[OK ]  |  5154 | 0x00003822 | 0x00 | 0x00
[OK ]  |  5155 | 0x00003823 | 0x00 | 0x00
[OK ]  |  5156 | 0x00003824 | 0x73 | 0x73
[OK ]  |  5157 | 0x00003825 | 0x97 | 0x97
[OK ]  |  5158 | 0x00003826 | 0xff | 0xff
[OK ]  |  5159 | 0x00003827 | 0xff | 0xff
[OK ]  |  5160 | 0x00003828 | 0xa6 | 0xa6
[OK ]  |  5161 | 0x00003829 | 0xcf | 0xcf
[OK ]  |  5162 | 0x0000382a | 0xff | 0xff
[OK ]  |  5163 | 0x0000382b | 0xff | 0xff
[OK ]  |  5164 | 0x0000382c | 0x87 | 0x87
[OK ]  |  5165 | 0x0000382d | 0xdf | 0xdf
[OK ]  |  5166 | 0x0000382e | 0xff | 0xff
[OK ]  |  5167 | 0x0000382f | 0xff | 0xff
[OK ]  |  5168 | 0x00003830 | 0xd6 | 0xd6
[OK ]  |  5169 | 0x00003831 | 0xce | 0xce
[OK ]  |  5170 | 0x00003832 | 0xff | 0xff
[OK ]  |  5171 | 0x00003833 | 0xff | 0xff
[OK ]  |  5172 | 0x00003834 | 0xe6 | 0xe6
[OK ]  |  5173 | 0x00003835 | 0x6f | 0x6f
[OK ]  |  5174 | 0x00003836 | 0xff | 0xff
[OK ]  |  5175 | 0x00003837 | 0xff | 0xff
[OK ]  |  5176 | 0x00003838 | 0x72 | 0x72
[OK ]  |  5177 | 0x00003839 | 0x3f | 0x3f
[OK ]  |  5178 | 0x0000383a | 0x00 | 0x00
[OK ]  |  5179 | 0x0000383b | 0x00 | 0x00
[OK ]  |  5180 | 0x0000383c | 0x77 | 0x77
[OK ]  |  5181 | 0x0000383d | 0x79 | 0x79
[OK ]  |  5182 | 0x0000383e | 0xff | 0xff
[OK ]  |  5183 | 0x0000383f | 0xff | 0xff
[OK ]  |  5184 | 0x00003840 | 0x72 | 0x72
[OK ]  |  5185 | 0x00003841 | 0x1c | 0x1c
[OK ]  |  5186 | 0x00003842 | 0x00 | 0x00
[OK ]  |  5187 | 0x00003843 | 0x00 | 0x00
[OK ]  |  5188 | 0x00003844 | 0x1c | 0x1c
[OK ]  |  5189 | 0x00003845 | 0xcf | 0xcf
[OK ]  |  5190 | 0x00003846 | 0xff | 0xff
[OK ]  |  5191 | 0x00003847 | 0xff | 0xff
[OK ]  |  5192 | 0x00003848 | 0x61 | 0x61
[OK ]  |  5193 | 0x00003849 | 0x97 | 0x97
[OK ]  |  5194 | 0x0000384a | 0xff | 0xff
[OK ]  |  5195 | 0x0000384b | 0xff | 0xff
[OK ]  |  5196 | 0x0000384c | 0x2c | 0x2c
[OK ]  |  5197 | 0x0000384d | 0xaf | 0xaf
[OK ]  |  5198 | 0x0000384e | 0x00 | 0x00
[OK ]  |  5199 | 0x0000384f | 0x00 | 0x00
[OK ]  |  5200 | 0x00003850 | 0xae | 0xae
[OK ]  |  5201 | 0x00003851 | 0x4c | 0x4c
[OK ]  |  5202 | 0x00003852 | 0x00 | 0x00
[OK ]  |  5203 | 0x00003853 | 0x00 | 0x00
[OK ]  |  5204 | 0x00003854 | 0x18 | 0x18
[OK ]  |  5205 | 0x00003855 | 0x15 | 0x15
[OK ]  |  5206 | 0x00003856 | 0x01 | 0x01
[OK ]  |  5207 | 0x00003857 | 0x00 | 0x00
[OK ]  |  5208 | 0x00003858 | 0x22 | 0x22
[OK ]  |  5209 | 0x00003859 | 0x8a | 0x8a
[OK ]  |  5210 | 0x0000385a | 0x00 | 0x00
[OK ]  |  5211 | 0x0000385b | 0x00 | 0x00
[OK ]  |  5212 | 0x0000385c | 0x7a | 0x7a
[OK ]  |  5213 | 0x0000385d | 0xd0 | 0xd0
[OK ]  |  5214 | 0x0000385e | 0xfe | 0xfe
[OK ]  |  5215 | 0x0000385f | 0xff | 0xff
[OK ]  |  5216 | 0x00003860 | 0xf2 | 0xf2
[OK ]  |  5217 | 0x00003861 | 0x78 | 0x78
[OK ]  |  5218 | 0x00003862 | 0xff | 0xff
[OK ]  |  5219 | 0x00003863 | 0xff | 0xff
[OK ]  |  5220 | 0x00003864 | 0xaf | 0xaf
[OK ]  |  5221 | 0x00003865 | 0x08 | 0x08
[OK ]  |  5222 | 0x00003866 | 0x00 | 0x00
[OK ]  |  5223 | 0x00003867 | 0x00 | 0x00
[OK ]  |  5224 | 0x00003868 | 0x83 | 0x83
[OK ]  |  5225 | 0x00003869 | 0xd9 | 0xd9
[OK ]  |  5226 | 0x0000386a | 0x00 | 0x00
[OK ]  |  5227 | 0x0000386b | 0x00 | 0x00
[OK ]  |  5228 | 0x0000386c | 0xb1 | 0xb1
[OK ]  |  5229 | 0x0000386d | 0x8b | 0x8b
[OK ]  |  5230 | 0x0000386e | 0xff | 0xff
[OK ]  |  5231 | 0x0000386f | 0xff | 0xff
[OK ]  |  5232 | 0x00003870 | 0x49 | 0x49
[OK ]  |  5233 | 0x00003871 | 0xa3 | 0xa3
[OK ]  |  5234 | 0x00003872 | 0xff | 0xff
[OK ]  |  5235 | 0x00003873 | 0xff | 0xff
[OK ]  |  5236 | 0x00003874 | 0x0c | 0x0c
[OK ]  |  5237 | 0x00003875 | 0x64 | 0x64
[OK ]  |  5238 | 0x00003876 | 0x00 | 0x00
[OK ]  |  5239 | 0x00003877 | 0x00 | 0x00
[OK ]  |  5240 | 0x00003878 | 0x3e | 0x3e
[OK ]  |  5241 | 0x00003879 | 0x93 | 0x93
[OK ]  |  5242 | 0x0000387a | 0x00 | 0x00
[OK ]  |  5243 | 0x0000387b | 0x00 | 0x00
[OK ]  |  5244 | 0x0000387c | 0x03 | 0x03
[OK ]  |  5245 | 0x0000387d | 0xd5 | 0xd5
[OK ]  |  5246 | 0x0000387e | 0xff | 0xff
[OK ]  |  5247 | 0x0000387f | 0xff | 0xff
[OK ]  |  5248 | 0x00003880 | 0xa6 | 0xa6
[OK ]  |  5249 | 0x00003881 | 0xd7 | 0xd7
[OK ]  |  5250 | 0x00003882 | 0xfe | 0xfe
[OK ]  |  5251 | 0x00003883 | 0xff | 0xff
[OK ]  |  5252 | 0x00003884 | 0x67 | 0x67
[OK ]  |  5253 | 0x00003885 | 0x16 | 0x16
[OK ]  |  5254 | 0x00003886 | 0x00 | 0x00
[OK ]  |  5255 | 0x00003887 | 0x00 | 0x00
[OK ]  |  5256 | 0x00003888 | 0x09 | 0x09
[OK ]  |  5257 | 0x00003889 | 0xfd | 0xfd
[OK ]  |  5258 | 0x0000388a | 0xff | 0xff
[OK ]  |  5259 | 0x0000388b | 0xff | 0xff
[OK ]  |  5260 | 0x0000388c | 0xba | 0xba
[OK ]  |  5261 | 0x0000388d | 0x3e | 0x3e
[OK ]  |  5262 | 0x0000388e | 0xff | 0xff
[OK ]  |  5263 | 0x0000388f | 0xff | 0xff
[OK ]  |  5264 | 0x00003890 | 0x4c | 0x4c
[OK ]  |  5265 | 0x00003891 | 0xa3 | 0xa3
[OK ]  |  5266 | 0x00003892 | 0xff | 0xff
[OK ]  |  5267 | 0x00003893 | 0xff | 0xff
[OK ]  |  5268 | 0x00003894 | 0x9a | 0x9a
[OK ]  |  5269 | 0x00003895 | 0x45 | 0x45
[OK ]  |  5270 | 0x00003896 | 0x00 | 0x00
[OK ]  |  5271 | 0x00003897 | 0x00 | 0x00
[OK ]  |  5272 | 0x00003898 | 0x6b | 0x6b
[OK ]  |  5273 | 0x00003899 | 0x9a | 0x9a
[OK ]  |  5274 | 0x0000389a | 0xff | 0xff
[OK ]  |  5275 | 0x0000389b | 0xff | 0xff
[OK ]  |  5276 | 0x0000389c | 0xd5 | 0xd5
[OK ]  |  5277 | 0x0000389d | 0xf6 | 0xf6
[OK ]  |  5278 | 0x0000389e | 0xff | 0xff
[OK ]  |  5279 | 0x0000389f | 0xff | 0xff
[OK ]  |  5280 | 0x000038a0 | 0xb4 | 0xb4
[OK ]  |  5281 | 0x000038a1 | 0x5c | 0x5c
[OK ]  |  5282 | 0x000038a2 | 0xff | 0xff
[OK ]  |  5283 | 0x000038a3 | 0xff | 0xff
[OK ]  |  5284 | 0x000038a4 | 0x33 | 0x33
[OK ]  |  5285 | 0x000038a5 | 0x4a | 0x4a
[OK ]  |  5286 | 0x000038a6 | 0x01 | 0x01
[OK ]  |  5287 | 0x000038a7 | 0x00 | 0x00
[OK ]  |  5288 | 0x000038a8 | 0x1d | 0x1d
[OK ]  |  5289 | 0x000038a9 | 0x6b | 0x6b
[OK ]  |  5290 | 0x000038aa | 0x00 | 0x00
[OK ]  |  5291 | 0x000038ab | 0x00 | 0x00
[OK ]  |  5292 | 0x000038ac | 0xad | 0xad
[OK ]  |  5293 | 0x000038ad | 0xda | 0xda
[OK ]  |  5294 | 0x000038ae | 0x00 | 0x00
[OK ]  |  5295 | 0x000038af | 0x00 | 0x00
[OK ]  |  5296 | 0x000038b0 | 0x2f | 0x2f
[OK ]  |  5297 | 0x000038b1 | 0x84 | 0x84
[OK ]  |  5298 | 0x000038b2 | 0xff | 0xff
[OK ]  |  5299 | 0x000038b3 | 0xff | 0xff
[OK ]  |  5300 | 0x000038b4 | 0x3a | 0x3a
[OK ]  |  5301 | 0x000038b5 | 0x7b | 0x7b
[OK ]  |  5302 | 0x000038b6 | 0x00 | 0x00
[OK ]  |  5303 | 0x000038b7 | 0x00 | 0x00
[OK ]  |  5304 | 0x000038b8 | 0x2f | 0x2f
[OK ]  |  5305 | 0x000038b9 | 0xa0 | 0xa0
[OK ]  |  5306 | 0x000038ba | 0xff | 0xff
[OK ]  |  5307 | 0x000038bb | 0xff | 0xff
[OK ]  |  5308 | 0x000038bc | 0xeb | 0xeb
[OK ]  |  5309 | 0x000038bd | 0x3c | 0x3c
[OK ]  |  5310 | 0x000038be | 0xff | 0xff
[OK ]  |  5311 | 0x000038bf | 0xff | 0xff
[OK ]  |  5312 | 0x000038c0 | 0x49 | 0x49
[OK ]  |  5313 | 0x000038c1 | 0xe9 | 0xe9
[OK ]  |  5314 | 0x000038c2 | 0xff | 0xff
[OK ]  |  5315 | 0x000038c3 | 0xff | 0xff
[OK ]  |  5316 | 0x000038c4 | 0x43 | 0x43
[OK ]  |  5317 | 0x000038c5 | 0x71 | 0x71
[OK ]  |  5318 | 0x000038c6 | 0xff | 0xff
[OK ]  |  5319 | 0x000038c7 | 0xff | 0xff
[OK ]  |  5320 | 0x000038c8 | 0x31 | 0x31
[OK ]  |  5321 | 0x000038c9 | 0xcf | 0xcf
[OK ]  |  5322 | 0x000038ca | 0xfe | 0xfe
[OK ]  |  5323 | 0x000038cb | 0xff | 0xff
[OK ]  |  5324 | 0x000038cc | 0x6c | 0x6c
[OK ]  |  5325 | 0x000038cd | 0x86 | 0x86
[OK ]  |  5326 | 0x000038ce | 0xff | 0xff
[OK ]  |  5327 | 0x000038cf | 0xff | 0xff
[OK ]  |  5328 | 0x000038d0 | 0xf4 | 0xf4
[OK ]  |  5329 | 0x000038d1 | 0x6e | 0x6e
[OK ]  |  5330 | 0x000038d2 | 0xff | 0xff
[OK ]  |  5331 | 0x000038d3 | 0xff | 0xff
[OK ]  |  5332 | 0x000038d4 | 0x31 | 0x31
[OK ]  |  5333 | 0x000038d5 | 0xcc | 0xcc
[OK ]  |  5334 | 0x000038d6 | 0xff | 0xff
[OK ]  |  5335 | 0x000038d7 | 0xff | 0xff
[OK ]  |  5336 | 0x000038d8 | 0xa7 | 0xa7
[OK ]  |  5337 | 0x000038d9 | 0xac | 0xac
[OK ]  |  5338 | 0x000038da | 0xff | 0xff
[OK ]  |  5339 | 0x000038db | 0xff | 0xff
[OK ]  |  5340 | 0x000038dc | 0x95 | 0x95
[OK ]  |  5341 | 0x000038dd | 0x07 | 0x07
[OK ]  |  5342 | 0x000038de | 0x00 | 0x00
[OK ]  |  5343 | 0x000038df | 0x00 | 0x00
[OK ]  |  5344 | 0x000038e0 | 0xa0 | 0xa0
[OK ]  |  5345 | 0x000038e1 | 0x01 | 0x01
[OK ]  |  5346 | 0x000038e2 | 0x00 | 0x00
[OK ]  |  5347 | 0x000038e3 | 0x00 | 0x00
[OK ]  |  5348 | 0x000038e4 | 0xfd | 0xfd
[OK ]  |  5349 | 0x000038e5 | 0x43 | 0x43
[OK ]  |  5350 | 0x000038e6 | 0xff | 0xff
[OK ]  |  5351 | 0x000038e7 | 0xff | 0xff
[OK ]  |  5352 | 0x000038e8 | 0xb3 | 0xb3
[OK ]  |  5353 | 0x000038e9 | 0xee | 0xee
[OK ]  |  5354 | 0x000038ea | 0xff | 0xff
[OK ]  |  5355 | 0x000038eb | 0xff | 0xff
[OK ]  |  5356 | 0x000038ec | 0x0c | 0x0c
[OK ]  |  5357 | 0x000038ed | 0x00 | 0x00
[OK ]  |  5358 | 0x000038ee | 0x00 | 0x00
[OK ]  |  5359 | 0x000038ef | 0x00 | 0x00
[OK ]  |  5360 | 0x000038f0 | 0xbc | 0xbc
[OK ]  |  5361 | 0x000038f1 | 0xc4 | 0xc4
[OK ]  |  5362 | 0x000038f2 | 0x00 | 0x00
[OK ]  |  5363 | 0x000038f3 | 0x00 | 0x00
[OK ]  |  5364 | 0x000038f4 | 0x91 | 0x91
[OK ]  |  5365 | 0x000038f5 | 0xb7 | 0xb7
[OK ]  |  5366 | 0x000038f6 | 0xff | 0xff
[OK ]  |  5367 | 0x000038f7 | 0xff | 0xff
[OK ]  |  5368 | 0x000038f8 | 0x42 | 0x42
[OK ]  |  5369 | 0x000038f9 | 0x8c | 0x8c
[OK ]  |  5370 | 0x000038fa | 0x00 | 0x00
[OK ]  |  5371 | 0x000038fb | 0x00 | 0x00
[OK ]  |  5372 | 0x000038fc | 0xe6 | 0xe6
[OK ]  |  5373 | 0x000038fd | 0x6f | 0x6f
[OK ]  |  5374 | 0x000038fe | 0x00 | 0x00
[OK ]  |  5375 | 0x000038ff | 0x00 | 0x00
[OK ]  |  5376 | 0x00003900 | 0x7d | 0x7d
[OK ]  |  5377 | 0x00003901 | 0xad | 0xad
[OK ]  |  5378 | 0x00003902 | 0x01 | 0x01
[OK ]  |  5379 | 0x00003903 | 0x00 | 0x00
[OK ]  |  5380 | 0x00003904 | 0x2a | 0x2a
[OK ]  |  5381 | 0x00003905 | 0xe2 | 0xe2
[OK ]  |  5382 | 0x00003906 | 0xff | 0xff
[OK ]  |  5383 | 0x00003907 | 0xff | 0xff
[OK ]  |  5384 | 0x00003908 | 0xc9 | 0xc9
[OK ]  |  5385 | 0x00003909 | 0xf6 | 0xf6
[OK ]  |  5386 | 0x0000390a | 0xff | 0xff
[OK ]  |  5387 | 0x0000390b | 0xff | 0xff
[OK ]  |  5388 | 0x0000390c | 0x8c | 0x8c
[OK ]  |  5389 | 0x0000390d | 0xe3 | 0xe3
[OK ]  |  5390 | 0x0000390e | 0xff | 0xff
[OK ]  |  5391 | 0x0000390f | 0xff | 0xff
[OK ]  |  5392 | 0x00003910 | 0x4d | 0x4d
[OK ]  |  5393 | 0x00003911 | 0xb8 | 0xb8
[OK ]  |  5394 | 0x00003912 | 0xff | 0xff
[OK ]  |  5395 | 0x00003913 | 0xff | 0xff
[OK ]  |  5396 | 0x00003914 | 0x0d | 0x0d
[OK ]  |  5397 | 0x00003915 | 0xd7 | 0xd7
[OK ]  |  5398 | 0x00003916 | 0xff | 0xff
[OK ]  |  5399 | 0x00003917 | 0xff | 0xff
[OK ]  |  5400 | 0x00003918 | 0x57 | 0x57
[OK ]  |  5401 | 0x00003919 | 0x42 | 0x42
[OK ]  |  5402 | 0x0000391a | 0x00 | 0x00
[OK ]  |  5403 | 0x0000391b | 0x00 | 0x00
[OK ]  |  5404 | 0x0000391c | 0x97 | 0x97
[OK ]  |  5405 | 0x0000391d | 0xc9 | 0xc9
[OK ]  |  5406 | 0x0000391e | 0xfe | 0xfe
[OK ]  |  5407 | 0x0000391f | 0xff | 0xff
[OK ]  |  5408 | 0x00003920 | 0xd2 | 0xd2
[OK ]  |  5409 | 0x00003921 | 0xca | 0xca
[OK ]  |  5410 | 0x00003922 | 0xff | 0xff
[OK ]  |  5411 | 0x00003923 | 0xff | 0xff
[OK ]  |  5412 | 0x00003924 | 0x0c | 0x0c
[OK ]  |  5413 | 0x00003925 | 0x10 | 0x10
[OK ]  |  5414 | 0x00003926 | 0x00 | 0x00
[OK ]  |  5415 | 0x00003927 | 0x00 | 0x00
[OK ]  |  5416 | 0x00003928 | 0x70 | 0x70
[OK ]  |  5417 | 0x00003929 | 0x44 | 0x44
[OK ]  |  5418 | 0x0000392a | 0x00 | 0x00
[OK ]  |  5419 | 0x0000392b | 0x00 | 0x00
[OK ]  |  5420 | 0x0000392c | 0xdd | 0xdd
[OK ]  |  5421 | 0x0000392d | 0x79 | 0x79
[OK ]  |  5422 | 0x0000392e | 0xff | 0xff
[OK ]  |  5423 | 0x0000392f | 0xff | 0xff
[OK ]  |  5424 | 0x00003930 | 0xda | 0xda
[OK ]  |  5425 | 0x00003931 | 0x8c | 0x8c
[OK ]  |  5426 | 0x00003932 | 0x00 | 0x00
[OK ]  |  5427 | 0x00003933 | 0x00 | 0x00
[OK ]  |  5428 | 0x00003934 | 0xfc | 0xfc
[OK ]  |  5429 | 0x00003935 | 0x9f | 0x9f
[OK ]  |  5430 | 0x00003936 | 0xff | 0xff
[OK ]  |  5431 | 0x00003937 | 0xff | 0xff
[OK ]  |  5432 | 0x00003938 | 0xcf | 0xcf
[OK ]  |  5433 | 0x00003939 | 0xaa | 0xaa
[OK ]  |  5434 | 0x0000393a | 0x00 | 0x00
[OK ]  |  5435 | 0x0000393b | 0x00 | 0x00
[OK ]  |  5436 | 0x0000393c | 0x85 | 0x85
[OK ]  |  5437 | 0x0000393d | 0xb0 | 0xb0
[OK ]  |  5438 | 0x0000393e | 0xfe | 0xfe
[OK ]  |  5439 | 0x0000393f | 0xff | 0xff
[OK ]  |  5440 | 0x00003940 | 0x21 | 0x21
[OK ]  |  5441 | 0x00003941 | 0x94 | 0x94
[OK ]  |  5442 | 0x00003942 | 0x00 | 0x00
[OK ]  |  5443 | 0x00003943 | 0x00 | 0x00
[OK ]  |  5444 | 0x00003944 | 0xd0 | 0xd0
[OK ]  |  5445 | 0x00003945 | 0x29 | 0x29
[OK ]  |  5446 | 0x00003946 | 0xff | 0xff
[OK ]  |  5447 | 0x00003947 | 0xff | 0xff
[OK ]  |  5448 | 0x00003948 | 0xff | 0xff
[OK ]  |  5449 | 0x00003949 | 0x15 | 0x15
[OK ]  |  5450 | 0x0000394a | 0x01 | 0x01
[OK ]  |  5451 | 0x0000394b | 0x00 | 0x00
[OK ]  |  5452 | 0x0000394c | 0xfd | 0xfd
[OK ]  |  5453 | 0x0000394d | 0xb2 | 0xb2
[OK ]  |  5454 | 0x0000394e | 0xff | 0xff
[OK ]  |  5455 | 0x0000394f | 0xff | 0xff
[OK ]  |  5456 | 0x00003950 | 0xbd | 0xbd
[OK ]  |  5457 | 0x00003951 | 0xad | 0xad
[OK ]  |  5458 | 0x00003952 | 0xfe | 0xfe
[OK ]  |  5459 | 0x00003953 | 0xff | 0xff
[OK ]  |  5460 | 0x00003954 | 0xd6 | 0xd6
[OK ]  |  5461 | 0x00003955 | 0x6f | 0x6f
[OK ]  |  5462 | 0x00003956 | 0xff | 0xff
[OK ]  |  5463 | 0x00003957 | 0xff | 0xff
[OK ]  |  5464 | 0x00003958 | 0x24 | 0x24
[OK ]  |  5465 | 0x00003959 | 0x48 | 0x48
[OK ]  |  5466 | 0x0000395a | 0xfe | 0xfe
[OK ]  |  5467 | 0x0000395b | 0xff | 0xff
[OK ]  |  5468 | 0x0000395c | 0x87 | 0x87
[OK ]  |  5469 | 0x0000395d | 0x4f | 0x4f
[OK ]  |  5470 | 0x0000395e | 0xff | 0xff
[OK ]  |  5471 | 0x0000395f | 0xff | 0xff
[OK ]  |  5472 | 0x00003960 | 0x8a | 0x8a
[OK ]  |  5473 | 0x00003961 | 0x6e | 0x6e
[OK ]  |  5474 | 0x00003962 | 0x01 | 0x01
[OK ]  |  5475 | 0x00003963 | 0x00 | 0x00
[OK ]  |  5476 | 0x00003964 | 0x3c | 0x3c
[OK ]  |  5477 | 0x00003965 | 0x59 | 0x59
[OK ]  |  5478 | 0x00003966 | 0xfe | 0xfe
[OK ]  |  5479 | 0x00003967 | 0xff | 0xff
[OK ]  |  5480 | 0x00003968 | 0x02 | 0x02
[OK ]  |  5481 | 0x00003969 | 0xfb | 0xfb
[OK ]  |  5482 | 0x0000396a | 0xff | 0xff
[OK ]  |  5483 | 0x0000396b | 0xff | 0xff
[OK ]  |  5484 | 0x0000396c | 0x79 | 0x79
[OK ]  |  5485 | 0x0000396d | 0xc8 | 0xc8
[OK ]  |  5486 | 0x0000396e | 0xff | 0xff
[OK ]  |  5487 | 0x0000396f | 0xff | 0xff
[OK ]  |  5488 | 0x00003970 | 0x4c | 0x4c
[OK ]  |  5489 | 0x00003971 | 0x9d | 0x9d
[OK ]  |  5490 | 0x00003972 | 0x00 | 0x00
[OK ]  |  5491 | 0x00003973 | 0x00 | 0x00
[OK ]  |  5492 | 0x00003974 | 0xe5 | 0xe5
[OK ]  |  5493 | 0x00003975 | 0x4a | 0x4a
[OK ]  |  5494 | 0x00003976 | 0xff | 0xff
[OK ]  |  5495 | 0x00003977 | 0xff | 0xff
[OK ]  |  5496 | 0x00003978 | 0xbf | 0xbf
[OK ]  |  5497 | 0x00003979 | 0xc1 | 0xc1
[OK ]  |  5498 | 0x0000397a | 0xff | 0xff
[OK ]  |  5499 | 0x0000397b | 0xff | 0xff
[OK ]  |  5500 | 0x0000397c | 0x42 | 0x42
[OK ]  |  5501 | 0x0000397d | 0xa0 | 0xa0
[OK ]  |  5502 | 0x0000397e | 0xff | 0xff
[OK ]  |  5503 | 0x0000397f | 0xff | 0xff
[OK ]  |  5504 | 0x00003980 | 0x86 | 0x86
[OK ]  |  5505 | 0x00003981 | 0x04 | 0x04
[OK ]  |  5506 | 0x00003982 | 0x00 | 0x00
[OK ]  |  5507 | 0x00003983 | 0x00 | 0x00
[OK ]  |  5508 | 0x00003984 | 0x03 | 0x03
[OK ]  |  5509 | 0x00003985 | 0x32 | 0x32
[OK ]  |  5510 | 0x00003986 | 0xff | 0xff
[OK ]  |  5511 | 0x00003987 | 0xff | 0xff
[OK ]  |  5512 | 0x00003988 | 0xe4 | 0xe4
[OK ]  |  5513 | 0x00003989 | 0xfc | 0xfc
[OK ]  |  5514 | 0x0000398a | 0xff | 0xff
[OK ]  |  5515 | 0x0000398b | 0xff | 0xff
[OK ]  |  5516 | 0x0000398c | 0xa5 | 0xa5
[OK ]  |  5517 | 0x0000398d | 0xde | 0xde
[OK ]  |  5518 | 0x0000398e | 0x01 | 0x01
[OK ]  |  5519 | 0x0000398f | 0x00 | 0x00
[OK ]  |  5520 | 0x00003990 | 0x98 | 0x98
[OK ]  |  5521 | 0x00003991 | 0x44 | 0x44
[OK ]  |  5522 | 0x00003992 | 0xff | 0xff
[OK ]  |  5523 | 0x00003993 | 0xff | 0xff
[OK ]  |  5524 | 0x00003994 | 0xf6 | 0xf6
[OK ]  |  5525 | 0x00003995 | 0x67 | 0x67
[OK ]  |  5526 | 0x00003996 | 0xfe | 0xfe
[OK ]  |  5527 | 0x00003997 | 0xff | 0xff
[OK ]  |  5528 | 0x00003998 | 0xa5 | 0xa5
[OK ]  |  5529 | 0x00003999 | 0x47 | 0x47
[OK ]  |  5530 | 0x0000399a | 0x00 | 0x00
[OK ]  |  5531 | 0x0000399b | 0x00 | 0x00
[OK ]  |  5532 | 0x0000399c | 0x82 | 0x82
[OK ]  |  5533 | 0x0000399d | 0x5c | 0x5c
[OK ]  |  5534 | 0x0000399e | 0x00 | 0x00
[OK ]  |  5535 | 0x0000399f | 0x00 | 0x00
[OK ]  |  5536 | 0x000039a0 | 0x81 | 0x81
[OK ]  |  5537 | 0x000039a1 | 0x65 | 0x65
[OK ]  |  5538 | 0x000039a2 | 0x00 | 0x00
[OK ]  |  5539 | 0x000039a3 | 0x00 | 0x00
[OK ]  |  5540 | 0x000039a4 | 0xe9 | 0xe9
[OK ]  |  5541 | 0x000039a5 | 0x78 | 0x78
[OK ]  |  5542 | 0x000039a6 | 0x00 | 0x00
[OK ]  |  5543 | 0x000039a7 | 0x00 | 0x00
[OK ]  |  5544 | 0x000039a8 | 0x96 | 0x96
[OK ]  |  5545 | 0x000039a9 | 0x53 | 0x53
[OK ]  |  5546 | 0x000039aa | 0x00 | 0x00
[OK ]  |  5547 | 0x000039ab | 0x00 | 0x00
[OK ]  |  5548 | 0x000039ac | 0xdb | 0xdb
[OK ]  |  5549 | 0x000039ad | 0x6b | 0x6b
[OK ]  |  5550 | 0x000039ae | 0xff | 0xff
[OK ]  |  5551 | 0x000039af | 0xff | 0xff
[OK ]  |  5552 | 0x000039b0 | 0x07 | 0x07
[OK ]  |  5553 | 0x000039b1 | 0x6e | 0x6e
[OK ]  |  5554 | 0x000039b2 | 0x00 | 0x00
[OK ]  |  5555 | 0x000039b3 | 0x00 | 0x00
[OK ]  |  5556 | 0x000039b4 | 0x56 | 0x56
[OK ]  |  5557 | 0x000039b5 | 0x2b | 0x2b
[OK ]  |  5558 | 0x000039b6 | 0x01 | 0x01
[OK ]  |  5559 | 0x000039b7 | 0x00 | 0x00
[OK ]  |  5560 | 0x000039b8 | 0x4e | 0x4e
[OK ]  |  5561 | 0x000039b9 | 0x6a | 0x6a
[OK ]  |  5562 | 0x000039ba | 0x00 | 0x00
[OK ]  |  5563 | 0x000039bb | 0x00 | 0x00
[OK ]  |  5564 | 0x000039bc | 0xae | 0xae
[OK ]  |  5565 | 0x000039bd | 0x9c | 0x9c
[OK ]  |  5566 | 0x000039be | 0x00 | 0x00
[OK ]  |  5567 | 0x000039bf | 0x00 | 0x00
[OK ]  |  5568 | 0x000039c0 | 0xfb | 0xfb
[OK ]  |  5569 | 0x000039c1 | 0x27 | 0x27
[OK ]  |  5570 | 0x000039c2 | 0xff | 0xff
[OK ]  |  5571 | 0x000039c3 | 0xff | 0xff
[OK ]  |  5572 | 0x000039c4 | 0x79 | 0x79
[OK ]  |  5573 | 0x000039c5 | 0x27 | 0x27
[OK ]  |  5574 | 0x000039c6 | 0x01 | 0x01
[OK ]  |  5575 | 0x000039c7 | 0x00 | 0x00
[OK ]  |  5576 | 0x000039c8 | 0x09 | 0x09
[OK ]  |  5577 | 0x000039c9 | 0xc2 | 0xc2
[OK ]  |  5578 | 0x000039ca | 0xff | 0xff
[OK ]  |  5579 | 0x000039cb | 0xff | 0xff
[OK ]  |  5580 | 0x000039cc | 0x49 | 0x49
[OK ]  |  5581 | 0x000039cd | 0xa6 | 0xa6
[OK ]  |  5582 | 0x000039ce | 0xff | 0xff
[OK ]  |  5583 | 0x000039cf | 0xff | 0xff
[OK ]  |  5584 | 0x000039d0 | 0x09 | 0x09
[OK ]  |  5585 | 0x000039d1 | 0x66 | 0x66
[OK ]  |  5586 | 0x000039d2 | 0x00 | 0x00
[OK ]  |  5587 | 0x000039d3 | 0x00 | 0x00
[OK ]  |  5588 | 0x000039d4 | 0xee | 0xee
[OK ]  |  5589 | 0x000039d5 | 0xd3 | 0xd3
[OK ]  |  5590 | 0x000039d6 | 0xff | 0xff
[OK ]  |  5591 | 0x000039d7 | 0xff | 0xff
[OK ]  |  5592 | 0x000039d8 | 0x97 | 0x97
[OK ]  |  5593 | 0x000039d9 | 0x4b | 0x4b
[OK ]  |  5594 | 0x000039da | 0xff | 0xff
[OK ]  |  5595 | 0x000039db | 0xff | 0xff
[OK ]  |  5596 | 0x000039dc | 0x9f | 0x9f
[OK ]  |  5597 | 0x000039dd | 0x46 | 0x46
[OK ]  |  5598 | 0x000039de | 0x00 | 0x00
[OK ]  |  5599 | 0x000039df | 0x00 | 0x00
[OK ]  |  5600 | 0x000039e0 | 0x4f | 0x4f
[OK ]  |  5601 | 0x000039e1 | 0x6c | 0x6c
[OK ]  |  5602 | 0x000039e2 | 0x00 | 0x00
[OK ]  |  5603 | 0x000039e3 | 0x00 | 0x00
[OK ]  |  5604 | 0x000039e4 | 0x84 | 0x84
[OK ]  |  5605 | 0x000039e5 | 0x82 | 0x82
[OK ]  |  5606 | 0x000039e6 | 0xff | 0xff
[OK ]  |  5607 | 0x000039e7 | 0xff | 0xff
[OK ]  |  5608 | 0x000039e8 | 0xd0 | 0xd0
[OK ]  |  5609 | 0x000039e9 | 0x91 | 0x91
[OK ]  |  5610 | 0x000039ea | 0x01 | 0x01
[OK ]  |  5611 | 0x000039eb | 0x00 | 0x00
[OK ]  |  5612 | 0x000039ec | 0x1b | 0x1b
[OK ]  |  5613 | 0x000039ed | 0x2e | 0x2e
[OK ]  |  5614 | 0x000039ee | 0x00 | 0x00
[OK ]  |  5615 | 0x000039ef | 0x00 | 0x00
[OK ]  |  5616 | 0x000039f0 | 0x00 | 0x00
[OK ]  |  5617 | 0x000039f1 | 0x6c | 0x6c
[OK ]  |  5618 | 0x000039f2 | 0xff | 0xff
[OK ]  |  5619 | 0x000039f3 | 0xff | 0xff
[OK ]  |  5620 | 0x000039f4 | 0xfa | 0xfa
[OK ]  |  5621 | 0x000039f5 | 0x24 | 0x24
[OK ]  |  5622 | 0x000039f6 | 0x00 | 0x00
[OK ]  |  5623 | 0x000039f7 | 0x00 | 0x00
[OK ]  |  5624 | 0x000039f8 | 0x57 | 0x57
[OK ]  |  5625 | 0x000039f9 | 0xbc | 0xbc
[OK ]  |  5626 | 0x000039fa | 0x00 | 0x00
[OK ]  |  5627 | 0x000039fb | 0x00 | 0x00
[OK ]  |  5628 | 0x000039fc | 0x3b | 0x3b
[OK ]  |  5629 | 0x000039fd | 0x22 | 0x22
[OK ]  |  5630 | 0x000039fe | 0x00 | 0x00
[OK ]  |  5631 | 0x000039ff | 0x00 | 0x00
[OK ]  |  5632 | 0x00003a00 | 0xc3 | 0xc3
[OK ]  |  5633 | 0x00003a01 | 0x5a | 0x5a
[OK ]  |  5634 | 0x00003a02 | 0x00 | 0x00
[OK ]  |  5635 | 0x00003a03 | 0x00 | 0x00
[OK ]  |  5636 | 0x00003a04 | 0xd6 | 0xd6
[OK ]  |  5637 | 0x00003a05 | 0xe9 | 0xe9
[OK ]  |  5638 | 0x00003a06 | 0xfe | 0xfe
[OK ]  |  5639 | 0x00003a07 | 0xff | 0xff
[OK ]  |  5640 | 0x00003a08 | 0xd5 | 0xd5
[OK ]  |  5641 | 0x00003a09 | 0xea | 0xea
[OK ]  |  5642 | 0x00003a0a | 0xff | 0xff
[OK ]  |  5643 | 0x00003a0b | 0xff | 0xff
[OK ]  |  5644 | 0x00003a0c | 0x9b | 0x9b
[OK ]  |  5645 | 0x00003a0d | 0xb3 | 0xb3
[OK ]  |  5646 | 0x00003a0e | 0xff | 0xff
[OK ]  |  5647 | 0x00003a0f | 0xff | 0xff
[OK ]  |  5648 | 0x00003a10 | 0xc3 | 0xc3
[OK ]  |  5649 | 0x00003a11 | 0x92 | 0x92
[OK ]  |  5650 | 0x00003a12 | 0xff | 0xff
[OK ]  |  5651 | 0x00003a13 | 0xff | 0xff
[OK ]  |  5652 | 0x00003a14 | 0xd4 | 0xd4
[OK ]  |  5653 | 0x00003a15 | 0x9d | 0x9d
[OK ]  |  5654 | 0x00003a16 | 0xfe | 0xfe
[OK ]  |  5655 | 0x00003a17 | 0xff | 0xff
[OK ]  |  5656 | 0x00003a18 | 0xef | 0xef
[OK ]  |  5657 | 0x00003a19 | 0xf1 | 0xf1
[OK ]  |  5658 | 0x00003a1a | 0xff | 0xff
[OK ]  |  5659 | 0x00003a1b | 0xff | 0xff
[OK ]  |  5660 | 0x00003a1c | 0x92 | 0x92
[OK ]  |  5661 | 0x00003a1d | 0xe2 | 0xe2
[OK ]  |  5662 | 0x00003a1e | 0xff | 0xff
[OK ]  |  5663 | 0x00003a1f | 0xff | 0xff
[OK ]  |  5664 | 0x00003a20 | 0x7a | 0x7a
[OK ]  |  5665 | 0x00003a21 | 0x47 | 0x47
[OK ]  |  5666 | 0x00003a22 | 0x00 | 0x00
[OK ]  |  5667 | 0x00003a23 | 0x00 | 0x00
[OK ]  |  5668 | 0x00003a24 | 0x97 | 0x97
[OK ]  |  5669 | 0x00003a25 | 0x9c | 0x9c
[OK ]  |  5670 | 0x00003a26 | 0x00 | 0x00
[OK ]  |  5671 | 0x00003a27 | 0x00 | 0x00
[OK ]  |  5672 | 0x00003a28 | 0xdf | 0xdf
[OK ]  |  5673 | 0x00003a29 | 0x7e | 0x7e
[OK ]  |  5674 | 0x00003a2a | 0xff | 0xff
[OK ]  |  5675 | 0x00003a2b | 0xff | 0xff
[OK ]  |  5676 | 0x00003a2c | 0xba | 0xba
[OK ]  |  5677 | 0x00003a2d | 0xdf | 0xdf
[OK ]  |  5678 | 0x00003a2e | 0xff | 0xff
[OK ]  |  5679 | 0x00003a2f | 0xff | 0xff
[OK ]  |  5680 | 0x00003a30 | 0x3f | 0x3f
[OK ]  |  5681 | 0x00003a31 | 0x5c | 0x5c
[OK ]  |  5682 | 0x00003a32 | 0x00 | 0x00
[OK ]  |  5683 | 0x00003a33 | 0x00 | 0x00
[OK ]  |  5684 | 0x00003a34 | 0xd0 | 0xd0
[OK ]  |  5685 | 0x00003a35 | 0x09 | 0x09
[OK ]  |  5686 | 0x00003a36 | 0x00 | 0x00
[OK ]  |  5687 | 0x00003a37 | 0x00 | 0x00
[OK ]  |  5688 | 0x00003a38 | 0xb8 | 0xb8
[OK ]  |  5689 | 0x00003a39 | 0x1d | 0x1d
[OK ]  |  5690 | 0x00003a3a | 0x01 | 0x01
[OK ]  |  5691 | 0x00003a3b | 0x00 | 0x00
[OK ]  |  5692 | 0x00003a3c | 0x1c | 0x1c
[OK ]  |  5693 | 0x00003a3d | 0xb3 | 0xb3
[OK ]  |  5694 | 0x00003a3e | 0xff | 0xff
[OK ]  |  5695 | 0x00003a3f | 0xff | 0xff
[OK ]  |  5696 | 0x00003a40 | 0x43 | 0x43
[OK ]  |  5697 | 0x00003a41 | 0x28 | 0x28
[OK ]  |  5698 | 0x00003a42 | 0x01 | 0x01
[OK ]  |  5699 | 0x00003a43 | 0x00 | 0x00
[OK ]  |  5700 | 0x00003a44 | 0x1a | 0x1a
[OK ]  |  5701 | 0x00003a45 | 0x88 | 0x88
[OK ]  |  5702 | 0x00003a46 | 0xff | 0xff
[OK ]  |  5703 | 0x00003a47 | 0xff | 0xff
[OK ]  |  5704 | 0x00003a48 | 0xd3 | 0xd3
[OK ]  |  5705 | 0x00003a49 | 0x64 | 0x64
[OK ]  |  5706 | 0x00003a4a | 0x00 | 0x00
[OK ]  |  5707 | 0x00003a4b | 0x00 | 0x00
[OK ]  |  5708 | 0x00003a4c | 0xb1 | 0xb1
[OK ]  |  5709 | 0x00003a4d | 0xc1 | 0xc1
[OK ]  |  5710 | 0x00003a4e | 0x00 | 0x00
[OK ]  |  5711 | 0x00003a4f | 0x00 | 0x00
[OK ]  |  5712 | 0x00003a50 | 0x8d | 0x8d
[OK ]  |  5713 | 0x00003a51 | 0x8c | 0x8c
[OK ]  |  5714 | 0x00003a52 | 0xfe | 0xfe
[OK ]  |  5715 | 0x00003a53 | 0xff | 0xff
[OK ]  |  5716 | 0x00003a54 | 0x82 | 0x82
[OK ]  |  5717 | 0x00003a55 | 0x6c | 0x6c
[OK ]  |  5718 | 0x00003a56 | 0x00 | 0x00
[OK ]  |  5719 | 0x00003a57 | 0x00 | 0x00
[OK ]  |  5720 | 0x00003a58 | 0xda | 0xda
[OK ]  |  5721 | 0x00003a59 | 0x63 | 0x63
[OK ]  |  5722 | 0x00003a5a | 0x00 | 0x00
[OK ]  |  5723 | 0x00003a5b | 0x00 | 0x00
[OK ]  |  5724 | 0x00003a5c | 0x7b | 0x7b
[OK ]  |  5725 | 0x00003a5d | 0xd4 | 0xd4
[OK ]  |  5726 | 0x00003a5e | 0x00 | 0x00
[OK ]  |  5727 | 0x00003a5f | 0x00 | 0x00
[OK ]  |  5728 | 0x00003a60 | 0xd4 | 0xd4
[OK ]  |  5729 | 0x00003a61 | 0x15 | 0x15
[OK ]  |  5730 | 0x00003a62 | 0x01 | 0x01
[OK ]  |  5731 | 0x00003a63 | 0x00 | 0x00
[OK ]  |  5732 | 0x00003a64 | 0xca | 0xca
[OK ]  |  5733 | 0x00003a65 | 0xf5 | 0xf5
[OK ]  |  5734 | 0x00003a66 | 0xfe | 0xfe
[OK ]  |  5735 | 0x00003a67 | 0xff | 0xff
[OK ]  |  5736 | 0x00003a68 | 0x5e | 0x5e
[OK ]  |  5737 | 0x00003a69 | 0x5f | 0x5f
[OK ]  |  5738 | 0x00003a6a | 0x00 | 0x00
[OK ]  |  5739 | 0x00003a6b | 0x00 | 0x00
[OK ]  |  5740 | 0x00003a6c | 0x9a | 0x9a
[OK ]  |  5741 | 0x00003a6d | 0xa9 | 0xa9
[OK ]  |  5742 | 0x00003a6e | 0xff | 0xff
[OK ]  |  5743 | 0x00003a6f | 0xff | 0xff
[OK ]  |  5744 | 0x00003a70 | 0x0c | 0x0c
[OK ]  |  5745 | 0x00003a71 | 0xce | 0xce
[OK ]  |  5746 | 0x00003a72 | 0x00 | 0x00
[OK ]  |  5747 | 0x00003a73 | 0x00 | 0x00
[OK ]  |  5748 | 0x00003a74 | 0x2f | 0x2f
[OK ]  |  5749 | 0x00003a75 | 0xcb | 0xcb
[OK ]  |  5750 | 0x00003a76 | 0x00 | 0x00
[OK ]  |  5751 | 0x00003a77 | 0x00 | 0x00
[OK ]  |  5752 | 0x00003a78 | 0x4a | 0x4a
[OK ]  |  5753 | 0x00003a79 | 0x4a | 0x4a
[OK ]  |  5754 | 0x00003a7a | 0xff | 0xff
[OK ]  |  5755 | 0x00003a7b | 0xff | 0xff
[OK ]  |  5756 | 0x00003a7c | 0xa4 | 0xa4
[OK ]  |  5757 | 0x00003a7d | 0x02 | 0x02
[OK ]  |  5758 | 0x00003a7e | 0x00 | 0x00
[OK ]  |  5759 | 0x00003a7f | 0x00 | 0x00
[OK ]  |  5760 | 0x00003a80 | 0x67 | 0x67
[OK ]  |  5761 | 0x00003a81 | 0x8f | 0x8f
[OK ]  |  5762 | 0x00003a82 | 0xff | 0xff
[OK ]  |  5763 | 0x00003a83 | 0xff | 0xff
[OK ]  |  5764 | 0x00003a84 | 0x2c | 0x2c
[OK ]  |  5765 | 0x00003a85 | 0xb3 | 0xb3
[OK ]  |  5766 | 0x00003a86 | 0xff | 0xff
[OK ]  |  5767 | 0x00003a87 | 0xff | 0xff
[OK ]  |  5768 | 0x00003a88 | 0xff | 0xff
[OK ]  |  5769 | 0x00003a89 | 0x50 | 0x50
[OK ]  |  5770 | 0x00003a8a | 0xff | 0xff
[OK ]  |  5771 | 0x00003a8b | 0xff | 0xff
[OK ]  |  5772 | 0x00003a8c | 0x25 | 0x25
[OK ]  |  5773 | 0x00003a8d | 0x82 | 0x82
[OK ]  |  5774 | 0x00003a8e | 0xff | 0xff
[OK ]  |  5775 | 0x00003a8f | 0xff | 0xff
[OK ]  |  5776 | 0x00003a90 | 0x22 | 0x22
[OK ]  |  5777 | 0x00003a91 | 0xa4 | 0xa4
[OK ]  |  5778 | 0x00003a92 | 0xff | 0xff
[OK ]  |  5779 | 0x00003a93 | 0xff | 0xff
[OK ]  |  5780 | 0x00003a94 | 0xa7 | 0xa7
[OK ]  |  5781 | 0x00003a95 | 0x87 | 0x87
[OK ]  |  5782 | 0x00003a96 | 0xff | 0xff
[OK ]  |  5783 | 0x00003a97 | 0xff | 0xff
[OK ]  |  5784 | 0x00003a98 | 0xfc | 0xfc
[OK ]  |  5785 | 0x00003a99 | 0x7d | 0x7d
[OK ]  |  5786 | 0x00003a9a | 0xff | 0xff
[OK ]  |  5787 | 0x00003a9b | 0xff | 0xff
[OK ]  |  5788 | 0x00003a9c | 0x69 | 0x69
[OK ]  |  5789 | 0x00003a9d | 0x53 | 0x53
[OK ]  |  5790 | 0x00003a9e | 0xff | 0xff
[OK ]  |  5791 | 0x00003a9f | 0xff | 0xff
[OK ]  |  5792 | 0x00003aa0 | 0x71 | 0x71
[OK ]  |  5793 | 0x00003aa1 | 0xff | 0xff
[OK ]  |  5794 | 0x00003aa2 | 0x00 | 0x00
[OK ]  |  5795 | 0x00003aa3 | 0x00 | 0x00
[OK ]  |  5796 | 0x00003aa4 | 0xcf | 0xcf
[OK ]  |  5797 | 0x00003aa5 | 0x5d | 0x5d
[OK ]  |  5798 | 0x00003aa6 | 0xff | 0xff
[OK ]  |  5799 | 0x00003aa7 | 0xff | 0xff
[OK ]  |  5800 | 0x00003aa8 | 0x95 | 0x95
[OK ]  |  5801 | 0x00003aa9 | 0xa8 | 0xa8
[OK ]  |  5802 | 0x00003aaa | 0x00 | 0x00
[OK ]  |  5803 | 0x00003aab | 0x00 | 0x00
[OK ]  |  5804 | 0x00003aac | 0xf5 | 0xf5
[OK ]  |  5805 | 0x00003aad | 0x8f | 0x8f
[OK ]  |  5806 | 0x00003aae | 0xff | 0xff
[OK ]  |  5807 | 0x00003aaf | 0xff | 0xff
[OK ]  |  5808 | 0x00003ab0 | 0x6b | 0x6b
[OK ]  |  5809 | 0x00003ab1 | 0x2e | 0x2e
[OK ]  |  5810 | 0x00003ab2 | 0x00 | 0x00
[OK ]  |  5811 | 0x00003ab3 | 0x00 | 0x00
[OK ]  |  5812 | 0x00003ab4 | 0xb9 | 0xb9
[OK ]  |  5813 | 0x00003ab5 | 0xda | 0xda
[OK ]  |  5814 | 0x00003ab6 | 0xff | 0xff
[OK ]  |  5815 | 0x00003ab7 | 0xff | 0xff
[OK ]  |  5816 | 0x00003ab8 | 0x66 | 0x66
[OK ]  |  5817 | 0x00003ab9 | 0xf3 | 0xf3
[OK ]  |  5818 | 0x00003aba | 0xff | 0xff
[OK ]  |  5819 | 0x00003abb | 0xff | 0xff
[OK ]  |  5820 | 0x00003abc | 0xdf | 0xdf
[OK ]  |  5821 | 0x00003abd | 0xda | 0xda
[OK ]  |  5822 | 0x00003abe | 0x00 | 0x00
[OK ]  |  5823 | 0x00003abf | 0x00 | 0x00
[OK ]  |  5824 | 0x00003ac0 | 0x67 | 0x67
[OK ]  |  5825 | 0x00003ac1 | 0x89 | 0x89
[OK ]  |  5826 | 0x00003ac2 | 0x00 | 0x00
[OK ]  |  5827 | 0x00003ac3 | 0x00 | 0x00
[OK ]  |  5828 | 0x00003ac4 | 0xca | 0xca
[OK ]  |  5829 | 0x00003ac5 | 0xc4 | 0xc4
[OK ]  |  5830 | 0x00003ac6 | 0x01 | 0x01
[OK ]  |  5831 | 0x00003ac7 | 0x00 | 0x00
[OK ]  |  5832 | 0x00003ac8 | 0xb1 | 0xb1
[OK ]  |  5833 | 0x00003ac9 | 0x3c | 0x3c
[OK ]  |  5834 | 0x00003aca | 0x00 | 0x00
[OK ]  |  5835 | 0x00003acb | 0x00 | 0x00
[OK ]  |  5836 | 0x00003acc | 0x9d | 0x9d
[OK ]  |  5837 | 0x00003acd | 0x87 | 0x87
[OK ]  |  5838 | 0x00003ace | 0xff | 0xff
[OK ]  |  5839 | 0x00003acf | 0xff | 0xff
[OK ]  |  5840 | 0x00003ad0 | 0x49 | 0x49
[OK ]  |  5841 | 0x00003ad1 | 0x4b | 0x4b
[OK ]  |  5842 | 0x00003ad2 | 0x00 | 0x00
[OK ]  |  5843 | 0x00003ad3 | 0x00 | 0x00
[OK ]  |  5844 | 0x00003ad4 | 0xd6 | 0xd6
[OK ]  |  5845 | 0x00003ad5 | 0x31 | 0x31
[OK ]  |  5846 | 0x00003ad6 | 0x01 | 0x01
[OK ]  |  5847 | 0x00003ad7 | 0x00 | 0x00
[OK ]  |  5848 | 0x00003ad8 | 0x87 | 0x87
[OK ]  |  5849 | 0x00003ad9 | 0x82 | 0x82
[OK ]  |  5850 | 0x00003ada | 0xfe | 0xfe
[OK ]  |  5851 | 0x00003adb | 0xff | 0xff
[OK ]  |  5852 | 0x00003adc | 0xc0 | 0xc0
[OK ]  |  5853 | 0x00003add | 0xe7 | 0xe7
[OK ]  |  5854 | 0x00003ade | 0xff | 0xff
[OK ]  |  5855 | 0x00003adf | 0xff | 0xff
[OK ]  |  5856 | 0x00003ae0 | 0x42 | 0x42
[OK ]  |  5857 | 0x00003ae1 | 0x87 | 0x87
[OK ]  |  5858 | 0x00003ae2 | 0x00 | 0x00
[OK ]  |  5859 | 0x00003ae3 | 0x00 | 0x00
[OK ]  |  5860 | 0x00003ae4 | 0x94 | 0x94
[OK ]  |  5861 | 0x00003ae5 | 0x4d | 0x4d
[OK ]  |  5862 | 0x00003ae6 | 0x00 | 0x00
[OK ]  |  5863 | 0x00003ae7 | 0x00 | 0x00
[OK ]  |  5864 | 0x00003ae8 | 0x0c | 0x0c
[OK ]  |  5865 | 0x00003ae9 | 0x05 | 0x05
[OK ]  |  5866 | 0x00003aea | 0x01 | 0x01
[OK ]  |  5867 | 0x00003aeb | 0x00 | 0x00
[OK ]  |  5868 | 0x00003aec | 0xe8 | 0xe8
[OK ]  |  5869 | 0x00003aed | 0x2d | 0x2d
[OK ]  |  5870 | 0x00003aee | 0x00 | 0x00
[OK ]  |  5871 | 0x00003aef | 0x00 | 0x00
[OK ]  |  5872 | 0x00003af0 | 0x51 | 0x51
[OK ]  |  5873 | 0x00003af1 | 0xae | 0xae
[OK ]  |  5874 | 0x00003af2 | 0xff | 0xff
[OK ]  |  5875 | 0x00003af3 | 0xff | 0xff
[OK ]  |  5876 | 0x00003af4 | 0xca | 0xca
[OK ]  |  5877 | 0x00003af5 | 0x26 | 0x26
[OK ]  |  5878 | 0x00003af6 | 0x01 | 0x01
[OK ]  |  5879 | 0x00003af7 | 0x00 | 0x00
[OK ]  |  5880 | 0x00003af8 | 0xfc | 0xfc
[OK ]  |  5881 | 0x00003af9 | 0x9e | 0x9e
[OK ]  |  5882 | 0x00003afa | 0xfe | 0xfe
[OK ]  |  5883 | 0x00003afb | 0xff | 0xff
[OK ]  |  5884 | 0x00003afc | 0xa1 | 0xa1
[OK ]  |  5885 | 0x00003afd | 0x5e | 0x5e
[OK ]  |  5886 | 0x00003afe | 0xfe | 0xfe
[OK ]  |  5887 | 0x00003aff | 0xff | 0xff
[OK ]  |  5888 | 0x00003b00 | 0xc9 | 0xc9
[OK ]  |  5889 | 0x00003b01 | 0xcd | 0xcd
[OK ]  |  5890 | 0x00003b02 | 0x00 | 0x00
[OK ]  |  5891 | 0x00003b03 | 0x00 | 0x00
[OK ]  |  5892 | 0x00003b04 | 0xde | 0xde
[OK ]  |  5893 | 0x00003b05 | 0x6e | 0x6e
[OK ]  |  5894 | 0x00003b06 | 0x01 | 0x01
[OK ]  |  5895 | 0x00003b07 | 0x00 | 0x00
[OK ]  |  5896 | 0x00003b08 | 0x15 | 0x15
[OK ]  |  5897 | 0x00003b09 | 0x51 | 0x51
[OK ]  |  5898 | 0x00003b0a | 0x00 | 0x00
[OK ]  |  5899 | 0x00003b0b | 0x00 | 0x00
[OK ]  |  5900 | 0x00003b0c | 0x95 | 0x95
[OK ]  |  5901 | 0x00003b0d | 0x7e | 0x7e
[OK ]  |  5902 | 0x00003b0e | 0x00 | 0x00
[OK ]  |  5903 | 0x00003b0f | 0x00 | 0x00
[OK ]  |  5904 | 0x00003b10 | 0xfa | 0xfa
[OK ]  |  5905 | 0x00003b11 | 0x76 | 0x76
[OK ]  |  5906 | 0x00003b12 | 0xff | 0xff
[OK ]  |  5907 | 0x00003b13 | 0xff | 0xff
[OK ]  |  5908 | 0x00003b14 | 0x1a | 0x1a
[OK ]  |  5909 | 0x00003b15 | 0xdf | 0xdf
[OK ]  |  5910 | 0x00003b16 | 0xff | 0xff
[OK ]  |  5911 | 0x00003b17 | 0xff | 0xff
[OK ]  |  5912 | 0x00003b18 | 0x27 | 0x27
[OK ]  |  5913 | 0x00003b19 | 0x05 | 0x05
[OK ]  |  5914 | 0x00003b1a | 0x00 | 0x00
[OK ]  |  5915 | 0x00003b1b | 0x00 | 0x00
[OK ]  |  5916 | 0x00003b1c | 0x68 | 0x68
[OK ]  |  5917 | 0x00003b1d | 0x13 | 0x13
[OK ]  |  5918 | 0x00003b1e | 0xff | 0xff
[OK ]  |  5919 | 0x00003b1f | 0xff | 0xff
[OK ]  |  5920 | 0x00003b20 | 0x80 | 0x80
[OK ]  |  5921 | 0x00003b21 | 0xa7 | 0xa7
[OK ]  |  5922 | 0x00003b22 | 0x00 | 0x00
[OK ]  |  5923 | 0x00003b23 | 0x00 | 0x00
[OK ]  |  5924 | 0x00003b24 | 0x57 | 0x57
[OK ]  |  5925 | 0x00003b25 | 0x76 | 0x76
[OK ]  |  5926 | 0x00003b26 | 0xff | 0xff
[OK ]  |  5927 | 0x00003b27 | 0xff | 0xff
[OK ]  |  5928 | 0x00003b28 | 0xb2 | 0xb2
[OK ]  |  5929 | 0x00003b29 | 0xf7 | 0xf7
[OK ]  |  5930 | 0x00003b2a | 0xfe | 0xfe
[OK ]  |  5931 | 0x00003b2b | 0xff | 0xff
[OK ]  |  5932 | 0x00003b2c | 0x24 | 0x24
[OK ]  |  5933 | 0x00003b2d | 0xd2 | 0xd2
[OK ]  |  5934 | 0x00003b2e | 0xff | 0xff
[OK ]  |  5935 | 0x00003b2f | 0xff | 0xff
[OK ]  |  5936 | 0x00003b30 | 0xf5 | 0xf5
[OK ]  |  5937 | 0x00003b31 | 0x9c | 0x9c
[OK ]  |  5938 | 0x00003b32 | 0x01 | 0x01
[OK ]  |  5939 | 0x00003b33 | 0x00 | 0x00
[OK ]  |  5940 | 0x00003b34 | 0x98 | 0x98
[OK ]  |  5941 | 0x00003b35 | 0x4a | 0x4a
[OK ]  |  5942 | 0x00003b36 | 0x00 | 0x00
[OK ]  |  5943 | 0x00003b37 | 0x00 | 0x00
[OK ]  |  5944 | 0x00003b38 | 0xcc | 0xcc
[OK ]  |  5945 | 0x00003b39 | 0x52 | 0x52
[OK ]  |  5946 | 0x00003b3a | 0x00 | 0x00
[OK ]  |  5947 | 0x00003b3b | 0x00 | 0x00
[OK ]  |  5948 | 0x00003b3c | 0x04 | 0x04
[OK ]  |  5949 | 0x00003b3d | 0xd2 | 0xd2
[OK ]  |  5950 | 0x00003b3e | 0xff | 0xff
[OK ]  |  5951 | 0x00003b3f | 0xff | 0xff
[OK ]  |  5952 | 0x00003b40 | 0x14 | 0x14
[OK ]  |  5953 | 0x00003b41 | 0xde | 0xde
[OK ]  |  5954 | 0x00003b42 | 0xff | 0xff
[OK ]  |  5955 | 0x00003b43 | 0xff | 0xff
[OK ]  |  5956 | 0x00003b44 | 0x16 | 0x16
[OK ]  |  5957 | 0x00003b45 | 0xf5 | 0xf5
[OK ]  |  5958 | 0x00003b46 | 0xff | 0xff
[OK ]  |  5959 | 0x00003b47 | 0xff | 0xff
[OK ]  |  5960 | 0x00003b48 | 0x10 | 0x10
[OK ]  |  5961 | 0x00003b49 | 0x34 | 0x34
[OK ]  |  5962 | 0x00003b4a | 0x00 | 0x00
[OK ]  |  5963 | 0x00003b4b | 0x00 | 0x00
[OK ]  |  5964 | 0x00003b4c | 0x33 | 0x33
[OK ]  |  5965 | 0x00003b4d | 0x7c | 0x7c
[OK ]  |  5966 | 0x00003b4e | 0xff | 0xff
[OK ]  |  5967 | 0x00003b4f | 0xff | 0xff
[OK ]  |  5968 | 0x00003b50 | 0xeb | 0xeb
[OK ]  |  5969 | 0x00003b51 | 0xaa | 0xaa
[OK ]  |  5970 | 0x00003b52 | 0x00 | 0x00
[OK ]  |  5971 | 0x00003b53 | 0x00 | 0x00
[OK ]  |  5972 | 0x00003b54 | 0x0d | 0x0d
[OK ]  |  5973 | 0x00003b55 | 0x24 | 0x24
[OK ]  |  5974 | 0x00003b56 | 0x00 | 0x00
[OK ]  |  5975 | 0x00003b57 | 0x00 | 0x00
[OK ]  |  5976 | 0x00003b58 | 0xea | 0xea
[OK ]  |  5977 | 0x00003b59 | 0x50 | 0x50
[OK ]  |  5978 | 0x00003b5a | 0xfe | 0xfe
[OK ]  |  5979 | 0x00003b5b | 0xff | 0xff
[OK ]  |  5980 | 0x00003b5c | 0x5b | 0x5b
[OK ]  |  5981 | 0x00003b5d | 0xe4 | 0xe4
[OK ]  |  5982 | 0x00003b5e | 0xff | 0xff
[OK ]  |  5983 | 0x00003b5f | 0xff | 0xff
[OK ]  |  5984 | 0x00003b60 | 0x66 | 0x66
[OK ]  |  5985 | 0x00003b61 | 0x6e | 0x6e
[OK ]  |  5986 | 0x00003b62 | 0x01 | 0x01
[OK ]  |  5987 | 0x00003b63 | 0x00 | 0x00
[OK ]  |  5988 | 0x00003b64 | 0xd4 | 0xd4
[OK ]  |  5989 | 0x00003b65 | 0xbf | 0xbf
[OK ]  |  5990 | 0x00003b66 | 0xff | 0xff
[OK ]  |  5991 | 0x00003b67 | 0xff | 0xff
[OK ]  |  5992 | 0x00003b68 | 0x3c | 0x3c
[OK ]  |  5993 | 0x00003b69 | 0xa0 | 0xa0
[OK ]  |  5994 | 0x00003b6a | 0x00 | 0x00
[OK ]  |  5995 | 0x00003b6b | 0x00 | 0x00
[OK ]  |  5996 | 0x00003b6c | 0x9d | 0x9d
[OK ]  |  5997 | 0x00003b6d | 0x49 | 0x49
[OK ]  |  5998 | 0x00003b6e | 0xff | 0xff
[OK ]  |  5999 | 0x00003b6f | 0xff | 0xff
[OK ]  |  6000 | 0x00003b70 | 0xed | 0xed
[OK ]  |  6001 | 0x00003b71 | 0x21 | 0x21
[OK ]  |  6002 | 0x00003b72 | 0x01 | 0x01
[OK ]  |  6003 | 0x00003b73 | 0x00 | 0x00
[OK ]  |  6004 | 0x00003b74 | 0x5e | 0x5e
[OK ]  |  6005 | 0x00003b75 | 0x03 | 0x03
[OK ]  |  6006 | 0x00003b76 | 0xff | 0xff
[OK ]  |  6007 | 0x00003b77 | 0xff | 0xff
[OK ]  |  6008 | 0x00003b78 | 0x5a | 0x5a
[OK ]  |  6009 | 0x00003b79 | 0xe3 | 0xe3
[OK ]  |  6010 | 0x00003b7a | 0xfd | 0xfd
[OK ]  |  6011 | 0x00003b7b | 0xff | 0xff
[OK ]  |  6012 | 0x00003b7c | 0xb2 | 0xb2
[OK ]  |  6013 | 0x00003b7d | 0xbf | 0xbf
[OK ]  |  6014 | 0x00003b7e | 0xff | 0xff
[OK ]  |  6015 | 0x00003b7f | 0xff | 0xff
[OK ]  |  6016 | 0x00003b80 | 0xd8 | 0xd8
[OK ]  |  6017 | 0x00003b81 | 0x6e | 0x6e
[OK ]  |  6018 | 0x00003b82 | 0x00 | 0x00
[OK ]  |  6019 | 0x00003b83 | 0x00 | 0x00
[OK ]  |  6020 | 0x00003b84 | 0x82 | 0x82
[OK ]  |  6021 | 0x00003b85 | 0xa5 | 0xa5
[OK ]  |  6022 | 0x00003b86 | 0xfe | 0xfe
[OK ]  |  6023 | 0x00003b87 | 0xff | 0xff
[OK ]  |  6024 | 0x00003b88 | 0xf3 | 0xf3
[OK ]  |  6025 | 0x00003b89 | 0x2d | 0x2d
[OK ]  |  6026 | 0x00003b8a | 0x00 | 0x00
[OK ]  |  6027 | 0x00003b8b | 0x00 | 0x00
[OK ]  |  6028 | 0x00003b8c | 0x82 | 0x82
[OK ]  |  6029 | 0x00003b8d | 0xdd | 0xdd
[OK ]  |  6030 | 0x00003b8e | 0xff | 0xff
[OK ]  |  6031 | 0x00003b8f | 0xff | 0xff
[OK ]  |  6032 | 0x00003b90 | 0x29 | 0x29
[OK ]  |  6033 | 0x00003b91 | 0x1b | 0x1b
[OK ]  |  6034 | 0x00003b92 | 0xfe | 0xfe
[OK ]  |  6035 | 0x00003b93 | 0xff | 0xff
[OK ]  |  6036 | 0x00003b94 | 0x60 | 0x60
[OK ]  |  6037 | 0x00003b95 | 0xf5 | 0xf5
[OK ]  |  6038 | 0x00003b96 | 0xfe | 0xfe
[OK ]  |  6039 | 0x00003b97 | 0xff | 0xff
[OK ]  |  6040 | 0x00003b98 | 0x4b | 0x4b
[OK ]  |  6041 | 0x00003b99 | 0x25 | 0x25
[OK ]  |  6042 | 0x00003b9a | 0x00 | 0x00
[OK ]  |  6043 | 0x00003b9b | 0x00 | 0x00
[OK ]  |  6044 | 0x00003b9c | 0x9b | 0x9b
[OK ]  |  6045 | 0x00003b9d | 0xa9 | 0xa9
[OK ]  |  6046 | 0x00003b9e | 0xff | 0xff
[OK ]  |  6047 | 0x00003b9f | 0xff | 0xff
[OK ]  |  6048 | 0x00003ba0 | 0x7b | 0x7b
[OK ]  |  6049 | 0x00003ba1 | 0x1e | 0x1e
[OK ]  |  6050 | 0x00003ba2 | 0x00 | 0x00
[OK ]  |  6051 | 0x00003ba3 | 0x00 | 0x00
[OK ]  |  6052 | 0x00003ba4 | 0xd7 | 0xd7
[OK ]  |  6053 | 0x00003ba5 | 0xcc | 0xcc
[OK ]  |  6054 | 0x00003ba6 | 0xfe | 0xfe
[OK ]  |  6055 | 0x00003ba7 | 0xff | 0xff
[OK ]  |  6056 | 0x00003ba8 | 0x82 | 0x82
[OK ]  |  6057 | 0x00003ba9 | 0x2f | 0x2f
[OK ]  |  6058 | 0x00003baa | 0x00 | 0x00
[OK ]  |  6059 | 0x00003bab | 0x00 | 0x00
[OK ]  |  6060 | 0x00003bac | 0xf0 | 0xf0
[OK ]  |  6061 | 0x00003bad | 0xd4 | 0xd4
[OK ]  |  6062 | 0x00003bae | 0x00 | 0x00
[OK ]  |  6063 | 0x00003baf | 0x00 | 0x00
[OK ]  |  6064 | 0x00003bb0 | 0x11 | 0x11
[OK ]  |  6065 | 0x00003bb1 | 0x91 | 0x91
[OK ]  |  6066 | 0x00003bb2 | 0x00 | 0x00
[OK ]  |  6067 | 0x00003bb3 | 0x00 | 0x00
[OK ]  |  6068 | 0x00003bb4 | 0x41 | 0x41
[OK ]  |  6069 | 0x00003bb5 | 0x60 | 0x60
[OK ]  |  6070 | 0x00003bb6 | 0x01 | 0x01
[OK ]  |  6071 | 0x00003bb7 | 0x00 | 0x00
[OK ]  |  6072 | 0x00003bb8 | 0x0a | 0x0a
[OK ]  |  6073 | 0x00003bb9 | 0x24 | 0x24
[OK ]  |  6074 | 0x00003bba | 0xff | 0xff
[OK ]  |  6075 | 0x00003bbb | 0xff | 0xff
[OK ]  |  6076 | 0x00003bbc | 0x03 | 0x03
[OK ]  |  6077 | 0x00003bbd | 0xd1 | 0xd1
[OK ]  |  6078 | 0x00003bbe | 0xff | 0xff
[OK ]  |  6079 | 0x00003bbf | 0xff | 0xff
[OK ]  |  6080 | 0x00003bc0 | 0x4d | 0x4d
[OK ]  |  6081 | 0x00003bc1 | 0xcb | 0xcb
[OK ]  |  6082 | 0x00003bc2 | 0x00 | 0x00
[OK ]  |  6083 | 0x00003bc3 | 0x00 | 0x00
[OK ]  |  6084 | 0x00003bc4 | 0x16 | 0x16
[OK ]  |  6085 | 0x00003bc5 | 0xf3 | 0xf3
[OK ]  |  6086 | 0x00003bc6 | 0xfe | 0xfe
[OK ]  |  6087 | 0x00003bc7 | 0xff | 0xff
[OK ]  |  6088 | 0x00003bc8 | 0xa2 | 0xa2
[OK ]  |  6089 | 0x00003bc9 | 0xd0 | 0xd0
[OK ]  |  6090 | 0x00003bca | 0xff | 0xff
[OK ]  |  6091 | 0x00003bcb | 0xff | 0xff
[OK ]  |  6092 | 0x00003bcc | 0xcb | 0xcb
[OK ]  |  6093 | 0x00003bcd | 0x2a | 0x2a
[OK ]  |  6094 | 0x00003bce | 0x01 | 0x01
[OK ]  |  6095 | 0x00003bcf | 0x00 | 0x00
[OK ]  |  6096 | 0x00003bd0 | 0x99 | 0x99
[OK ]  |  6097 | 0x00003bd1 | 0xfb | 0xfb
[OK ]  |  6098 | 0x00003bd2 | 0x00 | 0x00
[OK ]  |  6099 | 0x00003bd3 | 0x00 | 0x00
[OK ]  |  6100 | 0x00003bd4 | 0x34 | 0x34
[OK ]  |  6101 | 0x00003bd5 | 0xed | 0xed
[OK ]  |  6102 | 0x00003bd6 | 0xfe | 0xfe
[OK ]  |  6103 | 0x00003bd7 | 0xff | 0xff
[OK ]  |  6104 | 0x00003bd8 | 0x1b | 0x1b
[OK ]  |  6105 | 0x00003bd9 | 0x08 | 0x08
[OK ]  |  6106 | 0x00003bda | 0x01 | 0x01
[OK ]  |  6107 | 0x00003bdb | 0x00 | 0x00
[OK ]  |  6108 | 0x00003bdc | 0xbc | 0xbc
[OK ]  |  6109 | 0x00003bdd | 0xda | 0xda
[OK ]  |  6110 | 0x00003bde | 0x00 | 0x00
[OK ]  |  6111 | 0x00003bdf | 0x00 | 0x00
[OK ]  |  6112 | 0x00003be0 | 0x92 | 0x92
[OK ]  |  6113 | 0x00003be1 | 0xd8 | 0xd8
[OK ]  |  6114 | 0x00003be2 | 0xff | 0xff
[OK ]  |  6115 | 0x00003be3 | 0xff | 0xff
[OK ]  |  6116 | 0x00003be4 | 0xb0 | 0xb0
[OK ]  |  6117 | 0x00003be5 | 0xb7 | 0xb7
[OK ]  |  6118 | 0x00003be6 | 0x00 | 0x00
[OK ]  |  6119 | 0x00003be7 | 0x00 | 0x00
[OK ]  |  6120 | 0x00003be8 | 0x75 | 0x75
[OK ]  |  6121 | 0x00003be9 | 0xbd | 0xbd
[OK ]  |  6122 | 0x00003bea | 0x00 | 0x00
[OK ]  |  6123 | 0x00003beb | 0x00 | 0x00
[OK ]  |  6124 | 0x00003bec | 0x32 | 0x32
[OK ]  |  6125 | 0x00003bed | 0x48 | 0x48
[OK ]  |  6126 | 0x00003bee | 0x00 | 0x00
[OK ]  |  6127 | 0x00003bef | 0x00 | 0x00
[OK ]  |  6128 | 0x00003bf0 | 0x7a | 0x7a
[OK ]  |  6129 | 0x00003bf1 | 0x0f | 0x0f
[OK ]  |  6130 | 0x00003bf2 | 0x00 | 0x00
[OK ]  |  6131 | 0x00003bf3 | 0x00 | 0x00
[OK ]  |  6132 | 0x00003bf4 | 0x6d | 0x6d
[OK ]  |  6133 | 0x00003bf5 | 0xd9 | 0xd9
[OK ]  |  6134 | 0x00003bf6 | 0xff | 0xff
[OK ]  |  6135 | 0x00003bf7 | 0xff | 0xff
[OK ]  |  6136 | 0x00003bf8 | 0xd8 | 0xd8
[OK ]  |  6137 | 0x00003bf9 | 0x65 | 0x65
[OK ]  |  6138 | 0x00003bfa | 0xff | 0xff
[OK ]  |  6139 | 0x00003bfb | 0xff | 0xff
[OK ]  |  6140 | 0x00003bfc | 0xb9 | 0xb9
[OK ]  |  6141 | 0x00003bfd | 0x02 | 0x02
[OK ]  |  6142 | 0x00003bfe | 0x00 | 0x00
[OK ]  |  6143 | 0x00003bff | 0x00 | 0x00
[OK ]  |  6144 | 0x00003c00 | 0x57 | 0x57
[OK ]  |  6145 | 0x00003c01 | 0xc4 | 0xc4
[OK ]  |  6146 | 0x00003c02 | 0xfe | 0xfe
[OK ]  |  6147 | 0x00003c03 | 0xff | 0xff
[OK ]  |  6148 | 0x00003c04 | 0x0c | 0x0c
[OK ]  |  6149 | 0x00003c05 | 0xdd | 0xdd
[OK ]  |  6150 | 0x00003c06 | 0xfe | 0xfe
[OK ]  |  6151 | 0x00003c07 | 0xff | 0xff
[OK ]  |  6152 | 0x00003c08 | 0x1c | 0x1c
[OK ]  |  6153 | 0x00003c09 | 0x90 | 0x90
[OK ]  |  6154 | 0x00003c0a | 0x00 | 0x00
[OK ]  |  6155 | 0x00003c0b | 0x00 | 0x00
[OK ]  |  6156 | 0x00003c0c | 0xa4 | 0xa4
[OK ]  |  6157 | 0x00003c0d | 0xd3 | 0xd3
[OK ]  |  6158 | 0x00003c0e | 0xff | 0xff
[OK ]  |  6159 | 0x00003c0f | 0xff | 0xff
[OK ]  |  6160 | 0x00003c10 | 0x2f | 0x2f
[OK ]  |  6161 | 0x00003c11 | 0xcf | 0xcf
[OK ]  |  6162 | 0x00003c12 | 0xff | 0xff
[OK ]  |  6163 | 0x00003c13 | 0xff | 0xff
[OK ]  |  6164 | 0x00003c14 | 0x9d | 0x9d
[OK ]  |  6165 | 0x00003c15 | 0x4a | 0x4a
[OK ]  |  6166 | 0x00003c16 | 0x00 | 0x00
[OK ]  |  6167 | 0x00003c17 | 0x00 | 0x00
[OK ]  |  6168 | 0x00003c18 | 0xa5 | 0xa5
[OK ]  |  6169 | 0x00003c19 | 0x95 | 0x95
[OK ]  |  6170 | 0x00003c1a | 0x00 | 0x00
[OK ]  |  6171 | 0x00003c1b | 0x00 | 0x00
[OK ]  |  6172 | 0x00003c1c | 0x76 | 0x76
[OK ]  |  6173 | 0x00003c1d | 0xad | 0xad
[OK ]  |  6174 | 0x00003c1e | 0x00 | 0x00
[OK ]  |  6175 | 0x00003c1f | 0x00 | 0x00
[OK ]  |  6176 | 0x00003c20 | 0x73 | 0x73
[OK ]  |  6177 | 0x00003c21 | 0xa5 | 0xa5
[OK ]  |  6178 | 0x00003c22 | 0xff | 0xff
[OK ]  |  6179 | 0x00003c23 | 0xff | 0xff
[OK ]  |  6180 | 0x00003c24 | 0xb7 | 0xb7
[OK ]  |  6181 | 0x00003c25 | 0x9c | 0x9c
[OK ]  |  6182 | 0x00003c26 | 0x00 | 0x00
[OK ]  |  6183 | 0x00003c27 | 0x00 | 0x00
[OK ]  |  6184 | 0x00003c28 | 0x59 | 0x59
[OK ]  |  6185 | 0x00003c29 | 0x22 | 0x22
[OK ]  |  6186 | 0x00003c2a | 0x00 | 0x00
[OK ]  |  6187 | 0x00003c2b | 0x00 | 0x00
[OK ]  |  6188 | 0x00003c2c | 0x2e | 0x2e
[OK ]  |  6189 | 0x00003c2d | 0x46 | 0x46
[OK ]  |  6190 | 0x00003c2e | 0x00 | 0x00
[OK ]  |  6191 | 0x00003c2f | 0x00 | 0x00
[OK ]  |  6192 | 0x00003c30 | 0xa2 | 0xa2
[OK ]  |  6193 | 0x00003c31 | 0x96 | 0x96
[OK ]  |  6194 | 0x00003c32 | 0xff | 0xff
[OK ]  |  6195 | 0x00003c33 | 0xff | 0xff
[OK ]  |  6196 | 0x00003c34 | 0xc1 | 0xc1
[OK ]  |  6197 | 0x00003c35 | 0xab | 0xab
[OK ]  |  6198 | 0x00003c36 | 0xff | 0xff
[OK ]  |  6199 | 0x00003c37 | 0xff | 0xff
[OK ]  |  6200 | 0x00003c38 | 0xf8 | 0xf8
[OK ]  |  6201 | 0x00003c39 | 0x79 | 0x79
[OK ]  |  6202 | 0x00003c3a | 0xff | 0xff
[OK ]  |  6203 | 0x00003c3b | 0xff | 0xff
[OK ]  |  6204 | 0x00003c3c | 0x14 | 0x14
[OK ]  |  6205 | 0x00003c3d | 0xb4 | 0xb4
[OK ]  |  6206 | 0x00003c3e | 0xff | 0xff
[OK ]  |  6207 | 0x00003c3f | 0xff | 0xff
[OK ]  |  6208 | 0x00003c40 | 0xb2 | 0xb2
[OK ]  |  6209 | 0x00003c41 | 0xdb | 0xdb
[OK ]  |  6210 | 0x00003c42 | 0xff | 0xff
[OK ]  |  6211 | 0x00003c43 | 0xff | 0xff
[OK ]  |  6212 | 0x00003c44 | 0xe6 | 0xe6
[OK ]  |  6213 | 0x00003c45 | 0x5b | 0x5b
[OK ]  |  6214 | 0x00003c46 | 0x00 | 0x00
[OK ]  |  6215 | 0x00003c47 | 0x00 | 0x00
[OK ]  |  6216 | 0x00003c48 | 0xed | 0xed
[OK ]  |  6217 | 0x00003c49 | 0xce | 0xce
[OK ]  |  6218 | 0x00003c4a | 0x00 | 0x00
[OK ]  |  6219 | 0x00003c4b | 0x00 | 0x00
[OK ]  |  6220 | 0x00003c4c | 0xe2 | 0xe2
[OK ]  |  6221 | 0x00003c4d | 0xca | 0xca
[OK ]  |  6222 | 0x00003c4e | 0x00 | 0x00
[OK ]  |  6223 | 0x00003c4f | 0x00 | 0x00
[OK ]  |  6224 | 0x00003c50 | 0x55 | 0x55
[OK ]  |  6225 | 0x00003c51 | 0x64 | 0x64
[OK ]  |  6226 | 0x00003c52 | 0xff | 0xff
[OK ]  |  6227 | 0x00003c53 | 0xff | 0xff
[OK ]  |  6228 | 0x00003c54 | 0x10 | 0x10
[OK ]  |  6229 | 0x00003c55 | 0x23 | 0x23
[OK ]  |  6230 | 0x00003c56 | 0xff | 0xff
[OK ]  |  6231 | 0x00003c57 | 0xff | 0xff
[OK ]  |  6232 | 0x00003c58 | 0xf6 | 0xf6
[OK ]  |  6233 | 0x00003c59 | 0x95 | 0x95
[OK ]  |  6234 | 0x00003c5a | 0xff | 0xff
[OK ]  |  6235 | 0x00003c5b | 0xff | 0xff
[OK ]  |  6236 | 0x00003c5c | 0x8e | 0x8e
[OK ]  |  6237 | 0x00003c5d | 0x61 | 0x61
[OK ]  |  6238 | 0x00003c5e | 0x00 | 0x00
[OK ]  |  6239 | 0x00003c5f | 0x00 | 0x00
[OK ]  |  6240 | 0x00003c60 | 0x37 | 0x37
[OK ]  |  6241 | 0x00003c61 | 0xd1 | 0xd1
[OK ]  |  6242 | 0x00003c62 | 0xfe | 0xfe
[OK ]  |  6243 | 0x00003c63 | 0xff | 0xff
[OK ]  |  6244 | 0x00003c64 | 0x85 | 0x85
[OK ]  |  6245 | 0x00003c65 | 0xa3 | 0xa3
[OK ]  |  6246 | 0x00003c66 | 0x00 | 0x00
[OK ]  |  6247 | 0x00003c67 | 0x00 | 0x00
[OK ]  |  6248 | 0x00003c68 | 0x4f | 0x4f
[OK ]  |  6249 | 0x00003c69 | 0xd0 | 0xd0
[OK ]  |  6250 | 0x00003c6a | 0xff | 0xff
[OK ]  |  6251 | 0x00003c6b | 0xff | 0xff
[OK ]  |  6252 | 0x00003c6c | 0x60 | 0x60
[OK ]  |  6253 | 0x00003c6d | 0xa9 | 0xa9
[OK ]  |  6254 | 0x00003c6e | 0x00 | 0x00
[OK ]  |  6255 | 0x00003c6f | 0x00 | 0x00
[OK ]  |  6256 | 0x00003c70 | 0x5e | 0x5e
[OK ]  |  6257 | 0x00003c71 | 0x42 | 0x42
[OK ]  |  6258 | 0x00003c72 | 0xff | 0xff
[OK ]  |  6259 | 0x00003c73 | 0xff | 0xff
[OK ]  |  6260 | 0x00003c74 | 0x02 | 0x02
[OK ]  |  6261 | 0x00003c75 | 0x48 | 0x48
[OK ]  |  6262 | 0x00003c76 | 0xff | 0xff
[OK ]  |  6263 | 0x00003c77 | 0xff | 0xff
[OK ]  |  6264 | 0x00003c78 | 0x62 | 0x62
[OK ]  |  6265 | 0x00003c79 | 0x6a | 0x6a
[OK ]  |  6266 | 0x00003c7a | 0xff | 0xff
[OK ]  |  6267 | 0x00003c7b | 0xff | 0xff
[OK ]  |  6268 | 0x00003c7c | 0xe1 | 0xe1
[OK ]  |  6269 | 0x00003c7d | 0x54 | 0x54
[OK ]  |  6270 | 0x00003c7e | 0xff | 0xff
[OK ]  |  6271 | 0x00003c7f | 0xff | 0xff
[OK ]  |  6272 | 0x00003c80 | 0x10 | 0x10
[OK ]  |  6273 | 0x00003c81 | 0xfb | 0xfb
[OK ]  |  6274 | 0x00003c82 | 0xff | 0xff
[OK ]  |  6275 | 0x00003c83 | 0xff | 0xff
[OK ]  |  6276 | 0x00003c84 | 0xf7 | 0xf7
[OK ]  |  6277 | 0x00003c85 | 0x3b | 0x3b
[OK ]  |  6278 | 0x00003c86 | 0x00 | 0x00
[OK ]  |  6279 | 0x00003c87 | 0x00 | 0x00
[OK ]  |  6280 | 0x00003c88 | 0xdb | 0xdb
[OK ]  |  6281 | 0x00003c89 | 0x1d | 0x1d
[OK ]  |  6282 | 0x00003c8a | 0x00 | 0x00
[OK ]  |  6283 | 0x00003c8b | 0x00 | 0x00
[OK ]  |  6284 | 0x00003c8c | 0x9a | 0x9a
[OK ]  |  6285 | 0x00003c8d | 0xb8 | 0xb8
[OK ]  |  6286 | 0x00003c8e | 0xff | 0xff
[OK ]  |  6287 | 0x00003c8f | 0xff | 0xff
[OK ]  |  6288 | 0x00003c90 | 0xd6 | 0xd6
[OK ]  |  6289 | 0x00003c91 | 0x3c | 0x3c
[OK ]  |  6290 | 0x00003c92 | 0x00 | 0x00
[OK ]  |  6291 | 0x00003c93 | 0x00 | 0x00
[OK ]  |  6292 | 0x00003c94 | 0x74 | 0x74
[OK ]  |  6293 | 0x00003c95 | 0x04 | 0x04
[OK ]  |  6294 | 0x00003c96 | 0x00 | 0x00
[OK ]  |  6295 | 0x00003c97 | 0x00 | 0x00
[OK ]  |  6296 | 0x00003c98 | 0xb4 | 0xb4
[OK ]  |  6297 | 0x00003c99 | 0x50 | 0x50
[OK ]  |  6298 | 0x00003c9a | 0x00 | 0x00
[OK ]  |  6299 | 0x00003c9b | 0x00 | 0x00
[OK ]  |  6300 | 0x00003c9c | 0xbe | 0xbe
[OK ]  |  6301 | 0x00003c9d | 0x54 | 0x54
[OK ]  |  6302 | 0x00003c9e | 0x01 | 0x01
[OK ]  |  6303 | 0x00003c9f | 0x00 | 0x00
[OK ]  |  6304 | 0x00003ca0 | 0xb5 | 0xb5
[OK ]  |  6305 | 0x00003ca1 | 0xfd | 0xfd
[OK ]  |  6306 | 0x00003ca2 | 0xff | 0xff
[OK ]  |  6307 | 0x00003ca3 | 0xff | 0xff
[OK ]  |  6308 | 0x00003ca4 | 0x56 | 0x56
[OK ]  |  6309 | 0x00003ca5 | 0x14 | 0x14
[OK ]  |  6310 | 0x00003ca6 | 0x00 | 0x00
[OK ]  |  6311 | 0x00003ca7 | 0x00 | 0x00
[OK ]  |  6312 | 0x00003ca8 | 0x7a | 0x7a
[OK ]  |  6313 | 0x00003ca9 | 0x66 | 0x66
[OK ]  |  6314 | 0x00003caa | 0x00 | 0x00
[OK ]  |  6315 | 0x00003cab | 0x00 | 0x00
[OK ]  |  6316 | 0x00003cac | 0xca | 0xca
[OK ]  |  6317 | 0x00003cad | 0xc1 | 0xc1
[OK ]  |  6318 | 0x00003cae | 0xff | 0xff
[OK ]  |  6319 | 0x00003caf | 0xff | 0xff
[OK ]  |  6320 | 0x00003cb0 | 0x76 | 0x76
[OK ]  |  6321 | 0x00003cb1 | 0xdd | 0xdd
[OK ]  |  6322 | 0x00003cb2 | 0xff | 0xff
[OK ]  |  6323 | 0x00003cb3 | 0xff | 0xff
[OK ]  |  6324 | 0x00003cb4 | 0x9d | 0x9d
[OK ]  |  6325 | 0x00003cb5 | 0x31 | 0x31
[OK ]  |  6326 | 0x00003cb6 | 0x00 | 0x00
[OK ]  |  6327 | 0x00003cb7 | 0x00 | 0x00
[OK ]  |  6328 | 0x00003cb8 | 0x3a | 0x3a
[OK ]  |  6329 | 0x00003cb9 | 0xd3 | 0xd3
[OK ]  |  6330 | 0x00003cba | 0xff | 0xff
[OK ]  |  6331 | 0x00003cbb | 0xff | 0xff
[OK ]  |  6332 | 0x00003cbc | 0xb2 | 0xb2
[OK ]  |  6333 | 0x00003cbd | 0xf1 | 0xf1
[OK ]  |  6334 | 0x00003cbe | 0xff | 0xff
[OK ]  |  6335 | 0x00003cbf | 0xff | 0xff
[OK ]  |  6336 | 0x00003cc0 | 0xff | 0xff
[OK ]  |  6337 | 0x00003cc1 | 0xdc | 0xdc
[OK ]  |  6338 | 0x00003cc2 | 0xff | 0xff
[OK ]  |  6339 | 0x00003cc3 | 0xff | 0xff
[OK ]  |  6340 | 0x00003cc4 | 0x52 | 0x52
[OK ]  |  6341 | 0x00003cc5 | 0x0e | 0x0e
[OK ]  |  6342 | 0x00003cc6 | 0x00 | 0x00
[OK ]  |  6343 | 0x00003cc7 | 0x00 | 0x00
[OK ]  |  6344 | 0x00003cc8 | 0xc4 | 0xc4
[OK ]  |  6345 | 0x00003cc9 | 0x52 | 0x52
[OK ]  |  6346 | 0x00003cca | 0x00 | 0x00
[OK ]  |  6347 | 0x00003ccb | 0x00 | 0x00
[OK ]  |  6348 | 0x00003ccc | 0xc8 | 0xc8
[OK ]  |  6349 | 0x00003ccd | 0x40 | 0x40
[OK ]  |  6350 | 0x00003cce | 0x00 | 0x00
[OK ]  |  6351 | 0x00003ccf | 0x00 | 0x00
[OK ]  |  6352 | 0x00003cd0 | 0xa0 | 0xa0
[OK ]  |  6353 | 0x00003cd1 | 0x14 | 0x14
[OK ]  |  6354 | 0x00003cd2 | 0x00 | 0x00
[OK ]  |  6355 | 0x00003cd3 | 0x00 | 0x00
[OK ]  |  6356 | 0x00003cd4 | 0x3c | 0x3c
[OK ]  |  6357 | 0x00003cd5 | 0x50 | 0x50
[OK ]  |  6358 | 0x00003cd6 | 0x00 | 0x00
[OK ]  |  6359 | 0x00003cd7 | 0x00 | 0x00
[OK ]  |  6360 | 0x00003cd8 | 0xc2 | 0xc2
[OK ]  |  6361 | 0x00003cd9 | 0xaa | 0xaa
[OK ]  |  6362 | 0x00003cda | 0xff | 0xff
[OK ]  |  6363 | 0x00003cdb | 0xff | 0xff
[OK ]  |  6364 | 0x00003cdc | 0xf7 | 0xf7
[OK ]  |  6365 | 0x00003cdd | 0xc2 | 0xc2
[OK ]  |  6366 | 0x00003cde | 0xff | 0xff
[OK ]  |  6367 | 0x00003cdf | 0xff | 0xff
[OK ]  |  6368 | 0x00003ce0 | 0x09 | 0x09
[OK ]  |  6369 | 0x00003ce1 | 0x78 | 0x78
[OK ]  |  6370 | 0x00003ce2 | 0xff | 0xff
[OK ]  |  6371 | 0x00003ce3 | 0xff | 0xff
[OK ]  |  6372 | 0x00003ce4 | 0x2e | 0x2e
[OK ]  |  6373 | 0x00003ce5 | 0xad | 0xad
[OK ]  |  6374 | 0x00003ce6 | 0xff | 0xff
[OK ]  |  6375 | 0x00003ce7 | 0xff | 0xff
[OK ]  |  6376 | 0x00003ce8 | 0x59 | 0x59
[OK ]  |  6377 | 0x00003ce9 | 0xe7 | 0xe7
[OK ]  |  6378 | 0x00003cea | 0xff | 0xff
[OK ]  |  6379 | 0x00003ceb | 0xff | 0xff
[OK ]  |  6380 | 0x00003cec | 0x5e | 0x5e
[OK ]  |  6381 | 0x00003ced | 0x15 | 0x15
[OK ]  |  6382 | 0x00003cee | 0xff | 0xff
[OK ]  |  6383 | 0x00003cef | 0xff | 0xff
[OK ]  |  6384 | 0x00003cf0 | 0x06 | 0x06
[OK ]  |  6385 | 0x00003cf1 | 0x04 | 0x04
[OK ]  |  6386 | 0x00003cf2 | 0xff | 0xff
[OK ]  |  6387 | 0x00003cf3 | 0xff | 0xff
[OK ]  |  6388 | 0x00003cf4 | 0x40 | 0x40
[OK ]  |  6389 | 0x00003cf5 | 0x7d | 0x7d
[OK ]  |  6390 | 0x00003cf6 | 0x00 | 0x00
[OK ]  |  6391 | 0x00003cf7 | 0x00 | 0x00
[OK ]  |  6392 | 0x00003cf8 | 0xbb | 0xbb
[OK ]  |  6393 | 0x00003cf9 | 0x91 | 0x91
[OK ]  |  6394 | 0x00003cfa | 0xff | 0xff
[OK ]  |  6395 | 0x00003cfb | 0xff | 0xff
[OK ]  |  6396 | 0x00003cfc | 0x5b | 0x5b
[OK ]  |  6397 | 0x00003cfd | 0x80 | 0x80
[OK ]  |  6398 | 0x00003cfe | 0x00 | 0x00
[OK ]  |  6399 | 0x00003cff | 0x00 | 0x00
[OK ]  |  6400 | 0x00003d00 | 0xc5 | 0xc5
[OK ]  |  6401 | 0x00003d01 | 0xe6 | 0xe6
[OK ]  |  6402 | 0x00003d02 | 0x00 | 0x00
[OK ]  |  6403 | 0x00003d03 | 0x00 | 0x00
[OK ]  |  6404 | 0x00003d04 | 0x91 | 0x91
[OK ]  |  6405 | 0x00003d05 | 0x2f | 0x2f
[OK ]  |  6406 | 0x00003d06 | 0x00 | 0x00
[OK ]  |  6407 | 0x00003d07 | 0x00 | 0x00
[OK ]  |  6408 | 0x00003d08 | 0xdd | 0xdd
[OK ]  |  6409 | 0x00003d09 | 0x57 | 0x57
[OK ]  |  6410 | 0x00003d0a | 0x01 | 0x01
[OK ]  |  6411 | 0x00003d0b | 0x00 | 0x00
[OK ]  |  6412 | 0x00003d0c | 0x7f | 0x7f
[OK ]  |  6413 | 0x00003d0d | 0xc2 | 0xc2
[OK ]  |  6414 | 0x00003d0e | 0xff | 0xff
[OK ]  |  6415 | 0x00003d0f | 0xff | 0xff
[OK ]  |  6416 | 0x00003d10 | 0xd3 | 0xd3
[OK ]  |  6417 | 0x00003d11 | 0xca | 0xca
[OK ]  |  6418 | 0x00003d12 | 0xff | 0xff
[OK ]  |  6419 | 0x00003d13 | 0xff | 0xff
[OK ]  |  6420 | 0x00003d14 | 0x79 | 0x79
[OK ]  |  6421 | 0x00003d15 | 0x3d | 0x3d
[OK ]  |  6422 | 0x00003d16 | 0x00 | 0x00
[OK ]  |  6423 | 0x00003d17 | 0x00 | 0x00
[OK ]  |  6424 | 0x00003d18 | 0x87 | 0x87
[OK ]  |  6425 | 0x00003d19 | 0x49 | 0x49
[OK ]  |  6426 | 0x00003d1a | 0x00 | 0x00
[OK ]  |  6427 | 0x00003d1b | 0x00 | 0x00
[OK ]  |  6428 | 0x00003d1c | 0x19 | 0x19
[OK ]  |  6429 | 0x00003d1d | 0x5f | 0x5f
[OK ]  |  6430 | 0x00003d1e | 0x00 | 0x00
[OK ]  |  6431 | 0x00003d1f | 0x00 | 0x00
[OK ]  |  6432 | 0x00003d20 | 0xfb | 0xfb
[OK ]  |  6433 | 0x00003d21 | 0x1c | 0x1c
[OK ]  |  6434 | 0x00003d22 | 0x00 | 0x00
[OK ]  |  6435 | 0x00003d23 | 0x00 | 0x00
[OK ]  |  6436 | 0x00003d24 | 0x74 | 0x74
[OK ]  |  6437 | 0x00003d25 | 0x44 | 0x44
[OK ]  |  6438 | 0x00003d26 | 0x01 | 0x01
[OK ]  |  6439 | 0x00003d27 | 0x00 | 0x00
[OK ]  |  6440 | 0x00003d28 | 0xf1 | 0xf1
[OK ]  |  6441 | 0x00003d29 | 0x78 | 0x78
[OK ]  |  6442 | 0x00003d2a | 0x00 | 0x00
[OK ]  |  6443 | 0x00003d2b | 0x00 | 0x00
[OK ]  |  6444 | 0x00003d2c | 0x85 | 0x85
[OK ]  |  6445 | 0x00003d2d | 0x3d | 0x3d
[OK ]  |  6446 | 0x00003d2e | 0x00 | 0x00
[OK ]  |  6447 | 0x00003d2f | 0x00 | 0x00
[OK ]  |  6448 | 0x00003d30 | 0xbf | 0xbf
[OK ]  |  6449 | 0x00003d31 | 0x53 | 0x53
[OK ]  |  6450 | 0x00003d32 | 0x01 | 0x01
[OK ]  |  6451 | 0x00003d33 | 0x00 | 0x00
[OK ]  |  6452 | 0x00003d34 | 0x37 | 0x37
[OK ]  |  6453 | 0x00003d35 | 0xa8 | 0xa8
[OK ]  |  6454 | 0x00003d36 | 0x00 | 0x00
[OK ]  |  6455 | 0x00003d37 | 0x00 | 0x00
[OK ]  |  6456 | 0x00003d38 | 0x48 | 0x48
[OK ]  |  6457 | 0x00003d39 | 0x52 | 0x52
[OK ]  |  6458 | 0x00003d3a | 0x00 | 0x00
[OK ]  |  6459 | 0x00003d3b | 0x00 | 0x00
[OK ]  |  6460 | 0x00003d3c | 0x94 | 0x94
[OK ]  |  6461 | 0x00003d3d | 0x0c | 0x0c
[OK ]  |  6462 | 0x00003d3e | 0xff | 0xff
[OK ]  |  6463 | 0x00003d3f | 0xff | 0xff
[OK ]  |  6464 | 0x00003d40 | 0x29 | 0x29
[OK ]  |  6465 | 0x00003d41 | 0x7a | 0x7a
[OK ]  |  6466 | 0x00003d42 | 0x00 | 0x00
[OK ]  |  6467 | 0x00003d43 | 0x00 | 0x00
[OK ]  |  6468 | 0x00003d44 | 0x69 | 0x69
[OK ]  |  6469 | 0x00003d45 | 0x85 | 0x85
[OK ]  |  6470 | 0x00003d46 | 0xff | 0xff
[OK ]  |  6471 | 0x00003d47 | 0xff | 0xff
[OK ]  |  6472 | 0x00003d48 | 0x54 | 0x54
[OK ]  |  6473 | 0x00003d49 | 0x29 | 0x29
[OK ]  |  6474 | 0x00003d4a | 0xff | 0xff
[OK ]  |  6475 | 0x00003d4b | 0xff | 0xff
[OK ]  |  6476 | 0x00003d4c | 0xcd | 0xcd
[OK ]  |  6477 | 0x00003d4d | 0x2b | 0x2b
[OK ]  |  6478 | 0x00003d4e | 0x00 | 0x00
[OK ]  |  6479 | 0x00003d4f | 0x00 | 0x00
[OK ]  |  6480 | 0x00003d50 | 0x9b | 0x9b
[OK ]  |  6481 | 0x00003d51 | 0x04 | 0x04
[OK ]  |  6482 | 0x00003d52 | 0xff | 0xff
[OK ]  |  6483 | 0x00003d53 | 0xff | 0xff
[OK ]  |  6484 | 0x00003d54 | 0x59 | 0x59
[OK ]  |  6485 | 0x00003d55 | 0x2c | 0x2c
[OK ]  |  6486 | 0x00003d56 | 0x00 | 0x00
[OK ]  |  6487 | 0x00003d57 | 0x00 | 0x00
[OK ]  |  6488 | 0x00003d58 | 0xd0 | 0xd0
[OK ]  |  6489 | 0x00003d59 | 0x84 | 0x84
[OK ]  |  6490 | 0x00003d5a | 0xff | 0xff
[OK ]  |  6491 | 0x00003d5b | 0xff | 0xff
[OK ]  |  6492 | 0x00003d5c | 0x87 | 0x87
[OK ]  |  6493 | 0x00003d5d | 0x18 | 0x18
[OK ]  |  6494 | 0x00003d5e | 0xff | 0xff
[OK ]  |  6495 | 0x00003d5f | 0xff | 0xff
[OK ]  |  6496 | 0x00003d60 | 0x72 | 0x72
[OK ]  |  6497 | 0x00003d61 | 0x8e | 0x8e
[OK ]  |  6498 | 0x00003d62 | 0x00 | 0x00
[OK ]  |  6499 | 0x00003d63 | 0x00 | 0x00
[OK ]  |  6500 | 0x00003d64 | 0x29 | 0x29
[OK ]  |  6501 | 0x00003d65 | 0xd8 | 0xd8
[OK ]  |  6502 | 0x00003d66 | 0x00 | 0x00
[OK ]  |  6503 | 0x00003d67 | 0x00 | 0x00
[OK ]  |  6504 | 0x00003d68 | 0x4e | 0x4e
[OK ]  |  6505 | 0x00003d69 | 0x1b | 0x1b
[OK ]  |  6506 | 0x00003d6a | 0x00 | 0x00
[OK ]  |  6507 | 0x00003d6b | 0x00 | 0x00
[OK ]  |  6508 | 0x00003d6c | 0xef | 0xef
[OK ]  |  6509 | 0x00003d6d | 0x45 | 0x45
[OK ]  |  6510 | 0x00003d6e | 0x00 | 0x00
[OK ]  |  6511 | 0x00003d6f | 0x00 | 0x00
[OK ]  |  6512 | 0x00003d70 | 0x6f | 0x6f
[OK ]  |  6513 | 0x00003d71 | 0x13 | 0x13
[OK ]  |  6514 | 0x00003d72 | 0x01 | 0x01
[OK ]  |  6515 | 0x00003d73 | 0x00 | 0x00
[OK ]  |  6516 | 0x00003d74 | 0xa4 | 0xa4
[OK ]  |  6517 | 0x00003d75 | 0x9d | 0x9d
[OK ]  |  6518 | 0x00003d76 | 0x00 | 0x00
[OK ]  |  6519 | 0x00003d77 | 0x00 | 0x00
[OK ]  |  6520 | 0x00003d78 | 0x07 | 0x07
[OK ]  |  6521 | 0x00003d79 | 0x39 | 0x39
[OK ]  |  6522 | 0x00003d7a | 0xff | 0xff
[OK ]  |  6523 | 0x00003d7b | 0xff | 0xff
[OK ]  |  6524 | 0x00003d7c | 0x37 | 0x37
[OK ]  |  6525 | 0x00003d7d | 0x92 | 0x92
[OK ]  |  6526 | 0x00003d7e | 0x00 | 0x00
[OK ]  |  6527 | 0x00003d7f | 0x00 | 0x00
[OK ]  |  6528 | 0x00003d80 | 0xf8 | 0xf8
[OK ]  |  6529 | 0x00003d81 | 0x7a | 0x7a
[OK ]  |  6530 | 0x00003d82 | 0xff | 0xff
[OK ]  |  6531 | 0x00003d83 | 0xff | 0xff
[OK ]  |  6532 | 0x00003d84 | 0x7e | 0x7e
[OK ]  |  6533 | 0x00003d85 | 0x2f | 0x2f
[OK ]  |  6534 | 0x00003d86 | 0xfe | 0xfe
[OK ]  |  6535 | 0x00003d87 | 0xff | 0xff
[OK ]  |  6536 | 0x00003d88 | 0x49 | 0x49
[OK ]  |  6537 | 0x00003d89 | 0xf9 | 0xf9
[OK ]  |  6538 | 0x00003d8a | 0xff | 0xff
[OK ]  |  6539 | 0x00003d8b | 0xff | 0xff
[OK ]  |  6540 | 0x00003d8c | 0x1e | 0x1e
[OK ]  |  6541 | 0x00003d8d | 0x61 | 0x61
[OK ]  |  6542 | 0x00003d8e | 0xff | 0xff
[OK ]  |  6543 | 0x00003d8f | 0xff | 0xff
[OK ]  |  6544 | 0x00003d90 | 0x35 | 0x35
[OK ]  |  6545 | 0x00003d91 | 0xfd | 0xfd
[OK ]  |  6546 | 0x00003d92 | 0xfe | 0xfe
[OK ]  |  6547 | 0x00003d93 | 0xff | 0xff
[OK ]  |  6548 | 0x00003d94 | 0x97 | 0x97
[OK ]  |  6549 | 0x00003d95 | 0x89 | 0x89
[OK ]  |  6550 | 0x00003d96 | 0xff | 0xff
[OK ]  |  6551 | 0x00003d97 | 0xff | 0xff
[OK ]  |  6552 | 0x00003d98 | 0xec | 0xec
[OK ]  |  6553 | 0x00003d99 | 0xfa | 0xfa
[OK ]  |  6554 | 0x00003d9a | 0xff | 0xff
[OK ]  |  6555 | 0x00003d9b | 0xff | 0xff
[OK ]  |  6556 | 0x00003d9c | 0x40 | 0x40
[OK ]  |  6557 | 0x00003d9d | 0x3d | 0x3d
[OK ]  |  6558 | 0x00003d9e | 0xff | 0xff
[OK ]  |  6559 | 0x00003d9f | 0xff | 0xff
[OK ]  |  6560 | 0x00003da0 | 0xb9 | 0xb9
[OK ]  |  6561 | 0x00003da1 | 0xd2 | 0xd2
[OK ]  |  6562 | 0x00003da2 | 0xff | 0xff
[OK ]  |  6563 | 0x00003da3 | 0xff | 0xff
[OK ]  |  6564 | 0x00003da4 | 0xd6 | 0xd6
[OK ]  |  6565 | 0x00003da5 | 0x35 | 0x35
[OK ]  |  6566 | 0x00003da6 | 0xff | 0xff
[OK ]  |  6567 | 0x00003da7 | 0xff | 0xff
[OK ]  |  6568 | 0x00003da8 | 0xc8 | 0xc8
[OK ]  |  6569 | 0x00003da9 | 0xe1 | 0xe1
[OK ]  |  6570 | 0x00003daa | 0xfe | 0xfe
[OK ]  |  6571 | 0x00003dab | 0xff | 0xff
[OK ]  |  6572 | 0x00003dac | 0x5d | 0x5d
[OK ]  |  6573 | 0x00003dad | 0xa1 | 0xa1
[OK ]  |  6574 | 0x00003dae | 0x00 | 0x00
[OK ]  |  6575 | 0x00003daf | 0x00 | 0x00
[OK ]  |  6576 | 0x00003db0 | 0x53 | 0x53
[OK ]  |  6577 | 0x00003db1 | 0x2d | 0x2d
[OK ]  |  6578 | 0x00003db2 | 0xfe | 0xfe
[OK ]  |  6579 | 0x00003db3 | 0xff | 0xff
[OK ]  |  6580 | 0x00003db4 | 0x2e | 0x2e
[OK ]  |  6581 | 0x00003db5 | 0x00 | 0x00
[OK ]  |  6582 | 0x00003db6 | 0x01 | 0x01
[OK ]  |  6583 | 0x00003db7 | 0x00 | 0x00
[OK ]  |  6584 | 0x00003db8 | 0xd6 | 0xd6
[OK ]  |  6585 | 0x00003db9 | 0x02 | 0x02
[OK ]  |  6586 | 0x00003dba | 0xff | 0xff
[OK ]  |  6587 | 0x00003dbb | 0xff | 0xff
[OK ]  |  6588 | 0x00003dbc | 0x85 | 0x85
[OK ]  |  6589 | 0x00003dbd | 0x89 | 0x89
[OK ]  |  6590 | 0x00003dbe | 0xff | 0xff
[OK ]  |  6591 | 0x00003dbf | 0xff | 0xff
[OK ]  |  6592 | 0x00003dc0 | 0xda | 0xda
[OK ]  |  6593 | 0x00003dc1 | 0xe9 | 0xe9
[OK ]  |  6594 | 0x00003dc2 | 0x00 | 0x00
[OK ]  |  6595 | 0x00003dc3 | 0x00 | 0x00
[OK ]  |  6596 | 0x00003dc4 | 0xc0 | 0xc0
[OK ]  |  6597 | 0x00003dc5 | 0xc0 | 0xc0
[OK ]  |  6598 | 0x00003dc6 | 0xff | 0xff
[OK ]  |  6599 | 0x00003dc7 | 0xff | 0xff
[OK ]  |  6600 | 0x00003dc8 | 0x0d | 0x0d
[OK ]  |  6601 | 0x00003dc9 | 0x63 | 0x63
[OK ]  |  6602 | 0x00003dca | 0x00 | 0x00
[OK ]  |  6603 | 0x00003dcb | 0x00 | 0x00
[OK ]  |  6604 | 0x00003dcc | 0xb2 | 0xb2
[OK ]  |  6605 | 0x00003dcd | 0xff | 0xff
[OK ]  |  6606 | 0x00003dce | 0x00 | 0x00
[OK ]  |  6607 | 0x00003dcf | 0x00 | 0x00
[OK ]  |  6608 | 0x00003dd0 | 0x31 | 0x31
[OK ]  |  6609 | 0x00003dd1 | 0xef | 0xef
[OK ]  |  6610 | 0x00003dd2 | 0xff | 0xff
[OK ]  |  6611 | 0x00003dd3 | 0xff | 0xff
[OK ]  |  6612 | 0x00003dd4 | 0xf3 | 0xf3
[OK ]  |  6613 | 0x00003dd5 | 0xa2 | 0xa2
[OK ]  |  6614 | 0x00003dd6 | 0x00 | 0x00
[OK ]  |  6615 | 0x00003dd7 | 0x00 | 0x00
[OK ]  |  6616 | 0x00003dd8 | 0xdf | 0xdf
[OK ]  |  6617 | 0x00003dd9 | 0x5c | 0x5c
[OK ]  |  6618 | 0x00003dda | 0xfe | 0xfe
[OK ]  |  6619 | 0x00003ddb | 0xff | 0xff
[OK ]  |  6620 | 0x00003ddc | 0xb2 | 0xb2
[OK ]  |  6621 | 0x00003ddd | 0xb6 | 0xb6
[OK ]  |  6622 | 0x00003dde | 0x00 | 0x00
[OK ]  |  6623 | 0x00003ddf | 0x00 | 0x00
[OK ]  |  6624 | 0x00003de0 | 0x55 | 0x55
[OK ]  |  6625 | 0x00003de1 | 0x90 | 0x90
[OK ]  |  6626 | 0x00003de2 | 0xff | 0xff
[OK ]  |  6627 | 0x00003de3 | 0xff | 0xff
[OK ]  |  6628 | 0x00003de4 | 0x95 | 0x95
[OK ]  |  6629 | 0x00003de5 | 0x73 | 0x73
[OK ]  |  6630 | 0x00003de6 | 0xfe | 0xfe
[OK ]  |  6631 | 0x00003de7 | 0xff | 0xff
[OK ]  |  6632 | 0x00003de8 | 0x3f | 0x3f
[OK ]  |  6633 | 0x00003de9 | 0x2f | 0x2f
[OK ]  |  6634 | 0x00003dea | 0x00 | 0x00
[OK ]  |  6635 | 0x00003deb | 0x00 | 0x00
[OK ]  |  6636 | 0x00003dec | 0x8f | 0x8f
[OK ]  |  6637 | 0x00003ded | 0x8d | 0x8d
[OK ]  |  6638 | 0x00003dee | 0x00 | 0x00
[OK ]  |  6639 | 0x00003def | 0x00 | 0x00
[OK ]  |  6640 | 0x00003df0 | 0x78 | 0x78
[OK ]  |  6641 | 0x00003df1 | 0x4c | 0x4c
[OK ]  |  6642 | 0x00003df2 | 0x00 | 0x00
[OK ]  |  6643 | 0x00003df3 | 0x00 | 0x00
[OK ]  |  6644 | 0x00003df4 | 0xef | 0xef
[OK ]  |  6645 | 0x00003df5 | 0x52 | 0x52
[OK ]  |  6646 | 0x00003df6 | 0xff | 0xff
[OK ]  |  6647 | 0x00003df7 | 0xff | 0xff
[OK ]  |  6648 | 0x00003df8 | 0x39 | 0x39
[OK ]  |  6649 | 0x00003df9 | 0x07 | 0x07
[OK ]  |  6650 | 0x00003dfa | 0x01 | 0x01
[OK ]  |  6651 | 0x00003dfb | 0x00 | 0x00
[OK ]  |  6652 | 0x00003dfc | 0xe8 | 0xe8
[OK ]  |  6653 | 0x00003dfd | 0xd6 | 0xd6
[OK ]  |  6654 | 0x00003dfe | 0xff | 0xff
[OK ]  |  6655 | 0x00003dff | 0xff | 0xff
[OK ]  |  6656 | 0x00003e00 | 0xca | 0xca
[OK ]  |  6657 | 0x00003e01 | 0xbb | 0xbb
[OK ]  |  6658 | 0x00003e02 | 0xff | 0xff
[OK ]  |  6659 | 0x00003e03 | 0xff | 0xff
[OK ]  |  6660 | 0x00003e04 | 0x6e | 0x6e
[OK ]  |  6661 | 0x00003e05 | 0x8c | 0x8c
[OK ]  |  6662 | 0x00003e06 | 0x00 | 0x00
[OK ]  |  6663 | 0x00003e07 | 0x00 | 0x00
[OK ]  |  6664 | 0x00003e08 | 0x2f | 0x2f
[OK ]  |  6665 | 0x00003e09 | 0xdb | 0xdb
[OK ]  |  6666 | 0x00003e0a | 0xfe | 0xfe
[OK ]  |  6667 | 0x00003e0b | 0xff | 0xff
[OK ]  |  6668 | 0x00003e0c | 0x62 | 0x62
[OK ]  |  6669 | 0x00003e0d | 0xf0 | 0xf0
[OK ]  |  6670 | 0x00003e0e | 0x00 | 0x00
[OK ]  |  6671 | 0x00003e0f | 0x00 | 0x00
[OK ]  |  6672 | 0x00003e10 | 0x4d | 0x4d
[OK ]  |  6673 | 0x00003e11 | 0x64 | 0x64
[OK ]  |  6674 | 0x00003e12 | 0x00 | 0x00
[OK ]  |  6675 | 0x00003e13 | 0x00 | 0x00
[OK ]  |  6676 | 0x00003e14 | 0xc5 | 0xc5
[OK ]  |  6677 | 0x00003e15 | 0xa0 | 0xa0
[OK ]  |  6678 | 0x00003e16 | 0x00 | 0x00
[OK ]  |  6679 | 0x00003e17 | 0x00 | 0x00
[OK ]  |  6680 | 0x00003e18 | 0xfc | 0xfc
[OK ]  |  6681 | 0x00003e19 | 0x7f | 0x7f
[OK ]  |  6682 | 0x00003e1a | 0xfe | 0xfe
[OK ]  |  6683 | 0x00003e1b | 0xff | 0xff
[OK ]  |  6684 | 0x00003e1c | 0xaa | 0xaa
[OK ]  |  6685 | 0x00003e1d | 0x06 | 0x06
[OK ]  |  6686 | 0x00003e1e | 0xff | 0xff
[OK ]  |  6687 | 0x00003e1f | 0xff | 0xff
[OK ]  |  6688 | 0x00003e20 | 0x9d | 0x9d
[OK ]  |  6689 | 0x00003e21 | 0x1f | 0x1f
[OK ]  |  6690 | 0x00003e22 | 0xff | 0xff
[OK ]  |  6691 | 0x00003e23 | 0xff | 0xff
[OK ]  |  6692 | 0x00003e24 | 0x6f | 0x6f
[OK ]  |  6693 | 0x00003e25 | 0x11 | 0x11
[OK ]  |  6694 | 0x00003e26 | 0xff | 0xff
[OK ]  |  6695 | 0x00003e27 | 0xff | 0xff
[OK ]  |  6696 | 0x00003e28 | 0x4b | 0x4b
[OK ]  |  6697 | 0x00003e29 | 0x11 | 0x11
[OK ]  |  6698 | 0x00003e2a | 0x01 | 0x01
[OK ]  |  6699 | 0x00003e2b | 0x00 | 0x00
[OK ]  |  6700 | 0x00003e2c | 0x97 | 0x97
[OK ]  |  6701 | 0x00003e2d | 0x2e | 0x2e
[OK ]  |  6702 | 0x00003e2e | 0x01 | 0x01
[OK ]  |  6703 | 0x00003e2f | 0x00 | 0x00
[OK ]  |  6704 | 0x00003e30 | 0x97 | 0x97
[OK ]  |  6705 | 0x00003e31 | 0x9d | 0x9d
[OK ]  |  6706 | 0x00003e32 | 0xfe | 0xfe
[OK ]  |  6707 | 0x00003e33 | 0xff | 0xff
[OK ]  |  6708 | 0x00003e34 | 0xa2 | 0xa2
[OK ]  |  6709 | 0x00003e35 | 0x7f | 0x7f
[OK ]  |  6710 | 0x00003e36 | 0x01 | 0x01
[OK ]  |  6711 | 0x00003e37 | 0x00 | 0x00
[OK ]  |  6712 | 0x00003e38 | 0xcb | 0xcb
[OK ]  |  6713 | 0x00003e39 | 0x3c | 0x3c
[OK ]  |  6714 | 0x00003e3a | 0x01 | 0x01
[OK ]  |  6715 | 0x00003e3b | 0x00 | 0x00
[OK ]  |  6716 | 0x00003e3c | 0xc2 | 0xc2
[OK ]  |  6717 | 0x00003e3d | 0x54 | 0x54
[OK ]  |  6718 | 0x00003e3e | 0xff | 0xff
[OK ]  |  6719 | 0x00003e3f | 0xff | 0xff
[OK ]  |  6720 | 0x00003e40 | 0x93 | 0x93
[OK ]  |  6721 | 0x00003e41 | 0x3d | 0x3d
[OK ]  |  6722 | 0x00003e42 | 0x01 | 0x01
[OK ]  |  6723 | 0x00003e43 | 0x00 | 0x00
[OK ]  |  6724 | 0x00003e44 | 0x4f | 0x4f
[OK ]  |  6725 | 0x00003e45 | 0xd1 | 0xd1
[OK ]  |  6726 | 0x00003e46 | 0x00 | 0x00
[OK ]  |  6727 | 0x00003e47 | 0x00 | 0x00
[OK ]  |  6728 | 0x00003e48 | 0x28 | 0x28
[OK ]  |  6729 | 0x00003e49 | 0x09 | 0x09
[OK ]  |  6730 | 0x00003e4a | 0x00 | 0x00
[OK ]  |  6731 | 0x00003e4b | 0x00 | 0x00
[OK ]  |  6732 | 0x00003e4c | 0xb6 | 0xb6
[OK ]  |  6733 | 0x00003e4d | 0xc3 | 0xc3
[OK ]  |  6734 | 0x00003e4e | 0xff | 0xff
[OK ]  |  6735 | 0x00003e4f | 0xff | 0xff
[OK ]  |  6736 | 0x00003e50 | 0xac | 0xac
[OK ]  |  6737 | 0x00003e51 | 0x09 | 0x09
[OK ]  |  6738 | 0x00003e52 | 0x00 | 0x00
[OK ]  |  6739 | 0x00003e53 | 0x00 | 0x00
[OK ]  |  6740 | 0x00003e54 | 0x4d | 0x4d
[OK ]  |  6741 | 0x00003e55 | 0xfa | 0xfa
[OK ]  |  6742 | 0x00003e56 | 0xff | 0xff
[OK ]  |  6743 | 0x00003e57 | 0xff | 0xff
[OK ]  |  6744 | 0x00003e58 | 0xbe | 0xbe
[OK ]  |  6745 | 0x00003e59 | 0xd7 | 0xd7
[OK ]  |  6746 | 0x00003e5a | 0x00 | 0x00
[OK ]  |  6747 | 0x00003e5b | 0x00 | 0x00
[OK ]  |  6748 | 0x00003e5c | 0x4c | 0x4c
[OK ]  |  6749 | 0x00003e5d | 0x50 | 0x50
[OK ]  |  6750 | 0x00003e5e | 0x00 | 0x00
[OK ]  |  6751 | 0x00003e5f | 0x00 | 0x00
[OK ]  |  6752 | 0x00003e60 | 0x74 | 0x74
[OK ]  |  6753 | 0x00003e61 | 0x2a | 0x2a
[OK ]  |  6754 | 0x00003e62 | 0xff | 0xff
[OK ]  |  6755 | 0x00003e63 | 0xff | 0xff
[OK ]  |  6756 | 0x00003e64 | 0x74 | 0x74
[OK ]  |  6757 | 0x00003e65 | 0x2c | 0x2c
[OK ]  |  6758 | 0x00003e66 | 0x00 | 0x00
[OK ]  |  6759 | 0x00003e67 | 0x00 | 0x00
[OK ]  |  6760 | 0x00003e68 | 0x04 | 0x04
[OK ]  |  6761 | 0x00003e69 | 0x53 | 0x53
[OK ]  |  6762 | 0x00003e6a | 0x00 | 0x00
[OK ]  |  6763 | 0x00003e6b | 0x00 | 0x00
[OK ]  |  6764 | 0x00003e6c | 0xc1 | 0xc1
[OK ]  |  6765 | 0x00003e6d | 0x14 | 0x14
[OK ]  |  6766 | 0x00003e6e | 0x00 | 0x00
[OK ]  |  6767 | 0x00003e6f | 0x00 | 0x00
[OK ]  |  6768 | 0x00003e70 | 0xdf | 0xdf
[OK ]  |  6769 | 0x00003e71 | 0xf0 | 0xf0
[OK ]  |  6770 | 0x00003e72 | 0x00 | 0x00
[OK ]  |  6771 | 0x00003e73 | 0x00 | 0x00
[OK ]  |  6772 | 0x00003e74 | 0x2e | 0x2e
[OK ]  |  6773 | 0x00003e75 | 0xa1 | 0xa1
[OK ]  |  6774 | 0x00003e76 | 0x00 | 0x00
[OK ]  |  6775 | 0x00003e77 | 0x00 | 0x00
[OK ]  |  6776 | 0x00003e78 | 0xf5 | 0xf5
[OK ]  |  6777 | 0x00003e79 | 0xe8 | 0xe8
[OK ]  |  6778 | 0x00003e7a | 0xff | 0xff
[OK ]  |  6779 | 0x00003e7b | 0xff | 0xff
[OK ]  |  6780 | 0x00003e7c | 0xb8 | 0xb8
[OK ]  |  6781 | 0x00003e7d | 0x40 | 0x40
[OK ]  |  6782 | 0x00003e7e | 0x00 | 0x00
[OK ]  |  6783 | 0x00003e7f | 0x00 | 0x00
[OK ]  |  6784 | 0x00003e80 | 0x56 | 0x56
[OK ]  |  6785 | 0x00003e81 | 0x5f | 0x5f
[OK ]  |  6786 | 0x00003e82 | 0x00 | 0x00
[OK ]  |  6787 | 0x00003e83 | 0x00 | 0x00
[OK ]  |  6788 | 0x00003e84 | 0xe2 | 0xe2
[OK ]  |  6789 | 0x00003e85 | 0x08 | 0x08
[OK ]  |  6790 | 0x00003e86 | 0xfd | 0xfd
[OK ]  |  6791 | 0x00003e87 | 0xff | 0xff
[OK ]  |  6792 | 0x00003e88 | 0x62 | 0x62
[OK ]  |  6793 | 0x00003e89 | 0x04 | 0x04
[OK ]  |  6794 | 0x00003e8a | 0xff | 0xff
[OK ]  |  6795 | 0x00003e8b | 0xff | 0xff
[OK ]  |  6796 | 0x00003e8c | 0x0a | 0x0a
[OK ]  |  6797 | 0x00003e8d | 0x4f | 0x4f
[OK ]  |  6798 | 0x00003e8e | 0xff | 0xff
[OK ]  |  6799 | 0x00003e8f | 0xff | 0xff
[OK ]  |  6800 | 0x00003e90 | 0x1c | 0x1c
[OK ]  |  6801 | 0x00003e91 | 0xf4 | 0xf4
[OK ]  |  6802 | 0x00003e92 | 0xff | 0xff
[OK ]  |  6803 | 0x00003e93 | 0xff | 0xff
[OK ]  |  6804 | 0x00003e94 | 0xaa | 0xaa
[OK ]  |  6805 | 0x00003e95 | 0xd7 | 0xd7
[OK ]  |  6806 | 0x00003e96 | 0xff | 0xff
[OK ]  |  6807 | 0x00003e97 | 0xff | 0xff
[OK ]  |  6808 | 0x00003e98 | 0x74 | 0x74
[OK ]  |  6809 | 0x00003e99 | 0xd6 | 0xd6
[OK ]  |  6810 | 0x00003e9a | 0xff | 0xff
[OK ]  |  6811 | 0x00003e9b | 0xff | 0xff
[OK ]  |  6812 | 0x00003e9c | 0x76 | 0x76
[OK ]  |  6813 | 0x00003e9d | 0xbe | 0xbe
[OK ]  |  6814 | 0x00003e9e | 0xfd | 0xfd
[OK ]  |  6815 | 0x00003e9f | 0xff | 0xff
[OK ]  |  6816 | 0x00003ea0 | 0xec | 0xec
[OK ]  |  6817 | 0x00003ea1 | 0xba | 0xba
[OK ]  |  6818 | 0x00003ea2 | 0xff | 0xff
[OK ]  |  6819 | 0x00003ea3 | 0xff | 0xff
[OK ]  |  6820 | 0x00003ea4 | 0xb6 | 0xb6
[OK ]  |  6821 | 0x00003ea5 | 0x4b | 0x4b
[OK ]  |  6822 | 0x00003ea6 | 0x00 | 0x00
[OK ]  |  6823 | 0x00003ea7 | 0x00 | 0x00
[OK ]  |  6824 | 0x00003ea8 | 0x0f | 0x0f
[OK ]  |  6825 | 0x00003ea9 | 0xb3 | 0xb3
[OK ]  |  6826 | 0x00003eaa | 0x00 | 0x00
[OK ]  |  6827 | 0x00003eab | 0x00 | 0x00
[OK ]  |  6828 | 0x00003eac | 0x99 | 0x99
[OK ]  |  6829 | 0x00003ead | 0x95 | 0x95
[OK ]  |  6830 | 0x00003eae | 0xfe | 0xfe
[OK ]  |  6831 | 0x00003eaf | 0xff | 0xff
[OK ]  |  6832 | 0x00003eb0 | 0xd5 | 0xd5
[OK ]  |  6833 | 0x00003eb1 | 0x62 | 0x62
[OK ]  |  6834 | 0x00003eb2 | 0xfe | 0xfe
[OK ]  |  6835 | 0x00003eb3 | 0xff | 0xff
[OK ]  |  6836 | 0x00003eb4 | 0x2f | 0x2f
[OK ]  |  6837 | 0x00003eb5 | 0x9c | 0x9c
[OK ]  |  6838 | 0x00003eb6 | 0x00 | 0x00
[OK ]  |  6839 | 0x00003eb7 | 0x00 | 0x00
[OK ]  |  6840 | 0x00003eb8 | 0x86 | 0x86
[OK ]  |  6841 | 0x00003eb9 | 0x60 | 0x60
[OK ]  |  6842 | 0x00003eba | 0x00 | 0x00
[OK ]  |  6843 | 0x00003ebb | 0x00 | 0x00
[OK ]  |  6844 | 0x00003ebc | 0x5e | 0x5e
[OK ]  |  6845 | 0x00003ebd | 0xef | 0xef
[OK ]  |  6846 | 0x00003ebe | 0x00 | 0x00
[OK ]  |  6847 | 0x00003ebf | 0x00 | 0x00
[OK ]  |  6848 | 0x00003ec0 | 0xea | 0xea
[OK ]  |  6849 | 0x00003ec1 | 0x1f | 0x1f
[OK ]  |  6850 | 0x00003ec2 | 0x00 | 0x00
[OK ]  |  6851 | 0x00003ec3 | 0x00 | 0x00
[OK ]  |  6852 | 0x00003ec4 | 0xb6 | 0xb6
[OK ]  |  6853 | 0x00003ec5 | 0xc0 | 0xc0
[OK ]  |  6854 | 0x00003ec6 | 0xff | 0xff
[OK ]  |  6855 | 0x00003ec7 | 0xff | 0xff
[OK ]  |  6856 | 0x00003ec8 | 0x27 | 0x27
[OK ]  |  6857 | 0x00003ec9 | 0x5f | 0x5f
[OK ]  |  6858 | 0x00003eca | 0xff | 0xff
[OK ]  |  6859 | 0x00003ecb | 0xff | 0xff
[OK ]  |  6860 | 0x00003ecc | 0xd4 | 0xd4
[OK ]  |  6861 | 0x00003ecd | 0xf1 | 0xf1
[OK ]  |  6862 | 0x00003ece | 0xff | 0xff
[OK ]  |  6863 | 0x00003ecf | 0xff | 0xff
[OK ]  |  6864 | 0x00003ed0 | 0xb6 | 0xb6
[OK ]  |  6865 | 0x00003ed1 | 0x3d | 0x3d
[OK ]  |  6866 | 0x00003ed2 | 0x01 | 0x01
[OK ]  |  6867 | 0x00003ed3 | 0x00 | 0x00
[OK ]  |  6868 | 0x00003ed4 | 0xaa | 0xaa
[OK ]  |  6869 | 0x00003ed5 | 0xc1 | 0xc1
[OK ]  |  6870 | 0x00003ed6 | 0xff | 0xff
[OK ]  |  6871 | 0x00003ed7 | 0xff | 0xff
[OK ]  |  6872 | 0x00003ed8 | 0x68 | 0x68
[OK ]  |  6873 | 0x00003ed9 | 0xad | 0xad
[OK ]  |  6874 | 0x00003eda | 0xfe | 0xfe
[OK ]  |  6875 | 0x00003edb | 0xff | 0xff
[OK ]  |  6876 | 0x00003edc | 0xb4 | 0xb4
[OK ]  |  6877 | 0x00003edd | 0x55 | 0x55
[OK ]  |  6878 | 0x00003ede | 0xfe | 0xfe
[OK ]  |  6879 | 0x00003edf | 0xff | 0xff
[OK ]  |  6880 | 0x00003ee0 | 0xa3 | 0xa3
[OK ]  |  6881 | 0x00003ee1 | 0x83 | 0x83
[OK ]  |  6882 | 0x00003ee2 | 0xff | 0xff
[OK ]  |  6883 | 0x00003ee3 | 0xff | 0xff
[OK ]  |  6884 | 0x00003ee4 | 0xf6 | 0xf6
[OK ]  |  6885 | 0x00003ee5 | 0xe6 | 0xe6
[OK ]  |  6886 | 0x00003ee6 | 0xff | 0xff
[OK ]  |  6887 | 0x00003ee7 | 0xff | 0xff
[OK ]  |  6888 | 0x00003ee8 | 0xb7 | 0xb7
[OK ]  |  6889 | 0x00003ee9 | 0xf1 | 0xf1
[OK ]  |  6890 | 0x00003eea | 0x00 | 0x00
[OK ]  |  6891 | 0x00003eeb | 0x00 | 0x00
[OK ]  |  6892 | 0x00003eec | 0x01 | 0x01
[OK ]  |  6893 | 0x00003eed | 0x44 | 0x44
[OK ]  |  6894 | 0x00003eee | 0x00 | 0x00
[OK ]  |  6895 | 0x00003eef | 0x00 | 0x00
[OK ]  |  6896 | 0x00003ef0 | 0x9d | 0x9d
[OK ]  |  6897 | 0x00003ef1 | 0x9a | 0x9a
[OK ]  |  6898 | 0x00003ef2 | 0x00 | 0x00
[OK ]  |  6899 | 0x00003ef3 | 0x00 | 0x00
[OK ]  |  6900 | 0x00003ef4 | 0xfd | 0xfd
[OK ]  |  6901 | 0x00003ef5 | 0xe6 | 0xe6
[OK ]  |  6902 | 0x00003ef6 | 0xfe | 0xfe
[OK ]  |  6903 | 0x00003ef7 | 0xff | 0xff
[OK ]  |  6904 | 0x00003ef8 | 0x89 | 0x89
[OK ]  |  6905 | 0x00003ef9 | 0x5a | 0x5a
[OK ]  |  6906 | 0x00003efa | 0x00 | 0x00
[OK ]  |  6907 | 0x00003efb | 0x00 | 0x00
[OK ]  |  6908 | 0x00003efc | 0x4c | 0x4c
[OK ]  |  6909 | 0x00003efd | 0x48 | 0x48
[OK ]  |  6910 | 0x00003efe | 0x01 | 0x01
[OK ]  |  6911 | 0x00003eff | 0x00 | 0x00
[OK ]  |  6912 | 0x00003f00 | 0x57 | 0x57
[OK ]  |  6913 | 0x00003f01 | 0x60 | 0x60
[OK ]  |  6914 | 0x00003f02 | 0x00 | 0x00
[OK ]  |  6915 | 0x00003f03 | 0x00 | 0x00
[OK ]  |  6916 | 0x00003f04 | 0x38 | 0x38
[OK ]  |  6917 | 0x00003f05 | 0x6e | 0x6e
[OK ]  |  6918 | 0x00003f06 | 0xff | 0xff
[OK ]  |  6919 | 0x00003f07 | 0xff | 0xff
[OK ]  |  6920 | 0x00003f08 | 0xc4 | 0xc4
[OK ]  |  6921 | 0x00003f09 | 0xce | 0xce
[OK ]  |  6922 | 0x00003f0a | 0x00 | 0x00
[OK ]  |  6923 | 0x00003f0b | 0x00 | 0x00
[OK ]  |  6924 | 0x00003f0c | 0xb7 | 0xb7
[OK ]  |  6925 | 0x00003f0d | 0x81 | 0x81
[OK ]  |  6926 | 0x00003f0e | 0x00 | 0x00
[OK ]  |  6927 | 0x00003f0f | 0x00 | 0x00
[OK ]  |  6928 | 0x00003f10 | 0x88 | 0x88
[OK ]  |  6929 | 0x00003f11 | 0xb9 | 0xb9
[OK ]  |  6930 | 0x00003f12 | 0xff | 0xff
[OK ]  |  6931 | 0x00003f13 | 0xff | 0xff
[OK ]  |  6932 | 0x00003f14 | 0xe9 | 0xe9
[OK ]  |  6933 | 0x00003f15 | 0x29 | 0x29
[OK ]  |  6934 | 0x00003f16 | 0x00 | 0x00
[OK ]  |  6935 | 0x00003f17 | 0x00 | 0x00
[OK ]  |  6936 | 0x00003f18 | 0xd0 | 0xd0
[OK ]  |  6937 | 0x00003f19 | 0x2d | 0x2d
[OK ]  |  6938 | 0x00003f1a | 0x00 | 0x00
[OK ]  |  6939 | 0x00003f1b | 0x00 | 0x00
[OK ]  |  6940 | 0x00003f1c | 0xba | 0xba
[OK ]  |  6941 | 0x00003f1d | 0x87 | 0x87
[OK ]  |  6942 | 0x00003f1e | 0xff | 0xff
[OK ]  |  6943 | 0x00003f1f | 0xff | 0xff
[OK ]  |  6944 | 0x00003f20 | 0x55 | 0x55
[OK ]  |  6945 | 0x00003f21 | 0xa0 | 0xa0
[OK ]  |  6946 | 0x00003f22 | 0x00 | 0x00
[OK ]  |  6947 | 0x00003f23 | 0x00 | 0x00
[OK ]  |  6948 | 0x00003f24 | 0xd2 | 0xd2
[OK ]  |  6949 | 0x00003f25 | 0x53 | 0x53
[OK ]  |  6950 | 0x00003f26 | 0x00 | 0x00
[OK ]  |  6951 | 0x00003f27 | 0x00 | 0x00
[OK ]  |  6952 | 0x00003f28 | 0x34 | 0x34
[OK ]  |  6953 | 0x00003f29 | 0x29 | 0x29
[OK ]  |  6954 | 0x00003f2a | 0xff | 0xff
[OK ]  |  6955 | 0x00003f2b | 0xff | 0xff
[OK ]  |  6956 | 0x00003f2c | 0x96 | 0x96
[OK ]  |  6957 | 0x00003f2d | 0x69 | 0x69
[OK ]  |  6958 | 0x00003f2e | 0xff | 0xff
[OK ]  |  6959 | 0x00003f2f | 0xff | 0xff
[OK ]  |  6960 | 0x00003f30 | 0x32 | 0x32
[OK ]  |  6961 | 0x00003f31 | 0xa1 | 0xa1
[OK ]  |  6962 | 0x00003f32 | 0x01 | 0x01
[OK ]  |  6963 | 0x00003f33 | 0x00 | 0x00
[OK ]  |  6964 | 0x00003f34 | 0xe8 | 0xe8
[OK ]  |  6965 | 0x00003f35 | 0x6c | 0x6c
[OK ]  |  6966 | 0x00003f36 | 0xff | 0xff
[OK ]  |  6967 | 0x00003f37 | 0xff | 0xff
[OK ]  |  6968 | 0x00003f38 | 0xd1 | 0xd1
[OK ]  |  6969 | 0x00003f39 | 0x4b | 0x4b
[OK ]  |  6970 | 0x00003f3a | 0xff | 0xff
[OK ]  |  6971 | 0x00003f3b | 0xff | 0xff
[OK ]  |  6972 | 0x00003f3c | 0x8d | 0x8d
[OK ]  |  6973 | 0x00003f3d | 0x71 | 0x71
[OK ]  |  6974 | 0x00003f3e | 0xff | 0xff
[OK ]  |  6975 | 0x00003f3f | 0xff | 0xff
[OK ]  |  6976 | 0x00003f40 | 0x74 | 0x74
[OK ]  |  6977 | 0x00003f41 | 0xb4 | 0xb4
[OK ]  |  6978 | 0x00003f42 | 0x00 | 0x00
[OK ]  |  6979 | 0x00003f43 | 0x00 | 0x00
[OK ]  |  6980 | 0x00003f44 | 0xb0 | 0xb0
[OK ]  |  6981 | 0x00003f45 | 0xd6 | 0xd6
[OK ]  |  6982 | 0x00003f46 | 0xfe | 0xfe
[OK ]  |  6983 | 0x00003f47 | 0xff | 0xff
[OK ]  |  6984 | 0x00003f48 | 0x9a | 0x9a
[OK ]  |  6985 | 0x00003f49 | 0xb0 | 0xb0
[OK ]  |  6986 | 0x00003f4a | 0xff | 0xff
[OK ]  |  6987 | 0x00003f4b | 0xff | 0xff
[OK ]  |  6988 | 0x00003f4c | 0xe6 | 0xe6
[OK ]  |  6989 | 0x00003f4d | 0xee | 0xee
[OK ]  |  6990 | 0x00003f4e | 0x00 | 0x00
[OK ]  |  6991 | 0x00003f4f | 0x00 | 0x00
[OK ]  |  6992 | 0x00003f50 | 0x62 | 0x62
[OK ]  |  6993 | 0x00003f51 | 0x12 | 0x12
[OK ]  |  6994 | 0x00003f52 | 0x00 | 0x00
[OK ]  |  6995 | 0x00003f53 | 0x00 | 0x00
[OK ]  |  6996 | 0x00003f54 | 0x66 | 0x66
[OK ]  |  6997 | 0x00003f55 | 0xde | 0xde
[OK ]  |  6998 | 0x00003f56 | 0xff | 0xff
[OK ]  |  6999 | 0x00003f57 | 0xff | 0xff
[OK ]  |  7000 | 0x00003f58 | 0xae | 0xae
[OK ]  |  7001 | 0x00003f59 | 0x9b | 0x9b
[OK ]  |  7002 | 0x00003f5a | 0xff | 0xff
[OK ]  |  7003 | 0x00003f5b | 0xff | 0xff
[OK ]  |  7004 | 0x00003f5c | 0x4b | 0x4b
[OK ]  |  7005 | 0x00003f5d | 0x0f | 0x0f
[OK ]  |  7006 | 0x00003f5e | 0xff | 0xff
[OK ]  |  7007 | 0x00003f5f | 0xff | 0xff
[OK ]  |  7008 | 0x00003f60 | 0x2a | 0x2a
[OK ]  |  7009 | 0x00003f61 | 0x1b | 0x1b
[OK ]  |  7010 | 0x00003f62 | 0x00 | 0x00
[OK ]  |  7011 | 0x00003f63 | 0x00 | 0x00
[OK ]  |  7012 | 0x00003f64 | 0xe1 | 0xe1
[OK ]  |  7013 | 0x00003f65 | 0x8f | 0x8f
[OK ]  |  7014 | 0x00003f66 | 0xff | 0xff
[OK ]  |  7015 | 0x00003f67 | 0xff | 0xff
[OK ]  |  7016 | 0x00003f68 | 0xc1 | 0xc1
[OK ]  |  7017 | 0x00003f69 | 0xe4 | 0xe4
[OK ]  |  7018 | 0x00003f6a | 0xff | 0xff
[OK ]  |  7019 | 0x00003f6b | 0xff | 0xff
[OK ]  |  7020 | 0x00003f6c | 0x41 | 0x41
[OK ]  |  7021 | 0x00003f6d | 0xb1 | 0xb1
[OK ]  |  7022 | 0x00003f6e | 0x00 | 0x00
[OK ]  |  7023 | 0x00003f6f | 0x00 | 0x00
[OK ]  |  7024 | 0x00003f70 | 0x54 | 0x54
[OK ]  |  7025 | 0x00003f71 | 0xdb | 0xdb
[OK ]  |  7026 | 0x00003f72 | 0x00 | 0x00
[OK ]  |  7027 | 0x00003f73 | 0x00 | 0x00
[OK ]  |  7028 | 0x00003f74 | 0x8f | 0x8f
[OK ]  |  7029 | 0x00003f75 | 0x0f | 0x0f
[OK ]  |  7030 | 0x00003f76 | 0x00 | 0x00
[OK ]  |  7031 | 0x00003f77 | 0x00 | 0x00
[OK ]  |  7032 | 0x00003f78 | 0xd8 | 0xd8
[OK ]  |  7033 | 0x00003f79 | 0x81 | 0x81
[OK ]  |  7034 | 0x00003f7a | 0xff | 0xff
[OK ]  |  7035 | 0x00003f7b | 0xff | 0xff
[OK ]  |  7036 | 0x00003f7c | 0x00 | 0x00
[OK ]  |  7037 | 0x00003f7d | 0x16 | 0x16
[OK ]  |  7038 | 0x00003f7e | 0x00 | 0x00
[OK ]  |  7039 | 0x00003f7f | 0x00 | 0x00
[OK ]  |  7040 | 0x00003f80 | 0xbe | 0xbe
[OK ]  |  7041 | 0x00003f81 | 0x5c | 0x5c
[OK ]  |  7042 | 0x00003f82 | 0x00 | 0x00
[OK ]  |  7043 | 0x00003f83 | 0x00 | 0x00
[OK ]  |  7044 | 0x00003f84 | 0x5c | 0x5c
[OK ]  |  7045 | 0x00003f85 | 0x77 | 0x77
[OK ]  |  7046 | 0x00003f86 | 0xff | 0xff
[OK ]  |  7047 | 0x00003f87 | 0xff | 0xff
[OK ]  |  7048 | 0x00003f88 | 0x02 | 0x02
[OK ]  |  7049 | 0x00003f89 | 0x0d | 0x0d
[OK ]  |  7050 | 0x00003f8a | 0x00 | 0x00
[OK ]  |  7051 | 0x00003f8b | 0x00 | 0x00
[OK ]  |  7052 | 0x00003f8c | 0x34 | 0x34
[OK ]  |  7053 | 0x00003f8d | 0x2a | 0x2a
[OK ]  |  7054 | 0x00003f8e | 0x00 | 0x00
[OK ]  |  7055 | 0x00003f8f | 0x00 | 0x00
[OK ]  |  7056 | 0x00003f90 | 0x46 | 0x46
[OK ]  |  7057 | 0x00003f91 | 0x60 | 0x60
[OK ]  |  7058 | 0x00003f92 | 0xff | 0xff
[OK ]  |  7059 | 0x00003f93 | 0xff | 0xff
[OK ]  |  7060 | 0x00003f94 | 0x77 | 0x77
[OK ]  |  7061 | 0x00003f95 | 0x5f | 0x5f
[OK ]  |  7062 | 0x00003f96 | 0xfe | 0xfe
[OK ]  |  7063 | 0x00003f97 | 0xff | 0xff
[OK ]  |  7064 | 0x00003f98 | 0x64 | 0x64
[OK ]  |  7065 | 0x00003f99 | 0x98 | 0x98
[OK ]  |  7066 | 0x00003f9a | 0x00 | 0x00
[OK ]  |  7067 | 0x00003f9b | 0x00 | 0x00
[OK ]  |  7068 | 0x00003f9c | 0x2f | 0x2f
[OK ]  |  7069 | 0x00003f9d | 0xbe | 0xbe
[OK ]  |  7070 | 0x00003f9e | 0x00 | 0x00
[OK ]  |  7071 | 0x00003f9f | 0x00 | 0x00
[OK ]  |  7072 | 0x00003fa0 | 0x9f | 0x9f
[OK ]  |  7073 | 0x00003fa1 | 0xa6 | 0xa6
[OK ]  |  7074 | 0x00003fa2 | 0xff | 0xff
[OK ]  |  7075 | 0x00003fa3 | 0xff | 0xff
[OK ]  |  7076 | 0x00003fa4 | 0x4d | 0x4d
[OK ]  |  7077 | 0x00003fa5 | 0xd7 | 0xd7
[OK ]  |  7078 | 0x00003fa6 | 0xfe | 0xfe
[OK ]  |  7079 | 0x00003fa7 | 0xff | 0xff
[OK ]  |  7080 | 0x00003fa8 | 0x53 | 0x53
[OK ]  |  7081 | 0x00003fa9 | 0x64 | 0x64
[OK ]  |  7082 | 0x00003faa | 0x00 | 0x00
[OK ]  |  7083 | 0x00003fab | 0x00 | 0x00
[OK ]  |  7084 | 0x00003fac | 0xee | 0xee
[OK ]  |  7085 | 0x00003fad | 0x70 | 0x70
[OK ]  |  7086 | 0x00003fae | 0x00 | 0x00
[OK ]  |  7087 | 0x00003faf | 0x00 | 0x00
[OK ]  |  7088 | 0x00003fb0 | 0x69 | 0x69
[OK ]  |  7089 | 0x00003fb1 | 0xf2 | 0xf2
[OK ]  |  7090 | 0x00003fb2 | 0x00 | 0x00
[OK ]  |  7091 | 0x00003fb3 | 0x00 | 0x00
[OK ]  |  7092 | 0x00003fb4 | 0x9a | 0x9a
[OK ]  |  7093 | 0x00003fb5 | 0xfe | 0xfe
[OK ]  |  7094 | 0x00003fb6 | 0xff | 0xff
[OK ]  |  7095 | 0x00003fb7 | 0xff | 0xff
[OK ]  |  7096 | 0x00003fb8 | 0xc0 | 0xc0
[OK ]  |  7097 | 0x00003fb9 | 0x89 | 0x89
[OK ]  |  7098 | 0x00003fba | 0x00 | 0x00
[OK ]  |  7099 | 0x00003fbb | 0x00 | 0x00
[OK ]  |  7100 | 0x00003fbc | 0xa6 | 0xa6
[OK ]  |  7101 | 0x00003fbd | 0x4d | 0x4d
[OK ]  |  7102 | 0x00003fbe | 0x00 | 0x00
[OK ]  |  7103 | 0x00003fbf | 0x00 | 0x00
[OK ]  |  7104 | 0x00003fc0 | 0x00 | 0x00
[OK ]  |  7105 | 0x00003fc1 | 0x0c | 0x0c
[OK ]  |  7106 | 0x00003fc2 | 0x00 | 0x00
[OK ]  |  7107 | 0x00003fc3 | 0x00 | 0x00
[OK ]  |  7108 | 0x00003fc4 | 0x93 | 0x93
[OK ]  |  7109 | 0x00003fc5 | 0x52 | 0x52
[OK ]  |  7110 | 0x00003fc6 | 0xff | 0xff
[OK ]  |  7111 | 0x00003fc7 | 0xff | 0xff
[OK ]  |  7112 | 0x00003fc8 | 0xb2 | 0xb2
[OK ]  |  7113 | 0x00003fc9 | 0xde | 0xde
[OK ]  |  7114 | 0x00003fca | 0xff | 0xff
[OK ]  |  7115 | 0x00003fcb | 0xff | 0xff
[OK ]  |  7116 | 0x00003fcc | 0xb8 | 0xb8
[OK ]  |  7117 | 0x00003fcd | 0xbb | 0xbb
[OK ]  |  7118 | 0x00003fce | 0x00 | 0x00
[OK ]  |  7119 | 0x00003fcf | 0x00 | 0x00
[OK ]  |  7120 | 0x00003fd0 | 0x3e | 0x3e
[OK ]  |  7121 | 0x00003fd1 | 0xd8 | 0xd8
[OK ]  |  7122 | 0x00003fd2 | 0xff | 0xff
[OK ]  |  7123 | 0x00003fd3 | 0xff | 0xff
[OK ]  |  7124 | 0x00003fd4 | 0xd1 | 0xd1
[OK ]  |  7125 | 0x00003fd5 | 0x2b | 0x2b
[OK ]  |  7126 | 0x00003fd6 | 0xff | 0xff
[OK ]  |  7127 | 0x00003fd7 | 0xff | 0xff
[OK ]  |  7128 | 0x00003fd8 | 0xd0 | 0xd0
[OK ]  |  7129 | 0x00003fd9 | 0x5b | 0x5b
[OK ]  |  7130 | 0x00003fda | 0x00 | 0x00
[OK ]  |  7131 | 0x00003fdb | 0x00 | 0x00
[OK ]  |  7132 | 0x00003fdc | 0x19 | 0x19
[OK ]  |  7133 | 0x00003fdd | 0x80 | 0x80
[OK ]  |  7134 | 0x00003fde | 0x00 | 0x00
[OK ]  |  7135 | 0x00003fdf | 0x00 | 0x00
[OK ]  |  7136 | 0x00003fe0 | 0xe4 | 0xe4
[OK ]  |  7137 | 0x00003fe1 | 0xb1 | 0xb1
[OK ]  |  7138 | 0x00003fe2 | 0xfe | 0xfe
[OK ]  |  7139 | 0x00003fe3 | 0xff | 0xff
[OK ]  |  7140 | 0x00003fe4 | 0x46 | 0x46
[OK ]  |  7141 | 0x00003fe5 | 0x1f | 0x1f
[OK ]  |  7142 | 0x00003fe6 | 0x00 | 0x00
[OK ]  |  7143 | 0x00003fe7 | 0x00 | 0x00
[OK ]  |  7144 | 0x00003fe8 | 0x90 | 0x90
[OK ]  |  7145 | 0x00003fe9 | 0x11 | 0x11
[OK ]  |  7146 | 0x00003fea | 0x00 | 0x00
[OK ]  |  7147 | 0x00003feb | 0x00 | 0x00
[OK ]  |  7148 | 0x00003fec | 0x40 | 0x40
[OK ]  |  7149 | 0x00003fed | 0xa7 | 0xa7
[OK ]  |  7150 | 0x00003fee | 0xfe | 0xfe
[OK ]  |  7151 | 0x00003fef | 0xff | 0xff
[OK ]  |  7152 | 0x00003ff0 | 0x8f | 0x8f
[OK ]  |  7153 | 0x00003ff1 | 0x05 | 0x05
[OK ]  |  7154 | 0x00003ff2 | 0x00 | 0x00
[OK ]  |  7155 | 0x00003ff3 | 0x00 | 0x00
[OK ]  |  7156 | 0x00003ff4 | 0xf9 | 0xf9
[OK ]  |  7157 | 0x00003ff5 | 0x81 | 0x81
[OK ]  |  7158 | 0x00003ff6 | 0xff | 0xff
[OK ]  |  7159 | 0x00003ff7 | 0xff | 0xff
[OK ]  |  7160 | 0x00003ff8 | 0xf0 | 0xf0
[OK ]  |  7161 | 0x00003ff9 | 0xee | 0xee
[OK ]  |  7162 | 0x00003ffa | 0xff | 0xff
[OK ]  |  7163 | 0x00003ffb | 0xff | 0xff
[OK ]  |  7164 | 0x00003ffc | 0x3e | 0x3e
[OK ]  |  7165 | 0x00003ffd | 0xea | 0xea
[OK ]  |  7166 | 0x00003ffe | 0xff | 0xff
[OK ]  |  7167 | 0x00003fff | 0xff | 0xff
[OK ]  |  7168 | 0x00004000 | 0x7d | 0x7d
[OK ]  |  7169 | 0x00004001 | 0x16 | 0x16
[OK ]  |  7170 | 0x00004002 | 0xff | 0xff
[OK ]  |  7171 | 0x00004003 | 0xff | 0xff
[OK ]  |  7172 | 0x00004004 | 0x91 | 0x91
[OK ]  |  7173 | 0x00004005 | 0x6f | 0x6f
[OK ]  |  7174 | 0x00004006 | 0xff | 0xff
[OK ]  |  7175 | 0x00004007 | 0xff | 0xff
[OK ]  |  7176 | 0x00004008 | 0x2f | 0x2f
[OK ]  |  7177 | 0x00004009 | 0x1c | 0x1c
[OK ]  |  7178 | 0x0000400a | 0x00 | 0x00
[OK ]  |  7179 | 0x0000400b | 0x00 | 0x00
[OK ]  |  7180 | 0x0000400c | 0x8f | 0x8f
[OK ]  |  7181 | 0x0000400d | 0x87 | 0x87
[OK ]  |  7182 | 0x0000400e | 0x00 | 0x00
[OK ]  |  7183 | 0x0000400f | 0x00 | 0x00
[OK ]  |  7184 | 0x00004010 | 0xa6 | 0xa6
[OK ]  |  7185 | 0x00004011 | 0x38 | 0x38
[OK ]  |  7186 | 0x00004012 | 0x00 | 0x00
[OK ]  |  7187 | 0x00004013 | 0x00 | 0x00
[OK ]  |  7188 | 0x00004014 | 0x8a | 0x8a
[OK ]  |  7189 | 0x00004015 | 0xde | 0xde
[OK ]  |  7190 | 0x00004016 | 0xff | 0xff
[OK ]  |  7191 | 0x00004017 | 0xff | 0xff
[OK ]  |  7192 | 0x00004018 | 0xf6 | 0xf6
[OK ]  |  7193 | 0x00004019 | 0xfa | 0xfa
[OK ]  |  7194 | 0x0000401a | 0xff | 0xff
[OK ]  |  7195 | 0x0000401b | 0xff | 0xff
[OK ]  |  7196 | 0x0000401c | 0x19 | 0x19
[OK ]  |  7197 | 0x0000401d | 0x62 | 0x62
[OK ]  |  7198 | 0x0000401e | 0x00 | 0x00
[OK ]  |  7199 | 0x0000401f | 0x00 | 0x00
[OK ]  |  7200 | 0x00004020 | 0xd2 | 0xd2
[OK ]  |  7201 | 0x00004021 | 0x3e | 0x3e
[OK ]  |  7202 | 0x00004022 | 0xff | 0xff
[OK ]  |  7203 | 0x00004023 | 0xff | 0xff
[OK ]  |  7204 | 0x00004024 | 0xb6 | 0xb6
[OK ]  |  7205 | 0x00004025 | 0x27 | 0x27
[OK ]  |  7206 | 0x00004026 | 0x00 | 0x00
[OK ]  |  7207 | 0x00004027 | 0x00 | 0x00
[OK ]  |  7208 | 0x00004028 | 0x3e | 0x3e
[OK ]  |  7209 | 0x00004029 | 0x22 | 0x22
[OK ]  |  7210 | 0x0000402a | 0x01 | 0x01
[OK ]  |  7211 | 0x0000402b | 0x00 | 0x00
[OK ]  |  7212 | 0x0000402c | 0xcb | 0xcb
[OK ]  |  7213 | 0x0000402d | 0x6f | 0x6f
[OK ]  |  7214 | 0x0000402e | 0x00 | 0x00
[OK ]  |  7215 | 0x0000402f | 0x00 | 0x00
[OK ]  |  7216 | 0x00004030 | 0x82 | 0x82
[OK ]  |  7217 | 0x00004031 | 0x0d | 0x0d
[OK ]  |  7218 | 0x00004032 | 0xfe | 0xfe
[OK ]  |  7219 | 0x00004033 | 0xff | 0xff
[OK ]  |  7220 | 0x00004034 | 0x02 | 0x02
[OK ]  |  7221 | 0x00004035 | 0x3c | 0x3c
[OK ]  |  7222 | 0x00004036 | 0x00 | 0x00
[OK ]  |  7223 | 0x00004037 | 0x00 | 0x00
[OK ]  |  7224 | 0x00004038 | 0x5d | 0x5d
[OK ]  |  7225 | 0x00004039 | 0x30 | 0x30
[OK ]  |  7226 | 0x0000403a | 0x00 | 0x00
[OK ]  |  7227 | 0x0000403b | 0x00 | 0x00
[OK ]  |  7228 | 0x0000403c | 0x58 | 0x58
[OK ]  |  7229 | 0x0000403d | 0xf4 | 0xf4
[OK ]  |  7230 | 0x0000403e | 0xff | 0xff
[OK ]  |  7231 | 0x0000403f | 0xff | 0xff
[OK ]  |  7232 | 0x00004040 | 0x18 | 0x18
[OK ]  |  7233 | 0x00004041 | 0x4f | 0x4f
[OK ]  |  7234 | 0x00004042 | 0x00 | 0x00
[OK ]  |  7235 | 0x00004043 | 0x00 | 0x00
[OK ]  |  7236 | 0x00004044 | 0xdc | 0xdc
[OK ]  |  7237 | 0x00004045 | 0x58 | 0x58
[OK ]  |  7238 | 0x00004046 | 0x00 | 0x00
[OK ]  |  7239 | 0x00004047 | 0x00 | 0x00
[OK ]  |  7240 | 0x00004048 | 0x9b | 0x9b
[OK ]  |  7241 | 0x00004049 | 0xba | 0xba
[OK ]  |  7242 | 0x0000404a | 0xff | 0xff
[OK ]  |  7243 | 0x0000404b | 0xff | 0xff
[OK ]  |  7244 | 0x0000404c | 0x1d | 0x1d
[OK ]  |  7245 | 0x0000404d | 0x7a | 0x7a
[OK ]  |  7246 | 0x0000404e | 0x00 | 0x00
[OK ]  |  7247 | 0x0000404f | 0x00 | 0x00
[OK ]  |  7248 | 0x00004050 | 0x42 | 0x42
[OK ]  |  7249 | 0x00004051 | 0xdf | 0xdf
[OK ]  |  7250 | 0x00004052 | 0xff | 0xff
[OK ]  |  7251 | 0x00004053 | 0xff | 0xff
[OK ]  |  7252 | 0x00004054 | 0x6e | 0x6e
[OK ]  |  7253 | 0x00004055 | 0x33 | 0x33
[OK ]  |  7254 | 0x00004056 | 0xff | 0xff
[OK ]  |  7255 | 0x00004057 | 0xff | 0xff
[OK ]  |  7256 | 0x00004058 | 0x1d | 0x1d
[OK ]  |  7257 | 0x00004059 | 0x1b | 0x1b
[OK ]  |  7258 | 0x0000405a | 0xff | 0xff
[OK ]  |  7259 | 0x0000405b | 0xff | 0xff
[OK ]  |  7260 | 0x0000405c | 0xaf | 0xaf
[OK ]  |  7261 | 0x0000405d | 0xe7 | 0xe7
[OK ]  |  7262 | 0x0000405e | 0x00 | 0x00
[OK ]  |  7263 | 0x0000405f | 0x00 | 0x00
[OK ]  |  7264 | 0x00004060 | 0xfa | 0xfa
[OK ]  |  7265 | 0x00004061 | 0x8a | 0x8a
[OK ]  |  7266 | 0x00004062 | 0x00 | 0x00
[OK ]  |  7267 | 0x00004063 | 0x00 | 0x00
[OK ]  |  7268 | 0x00004064 | 0x30 | 0x30
[OK ]  |  7269 | 0x00004065 | 0xc8 | 0xc8
[OK ]  |  7270 | 0x00004066 | 0xff | 0xff
[OK ]  |  7271 | 0x00004067 | 0xff | 0xff
[OK ]  |  7272 | 0x00004068 | 0xa0 | 0xa0
[OK ]  |  7273 | 0x00004069 | 0x2d | 0x2d
[OK ]  |  7274 | 0x0000406a | 0xff | 0xff
[OK ]  |  7275 | 0x0000406b | 0xff | 0xff
[OK ]  |  7276 | 0x0000406c | 0x8a | 0x8a
[OK ]  |  7277 | 0x0000406d | 0xa4 | 0xa4
[OK ]  |  7278 | 0x0000406e | 0x00 | 0x00
[OK ]  |  7279 | 0x0000406f | 0x00 | 0x00
[OK ]  |  7280 | 0x00004070 | 0x8e | 0x8e
[OK ]  |  7281 | 0x00004071 | 0x5c | 0x5c
[OK ]  |  7282 | 0x00004072 | 0x00 | 0x00
[OK ]  |  7283 | 0x00004073 | 0x00 | 0x00
[OK ]  |  7284 | 0x00004074 | 0x37 | 0x37
[OK ]  |  7285 | 0x00004075 | 0x5b | 0x5b
[OK ]  |  7286 | 0x00004076 | 0x01 | 0x01
[OK ]  |  7287 | 0x00004077 | 0x00 | 0x00
[OK ]  |  7288 | 0x00004078 | 0x94 | 0x94
[OK ]  |  7289 | 0x00004079 | 0xcc | 0xcc
[OK ]  |  7290 | 0x0000407a | 0xff | 0xff
[OK ]  |  7291 | 0x0000407b | 0xff | 0xff
[OK ]  |  7292 | 0x0000407c | 0x04 | 0x04
[OK ]  |  7293 | 0x0000407d | 0x48 | 0x48
[OK ]  |  7294 | 0x0000407e | 0xff | 0xff
[OK ]  |  7295 | 0x0000407f | 0xff | 0xff
[OK ]  |  7296 | 0x00004080 | 0xeb | 0xeb
[OK ]  |  7297 | 0x00004081 | 0xf0 | 0xf0
[OK ]  |  7298 | 0x00004082 | 0x00 | 0x00
[OK ]  |  7299 | 0x00004083 | 0x00 | 0x00
[OK ]  |  7300 | 0x00004084 | 0x1e | 0x1e
[OK ]  |  7301 | 0x00004085 | 0x43 | 0x43
[OK ]  |  7302 | 0x00004086 | 0xff | 0xff
[OK ]  |  7303 | 0x00004087 | 0xff | 0xff
[OK ]  |  7304 | 0x00004088 | 0x8c | 0x8c
[OK ]  |  7305 | 0x00004089 | 0x03 | 0x03
[OK ]  |  7306 | 0x0000408a | 0x00 | 0x00
[OK ]  |  7307 | 0x0000408b | 0x00 | 0x00
[OK ]  |  7308 | 0x0000408c | 0x65 | 0x65
[OK ]  |  7309 | 0x0000408d | 0xff | 0xff
[OK ]  |  7310 | 0x0000408e | 0xff | 0xff
[OK ]  |  7311 | 0x0000408f | 0xff | 0xff
[OK ]  |  7312 | 0x00004090 | 0x28 | 0x28
[OK ]  |  7313 | 0x00004091 | 0x8a | 0x8a
[OK ]  |  7314 | 0x00004092 | 0x00 | 0x00
[OK ]  |  7315 | 0x00004093 | 0x00 | 0x00
[OK ]  |  7316 | 0x00004094 | 0xdc | 0xdc
[OK ]  |  7317 | 0x00004095 | 0x33 | 0x33
[OK ]  |  7318 | 0x00004096 | 0x00 | 0x00
[OK ]  |  7319 | 0x00004097 | 0x00 | 0x00
[OK ]  |  7320 | 0x00004098 | 0x16 | 0x16
[OK ]  |  7321 | 0x00004099 | 0x87 | 0x87
[OK ]  |  7322 | 0x0000409a | 0x00 | 0x00
[OK ]  |  7323 | 0x0000409b | 0x00 | 0x00
[OK ]  |  7324 | 0x0000409c | 0xbd | 0xbd
[OK ]  |  7325 | 0x0000409d | 0x57 | 0x57
[OK ]  |  7326 | 0x0000409e | 0x01 | 0x01
[OK ]  |  7327 | 0x0000409f | 0x00 | 0x00
[OK ]  |  7328 | 0x000040a0 | 0xc0 | 0xc0
[OK ]  |  7329 | 0x000040a1 | 0x25 | 0x25
[OK ]  |  7330 | 0x000040a2 | 0x00 | 0x00
[OK ]  |  7331 | 0x000040a3 | 0x00 | 0x00
[OK ]  |  7332 | 0x000040a4 | 0x92 | 0x92
[OK ]  |  7333 | 0x000040a5 | 0xe0 | 0xe0
[OK ]  |  7334 | 0x000040a6 | 0xff | 0xff
[OK ]  |  7335 | 0x000040a7 | 0xff | 0xff
[OK ]  |  7336 | 0x000040a8 | 0x2b | 0x2b
[OK ]  |  7337 | 0x000040a9 | 0xbe | 0xbe
[OK ]  |  7338 | 0x000040aa | 0xff | 0xff
[OK ]  |  7339 | 0x000040ab | 0xff | 0xff
[OK ]  |  7340 | 0x000040ac | 0xf1 | 0xf1
[OK ]  |  7341 | 0x000040ad | 0x56 | 0x56
[OK ]  |  7342 | 0x000040ae | 0xff | 0xff
[OK ]  |  7343 | 0x000040af | 0xff | 0xff
[OK ]  |  7344 | 0x000040b0 | 0x9a | 0x9a
[OK ]  |  7345 | 0x000040b1 | 0x51 | 0x51
[OK ]  |  7346 | 0x000040b2 | 0xff | 0xff
[OK ]  |  7347 | 0x000040b3 | 0xff | 0xff
[OK ]  |  7348 | 0x000040b4 | 0x2a | 0x2a
[OK ]  |  7349 | 0x000040b5 | 0xd5 | 0xd5
[OK ]  |  7350 | 0x000040b6 | 0xff | 0xff
[OK ]  |  7351 | 0x000040b7 | 0xff | 0xff
[OK ]  |  7352 | 0x000040b8 | 0x21 | 0x21
[OK ]  |  7353 | 0x000040b9 | 0x6f | 0x6f
[OK ]  |  7354 | 0x000040ba | 0x00 | 0x00
[OK ]  |  7355 | 0x000040bb | 0x00 | 0x00
[OK ]  |  7356 | 0x000040bc | 0x40 | 0x40
[OK ]  |  7357 | 0x000040bd | 0x18 | 0x18
[OK ]  |  7358 | 0x000040be | 0x00 | 0x00
[OK ]  |  7359 | 0x000040bf | 0x00 | 0x00
[OK ]  |  7360 | 0x000040c0 | 0x5d | 0x5d
[OK ]  |  7361 | 0x000040c1 | 0x63 | 0x63
[OK ]  |  7362 | 0x000040c2 | 0xff | 0xff
[OK ]  |  7363 | 0x000040c3 | 0xff | 0xff
[OK ]  |  7364 | 0x000040c4 | 0x52 | 0x52
[OK ]  |  7365 | 0x000040c5 | 0x56 | 0x56
[OK ]  |  7366 | 0x000040c6 | 0x01 | 0x01
[OK ]  |  7367 | 0x000040c7 | 0x00 | 0x00
[OK ]  |  7368 | 0x000040c8 | 0x95 | 0x95
[OK ]  |  7369 | 0x000040c9 | 0x92 | 0x92
[OK ]  |  7370 | 0x000040ca | 0x00 | 0x00
[OK ]  |  7371 | 0x000040cb | 0x00 | 0x00
[OK ]  |  7372 | 0x000040cc | 0x43 | 0x43
[OK ]  |  7373 | 0x000040cd | 0x87 | 0x87
[OK ]  |  7374 | 0x000040ce | 0xff | 0xff
[OK ]  |  7375 | 0x000040cf | 0xff | 0xff
[OK ]  |  7376 | 0x000040d0 | 0x4e | 0x4e
[OK ]  |  7377 | 0x000040d1 | 0xa4 | 0xa4
[OK ]  |  7378 | 0x000040d2 | 0xff | 0xff
[OK ]  |  7379 | 0x000040d3 | 0xff | 0xff
[OK ]  |  7380 | 0x000040d4 | 0xce | 0xce
[OK ]  |  7381 | 0x000040d5 | 0xaf | 0xaf
[OK ]  |  7382 | 0x000040d6 | 0x00 | 0x00
[OK ]  |  7383 | 0x000040d7 | 0x00 | 0x00
[OK ]  |  7384 | 0x000040d8 | 0x29 | 0x29
[OK ]  |  7385 | 0x000040d9 | 0x5f | 0x5f
[OK ]  |  7386 | 0x000040da | 0xff | 0xff
[OK ]  |  7387 | 0x000040db | 0xff | 0xff
[OK ]  |  7388 | 0x000040dc | 0x92 | 0x92
[OK ]  |  7389 | 0x000040dd | 0xbd | 0xbd
[OK ]  |  7390 | 0x000040de | 0xff | 0xff
[OK ]  |  7391 | 0x000040df | 0xff | 0xff
[OK ]  |  7392 | 0x000040e0 | 0x79 | 0x79
[OK ]  |  7393 | 0x000040e1 | 0x7e | 0x7e
[OK ]  |  7394 | 0x000040e2 | 0xff | 0xff
[OK ]  |  7395 | 0x000040e3 | 0xff | 0xff
[OK ]  |  7396 | 0x000040e4 | 0xb7 | 0xb7
[OK ]  |  7397 | 0x000040e5 | 0x51 | 0x51
[OK ]  |  7398 | 0x000040e6 | 0xff | 0xff
[OK ]  |  7399 | 0x000040e7 | 0xff | 0xff
[OK ]  |  7400 | 0x000040e8 | 0x7f | 0x7f
[OK ]  |  7401 | 0x000040e9 | 0x81 | 0x81
[OK ]  |  7402 | 0x000040ea | 0xff | 0xff
[OK ]  |  7403 | 0x000040eb | 0xff | 0xff
[OK ]  |  7404 | 0x000040ec | 0x80 | 0x80
[OK ]  |  7405 | 0x000040ed | 0xaf | 0xaf
[OK ]  |  7406 | 0x000040ee | 0x00 | 0x00
[OK ]  |  7407 | 0x000040ef | 0x00 | 0x00
[OK ]  |  7408 | 0x000040f0 | 0xee | 0xee
[OK ]  |  7409 | 0x000040f1 | 0x9c | 0x9c
[OK ]  |  7410 | 0x000040f2 | 0xfe | 0xfe
[OK ]  |  7411 | 0x000040f3 | 0xff | 0xff
[OK ]  |  7412 | 0x000040f4 | 0x6f | 0x6f
[OK ]  |  7413 | 0x000040f5 | 0xa9 | 0xa9
[OK ]  |  7414 | 0x000040f6 | 0xff | 0xff
[OK ]  |  7415 | 0x000040f7 | 0xff | 0xff
[OK ]  |  7416 | 0x000040f8 | 0x36 | 0x36
[OK ]  |  7417 | 0x000040f9 | 0x4e | 0x4e
[OK ]  |  7418 | 0x000040fa | 0xff | 0xff
[OK ]  |  7419 | 0x000040fb | 0xff | 0xff
[OK ]  |  7420 | 0x000040fc | 0x1b | 0x1b
[OK ]  |  7421 | 0x000040fd | 0xe1 | 0xe1
[OK ]  |  7422 | 0x000040fe | 0xfe | 0xfe
[OK ]  |  7423 | 0x000040ff | 0xff | 0xff
[OK ]  |  7424 | 0x00004100 | 0x26 | 0x26
[OK ]  |  7425 | 0x00004101 | 0x43 | 0x43
[OK ]  |  7426 | 0x00004102 | 0x01 | 0x01
[OK ]  |  7427 | 0x00004103 | 0x00 | 0x00
[OK ]  |  7428 | 0x00004104 | 0xc5 | 0xc5
[OK ]  |  7429 | 0x00004105 | 0x24 | 0x24
[OK ]  |  7430 | 0x00004106 | 0xff | 0xff
[OK ]  |  7431 | 0x00004107 | 0xff | 0xff
[OK ]  |  7432 | 0x00004108 | 0x9d | 0x9d
[OK ]  |  7433 | 0x00004109 | 0x92 | 0x92
[OK ]  |  7434 | 0x0000410a | 0x00 | 0x00
[OK ]  |  7435 | 0x0000410b | 0x00 | 0x00
[OK ]  |  7436 | 0x0000410c | 0xae | 0xae
[OK ]  |  7437 | 0x0000410d | 0x32 | 0x32
[OK ]  |  7438 | 0x0000410e | 0xff | 0xff
[OK ]  |  7439 | 0x0000410f | 0xff | 0xff
[OK ]  |  7440 | 0x00004110 | 0xa4 | 0xa4
[OK ]  |  7441 | 0x00004111 | 0x1d | 0x1d
[OK ]  |  7442 | 0x00004112 | 0x01 | 0x01
[OK ]  |  7443 | 0x00004113 | 0x00 | 0x00
[OK ]  |  7444 | 0x00004114 | 0xf6 | 0xf6
[OK ]  |  7445 | 0x00004115 | 0xbe | 0xbe
[OK ]  |  7446 | 0x00004116 | 0xff | 0xff
[OK ]  |  7447 | 0x00004117 | 0xff | 0xff
[OK ]  |  7448 | 0x00004118 | 0x6d | 0x6d
[OK ]  |  7449 | 0x00004119 | 0xc7 | 0xc7
[OK ]  |  7450 | 0x0000411a | 0xff | 0xff
[OK ]  |  7451 | 0x0000411b | 0xff | 0xff
[OK ]  |  7452 | 0x0000411c | 0x03 | 0x03
[OK ]  |  7453 | 0x0000411d | 0x66 | 0x66
[OK ]  |  7454 | 0x0000411e | 0x00 | 0x00
[OK ]  |  7455 | 0x0000411f | 0x00 | 0x00
[OK ]  |  7456 | 0x00004120 | 0x75 | 0x75
[OK ]  |  7457 | 0x00004121 | 0x24 | 0x24
[OK ]  |  7458 | 0x00004122 | 0x00 | 0x00
[OK ]  |  7459 | 0x00004123 | 0x00 | 0x00
[OK ]  |  7460 | 0x00004124 | 0x53 | 0x53
[OK ]  |  7461 | 0x00004125 | 0x06 | 0x06
[OK ]  |  7462 | 0x00004126 | 0x01 | 0x01
[OK ]  |  7463 | 0x00004127 | 0x00 | 0x00
[OK ]  |  7464 | 0x00004128 | 0xe1 | 0xe1
[OK ]  |  7465 | 0x00004129 | 0x61 | 0x61
[OK ]  |  7466 | 0x0000412a | 0x01 | 0x01
[OK ]  |  7467 | 0x0000412b | 0x00 | 0x00
[OK ]  |  7468 | 0x0000412c | 0xf5 | 0xf5
[OK ]  |  7469 | 0x0000412d | 0xba | 0xba
[OK ]  |  7470 | 0x0000412e | 0xff | 0xff
[OK ]  |  7471 | 0x0000412f | 0xff | 0xff
[OK ]  |  7472 | 0x00004130 | 0x26 | 0x26
[OK ]  |  7473 | 0x00004131 | 0x87 | 0x87
[OK ]  |  7474 | 0x00004132 | 0xff | 0xff
[OK ]  |  7475 | 0x00004133 | 0xff | 0xff
[OK ]  |  7476 | 0x00004134 | 0x85 | 0x85
[OK ]  |  7477 | 0x00004135 | 0x34 | 0x34
[OK ]  |  7478 | 0x00004136 | 0xff | 0xff
[OK ]  |  7479 | 0x00004137 | 0xff | 0xff
[OK ]  |  7480 | 0x00004138 | 0x66 | 0x66
[OK ]  |  7481 | 0x00004139 | 0xda | 0xda
[OK ]  |  7482 | 0x0000413a | 0xff | 0xff
[OK ]  |  7483 | 0x0000413b | 0xff | 0xff
[OK ]  |  7484 | 0x0000413c | 0x6b | 0x6b
[OK ]  |  7485 | 0x0000413d | 0x19 | 0x19
[OK ]  |  7486 | 0x0000413e | 0xff | 0xff
[OK ]  |  7487 | 0x0000413f | 0xff | 0xff
[OK ]  |  7488 | 0x00004140 | 0xff | 0xff
[OK ]  |  7489 | 0x00004141 | 0x14 | 0x14
[OK ]  |  7490 | 0x00004142 | 0x01 | 0x01
[OK ]  |  7491 | 0x00004143 | 0x00 | 0x00
[OK ]  |  7492 | 0x00004144 | 0x17 | 0x17
[OK ]  |  7493 | 0x00004145 | 0x76 | 0x76
[OK ]  |  7494 | 0x00004146 | 0xff | 0xff
[OK ]  |  7495 | 0x00004147 | 0xff | 0xff
[OK ]  |  7496 | 0x00004148 | 0x14 | 0x14
[OK ]  |  7497 | 0x00004149 | 0xc6 | 0xc6
[OK ]  |  7498 | 0x0000414a | 0xff | 0xff
[OK ]  |  7499 | 0x0000414b | 0xff | 0xff
[OK ]  |  7500 | 0x0000414c | 0xa9 | 0xa9
[OK ]  |  7501 | 0x0000414d | 0x85 | 0x85
[OK ]  |  7502 | 0x0000414e | 0xff | 0xff
[OK ]  |  7503 | 0x0000414f | 0xff | 0xff
[OK ]  |  7504 | 0x00004150 | 0x39 | 0x39
[OK ]  |  7505 | 0x00004151 | 0x8b | 0x8b
[OK ]  |  7506 | 0x00004152 | 0xff | 0xff
[OK ]  |  7507 | 0x00004153 | 0xff | 0xff
[OK ]  |  7508 | 0x00004154 | 0xdb | 0xdb
[OK ]  |  7509 | 0x00004155 | 0xe4 | 0xe4
[OK ]  |  7510 | 0x00004156 | 0xff | 0xff
[OK ]  |  7511 | 0x00004157 | 0xff | 0xff
[OK ]  |  7512 | 0x00004158 | 0xa1 | 0xa1
[OK ]  |  7513 | 0x00004159 | 0x55 | 0x55
[OK ]  |  7514 | 0x0000415a | 0x00 | 0x00
[OK ]  |  7515 | 0x0000415b | 0x00 | 0x00
[OK ]  |  7516 | 0x0000415c | 0xd0 | 0xd0
[OK ]  |  7517 | 0x0000415d | 0x93 | 0x93
[OK ]  |  7518 | 0x0000415e | 0x00 | 0x00
[OK ]  |  7519 | 0x0000415f | 0x00 | 0x00
[OK ]  |  7520 | 0x00004160 | 0x43 | 0x43
[OK ]  |  7521 | 0x00004161 | 0x0f | 0x0f
[OK ]  |  7522 | 0x00004162 | 0x00 | 0x00
[OK ]  |  7523 | 0x00004163 | 0x00 | 0x00
[OK ]  |  7524 | 0x00004164 | 0xf9 | 0xf9
[OK ]  |  7525 | 0x00004165 | 0x4d | 0x4d
[OK ]  |  7526 | 0x00004166 | 0xff | 0xff
[OK ]  |  7527 | 0x00004167 | 0xff | 0xff
[OK ]  |  7528 | 0x00004168 | 0xc5 | 0xc5
[OK ]  |  7529 | 0x00004169 | 0xfe | 0xfe
[OK ]  |  7530 | 0x0000416a | 0xff | 0xff
[OK ]  |  7531 | 0x0000416b | 0xff | 0xff
[OK ]  |  7532 | 0x0000416c | 0x68 | 0x68
[OK ]  |  7533 | 0x0000416d | 0x09 | 0x09
[OK ]  |  7534 | 0x0000416e | 0x00 | 0x00
[OK ]  |  7535 | 0x0000416f | 0x00 | 0x00
[OK ]  |  7536 | 0x00004170 | 0xf7 | 0xf7
[OK ]  |  7537 | 0x00004171 | 0xb3 | 0xb3
[OK ]  |  7538 | 0x00004172 | 0xff | 0xff
[OK ]  |  7539 | 0x00004173 | 0xff | 0xff
[OK ]  |  7540 | 0x00004174 | 0x46 | 0x46
[OK ]  |  7541 | 0x00004175 | 0x78 | 0x78
[OK ]  |  7542 | 0x00004176 | 0x00 | 0x00
[OK ]  |  7543 | 0x00004177 | 0x00 | 0x00
[OK ]  |  7544 | 0x00004178 | 0xb7 | 0xb7
[OK ]  |  7545 | 0x00004179 | 0x76 | 0x76
[OK ]  |  7546 | 0x0000417a | 0x01 | 0x01
[OK ]  |  7547 | 0x0000417b | 0x00 | 0x00
[OK ]  |  7548 | 0x0000417c | 0xca | 0xca
[OK ]  |  7549 | 0x0000417d | 0x8d | 0x8d
[OK ]  |  7550 | 0x0000417e | 0xff | 0xff
[OK ]  |  7551 | 0x0000417f | 0xff | 0xff
[OK ]  |  7552 | 0x00004180 | 0xdf | 0xdf
[OK ]  |  7553 | 0x00004181 | 0x84 | 0x84
[OK ]  |  7554 | 0x00004182 | 0xff | 0xff
[OK ]  |  7555 | 0x00004183 | 0xff | 0xff
[OK ]  |  7556 | 0x00004184 | 0xde | 0xde
[OK ]  |  7557 | 0x00004185 | 0x52 | 0x52
[OK ]  |  7558 | 0x00004186 | 0x01 | 0x01
[OK ]  |  7559 | 0x00004187 | 0x00 | 0x00
[OK ]  |  7560 | 0x00004188 | 0xa5 | 0xa5
[OK ]  |  7561 | 0x00004189 | 0xb5 | 0xb5
[OK ]  |  7562 | 0x0000418a | 0x00 | 0x00
[OK ]  |  7563 | 0x0000418b | 0x00 | 0x00
[OK ]  |  7564 | 0x0000418c | 0x4c | 0x4c
[OK ]  |  7565 | 0x0000418d | 0x65 | 0x65
[OK ]  |  7566 | 0x0000418e | 0x00 | 0x00
[OK ]  |  7567 | 0x0000418f | 0x00 | 0x00
[OK ]  |  7568 | 0x00004190 | 0x7b | 0x7b
[OK ]  |  7569 | 0x00004191 | 0x9e | 0x9e
[OK ]  |  7570 | 0x00004192 | 0x00 | 0x00
[OK ]  |  7571 | 0x00004193 | 0x00 | 0x00
[OK ]  |  7572 | 0x00004194 | 0xd0 | 0xd0
[OK ]  |  7573 | 0x00004195 | 0xda | 0xda
[OK ]  |  7574 | 0x00004196 | 0x00 | 0x00
[OK ]  |  7575 | 0x00004197 | 0x00 | 0x00
[OK ]  |  7576 | 0x00004198 | 0x34 | 0x34
[OK ]  |  7577 | 0x00004199 | 0x6b | 0x6b
[OK ]  |  7578 | 0x0000419a | 0xff | 0xff
[OK ]  |  7579 | 0x0000419b | 0xff | 0xff
[OK ]  |  7580 | 0x0000419c | 0x86 | 0x86
[OK ]  |  7581 | 0x0000419d | 0x71 | 0x71
[OK ]  |  7582 | 0x0000419e | 0x00 | 0x00
[OK ]  |  7583 | 0x0000419f | 0x00 | 0x00
[OK ]  |  7584 | 0x000041a0 | 0x4d | 0x4d
[OK ]  |  7585 | 0x000041a1 | 0xb6 | 0xb6
[OK ]  |  7586 | 0x000041a2 | 0x00 | 0x00
[OK ]  |  7587 | 0x000041a3 | 0x00 | 0x00
[OK ]  |  7588 | 0x000041a4 | 0x55 | 0x55
[OK ]  |  7589 | 0x000041a5 | 0x9f | 0x9f
[OK ]  |  7590 | 0x000041a6 | 0xff | 0xff
[OK ]  |  7591 | 0x000041a7 | 0xff | 0xff
[OK ]  |  7592 | 0x000041a8 | 0x96 | 0x96
[OK ]  |  7593 | 0x000041a9 | 0x33 | 0x33
[OK ]  |  7594 | 0x000041aa | 0x00 | 0x00
[OK ]  |  7595 | 0x000041ab | 0x00 | 0x00
[OK ]  |  7596 | 0x000041ac | 0x0e | 0x0e
[OK ]  |  7597 | 0x000041ad | 0xe9 | 0xe9
[OK ]  |  7598 | 0x000041ae | 0xff | 0xff
[OK ]  |  7599 | 0x000041af | 0xff | 0xff
[OK ]  |  7600 | 0x000041b0 | 0xe1 | 0xe1
[OK ]  |  7601 | 0x000041b1 | 0xd8 | 0xd8
[OK ]  |  7602 | 0x000041b2 | 0xff | 0xff
[OK ]  |  7603 | 0x000041b3 | 0xff | 0xff
[OK ]  |  7604 | 0x000041b4 | 0x51 | 0x51
[OK ]  |  7605 | 0x000041b5 | 0x72 | 0x72
[OK ]  |  7606 | 0x000041b6 | 0xff | 0xff
[OK ]  |  7607 | 0x000041b7 | 0xff | 0xff
[OK ]  |  7608 | 0x000041b8 | 0x75 | 0x75
[OK ]  |  7609 | 0x000041b9 | 0x8d | 0x8d
[OK ]  |  7610 | 0x000041ba | 0x01 | 0x01
[OK ]  |  7611 | 0x000041bb | 0x00 | 0x00
[OK ]  |  7612 | 0x000041bc | 0xeb | 0xeb
[OK ]  |  7613 | 0x000041bd | 0xc3 | 0xc3
[OK ]  |  7614 | 0x000041be | 0xff | 0xff
[OK ]  |  7615 | 0x000041bf | 0xff | 0xff
[OK ]  |  7616 | 0x000041c0 | 0xe0 | 0xe0
[OK ]  |  7617 | 0x000041c1 | 0xf9 | 0xf9
[OK ]  |  7618 | 0x000041c2 | 0xfe | 0xfe
[OK ]  |  7619 | 0x000041c3 | 0xff | 0xff
[OK ]  |  7620 | 0x000041c4 | 0xd6 | 0xd6
[OK ]  |  7621 | 0x000041c5 | 0x10 | 0x10
[OK ]  |  7622 | 0x000041c6 | 0x01 | 0x01
[OK ]  |  7623 | 0x000041c7 | 0x00 | 0x00
[OK ]  |  7624 | 0x000041c8 | 0xd2 | 0xd2
[OK ]  |  7625 | 0x000041c9 | 0x59 | 0x59
[OK ]  |  7626 | 0x000041ca | 0xff | 0xff
[OK ]  |  7627 | 0x000041cb | 0xff | 0xff
[OK ]  |  7628 | 0x000041cc | 0x13 | 0x13
[OK ]  |  7629 | 0x000041cd | 0x81 | 0x81
[OK ]  |  7630 | 0x000041ce | 0xff | 0xff
[OK ]  |  7631 | 0x000041cf | 0xff | 0xff
[OK ]  |  7632 | 0x000041d0 | 0xdf | 0xdf
[OK ]  |  7633 | 0x000041d1 | 0x8a | 0x8a
[OK ]  |  7634 | 0x000041d2 | 0xff | 0xff
[OK ]  |  7635 | 0x000041d3 | 0xff | 0xff
[OK ]  |  7636 | 0x000041d4 | 0x38 | 0x38
[OK ]  |  7637 | 0x000041d5 | 0x67 | 0x67
[OK ]  |  7638 | 0x000041d6 | 0x00 | 0x00
[OK ]  |  7639 | 0x000041d7 | 0x00 | 0x00
[OK ]  |  7640 | 0x000041d8 | 0x82 | 0x82
[OK ]  |  7641 | 0x000041d9 | 0xa1 | 0xa1
[OK ]  |  7642 | 0x000041da | 0xff | 0xff
[OK ]  |  7643 | 0x000041db | 0xff | 0xff
[OK ]  |  7644 | 0x000041dc | 0x26 | 0x26
[OK ]  |  7645 | 0x000041dd | 0xc7 | 0xc7
[OK ]  |  7646 | 0x000041de | 0xff | 0xff
[OK ]  |  7647 | 0x000041df | 0xff | 0xff
[OK ]  |  7648 | 0x000041e0 | 0x20 | 0x20
[OK ]  |  7649 | 0x000041e1 | 0x33 | 0x33
[OK ]  |  7650 | 0x000041e2 | 0x01 | 0x01
[OK ]  |  7651 | 0x000041e3 | 0x00 | 0x00
[OK ]  |  7652 | 0x000041e4 | 0xa6 | 0xa6
[OK ]  |  7653 | 0x000041e5 | 0xd0 | 0xd0
[OK ]  |  7654 | 0x000041e6 | 0x01 | 0x01
[OK ]  |  7655 | 0x000041e7 | 0x00 | 0x00
[OK ]  |  7656 | 0x000041e8 | 0x3e | 0x3e
[OK ]  |  7657 | 0x000041e9 | 0x93 | 0x93
[OK ]  |  7658 | 0x000041ea | 0xff | 0xff
[OK ]  |  7659 | 0x000041eb | 0xff | 0xff
[OK ]  |  7660 | 0x000041ec | 0xbf | 0xbf
[OK ]  |  7661 | 0x000041ed | 0xa2 | 0xa2
[OK ]  |  7662 | 0x000041ee | 0x01 | 0x01
[OK ]  |  7663 | 0x000041ef | 0x00 | 0x00
[OK ]  |  7664 | 0x000041f0 | 0x62 | 0x62
[OK ]  |  7665 | 0x000041f1 | 0xc3 | 0xc3
[OK ]  |  7666 | 0x000041f2 | 0xff | 0xff
[OK ]  |  7667 | 0x000041f3 | 0xff | 0xff
[OK ]  |  7668 | 0x000041f4 | 0xf5 | 0xf5
[OK ]  |  7669 | 0x000041f5 | 0x84 | 0x84
[OK ]  |  7670 | 0x000041f6 | 0x00 | 0x00
[OK ]  |  7671 | 0x000041f7 | 0x00 | 0x00
[OK ]  |  7672 | 0x000041f8 | 0x43 | 0x43
[OK ]  |  7673 | 0x000041f9 | 0xab | 0xab
[OK ]  |  7674 | 0x000041fa | 0xff | 0xff
[OK ]  |  7675 | 0x000041fb | 0xff | 0xff
[OK ]  |  7676 | 0x000041fc | 0xf6 | 0xf6
[OK ]  |  7677 | 0x000041fd | 0x16 | 0x16
[OK ]  |  7678 | 0x000041fe | 0xff | 0xff
[OK ]  |  7679 | 0x000041ff | 0xff | 0xff
[OK ]  |  7680 | 0x00004200 | 0x8a | 0x8a
[OK ]  |  7681 | 0x00004201 | 0x09 | 0x09
[OK ]  |  7682 | 0x00004202 | 0x00 | 0x00
[OK ]  |  7683 | 0x00004203 | 0x00 | 0x00
[OK ]  |  7684 | 0x00004204 | 0xf9 | 0xf9
[OK ]  |  7685 | 0x00004205 | 0x39 | 0x39
[OK ]  |  7686 | 0x00004206 | 0x01 | 0x01
[OK ]  |  7687 | 0x00004207 | 0x00 | 0x00
[OK ]  |  7688 | 0x00004208 | 0xf8 | 0xf8
[OK ]  |  7689 | 0x00004209 | 0x14 | 0x14
[OK ]  |  7690 | 0x0000420a | 0xfe | 0xfe
[OK ]  |  7691 | 0x0000420b | 0xff | 0xff
[OK ]  |  7692 | 0x0000420c | 0x3a | 0x3a
[OK ]  |  7693 | 0x0000420d | 0xb2 | 0xb2
[OK ]  |  7694 | 0x0000420e | 0x00 | 0x00
[OK ]  |  7695 | 0x0000420f | 0x00 | 0x00
[OK ]  |  7696 | 0x00004210 | 0x50 | 0x50
[OK ]  |  7697 | 0x00004211 | 0xa9 | 0xa9
[OK ]  |  7698 | 0x00004212 | 0x01 | 0x01
[OK ]  |  7699 | 0x00004213 | 0x00 | 0x00
[OK ]  |  7700 | 0x00004214 | 0x77 | 0x77
[OK ]  |  7701 | 0x00004215 | 0x4f | 0x4f
[OK ]  |  7702 | 0x00004216 | 0x00 | 0x00
[OK ]  |  7703 | 0x00004217 | 0x00 | 0x00
[OK ]  |  7704 | 0x00004218 | 0x09 | 0x09
[OK ]  |  7705 | 0x00004219 | 0x3f | 0x3f
[OK ]  |  7706 | 0x0000421a | 0xff | 0xff
[OK ]  |  7707 | 0x0000421b | 0xff | 0xff
[OK ]  |  7708 | 0x0000421c | 0x49 | 0x49
[OK ]  |  7709 | 0x0000421d | 0xe5 | 0xe5
[OK ]  |  7710 | 0x0000421e | 0xfe | 0xfe
[OK ]  |  7711 | 0x0000421f | 0xff | 0xff
[OK ]  |  7712 | 0x00004220 | 0x5f | 0x5f
[OK ]  |  7713 | 0x00004221 | 0x28 | 0x28
[OK ]  |  7714 | 0x00004222 | 0x01 | 0x01
[OK ]  |  7715 | 0x00004223 | 0x00 | 0x00
[OK ]  |  7716 | 0x00004224 | 0x4b | 0x4b
[OK ]  |  7717 | 0x00004225 | 0x9a | 0x9a
[OK ]  |  7718 | 0x00004226 | 0xff | 0xff
[OK ]  |  7719 | 0x00004227 | 0xff | 0xff
[OK ]  |  7720 | 0x00004228 | 0x26 | 0x26
[OK ]  |  7721 | 0x00004229 | 0xcb | 0xcb
[OK ]  |  7722 | 0x0000422a | 0x00 | 0x00
[OK ]  |  7723 | 0x0000422b | 0x00 | 0x00
[OK ]  |  7724 | 0x0000422c | 0xdb | 0xdb
[OK ]  |  7725 | 0x0000422d | 0xcc | 0xcc
[OK ]  |  7726 | 0x0000422e | 0xff | 0xff
[OK ]  |  7727 | 0x0000422f | 0xff | 0xff
[OK ]  |  7728 | 0x00004230 | 0x0c | 0x0c
[OK ]  |  7729 | 0x00004231 | 0x0b | 0x0b
[OK ]  |  7730 | 0x00004232 | 0x00 | 0x00
[OK ]  |  7731 | 0x00004233 | 0x00 | 0x00
[OK ]  |  7732 | 0x00004234 | 0x1f | 0x1f
[OK ]  |  7733 | 0x00004235 | 0xed | 0xed
[OK ]  |  7734 | 0x00004236 | 0xff | 0xff
[OK ]  |  7735 | 0x00004237 | 0xff | 0xff
[OK ]  |  7736 | 0x00004238 | 0xe1 | 0xe1
[OK ]  |  7737 | 0x00004239 | 0x84 | 0x84
[OK ]  |  7738 | 0x0000423a | 0x01 | 0x01
[OK ]  |  7739 | 0x0000423b | 0x00 | 0x00
[OK ]  |  7740 | 0x0000423c | 0x87 | 0x87
[OK ]  |  7741 | 0x0000423d | 0x95 | 0x95
[OK ]  |  7742 | 0x0000423e | 0x00 | 0x00
[OK ]  |  7743 | 0x0000423f | 0x00 | 0x00
[OK ]  |  7744 | 0x00004240 | 0x39 | 0x39
[OK ]  |  7745 | 0x00004241 | 0xbc | 0xbc
[OK ]  |  7746 | 0x00004242 | 0xff | 0xff
[OK ]  |  7747 | 0x00004243 | 0xff | 0xff
[OK ]  |  7748 | 0x00004244 | 0x14 | 0x14
[OK ]  |  7749 | 0x00004245 | 0x7c | 0x7c
[OK ]  |  7750 | 0x00004246 | 0x00 | 0x00
[OK ]  |  7751 | 0x00004247 | 0x00 | 0x00
[OK ]  |  7752 | 0x00004248 | 0xc4 | 0xc4
[OK ]  |  7753 | 0x00004249 | 0x4c | 0x4c
[OK ]  |  7754 | 0x0000424a | 0x00 | 0x00
[OK ]  |  7755 | 0x0000424b | 0x00 | 0x00
[OK ]  |  7756 | 0x0000424c | 0xaf | 0xaf
[OK ]  |  7757 | 0x0000424d | 0x1f | 0x1f
[OK ]  |  7758 | 0x0000424e | 0x00 | 0x00
[OK ]  |  7759 | 0x0000424f | 0x00 | 0x00
[OK ]  |  7760 | 0x00004250 | 0x3d | 0x3d
[OK ]  |  7761 | 0x00004251 | 0xf2 | 0xf2
[OK ]  |  7762 | 0x00004252 | 0xff | 0xff
[OK ]  |  7763 | 0x00004253 | 0xff | 0xff
[OK ]  |  7764 | 0x00004254 | 0x55 | 0x55
[OK ]  |  7765 | 0x00004255 | 0x5b | 0x5b
[OK ]  |  7766 | 0x00004256 | 0x01 | 0x01
[OK ]  |  7767 | 0x00004257 | 0x00 | 0x00
[OK ]  |  7768 | 0x00004258 | 0x46 | 0x46
[OK ]  |  7769 | 0x00004259 | 0xa7 | 0xa7
[OK ]  |  7770 | 0x0000425a | 0x00 | 0x00
[OK ]  |  7771 | 0x0000425b | 0x00 | 0x00
[OK ]  |  7772 | 0x0000425c | 0x86 | 0x86
[OK ]  |  7773 | 0x0000425d | 0x7b | 0x7b
[OK ]  |  7774 | 0x0000425e | 0x00 | 0x00
[OK ]  |  7775 | 0x0000425f | 0x00 | 0x00
[OK ]  |  7776 | 0x00004260 | 0x83 | 0x83
[OK ]  |  7777 | 0x00004261 | 0xa7 | 0xa7
[OK ]  |  7778 | 0x00004262 | 0x00 | 0x00
[OK ]  |  7779 | 0x00004263 | 0x00 | 0x00
[OK ]  |  7780 | 0x00004264 | 0xf4 | 0xf4
[OK ]  |  7781 | 0x00004265 | 0xae | 0xae
[OK ]  |  7782 | 0x00004266 | 0xff | 0xff
[OK ]  |  7783 | 0x00004267 | 0xff | 0xff
[OK ]  |  7784 | 0x00004268 | 0xbe | 0xbe
[OK ]  |  7785 | 0x00004269 | 0x45 | 0x45
[OK ]  |  7786 | 0x0000426a | 0x00 | 0x00
[OK ]  |  7787 | 0x0000426b | 0x00 | 0x00
[OK ]  |  7788 | 0x0000426c | 0xa0 | 0xa0
[OK ]  |  7789 | 0x0000426d | 0x1d | 0x1d
[OK ]  |  7790 | 0x0000426e | 0x00 | 0x00
[OK ]  |  7791 | 0x0000426f | 0x00 | 0x00
[OK ]  |  7792 | 0x00004270 | 0x55 | 0x55
[OK ]  |  7793 | 0x00004271 | 0x57 | 0x57
[OK ]  |  7794 | 0x00004272 | 0xff | 0xff
[OK ]  |  7795 | 0x00004273 | 0xff | 0xff
[OK ]  |  7796 | 0x00004274 | 0x22 | 0x22
[OK ]  |  7797 | 0x00004275 | 0x82 | 0x82
[OK ]  |  7798 | 0x00004276 | 0x00 | 0x00
[OK ]  |  7799 | 0x00004277 | 0x00 | 0x00
[OK ]  |  7800 | 0x00004278 | 0xd9 | 0xd9
[OK ]  |  7801 | 0x00004279 | 0xe0 | 0xe0
[OK ]  |  7802 | 0x0000427a | 0xfe | 0xfe
[OK ]  |  7803 | 0x0000427b | 0xff | 0xff
[OK ]  |  7804 | 0x0000427c | 0x9d | 0x9d
[OK ]  |  7805 | 0x0000427d | 0xe7 | 0xe7
[OK ]  |  7806 | 0x0000427e | 0x00 | 0x00
[OK ]  |  7807 | 0x0000427f | 0x00 | 0x00
[OK ]  |  7808 | 0x00004280 | 0x9a | 0x9a
[OK ]  |  7809 | 0x00004281 | 0x86 | 0x86
[OK ]  |  7810 | 0x00004282 | 0x01 | 0x01
[OK ]  |  7811 | 0x00004283 | 0x00 | 0x00
[OK ]  |  7812 | 0x00004284 | 0xde | 0xde
[OK ]  |  7813 | 0x00004285 | 0x96 | 0x96
[OK ]  |  7814 | 0x00004286 | 0xfe | 0xfe
[OK ]  |  7815 | 0x00004287 | 0xff | 0xff
[OK ]  |  7816 | 0x00004288 | 0x9f | 0x9f
[OK ]  |  7817 | 0x00004289 | 0x05 | 0x05
[OK ]  |  7818 | 0x0000428a | 0x00 | 0x00
[OK ]  |  7819 | 0x0000428b | 0x00 | 0x00
[OK ]  |  7820 | 0x0000428c | 0x4e | 0x4e
[OK ]  |  7821 | 0x0000428d | 0x12 | 0x12
[OK ]  |  7822 | 0x0000428e | 0xff | 0xff
[OK ]  |  7823 | 0x0000428f | 0xff | 0xff
[OK ]  |  7824 | 0x00004290 | 0x96 | 0x96
[OK ]  |  7825 | 0x00004291 | 0xca | 0xca
[OK ]  |  7826 | 0x00004292 | 0xff | 0xff
[OK ]  |  7827 | 0x00004293 | 0xff | 0xff
[OK ]  |  7828 | 0x00004294 | 0x06 | 0x06
[OK ]  |  7829 | 0x00004295 | 0x7d | 0x7d
[OK ]  |  7830 | 0x00004296 | 0xff | 0xff
[OK ]  |  7831 | 0x00004297 | 0xff | 0xff
[OK ]  |  7832 | 0x00004298 | 0xaa | 0xaa
[OK ]  |  7833 | 0x00004299 | 0xc8 | 0xc8
[OK ]  |  7834 | 0x0000429a | 0xff | 0xff
[OK ]  |  7835 | 0x0000429b | 0xff | 0xff
[OK ]  |  7836 | 0x0000429c | 0x8a | 0x8a
[OK ]  |  7837 | 0x0000429d | 0xab | 0xab
[OK ]  |  7838 | 0x0000429e | 0xfe | 0xfe
[OK ]  |  7839 | 0x0000429f | 0xff | 0xff
[OK ]  |  7840 | 0x000042a0 | 0x08 | 0x08
[OK ]  |  7841 | 0x000042a1 | 0xe6 | 0xe6
[OK ]  |  7842 | 0x000042a2 | 0xfe | 0xfe
[OK ]  |  7843 | 0x000042a3 | 0xff | 0xff
[OK ]  |  7844 | 0x000042a4 | 0x22 | 0x22
[OK ]  |  7845 | 0x000042a5 | 0x21 | 0x21
[OK ]  |  7846 | 0x000042a6 | 0x00 | 0x00
[OK ]  |  7847 | 0x000042a7 | 0x00 | 0x00
[OK ]  |  7848 | 0x000042a8 | 0xb9 | 0xb9
[OK ]  |  7849 | 0x000042a9 | 0x6f | 0x6f
[OK ]  |  7850 | 0x000042aa | 0xff | 0xff
[OK ]  |  7851 | 0x000042ab | 0xff | 0xff
[OK ]  |  7852 | 0x000042ac | 0x7e | 0x7e
[OK ]  |  7853 | 0x000042ad | 0x8b | 0x8b
[OK ]  |  7854 | 0x000042ae | 0x00 | 0x00
[OK ]  |  7855 | 0x000042af | 0x00 | 0x00
[OK ]  |  7856 | 0x000042b0 | 0x3e | 0x3e
[OK ]  |  7857 | 0x000042b1 | 0x97 | 0x97
[OK ]  |  7858 | 0x000042b2 | 0x00 | 0x00
[OK ]  |  7859 | 0x000042b3 | 0x00 | 0x00
[OK ]  |  7860 | 0x000042b4 | 0x96 | 0x96
[OK ]  |  7861 | 0x000042b5 | 0x0b | 0x0b
[OK ]  |  7862 | 0x000042b6 | 0x01 | 0x01
[OK ]  |  7863 | 0x000042b7 | 0x00 | 0x00
[OK ]  |  7864 | 0x000042b8 | 0xb0 | 0xb0
[OK ]  |  7865 | 0x000042b9 | 0xed | 0xed
[OK ]  |  7866 | 0x000042ba | 0xff | 0xff
[OK ]  |  7867 | 0x000042bb | 0xff | 0xff
[OK ]  |  7868 | 0x000042bc | 0x8c | 0x8c
[OK ]  |  7869 | 0x000042bd | 0x39 | 0x39
[OK ]  |  7870 | 0x000042be | 0x00 | 0x00
[OK ]  |  7871 | 0x000042bf | 0x00 | 0x00
[OK ]  |  7872 | 0x000042c0 | 0xb7 | 0xb7
[OK ]  |  7873 | 0x000042c1 | 0xe4 | 0xe4
[OK ]  |  7874 | 0x000042c2 | 0x01 | 0x01
[OK ]  |  7875 | 0x000042c3 | 0x00 | 0x00
[OK ]  |  7876 | 0x000042c4 | 0x60 | 0x60
[OK ]  |  7877 | 0x000042c5 | 0xfe | 0xfe
[OK ]  |  7878 | 0x000042c6 | 0xfd | 0xfd
[OK ]  |  7879 | 0x000042c7 | 0xff | 0xff
[OK ]  |  7880 | 0x000042c8 | 0xb3 | 0xb3
[OK ]  |  7881 | 0x000042c9 | 0xfc | 0xfc
[OK ]  |  7882 | 0x000042ca | 0xff | 0xff
[OK ]  |  7883 | 0x000042cb | 0xff | 0xff
[OK ]  |  7884 | 0x000042cc | 0x97 | 0x97
[OK ]  |  7885 | 0x000042cd | 0xfc | 0xfc
[OK ]  |  7886 | 0x000042ce | 0x00 | 0x00
[OK ]  |  7887 | 0x000042cf | 0x00 | 0x00
[OK ]  |  7888 | 0x000042d0 | 0xbe | 0xbe
[OK ]  |  7889 | 0x000042d1 | 0x11 | 0x11
[OK ]  |  7890 | 0x000042d2 | 0x00 | 0x00
[OK ]  |  7891 | 0x000042d3 | 0x00 | 0x00
[OK ]  |  7892 | 0x000042d4 | 0x5d | 0x5d
[OK ]  |  7893 | 0x000042d5 | 0x83 | 0x83
[OK ]  |  7894 | 0x000042d6 | 0xfe | 0xfe
[OK ]  |  7895 | 0x000042d7 | 0xff | 0xff
[OK ]  |  7896 | 0x000042d8 | 0x0b | 0x0b
[OK ]  |  7897 | 0x000042d9 | 0xea | 0xea
[OK ]  |  7898 | 0x000042da | 0x00 | 0x00
[OK ]  |  7899 | 0x000042db | 0x00 | 0x00
[OK ]  |  7900 | 0x000042dc | 0x9b | 0x9b
[OK ]  |  7901 | 0x000042dd | 0x12 | 0x12
[OK ]  |  7902 | 0x000042de | 0x00 | 0x00
[OK ]  |  7903 | 0x000042df | 0x00 | 0x00
[OK ]  |  7904 | 0x000042e0 | 0xf6 | 0xf6
[OK ]  |  7905 | 0x000042e1 | 0x8c | 0x8c
[OK ]  |  7906 | 0x000042e2 | 0xff | 0xff
[OK ]  |  7907 | 0x000042e3 | 0xff | 0xff
[OK ]  |  7908 | 0x000042e4 | 0x1e | 0x1e
[OK ]  |  7909 | 0x000042e5 | 0x20 | 0x20
[OK ]  |  7910 | 0x000042e6 | 0x00 | 0x00
[OK ]  |  7911 | 0x000042e7 | 0x00 | 0x00
[OK ]  |  7912 | 0x000042e8 | 0x8f | 0x8f
[OK ]  |  7913 | 0x000042e9 | 0xbb | 0xbb
[OK ]  |  7914 | 0x000042ea | 0x00 | 0x00
[OK ]  |  7915 | 0x000042eb | 0x00 | 0x00
[OK ]  |  7916 | 0x000042ec | 0x05 | 0x05
[OK ]  |  7917 | 0x000042ed | 0x4d | 0x4d
[OK ]  |  7918 | 0x000042ee | 0xfe | 0xfe
[OK ]  |  7919 | 0x000042ef | 0xff | 0xff
[OK ]  |  7920 | 0x000042f0 | 0xdd | 0xdd
[OK ]  |  7921 | 0x000042f1 | 0x3f | 0x3f
[OK ]  |  7922 | 0x000042f2 | 0x00 | 0x00
[OK ]  |  7923 | 0x000042f3 | 0x00 | 0x00
[OK ]  |  7924 | 0x000042f4 | 0xe4 | 0xe4
[OK ]  |  7925 | 0x000042f5 | 0x00 | 0x00
[OK ]  |  7926 | 0x000042f6 | 0xff | 0xff
[OK ]  |  7927 | 0x000042f7 | 0xff | 0xff
[OK ]  |  7928 | 0x000042f8 | 0xd9 | 0xd9
[OK ]  |  7929 | 0x000042f9 | 0x5d | 0x5d
[OK ]  |  7930 | 0x000042fa | 0xfe | 0xfe
[OK ]  |  7931 | 0x000042fb | 0xff | 0xff
[OK ]  |  7932 | 0x000042fc | 0x3d | 0x3d
[OK ]  |  7933 | 0x000042fd | 0x78 | 0x78
[OK ]  |  7934 | 0x000042fe | 0x00 | 0x00
[OK ]  |  7935 | 0x000042ff | 0x00 | 0x00
[OK ]  |  7936 | 0x00004300 | 0xb0 | 0xb0
[OK ]  |  7937 | 0x00004301 | 0x62 | 0x62
[OK ]  |  7938 | 0x00004302 | 0x00 | 0x00
[OK ]  |  7939 | 0x00004303 | 0x00 | 0x00
[OK ]  |  7940 | 0x00004304 | 0xad | 0xad
[OK ]  |  7941 | 0x00004305 | 0x26 | 0x26
[OK ]  |  7942 | 0x00004306 | 0xff | 0xff
[OK ]  |  7943 | 0x00004307 | 0xff | 0xff
[OK ]  |  7944 | 0x00004308 | 0x16 | 0x16
[OK ]  |  7945 | 0x00004309 | 0xff | 0xff
[OK ]  |  7946 | 0x0000430a | 0x00 | 0x00
[OK ]  |  7947 | 0x0000430b | 0x00 | 0x00
[OK ]  |  7948 | 0x0000430c | 0x6a | 0x6a
[OK ]  |  7949 | 0x0000430d | 0x41 | 0x41
[OK ]  |  7950 | 0x0000430e | 0x00 | 0x00
[OK ]  |  7951 | 0x0000430f | 0x00 | 0x00
[OK ]  |  7952 | 0x00004310 | 0xd8 | 0xd8
[OK ]  |  7953 | 0x00004311 | 0x40 | 0x40
[OK ]  |  7954 | 0x00004312 | 0x01 | 0x01
[OK ]  |  7955 | 0x00004313 | 0x00 | 0x00
[OK ]  |  7956 | 0x00004314 | 0x2a | 0x2a
[OK ]  |  7957 | 0x00004315 | 0x8a | 0x8a
[OK ]  |  7958 | 0x00004316 | 0xfe | 0xfe
[OK ]  |  7959 | 0x00004317 | 0xff | 0xff
[OK ]  |  7960 | 0x00004318 | 0x0b | 0x0b
[OK ]  |  7961 | 0x00004319 | 0x6f | 0x6f
[OK ]  |  7962 | 0x0000431a | 0xff | 0xff
[OK ]  |  7963 | 0x0000431b | 0xff | 0xff
[OK ]  |  7964 | 0x0000431c | 0x65 | 0x65
[OK ]  |  7965 | 0x0000431d | 0x88 | 0x88
[OK ]  |  7966 | 0x0000431e | 0x00 | 0x00
[OK ]  |  7967 | 0x0000431f | 0x00 | 0x00
[OK ]  |  7968 | 0x00004320 | 0x40 | 0x40
[OK ]  |  7969 | 0x00004321 | 0x88 | 0x88
[OK ]  |  7970 | 0x00004322 | 0xfe | 0xfe
[OK ]  |  7971 | 0x00004323 | 0xff | 0xff
[OK ]  |  7972 | 0x00004324 | 0xd9 | 0xd9
[OK ]  |  7973 | 0x00004325 | 0xb7 | 0xb7
[OK ]  |  7974 | 0x00004326 | 0x00 | 0x00
[OK ]  |  7975 | 0x00004327 | 0x00 | 0x00
[OK ]  |  7976 | 0x00004328 | 0xa9 | 0xa9
[OK ]  |  7977 | 0x00004329 | 0x0c | 0x0c
[OK ]  |  7978 | 0x0000432a | 0x00 | 0x00
[OK ]  |  7979 | 0x0000432b | 0x00 | 0x00
[OK ]  |  7980 | 0x0000432c | 0xf4 | 0xf4
[OK ]  |  7981 | 0x0000432d | 0x57 | 0x57
[OK ]  |  7982 | 0x0000432e | 0xff | 0xff
[OK ]  |  7983 | 0x0000432f | 0xff | 0xff
[OK ]  |  7984 | 0x00004330 | 0xda | 0xda
[OK ]  |  7985 | 0x00004331 | 0x55 | 0x55
[OK ]  |  7986 | 0x00004332 | 0x00 | 0x00
[OK ]  |  7987 | 0x00004333 | 0x00 | 0x00
[OK ]  |  7988 | 0x00004334 | 0x00 | 0x00
[OK ]  |  7989 | 0x00004335 | 0x96 | 0x96
[OK ]  |  7990 | 0x00004336 | 0xff | 0xff
[OK ]  |  7991 | 0x00004337 | 0xff | 0xff
[OK ]  |  7992 | 0x00004338 | 0xd0 | 0xd0
[OK ]  |  7993 | 0x00004339 | 0x58 | 0x58
[OK ]  |  7994 | 0x0000433a | 0x00 | 0x00
[OK ]  |  7995 | 0x0000433b | 0x00 | 0x00
[OK ]  |  7996 | 0x0000433c | 0xaf | 0xaf
[OK ]  |  7997 | 0x0000433d | 0x30 | 0x30
[OK ]  |  7998 | 0x0000433e | 0x00 | 0x00
[OK ]  |  7999 | 0x0000433f | 0x00 | 0x00
[OK ]  |  8000 | 0x00004340 | 0x6f | 0x6f
[OK ]  |  8001 | 0x00004341 | 0x6e | 0x6e
[OK ]  |  8002 | 0x00004342 | 0xff | 0xff
[OK ]  |  8003 | 0x00004343 | 0xff | 0xff
[OK ]  |  8004 | 0x00004344 | 0x07 | 0x07
[OK ]  |  8005 | 0x00004345 | 0x43 | 0x43
[OK ]  |  8006 | 0x00004346 | 0xff | 0xff
[OK ]  |  8007 | 0x00004347 | 0xff | 0xff
[OK ]  |  8008 | 0x00004348 | 0x33 | 0x33
[OK ]  |  8009 | 0x00004349 | 0x11 | 0x11
[OK ]  |  8010 | 0x0000434a | 0x00 | 0x00
[OK ]  |  8011 | 0x0000434b | 0x00 | 0x00
[OK ]  |  8012 | 0x0000434c | 0x5e | 0x5e
[OK ]  |  8013 | 0x0000434d | 0x26 | 0x26
[OK ]  |  8014 | 0x0000434e | 0x01 | 0x01
[OK ]  |  8015 | 0x0000434f | 0x00 | 0x00
[OK ]  |  8016 | 0x00004350 | 0x71 | 0x71
[OK ]  |  8017 | 0x00004351 | 0x7e | 0x7e
[OK ]  |  8018 | 0x00004352 | 0xff | 0xff
[OK ]  |  8019 | 0x00004353 | 0xff | 0xff
[OK ]  |  8020 | 0x00004354 | 0x04 | 0x04
[OK ]  |  8021 | 0x00004355 | 0x4a | 0x4a
[OK ]  |  8022 | 0x00004356 | 0x02 | 0x02
[OK ]  |  8023 | 0x00004357 | 0x00 | 0x00
[OK ]  |  8024 | 0x00004358 | 0xf3 | 0xf3
[OK ]  |  8025 | 0x00004359 | 0x75 | 0x75
[OK ]  |  8026 | 0x0000435a | 0x01 | 0x01
[OK ]  |  8027 | 0x0000435b | 0x00 | 0x00
[OK ]  |  8028 | 0x0000435c | 0xfc | 0xfc
[OK ]  |  8029 | 0x0000435d | 0x8a | 0x8a
[OK ]  |  8030 | 0x0000435e | 0xfe | 0xfe
[OK ]  |  8031 | 0x0000435f | 0xff | 0xff
[OK ]  |  8032 | 0x00004360 | 0xb6 | 0xb6
[OK ]  |  8033 | 0x00004361 | 0x62 | 0x62
[OK ]  |  8034 | 0x00004362 | 0xff | 0xff
[OK ]  |  8035 | 0x00004363 | 0xff | 0xff
[OK ]  |  8036 | 0x00004364 | 0xc1 | 0xc1
[OK ]  |  8037 | 0x00004365 | 0x31 | 0x31
[OK ]  |  8038 | 0x00004366 | 0x00 | 0x00
[OK ]  |  8039 | 0x00004367 | 0x00 | 0x00
[OK ]  |  8040 | 0x00004368 | 0xe5 | 0xe5
[OK ]  |  8041 | 0x00004369 | 0x21 | 0x21
[OK ]  |  8042 | 0x0000436a | 0xff | 0xff
[OK ]  |  8043 | 0x0000436b | 0xff | 0xff
[OK ]  |  8044 | 0x0000436c | 0xd3 | 0xd3
[OK ]  |  8045 | 0x0000436d | 0xe8 | 0xe8
[OK ]  |  8046 | 0x0000436e | 0xfe | 0xfe
[OK ]  |  8047 | 0x0000436f | 0xff | 0xff
[OK ]  |  8048 | 0x00004370 | 0xde | 0xde
[OK ]  |  8049 | 0x00004371 | 0x16 | 0x16
[OK ]  |  8050 | 0x00004372 | 0x00 | 0x00
[OK ]  |  8051 | 0x00004373 | 0x00 | 0x00
[OK ]  |  8052 | 0x00004374 | 0xfe | 0xfe
[OK ]  |  8053 | 0x00004375 | 0x6a | 0x6a
[OK ]  |  8054 | 0x00004376 | 0x00 | 0x00
[OK ]  |  8055 | 0x00004377 | 0x00 | 0x00
[OK ]  |  8056 | 0x00004378 | 0xb0 | 0xb0
[OK ]  |  8057 | 0x00004379 | 0x19 | 0x19
[OK ]  |  8058 | 0x0000437a | 0x00 | 0x00
[OK ]  |  8059 | 0x0000437b | 0x00 | 0x00
[OK ]  |  8060 | 0x0000437c | 0xd7 | 0xd7
[OK ]  |  8061 | 0x0000437d | 0xc7 | 0xc7
[OK ]  |  8062 | 0x0000437e | 0x00 | 0x00
[OK ]  |  8063 | 0x0000437f | 0x00 | 0x00
[OK ]  |  8064 | 0x00004380 | 0x01 | 0x01
[OK ]  |  8065 | 0x00004381 | 0x72 | 0x72
[OK ]  |  8066 | 0x00004382 | 0xff | 0xff
[OK ]  |  8067 | 0x00004383 | 0xff | 0xff
[OK ]  |  8068 | 0x00004384 | 0x14 | 0x14
[OK ]  |  8069 | 0x00004385 | 0x86 | 0x86
[OK ]  |  8070 | 0x00004386 | 0x01 | 0x01
[OK ]  |  8071 | 0x00004387 | 0x00 | 0x00
[OK ]  |  8072 | 0x00004388 | 0xb8 | 0xb8
[OK ]  |  8073 | 0x00004389 | 0x96 | 0x96
[OK ]  |  8074 | 0x0000438a | 0x00 | 0x00
[OK ]  |  8075 | 0x0000438b | 0x00 | 0x00
[OK ]  |  8076 | 0x0000438c | 0xfe | 0xfe
[OK ]  |  8077 | 0x0000438d | 0x8c | 0x8c
[OK ]  |  8078 | 0x0000438e | 0xff | 0xff
[OK ]  |  8079 | 0x0000438f | 0xff | 0xff
[OK ]  |  8080 | 0x00004390 | 0xda | 0xda
[OK ]  |  8081 | 0x00004391 | 0xf9 | 0xf9
[OK ]  |  8082 | 0x00004392 | 0x00 | 0x00
[OK ]  |  8083 | 0x00004393 | 0x00 | 0x00
[OK ]  |  8084 | 0x00004394 | 0xbd | 0xbd
[OK ]  |  8085 | 0x00004395 | 0x5d | 0x5d
[OK ]  |  8086 | 0x00004396 | 0x01 | 0x01
[OK ]  |  8087 | 0x00004397 | 0x00 | 0x00
[OK ]  |  8088 | 0x00004398 | 0x23 | 0x23
[OK ]  |  8089 | 0x00004399 | 0xb8 | 0xb8
[OK ]  |  8090 | 0x0000439a | 0xff | 0xff
[OK ]  |  8091 | 0x0000439b | 0xff | 0xff
[OK ]  |  8092 | 0x0000439c | 0x53 | 0x53
[OK ]  |  8093 | 0x0000439d | 0x52 | 0x52
[OK ]  |  8094 | 0x0000439e | 0xff | 0xff
[OK ]  |  8095 | 0x0000439f | 0xff | 0xff
[OK ]  |  8096 | 0x000043a0 | 0xc3 | 0xc3
[OK ]  |  8097 | 0x000043a1 | 0x97 | 0x97
[OK ]  |  8098 | 0x000043a2 | 0x00 | 0x00
[OK ]  |  8099 | 0x000043a3 | 0x00 | 0x00
[OK ]  |  8100 | 0x000043a4 | 0xf1 | 0xf1
[OK ]  |  8101 | 0x000043a5 | 0x32 | 0x32
[OK ]  |  8102 | 0x000043a6 | 0x00 | 0x00
[OK ]  |  8103 | 0x000043a7 | 0x00 | 0x00
[OK ]  |  8104 | 0x000043a8 | 0x75 | 0x75
[OK ]  |  8105 | 0x000043a9 | 0xeb | 0xeb
[OK ]  |  8106 | 0x000043aa | 0x00 | 0x00
[OK ]  |  8107 | 0x000043ab | 0x00 | 0x00
[OK ]  |  8108 | 0x000043ac | 0x0a | 0x0a
[OK ]  |  8109 | 0x000043ad | 0x21 | 0x21
[OK ]  |  8110 | 0x000043ae | 0x00 | 0x00
[OK ]  |  8111 | 0x000043af | 0x00 | 0x00
[OK ]  |  8112 | 0x000043b0 | 0xe4 | 0xe4
[OK ]  |  8113 | 0x000043b1 | 0x37 | 0x37
[OK ]  |  8114 | 0x000043b2 | 0x01 | 0x01
[OK ]  |  8115 | 0x000043b3 | 0x00 | 0x00
[OK ]  |  8116 | 0x000043b4 | 0x05 | 0x05
[OK ]  |  8117 | 0x000043b5 | 0x56 | 0x56
[OK ]  |  8118 | 0x000043b6 | 0xfe | 0xfe
[OK ]  |  8119 | 0x000043b7 | 0xff | 0xff
[OK ]  |  8120 | 0x000043b8 | 0x10 | 0x10
[OK ]  |  8121 | 0x000043b9 | 0xb6 | 0xb6
[OK ]  |  8122 | 0x000043ba | 0xff | 0xff
[OK ]  |  8123 | 0x000043bb | 0xff | 0xff
[OK ]  |  8124 | 0x000043bc | 0xfa | 0xfa
[OK ]  |  8125 | 0x000043bd | 0xf2 | 0xf2
[OK ]  |  8126 | 0x000043be | 0x00 | 0x00
[OK ]  |  8127 | 0x000043bf | 0x00 | 0x00
[OK ]  |  8128 | 0x000043c0 | 0x5d | 0x5d
[OK ]  |  8129 | 0x000043c1 | 0xd0 | 0xd0
[OK ]  |  8130 | 0x000043c2 | 0x00 | 0x00
[OK ]  |  8131 | 0x000043c3 | 0x00 | 0x00
[OK ]  |  8132 | 0x000043c4 | 0xf8 | 0xf8
[OK ]  |  8133 | 0x000043c5 | 0x8f | 0x8f
[OK ]  |  8134 | 0x000043c6 | 0x00 | 0x00
[OK ]  |  8135 | 0x000043c7 | 0x00 | 0x00
[OK ]  |  8136 | 0x000043c8 | 0x70 | 0x70
[OK ]  |  8137 | 0x000043c9 | 0xee | 0xee
[OK ]  |  8138 | 0x000043ca | 0xff | 0xff
[OK ]  |  8139 | 0x000043cb | 0xff | 0xff
[OK ]  |  8140 | 0x000043cc | 0xb8 | 0xb8
[OK ]  |  8141 | 0x000043cd | 0xa4 | 0xa4
[OK ]  |  8142 | 0x000043ce | 0xff | 0xff
[OK ]  |  8143 | 0x000043cf | 0xff | 0xff
[OK ]  |  8144 | 0x000043d0 | 0xa6 | 0xa6
[OK ]  |  8145 | 0x000043d1 | 0x6b | 0x6b
[OK ]  |  8146 | 0x000043d2 | 0x00 | 0x00
[OK ]  |  8147 | 0x000043d3 | 0x00 | 0x00
[OK ]  |  8148 | 0x000043d4 | 0xb7 | 0xb7
[OK ]  |  8149 | 0x000043d5 | 0x42 | 0x42
[OK ]  |  8150 | 0x000043d6 | 0x00 | 0x00
[OK ]  |  8151 | 0x000043d7 | 0x00 | 0x00
[OK ]  |  8152 | 0x000043d8 | 0x69 | 0x69
[OK ]  |  8153 | 0x000043d9 | 0x70 | 0x70
[OK ]  |  8154 | 0x000043da | 0xff | 0xff
[OK ]  |  8155 | 0x000043db | 0xff | 0xff
[OK ]  |  8156 | 0x000043dc | 0x02 | 0x02
[OK ]  |  8157 | 0x000043dd | 0xdf | 0xdf
[OK ]  |  8158 | 0x000043de | 0x00 | 0x00
[OK ]  |  8159 | 0x000043df | 0x00 | 0x00
[OK ]  |  8160 | 0x000043e0 | 0x88 | 0x88
[OK ]  |  8161 | 0x000043e1 | 0x43 | 0x43
[OK ]  |  8162 | 0x000043e2 | 0x00 | 0x00
[OK ]  |  8163 | 0x000043e3 | 0x00 | 0x00
[OK ]  |  8164 | 0x000043e4 | 0xfe | 0xfe
[OK ]  |  8165 | 0x000043e5 | 0x46 | 0x46
[OK ]  |  8166 | 0x000043e6 | 0x00 | 0x00
[OK ]  |  8167 | 0x000043e7 | 0x00 | 0x00
[OK ]  |  8168 | 0x000043e8 | 0xcd | 0xcd
[OK ]  |  8169 | 0x000043e9 | 0x62 | 0x62
[OK ]  |  8170 | 0x000043ea | 0xff | 0xff
[OK ]  |  8171 | 0x000043eb | 0xff | 0xff
[OK ]  |  8172 | 0x000043ec | 0x3e | 0x3e
[OK ]  |  8173 | 0x000043ed | 0x65 | 0x65
[OK ]  |  8174 | 0x000043ee | 0x01 | 0x01
[OK ]  |  8175 | 0x000043ef | 0x00 | 0x00
[OK ]  |  8176 | 0x000043f0 | 0x5f | 0x5f
[OK ]  |  8177 | 0x000043f1 | 0x11 | 0x11
[OK ]  |  8178 | 0x000043f2 | 0x01 | 0x01
[OK ]  |  8179 | 0x000043f3 | 0x00 | 0x00
[OK ]  |  8180 | 0x000043f4 | 0x98 | 0x98
[OK ]  |  8181 | 0x000043f5 | 0x2b | 0x2b
[OK ]  |  8182 | 0x000043f6 | 0x00 | 0x00
[OK ]  |  8183 | 0x000043f7 | 0x00 | 0x00
[OK ]  |  8184 | 0x000043f8 | 0xa7 | 0xa7
[OK ]  |  8185 | 0x000043f9 | 0x37 | 0x37
[OK ]  |  8186 | 0x000043fa | 0x00 | 0x00
[OK ]  |  8187 | 0x000043fb | 0x00 | 0x00
[OK ]  |  8188 | 0x000043fc | 0x0d | 0x0d
[OK ]  |  8189 | 0x000043fd | 0x06 | 0x06
[OK ]  |  8190 | 0x000043fe | 0x00 | 0x00
[OK ]  |  8191 | 0x000043ff | 0x00 | 0x00
[OK ]  |  8192 | 0x00004400 | 0x59 | 0x59
[OK ]  |  8193 | 0x00004401 | 0x7e | 0x7e
[OK ]  |  8194 | 0x00004402 | 0xff | 0xff
[OK ]  |  8195 | 0x00004403 | 0xff | 0xff
[OK ]  |  8196 | 0x00004404 | 0x8e | 0x8e
[OK ]  |  8197 | 0x00004405 | 0xdf | 0xdf
[OK ]  |  8198 | 0x00004406 | 0xff | 0xff
[OK ]  |  8199 | 0x00004407 | 0xff | 0xff
[OK ]  |  8200 | 0x00004408 | 0xb5 | 0xb5
[OK ]  |  8201 | 0x00004409 | 0xd2 | 0xd2
[OK ]  |  8202 | 0x0000440a | 0xff | 0xff
[OK ]  |  8203 | 0x0000440b | 0xff | 0xff
[OK ]  |  8204 | 0x0000440c | 0xf0 | 0xf0
[OK ]  |  8205 | 0x0000440d | 0x33 | 0x33
[OK ]  |  8206 | 0x0000440e | 0x00 | 0x00
[OK ]  |  8207 | 0x0000440f | 0x00 | 0x00
[OK ]  |  8208 | 0x00004410 | 0x7d | 0x7d
[OK ]  |  8209 | 0x00004411 | 0x5d | 0x5d
[OK ]  |  8210 | 0x00004412 | 0x00 | 0x00
[OK ]  |  8211 | 0x00004413 | 0x00 | 0x00
[OK ]  |  8212 | 0x00004414 | 0xc2 | 0xc2
[OK ]  |  8213 | 0x00004415 | 0x76 | 0x76
[OK ]  |  8214 | 0x00004416 | 0xff | 0xff
[OK ]  |  8215 | 0x00004417 | 0xff | 0xff
[OK ]  |  8216 | 0x00004418 | 0xc4 | 0xc4
[OK ]  |  8217 | 0x00004419 | 0x0a | 0x0a
[OK ]  |  8218 | 0x0000441a | 0x01 | 0x01
[OK ]  |  8219 | 0x0000441b | 0x00 | 0x00
[OK ]  |  8220 | 0x0000441c | 0x4c | 0x4c
[OK ]  |  8221 | 0x0000441d | 0xc0 | 0xc0
[OK ]  |  8222 | 0x0000441e | 0xff | 0xff
[OK ]  |  8223 | 0x0000441f | 0xff | 0xff
[OK ]  |  8224 | 0x00004420 | 0xc4 | 0xc4
[OK ]  |  8225 | 0x00004421 | 0xda | 0xda
[OK ]  |  8226 | 0x00004422 | 0xfe | 0xfe
[OK ]  |  8227 | 0x00004423 | 0xff | 0xff
[OK ]  |  8228 | 0x00004424 | 0x8c | 0x8c
[OK ]  |  8229 | 0x00004425 | 0x8d | 0x8d
[OK ]  |  8230 | 0x00004426 | 0x00 | 0x00
[OK ]  |  8231 | 0x00004427 | 0x00 | 0x00
[OK ]  |  8232 | 0x00004428 | 0x65 | 0x65
[OK ]  |  8233 | 0x00004429 | 0x52 | 0x52
[OK ]  |  8234 | 0x0000442a | 0x00 | 0x00
[OK ]  |  8235 | 0x0000442b | 0x00 | 0x00
[OK ]  |  8236 | 0x0000442c | 0x01 | 0x01
[OK ]  |  8237 | 0x0000442d | 0xac | 0xac
[OK ]  |  8238 | 0x0000442e | 0x00 | 0x00
[OK ]  |  8239 | 0x0000442f | 0x00 | 0x00
[OK ]  |  8240 | 0x00004430 | 0xd4 | 0xd4
[OK ]  |  8241 | 0x00004431 | 0x69 | 0x69
[OK ]  |  8242 | 0x00004432 | 0xff | 0xff
[OK ]  |  8243 | 0x00004433 | 0xff | 0xff
[OK ]  |  8244 | 0x00004434 | 0x76 | 0x76
[OK ]  |  8245 | 0x00004435 | 0x05 | 0x05
[OK ]  |  8246 | 0x00004436 | 0x00 | 0x00
[OK ]  |  8247 | 0x00004437 | 0x00 | 0x00
[OK ]  |  8248 | 0x00004438 | 0xe5 | 0xe5
[OK ]  |  8249 | 0x00004439 | 0xf2 | 0xf2
[OK ]  |  8250 | 0x0000443a | 0xfe | 0xfe
[OK ]  |  8251 | 0x0000443b | 0xff | 0xff
[OK ]  |  8252 | 0x0000443c | 0xf2 | 0xf2
[OK ]  |  8253 | 0x0000443d | 0x29 | 0x29
[OK ]  |  8254 | 0x0000443e | 0x01 | 0x01
[OK ]  |  8255 | 0x0000443f | 0x00 | 0x00
[OK ]  |  8256 | 0x00004440 | 0x2f | 0x2f
[OK ]  |  8257 | 0x00004441 | 0x9c | 0x9c
[OK ]  |  8258 | 0x00004442 | 0xfe | 0xfe
[OK ]  |  8259 | 0x00004443 | 0xff | 0xff
[OK ]  |  8260 | 0x00004444 | 0x2d | 0x2d
[OK ]  |  8261 | 0x00004445 | 0x25 | 0x25
[OK ]  |  8262 | 0x00004446 | 0xff | 0xff
[OK ]  |  8263 | 0x00004447 | 0xff | 0xff
[OK ]  |  8264 | 0x00004448 | 0x69 | 0x69
[OK ]  |  8265 | 0x00004449 | 0xb5 | 0xb5
[OK ]  |  8266 | 0x0000444a | 0x00 | 0x00
[OK ]  |  8267 | 0x0000444b | 0x00 | 0x00
[OK ]  |  8268 | 0x0000444c | 0x4d | 0x4d
[OK ]  |  8269 | 0x0000444d | 0xdf | 0xdf
[OK ]  |  8270 | 0x0000444e | 0xfe | 0xfe
[OK ]  |  8271 | 0x0000444f | 0xff | 0xff
[OK ]  |  8272 | 0x00004450 | 0x85 | 0x85
[OK ]  |  8273 | 0x00004451 | 0xd7 | 0xd7
[OK ]  |  8274 | 0x00004452 | 0xff | 0xff
[OK ]  |  8275 | 0x00004453 | 0xff | 0xff
[OK ]  |  8276 | 0x00004454 | 0x89 | 0x89
[OK ]  |  8277 | 0x00004455 | 0x69 | 0x69
[OK ]  |  8278 | 0x00004456 | 0xff | 0xff
[OK ]  |  8279 | 0x00004457 | 0xff | 0xff
[OK ]  |  8280 | 0x00004458 | 0x17 | 0x17
[OK ]  |  8281 | 0x00004459 | 0x6c | 0x6c
[OK ]  |  8282 | 0x0000445a | 0x00 | 0x00
[OK ]  |  8283 | 0x0000445b | 0x00 | 0x00
[OK ]  |  8284 | 0x0000445c | 0x27 | 0x27
[OK ]  |  8285 | 0x0000445d | 0x94 | 0x94
[OK ]  |  8286 | 0x0000445e | 0x00 | 0x00
[OK ]  |  8287 | 0x0000445f | 0x00 | 0x00
[OK ]  |  8288 | 0x00004460 | 0x67 | 0x67
[OK ]  |  8289 | 0x00004461 | 0xa9 | 0xa9
[OK ]  |  8290 | 0x00004462 | 0xff | 0xff
[OK ]  |  8291 | 0x00004463 | 0xff | 0xff
[OK ]  |  8292 | 0x00004464 | 0xfc | 0xfc
[OK ]  |  8293 | 0x00004465 | 0x64 | 0x64
[OK ]  |  8294 | 0x00004466 | 0xff | 0xff
[OK ]  |  8295 | 0x00004467 | 0xff | 0xff
[OK ]  |  8296 | 0x00004468 | 0x1f | 0x1f
[OK ]  |  8297 | 0x00004469 | 0xaf | 0xaf
[OK ]  |  8298 | 0x0000446a | 0x00 | 0x00
[OK ]  |  8299 | 0x0000446b | 0x00 | 0x00
[OK ]  |  8300 | 0x0000446c | 0xf2 | 0xf2
[OK ]  |  8301 | 0x0000446d | 0x28 | 0x28
[OK ]  |  8302 | 0x0000446e | 0x00 | 0x00
[OK ]  |  8303 | 0x0000446f | 0x00 | 0x00
[OK ]  |  8304 | 0x00004470 | 0x91 | 0x91
[OK ]  |  8305 | 0x00004471 | 0x8a | 0x8a
[OK ]  |  8306 | 0x00004472 | 0x01 | 0x01
[OK ]  |  8307 | 0x00004473 | 0x00 | 0x00
[OK ]  |  8308 | 0x00004474 | 0x40 | 0x40
[OK ]  |  8309 | 0x00004475 | 0x86 | 0x86
[OK ]  |  8310 | 0x00004476 | 0xff | 0xff
[OK ]  |  8311 | 0x00004477 | 0xff | 0xff
[OK ]  |  8312 | 0x00004478 | 0x8f | 0x8f
[OK ]  |  8313 | 0x00004479 | 0xbe | 0xbe
[OK ]  |  8314 | 0x0000447a | 0x00 | 0x00
[OK ]  |  8315 | 0x0000447b | 0x00 | 0x00
[OK ]  |  8316 | 0x0000447c | 0xdf | 0xdf
[OK ]  |  8317 | 0x0000447d | 0xc6 | 0xc6
[OK ]  |  8318 | 0x0000447e | 0xfe | 0xfe
[OK ]  |  8319 | 0x0000447f | 0xff | 0xff
[OK ]  |  8320 | 0x00004480 | 0x37 | 0x37
[OK ]  |  8321 | 0x00004481 | 0xbd | 0xbd
[OK ]  |  8322 | 0x00004482 | 0x00 | 0x00
[OK ]  |  8323 | 0x00004483 | 0x00 | 0x00
[OK ]  |  8324 | 0x00004484 | 0x60 | 0x60
[OK ]  |  8325 | 0x00004485 | 0x4d | 0x4d
[OK ]  |  8326 | 0x00004486 | 0x00 | 0x00
[OK ]  |  8327 | 0x00004487 | 0x00 | 0x00
[OK ]  |  8328 | 0x00004488 | 0x8d | 0x8d
[OK ]  |  8329 | 0x00004489 | 0x6b | 0x6b
[OK ]  |  8330 | 0x0000448a | 0x00 | 0x00
[OK ]  |  8331 | 0x0000448b | 0x00 | 0x00
[OK ]  |  8332 | 0x0000448c | 0x1a | 0x1a
[OK ]  |  8333 | 0x0000448d | 0x15 | 0x15
[OK ]  |  8334 | 0x0000448e | 0x00 | 0x00
[OK ]  |  8335 | 0x0000448f | 0x00 | 0x00
[OK ]  |  8336 | 0x00004490 | 0xb1 | 0xb1
[OK ]  |  8337 | 0x00004491 | 0xf7 | 0xf7
[OK ]  |  8338 | 0x00004492 | 0xff | 0xff
[OK ]  |  8339 | 0x00004493 | 0xff | 0xff
[OK ]  |  8340 | 0x00004494 | 0x05 | 0x05
[OK ]  |  8341 | 0x00004495 | 0x75 | 0x75
[OK ]  |  8342 | 0x00004496 | 0xff | 0xff
[OK ]  |  8343 | 0x00004497 | 0xff | 0xff
[OK ]  |  8344 | 0x00004498 | 0x20 | 0x20
[OK ]  |  8345 | 0x00004499 | 0x90 | 0x90
[OK ]  |  8346 | 0x0000449a | 0x00 | 0x00
[OK ]  |  8347 | 0x0000449b | 0x00 | 0x00
[OK ]  |  8348 | 0x0000449c | 0xf9 | 0xf9
[OK ]  |  8349 | 0x0000449d | 0xa7 | 0xa7
[OK ]  |  8350 | 0x0000449e | 0x00 | 0x00
[OK ]  |  8351 | 0x0000449f | 0x00 | 0x00
[OK ]  |  8352 | 0x000044a0 | 0xa2 | 0xa2
[OK ]  |  8353 | 0x000044a1 | 0xa0 | 0xa0
[OK ]  |  8354 | 0x000044a2 | 0x00 | 0x00
[OK ]  |  8355 | 0x000044a3 | 0x00 | 0x00
[OK ]  |  8356 | 0x000044a4 | 0x3b | 0x3b
[OK ]  |  8357 | 0x000044a5 | 0xa1 | 0xa1
[OK ]  |  8358 | 0x000044a6 | 0xfe | 0xfe
[OK ]  |  8359 | 0x000044a7 | 0xff | 0xff
[OK ]  |  8360 | 0x000044a8 | 0x6c | 0x6c
[OK ]  |  8361 | 0x000044a9 | 0xb3 | 0xb3
[OK ]  |  8362 | 0x000044aa | 0x00 | 0x00
[OK ]  |  8363 | 0x000044ab | 0x00 | 0x00
[OK ]  |  8364 | 0x000044ac | 0x81 | 0x81
[OK ]  |  8365 | 0x000044ad | 0xf5 | 0xf5
[OK ]  |  8366 | 0x000044ae | 0xfe | 0xfe
[OK ]  |  8367 | 0x000044af | 0xff | 0xff
[OK ]  |  8368 | 0x000044b0 | 0xc6 | 0xc6
[OK ]  |  8369 | 0x000044b1 | 0x71 | 0x71
[OK ]  |  8370 | 0x000044b2 | 0x01 | 0x01
[OK ]  |  8371 | 0x000044b3 | 0x00 | 0x00
[OK ]  |  8372 | 0x000044b4 | 0xea | 0xea
[OK ]  |  8373 | 0x000044b5 | 0xb0 | 0xb0
[OK ]  |  8374 | 0x000044b6 | 0xfe | 0xfe
[OK ]  |  8375 | 0x000044b7 | 0xff | 0xff
[OK ]  |  8376 | 0x000044b8 | 0x5f | 0x5f
[OK ]  |  8377 | 0x000044b9 | 0x84 | 0x84
[OK ]  |  8378 | 0x000044ba | 0x00 | 0x00
[OK ]  |  8379 | 0x000044bb | 0x00 | 0x00
[OK ]  |  8380 | 0x000044bc | 0x66 | 0x66
[OK ]  |  8381 | 0x000044bd | 0x2d | 0x2d
[OK ]  |  8382 | 0x000044be | 0x01 | 0x01
[OK ]  |  8383 | 0x000044bf | 0x00 | 0x00
[OK ]  |  8384 | 0x000044c0 | 0xa6 | 0xa6
[OK ]  |  8385 | 0x000044c1 | 0x16 | 0x16
[OK ]  |  8386 | 0x000044c2 | 0x01 | 0x01
[OK ]  |  8387 | 0x000044c3 | 0x00 | 0x00
[OK ]  |  8388 | 0x000044c4 | 0x89 | 0x89
[OK ]  |  8389 | 0x000044c5 | 0x98 | 0x98
[OK ]  |  8390 | 0x000044c6 | 0xff | 0xff
[OK ]  |  8391 | 0x000044c7 | 0xff | 0xff
[OK ]  |  8392 | 0x000044c8 | 0x77 | 0x77
[OK ]  |  8393 | 0x000044c9 | 0xd0 | 0xd0
[OK ]  |  8394 | 0x000044ca | 0xff | 0xff
[OK ]  |  8395 | 0x000044cb | 0xff | 0xff
[OK ]  |  8396 | 0x000044cc | 0xa5 | 0xa5
[OK ]  |  8397 | 0x000044cd | 0x7d | 0x7d
[OK ]  |  8398 | 0x000044ce | 0x00 | 0x00
[OK ]  |  8399 | 0x000044cf | 0x00 | 0x00
[OK ]  |  8400 | 0x000044d0 | 0x37 | 0x37
[OK ]  |  8401 | 0x000044d1 | 0x64 | 0x64
[OK ]  |  8402 | 0x000044d2 | 0xff | 0xff
[OK ]  |  8403 | 0x000044d3 | 0xff | 0xff
[OK ]  |  8404 | 0x000044d4 | 0x28 | 0x28
[OK ]  |  8405 | 0x000044d5 | 0x6c | 0x6c
[OK ]  |  8406 | 0x000044d6 | 0x00 | 0x00
[OK ]  |  8407 | 0x000044d7 | 0x00 | 0x00
[OK ]  |  8408 | 0x000044d8 | 0xd6 | 0xd6
[OK ]  |  8409 | 0x000044d9 | 0x64 | 0x64
[OK ]  |  8410 | 0x000044da | 0x00 | 0x00
[OK ]  |  8411 | 0x000044db | 0x00 | 0x00
[OK ]  |  8412 | 0x000044dc | 0x47 | 0x47
[OK ]  |  8413 | 0x000044dd | 0x08 | 0x08
[OK ]  |  8414 | 0x000044de | 0x00 | 0x00
[OK ]  |  8415 | 0x000044df | 0x00 | 0x00
[OK ]  |  8416 | 0x000044e0 | 0x57 | 0x57
[OK ]  |  8417 | 0x000044e1 | 0xb5 | 0xb5
[OK ]  |  8418 | 0x000044e2 | 0x00 | 0x00
[OK ]  |  8419 | 0x000044e3 | 0x00 | 0x00
[OK ]  |  8420 | 0x000044e4 | 0x67 | 0x67
[OK ]  |  8421 | 0x000044e5 | 0xc5 | 0xc5
[OK ]  |  8422 | 0x000044e6 | 0x00 | 0x00
[OK ]  |  8423 | 0x000044e7 | 0x00 | 0x00
[OK ]  |  8424 | 0x000044e8 | 0xb1 | 0xb1
[OK ]  |  8425 | 0x000044e9 | 0x7b | 0x7b
[OK ]  |  8426 | 0x000044ea | 0xff | 0xff
[OK ]  |  8427 | 0x000044eb | 0xff | 0xff
[OK ]  |  8428 | 0x000044ec | 0x55 | 0x55
[OK ]  |  8429 | 0x000044ed | 0x6f | 0x6f
[OK ]  |  8430 | 0x000044ee | 0x00 | 0x00
[OK ]  |  8431 | 0x000044ef | 0x00 | 0x00
[OK ]  |  8432 | 0x000044f0 | 0x79 | 0x79
[OK ]  |  8433 | 0x000044f1 | 0xd6 | 0xd6
[OK ]  |  8434 | 0x000044f2 | 0xff | 0xff
[OK ]  |  8435 | 0x000044f3 | 0xff | 0xff
[OK ]  |  8436 | 0x000044f4 | 0x89 | 0x89
[OK ]  |  8437 | 0x000044f5 | 0xb5 | 0xb5
[OK ]  |  8438 | 0x000044f6 | 0x00 | 0x00
[OK ]  |  8439 | 0x000044f7 | 0x00 | 0x00
[OK ]  |  8440 | 0x000044f8 | 0xa0 | 0xa0
[OK ]  |  8441 | 0x000044f9 | 0x7a | 0x7a
[OK ]  |  8442 | 0x000044fa | 0xff | 0xff
[OK ]  |  8443 | 0x000044fb | 0xff | 0xff
[OK ]  |  8444 | 0x000044fc | 0xaa | 0xaa
[OK ]  |  8445 | 0x000044fd | 0x07 | 0x07
[OK ]  |  8446 | 0x000044fe | 0x00 | 0x00
[OK ]  |  8447 | 0x000044ff | 0x00 | 0x00
[OK ]  |  8448 | 0x00004500 | 0x65 | 0x65
[OK ]  |  8449 | 0x00004501 | 0x28 | 0x28
[OK ]  |  8450 | 0x00004502 | 0xff | 0xff
[OK ]  |  8451 | 0x00004503 | 0xff | 0xff
[OK ]  |  8452 | 0x00004504 | 0xca | 0xca
[OK ]  |  8453 | 0x00004505 | 0xe8 | 0xe8
[OK ]  |  8454 | 0x00004506 | 0xfe | 0xfe
[OK ]  |  8455 | 0x00004507 | 0xff | 0xff
[OK ]  |  8456 | 0x00004508 | 0x6c | 0x6c
[OK ]  |  8457 | 0x00004509 | 0x3a | 0x3a
[OK ]  |  8458 | 0x0000450a | 0x01 | 0x01
[OK ]  |  8459 | 0x0000450b | 0x00 | 0x00
[OK ]  |  8460 | 0x0000450c | 0xd8 | 0xd8
[OK ]  |  8461 | 0x0000450d | 0x36 | 0x36
[OK ]  |  8462 | 0x0000450e | 0x01 | 0x01
[OK ]  |  8463 | 0x0000450f | 0x00 | 0x00
[OK ]  |  8464 | 0x00004510 | 0xf5 | 0xf5
[OK ]  |  8465 | 0x00004511 | 0x62 | 0x62
[OK ]  |  8466 | 0x00004512 | 0xff | 0xff
[OK ]  |  8467 | 0x00004513 | 0xff | 0xff
[OK ]  |  8468 | 0x00004514 | 0x90 | 0x90
[OK ]  |  8469 | 0x00004515 | 0x06 | 0x06
[OK ]  |  8470 | 0x00004516 | 0x00 | 0x00
[OK ]  |  8471 | 0x00004517 | 0x00 | 0x00
[OK ]  |  8472 | 0x00004518 | 0xd9 | 0xd9
[OK ]  |  8473 | 0x00004519 | 0x16 | 0x16
[OK ]  |  8474 | 0x0000451a | 0xff | 0xff
[OK ]  |  8475 | 0x0000451b | 0xff | 0xff
[OK ]  |  8476 | 0x0000451c | 0xe5 | 0xe5
[OK ]  |  8477 | 0x0000451d | 0x3f | 0x3f
[OK ]  |  8478 | 0x0000451e | 0x01 | 0x01
[OK ]  |  8479 | 0x0000451f | 0x00 | 0x00
[OK ]  |  8480 | 0x00004520 | 0x52 | 0x52
[OK ]  |  8481 | 0x00004521 | 0xe2 | 0xe2
[OK ]  |  8482 | 0x00004522 | 0xff | 0xff
[OK ]  |  8483 | 0x00004523 | 0xff | 0xff
[OK ]  |  8484 | 0x00004524 | 0xfd | 0xfd
[OK ]  |  8485 | 0x00004525 | 0x5c | 0x5c
[OK ]  |  8486 | 0x00004526 | 0xfe | 0xfe
[OK ]  |  8487 | 0x00004527 | 0xff | 0xff
[OK ]  |  8488 | 0x00004528 | 0x76 | 0x76
[OK ]  |  8489 | 0x00004529 | 0x0c | 0x0c
[OK ]  |  8490 | 0x0000452a | 0x00 | 0x00
[OK ]  |  8491 | 0x0000452b | 0x00 | 0x00
[OK ]  |  8492 | 0x0000452c | 0x67 | 0x67
[OK ]  |  8493 | 0x0000452d | 0x70 | 0x70
[OK ]  |  8494 | 0x0000452e | 0x01 | 0x01
[OK ]  |  8495 | 0x0000452f | 0x00 | 0x00
[OK ]  |  8496 | 0x00004530 | 0xce | 0xce
[OK ]  |  8497 | 0x00004531 | 0x00 | 0x00
[OK ]  |  8498 | 0x00004532 | 0xff | 0xff
[OK ]  |  8499 | 0x00004533 | 0xff | 0xff
[OK ]  |  8500 | 0x00004534 | 0xc2 | 0xc2
[OK ]  |  8501 | 0x00004535 | 0x0c | 0x0c
[OK ]  |  8502 | 0x00004536 | 0x01 | 0x01
[OK ]  |  8503 | 0x00004537 | 0x00 | 0x00
[OK ]  |  8504 | 0x00004538 | 0xee | 0xee
[OK ]  |  8505 | 0x00004539 | 0x10 | 0x10
[OK ]  |  8506 | 0x0000453a | 0x01 | 0x01
[OK ]  |  8507 | 0x0000453b | 0x00 | 0x00
[OK ]  |  8508 | 0x0000453c | 0x7d | 0x7d
[OK ]  |  8509 | 0x0000453d | 0x45 | 0x45
[OK ]  |  8510 | 0x0000453e | 0xff | 0xff
[OK ]  |  8511 | 0x0000453f | 0xff | 0xff
[OK ]  |  8512 | 0x00004540 | 0x0b | 0x0b
[OK ]  |  8513 | 0x00004541 | 0x61 | 0x61
[OK ]  |  8514 | 0x00004542 | 0x00 | 0x00
[OK ]  |  8515 | 0x00004543 | 0x00 | 0x00
[OK ]  |  8516 | 0x00004544 | 0xa5 | 0xa5
[OK ]  |  8517 | 0x00004545 | 0x04 | 0x04
[OK ]  |  8518 | 0x00004546 | 0xfe | 0xfe
[OK ]  |  8519 | 0x00004547 | 0xff | 0xff
[OK ]  |  8520 | 0x00004548 | 0x30 | 0x30
[OK ]  |  8521 | 0x00004549 | 0xd8 | 0xd8
[OK ]  |  8522 | 0x0000454a | 0xff | 0xff
[OK ]  |  8523 | 0x0000454b | 0xff | 0xff
[OK ]  |  8524 | 0x0000454c | 0x9b | 0x9b
[OK ]  |  8525 | 0x0000454d | 0xf7 | 0xf7
[OK ]  |  8526 | 0x0000454e | 0x01 | 0x01
[OK ]  |  8527 | 0x0000454f | 0x00 | 0x00
[OK ]  |  8528 | 0x00004550 | 0x51 | 0x51
[OK ]  |  8529 | 0x00004551 | 0xf9 | 0xf9
[OK ]  |  8530 | 0x00004552 | 0xff | 0xff
[OK ]  |  8531 | 0x00004553 | 0xff | 0xff
[OK ]  |  8532 | 0x00004554 | 0x52 | 0x52
[OK ]  |  8533 | 0x00004555 | 0xbb | 0xbb
[OK ]  |  8534 | 0x00004556 | 0x00 | 0x00
[OK ]  |  8535 | 0x00004557 | 0x00 | 0x00
[OK ]  |  8536 | 0x00004558 | 0x4a | 0x4a
[OK ]  |  8537 | 0x00004559 | 0x50 | 0x50
[OK ]  |  8538 | 0x0000455a | 0x00 | 0x00
[OK ]  |  8539 | 0x0000455b | 0x00 | 0x00
[OK ]  |  8540 | 0x0000455c | 0x01 | 0x01
[OK ]  |  8541 | 0x0000455d | 0xbb | 0xbb
[OK ]  |  8542 | 0x0000455e | 0xfe | 0xfe
[OK ]  |  8543 | 0x0000455f | 0xff | 0xff
[OK ]  |  8544 | 0x00004560 | 0x4b | 0x4b
[OK ]  |  8545 | 0x00004561 | 0x2b | 0x2b
[OK ]  |  8546 | 0x00004562 | 0xff | 0xff
[OK ]  |  8547 | 0x00004563 | 0xff | 0xff
[OK ]  |  8548 | 0x00004564 | 0xfb | 0xfb
[OK ]  |  8549 | 0x00004565 | 0xfe | 0xfe
[OK ]  |  8550 | 0x00004566 | 0xff | 0xff
[OK ]  |  8551 | 0x00004567 | 0xff | 0xff
[OK ]  |  8552 | 0x00004568 | 0x4b | 0x4b
[OK ]  |  8553 | 0x00004569 | 0xad | 0xad
[OK ]  |  8554 | 0x0000456a | 0x00 | 0x00
[OK ]  |  8555 | 0x0000456b | 0x00 | 0x00
[OK ]  |  8556 | 0x0000456c | 0x75 | 0x75
[OK ]  |  8557 | 0x0000456d | 0xcd | 0xcd
[OK ]  |  8558 | 0x0000456e | 0xff | 0xff
[OK ]  |  8559 | 0x0000456f | 0xff | 0xff
[OK ]  |  8560 | 0x00004570 | 0x39 | 0x39
[OK ]  |  8561 | 0x00004571 | 0x90 | 0x90
[OK ]  |  8562 | 0x00004572 | 0x01 | 0x01
[OK ]  |  8563 | 0x00004573 | 0x00 | 0x00
[OK ]  |  8564 | 0x00004574 | 0x88 | 0x88
[OK ]  |  8565 | 0x00004575 | 0x47 | 0x47
[OK ]  |  8566 | 0x00004576 | 0x00 | 0x00
[OK ]  |  8567 | 0x00004577 | 0x00 | 0x00
[OK ]  |  8568 | 0x00004578 | 0x76 | 0x76
[OK ]  |  8569 | 0x00004579 | 0x1d | 0x1d
[OK ]  |  8570 | 0x0000457a | 0x00 | 0x00
[OK ]  |  8571 | 0x0000457b | 0x00 | 0x00
[OK ]  |  8572 | 0x0000457c | 0x9d | 0x9d
[OK ]  |  8573 | 0x0000457d | 0x05 | 0x05
[OK ]  |  8574 | 0x0000457e | 0x00 | 0x00
[OK ]  |  8575 | 0x0000457f | 0x00 | 0x00
[OK ]  |  8576 | 0x00004580 | 0xc5 | 0xc5
[OK ]  |  8577 | 0x00004581 | 0x5b | 0x5b
[OK ]  |  8578 | 0x00004582 | 0xfe | 0xfe
[OK ]  |  8579 | 0x00004583 | 0xff | 0xff
[OK ]  |  8580 | 0x00004584 | 0xc6 | 0xc6
[OK ]  |  8581 | 0x00004585 | 0x58 | 0x58
[OK ]  |  8582 | 0x00004586 | 0xff | 0xff
[OK ]  |  8583 | 0x00004587 | 0xff | 0xff
[OK ]  |  8584 | 0x00004588 | 0x0c | 0x0c
[OK ]  |  8585 | 0x00004589 | 0x7b | 0x7b
[OK ]  |  8586 | 0x0000458a | 0xff | 0xff
[OK ]  |  8587 | 0x0000458b | 0xff | 0xff
[OK ]  |  8588 | 0x0000458c | 0x78 | 0x78
[OK ]  |  8589 | 0x0000458d | 0x9a | 0x9a
[OK ]  |  8590 | 0x0000458e | 0xff | 0xff
[OK ]  |  8591 | 0x0000458f | 0xff | 0xff
[OK ]  |  8592 | 0x00004590 | 0x5c | 0x5c
[OK ]  |  8593 | 0x00004591 | 0x21 | 0x21
[OK ]  |  8594 | 0x00004592 | 0x01 | 0x01
[OK ]  |  8595 | 0x00004593 | 0x00 | 0x00
[OK ]  |  8596 | 0x00004594 | 0xb3 | 0xb3
[OK ]  |  8597 | 0x00004595 | 0xf3 | 0xf3
[OK ]  |  8598 | 0x00004596 | 0x00 | 0x00
[OK ]  |  8599 | 0x00004597 | 0x00 | 0x00
[OK ]  |  8600 | 0x00004598 | 0x20 | 0x20
[OK ]  |  8601 | 0x00004599 | 0xe3 | 0xe3
[OK ]  |  8602 | 0x0000459a | 0xff | 0xff
[OK ]  |  8603 | 0x0000459b | 0xff | 0xff
[OK ]  |  8604 | 0x0000459c | 0x5e | 0x5e
[OK ]  |  8605 | 0x0000459d | 0xd5 | 0xd5
[OK ]  |  8606 | 0x0000459e | 0xfe | 0xfe
[OK ]  |  8607 | 0x0000459f | 0xff | 0xff
[OK ]  |  8608 | 0x000045a0 | 0x9a | 0x9a
[OK ]  |  8609 | 0x000045a1 | 0x53 | 0x53
[OK ]  |  8610 | 0x000045a2 | 0x00 | 0x00
[OK ]  |  8611 | 0x000045a3 | 0x00 | 0x00
[OK ]  |  8612 | 0x000045a4 | 0xf2 | 0xf2
[OK ]  |  8613 | 0x000045a5 | 0x34 | 0x34
[OK ]  |  8614 | 0x000045a6 | 0x00 | 0x00
[OK ]  |  8615 | 0x000045a7 | 0x00 | 0x00
[OK ]  |  8616 | 0x000045a8 | 0xe9 | 0xe9
[OK ]  |  8617 | 0x000045a9 | 0x2a | 0x2a
[OK ]  |  8618 | 0x000045aa | 0x00 | 0x00
[OK ]  |  8619 | 0x000045ab | 0x00 | 0x00
[OK ]  |  8620 | 0x000045ac | 0x46 | 0x46
[OK ]  |  8621 | 0x000045ad | 0xf8 | 0xf8
[OK ]  |  8622 | 0x000045ae | 0xfe | 0xfe
[OK ]  |  8623 | 0x000045af | 0xff | 0xff
[OK ]  |  8624 | 0x000045b0 | 0x61 | 0x61
[OK ]  |  8625 | 0x000045b1 | 0xd2 | 0xd2
[OK ]  |  8626 | 0x000045b2 | 0xff | 0xff
[OK ]  |  8627 | 0x000045b3 | 0xff | 0xff
[OK ]  |  8628 | 0x000045b4 | 0x74 | 0x74
[OK ]  |  8629 | 0x000045b5 | 0x19 | 0x19
[OK ]  |  8630 | 0x000045b6 | 0xff | 0xff
[OK ]  |  8631 | 0x000045b7 | 0xff | 0xff
[OK ]  |  8632 | 0x000045b8 | 0xd2 | 0xd2
[OK ]  |  8633 | 0x000045b9 | 0xd4 | 0xd4
[OK ]  |  8634 | 0x000045ba | 0x00 | 0x00
[OK ]  |  8635 | 0x000045bb | 0x00 | 0x00
[OK ]  |  8636 | 0x000045bc | 0x60 | 0x60
[OK ]  |  8637 | 0x000045bd | 0xd6 | 0xd6
[OK ]  |  8638 | 0x000045be | 0xff | 0xff
[OK ]  |  8639 | 0x000045bf | 0xff | 0xff
[OK ]  |  8640 | 0x000045c0 | 0x9d | 0x9d
[OK ]  |  8641 | 0x000045c1 | 0xec | 0xec
[OK ]  |  8642 | 0x000045c2 | 0xff | 0xff
[OK ]  |  8643 | 0x000045c3 | 0xff | 0xff
[OK ]  |  8644 | 0x000045c4 | 0x63 | 0x63
[OK ]  |  8645 | 0x000045c5 | 0xf1 | 0xf1
[OK ]  |  8646 | 0x000045c6 | 0xff | 0xff
[OK ]  |  8647 | 0x000045c7 | 0xff | 0xff
[OK ]  |  8648 | 0x000045c8 | 0xba | 0xba
[OK ]  |  8649 | 0x000045c9 | 0x43 | 0x43
[OK ]  |  8650 | 0x000045ca | 0x00 | 0x00
[OK ]  |  8651 | 0x000045cb | 0x00 | 0x00
[OK ]  |  8652 | 0x000045cc | 0xef | 0xef
[OK ]  |  8653 | 0x000045cd | 0x48 | 0x48
[OK ]  |  8654 | 0x000045ce | 0xff | 0xff
[OK ]  |  8655 | 0x000045cf | 0xff | 0xff
[OK ]  |  8656 | 0x000045d0 | 0x43 | 0x43
[OK ]  |  8657 | 0x000045d1 | 0xbd | 0xbd
[OK ]  |  8658 | 0x000045d2 | 0xff | 0xff
[OK ]  |  8659 | 0x000045d3 | 0xff | 0xff
[OK ]  |  8660 | 0x000045d4 | 0xe5 | 0xe5
[OK ]  |  8661 | 0x000045d5 | 0x58 | 0x58
[OK ]  |  8662 | 0x000045d6 | 0xff | 0xff
[OK ]  |  8663 | 0x000045d7 | 0xff | 0xff
[OK ]  |  8664 | 0x000045d8 | 0x59 | 0x59
[OK ]  |  8665 | 0x000045d9 | 0x92 | 0x92
[OK ]  |  8666 | 0x000045da | 0xfe | 0xfe
[OK ]  |  8667 | 0x000045db | 0xff | 0xff
[OK ]  |  8668 | 0x000045dc | 0xb2 | 0xb2
[OK ]  |  8669 | 0x000045dd | 0x1f | 0x1f
[OK ]  |  8670 | 0x000045de | 0x00 | 0x00
[OK ]  |  8671 | 0x000045df | 0x00 | 0x00
[OK ]  |  8672 | 0x000045e0 | 0x1d | 0x1d
[OK ]  |  8673 | 0x000045e1 | 0x15 | 0x15
[OK ]  |  8674 | 0x000045e2 | 0xff | 0xff
[OK ]  |  8675 | 0x000045e3 | 0xff | 0xff
[OK ]  |  8676 | 0x000045e4 | 0x0c | 0x0c
[OK ]  |  8677 | 0x000045e5 | 0xaa | 0xaa
[OK ]  |  8678 | 0x000045e6 | 0x00 | 0x00
[OK ]  |  8679 | 0x000045e7 | 0x00 | 0x00
[OK ]  |  8680 | 0x000045e8 | 0xdd | 0xdd
[OK ]  |  8681 | 0x000045e9 | 0x80 | 0x80
[OK ]  |  8682 | 0x000045ea | 0x00 | 0x00
[OK ]  |  8683 | 0x000045eb | 0x00 | 0x00
[OK ]  |  8684 | 0x000045ec | 0xb4 | 0xb4
[OK ]  |  8685 | 0x000045ed | 0xac | 0xac
[OK ]  |  8686 | 0x000045ee | 0x00 | 0x00
[OK ]  |  8687 | 0x000045ef | 0x00 | 0x00
[OK ]  |  8688 | 0x000045f0 | 0x4e | 0x4e
[OK ]  |  8689 | 0x000045f1 | 0xbe | 0xbe
[OK ]  |  8690 | 0x000045f2 | 0x00 | 0x00
[OK ]  |  8691 | 0x000045f3 | 0x00 | 0x00
[OK ]  |  8692 | 0x000045f4 | 0x08 | 0x08
[OK ]  |  8693 | 0x000045f5 | 0x0e | 0x0e
[OK ]  |  8694 | 0x000045f6 | 0x00 | 0x00
[OK ]  |  8695 | 0x000045f7 | 0x00 | 0x00
[OK ]  |  8696 | 0x000045f8 | 0x79 | 0x79
[OK ]  |  8697 | 0x000045f9 | 0x81 | 0x81
[OK ]  |  8698 | 0x000045fa | 0xff | 0xff
[OK ]  |  8699 | 0x000045fb | 0xff | 0xff
[OK ]  |  8700 | 0x000045fc | 0xb3 | 0xb3
[OK ]  |  8701 | 0x000045fd | 0x10 | 0x10
[OK ]  |  8702 | 0x000045fe | 0x00 | 0x00
[OK ]  |  8703 | 0x000045ff | 0x00 | 0x00
[OK ]  |  8704 | 0x00004600 | 0x62 | 0x62
[OK ]  |  8705 | 0x00004601 | 0x53 | 0x53
[OK ]  |  8706 | 0x00004602 | 0xff | 0xff
[OK ]  |  8707 | 0x00004603 | 0xff | 0xff
[OK ]  |  8708 | 0x00004604 | 0x0a | 0x0a
[OK ]  |  8709 | 0x00004605 | 0xb5 | 0xb5
[OK ]  |  8710 | 0x00004606 | 0x00 | 0x00
[OK ]  |  8711 | 0x00004607 | 0x00 | 0x00
[OK ]  |  8712 | 0x00004608 | 0x3f | 0x3f
[OK ]  |  8713 | 0x00004609 | 0x19 | 0x19
[OK ]  |  8714 | 0x0000460a | 0x00 | 0x00
[OK ]  |  8715 | 0x0000460b | 0x00 | 0x00
[OK ]  |  8716 | 0x0000460c | 0x94 | 0x94
[OK ]  |  8717 | 0x0000460d | 0x54 | 0x54
[OK ]  |  8718 | 0x0000460e | 0x00 | 0x00
[OK ]  |  8719 | 0x0000460f | 0x00 | 0x00
[OK ]  |  8720 | 0x00004610 | 0x5f | 0x5f
[OK ]  |  8721 | 0x00004611 | 0xc1 | 0xc1
[OK ]  |  8722 | 0x00004612 | 0xff | 0xff
[OK ]  |  8723 | 0x00004613 | 0xff | 0xff
[OK ]  |  8724 | 0x00004614 | 0x1c | 0x1c
[OK ]  |  8725 | 0x00004615 | 0x34 | 0x34
[OK ]  |  8726 | 0x00004616 | 0xff | 0xff
[OK ]  |  8727 | 0x00004617 | 0xff | 0xff
[OK ]  |  8728 | 0x00004618 | 0x76 | 0x76
[OK ]  |  8729 | 0x00004619 | 0xd7 | 0xd7
[OK ]  |  8730 | 0x0000461a | 0xfe | 0xfe
[OK ]  |  8731 | 0x0000461b | 0xff | 0xff
[OK ]  |  8732 | 0x0000461c | 0x50 | 0x50
[OK ]  |  8733 | 0x0000461d | 0xb1 | 0xb1
[OK ]  |  8734 | 0x0000461e | 0xff | 0xff
[OK ]  |  8735 | 0x0000461f | 0xff | 0xff
[OK ]  |  8736 | 0x00004620 | 0x52 | 0x52
[OK ]  |  8737 | 0x00004621 | 0x85 | 0x85
[OK ]  |  8738 | 0x00004622 | 0xff | 0xff
[OK ]  |  8739 | 0x00004623 | 0xff | 0xff
[OK ]  |  8740 | 0x00004624 | 0xd6 | 0xd6
[OK ]  |  8741 | 0x00004625 | 0xd8 | 0xd8
[OK ]  |  8742 | 0x00004626 | 0xff | 0xff
[OK ]  |  8743 | 0x00004627 | 0xff | 0xff
[OK ]  |  8744 | 0x00004628 | 0x6e | 0x6e
[OK ]  |  8745 | 0x00004629 | 0xec | 0xec
[OK ]  |  8746 | 0x0000462a | 0xfe | 0xfe
[OK ]  |  8747 | 0x0000462b | 0xff | 0xff
[OK ]  |  8748 | 0x0000462c | 0x27 | 0x27
[OK ]  |  8749 | 0x0000462d | 0xd7 | 0xd7
[OK ]  |  8750 | 0x0000462e | 0x00 | 0x00
[OK ]  |  8751 | 0x0000462f | 0x00 | 0x00
[OK ]  |  8752 | 0x00004630 | 0x57 | 0x57
[OK ]  |  8753 | 0x00004631 | 0xdd | 0xdd
[OK ]  |  8754 | 0x00004632 | 0xff | 0xff
[OK ]  |  8755 | 0x00004633 | 0xff | 0xff
[OK ]  |  8756 | 0x00004634 | 0xc7 | 0xc7
[OK ]  |  8757 | 0x00004635 | 0xc6 | 0xc6
[OK ]  |  8758 | 0x00004636 | 0x00 | 0x00
[OK ]  |  8759 | 0x00004637 | 0x00 | 0x00
[OK ]  |  8760 | 0x00004638 | 0x63 | 0x63
[OK ]  |  8761 | 0x00004639 | 0x41 | 0x41
[OK ]  |  8762 | 0x0000463a | 0xff | 0xff
[OK ]  |  8763 | 0x0000463b | 0xff | 0xff
[OK ]  |  8764 | 0x0000463c | 0xd4 | 0xd4
[OK ]  |  8765 | 0x0000463d | 0xde | 0xde
[OK ]  |  8766 | 0x0000463e | 0xff | 0xff
[OK ]  |  8767 | 0x0000463f | 0xff | 0xff
[OK ]  |  8768 | 0x00004640 | 0xf3 | 0xf3
[OK ]  |  8769 | 0x00004641 | 0x63 | 0x63
[OK ]  |  8770 | 0x00004642 | 0xff | 0xff
[OK ]  |  8771 | 0x00004643 | 0xff | 0xff
[OK ]  |  8772 | 0x00004644 | 0xcf | 0xcf
[OK ]  |  8773 | 0x00004645 | 0xb2 | 0xb2
[OK ]  |  8774 | 0x00004646 | 0xff | 0xff
[OK ]  |  8775 | 0x00004647 | 0xff | 0xff
[OK ]  |  8776 | 0x00004648 | 0x8c | 0x8c
[OK ]  |  8777 | 0x00004649 | 0x15 | 0x15
[OK ]  |  8778 | 0x0000464a | 0x01 | 0x01
[OK ]  |  8779 | 0x0000464b | 0x00 | 0x00
[OK ]  |  8780 | 0x0000464c | 0xc8 | 0xc8
[OK ]  |  8781 | 0x0000464d | 0x66 | 0x66
[OK ]  |  8782 | 0x0000464e | 0xff | 0xff
[OK ]  |  8783 | 0x0000464f | 0xff | 0xff
[OK ]  |  8784 | 0x00004650 | 0x4f | 0x4f
[OK ]  |  8785 | 0x00004651 | 0xad | 0xad
[OK ]  |  8786 | 0x00004652 | 0xff | 0xff
[OK ]  |  8787 | 0x00004653 | 0xff | 0xff
[OK ]  |  8788 | 0x00004654 | 0x6c | 0x6c
[OK ]  |  8789 | 0x00004655 | 0x2f | 0x2f
[OK ]  |  8790 | 0x00004656 | 0xff | 0xff
[OK ]  |  8791 | 0x00004657 | 0xff | 0xff
[OK ]  |  8792 | 0x00004658 | 0xaf | 0xaf
[OK ]  |  8793 | 0x00004659 | 0x6b | 0x6b
[OK ]  |  8794 | 0x0000465a | 0xff | 0xff
[OK ]  |  8795 | 0x0000465b | 0xff | 0xff
[OK ]  |  8796 | 0x0000465c | 0xf5 | 0xf5
[OK ]  |  8797 | 0x0000465d | 0xec | 0xec
[OK ]  |  8798 | 0x0000465e | 0xfe | 0xfe
[OK ]  |  8799 | 0x0000465f | 0xff | 0xff
[OK ]  |  8800 | 0x00004660 | 0xbb | 0xbb
[OK ]  |  8801 | 0x00004661 | 0xde | 0xde
[OK ]  |  8802 | 0x00004662 | 0xff | 0xff
[OK ]  |  8803 | 0x00004663 | 0xff | 0xff
[OK ]  |  8804 | 0x00004664 | 0x8f | 0x8f
[OK ]  |  8805 | 0x00004665 | 0x38 | 0x38
[OK ]  |  8806 | 0x00004666 | 0x00 | 0x00
[OK ]  |  8807 | 0x00004667 | 0x00 | 0x00
[OK ]  |  8808 | 0x00004668 | 0x84 | 0x84
[OK ]  |  8809 | 0x00004669 | 0x71 | 0x71
[OK ]  |  8810 | 0x0000466a | 0x00 | 0x00
[OK ]  |  8811 | 0x0000466b | 0x00 | 0x00
[OK ]  |  8812 | 0x0000466c | 0xe8 | 0xe8
[OK ]  |  8813 | 0x0000466d | 0x21 | 0x21
[OK ]  |  8814 | 0x0000466e | 0x00 | 0x00
[OK ]  |  8815 | 0x0000466f | 0x00 | 0x00
[OK ]  |  8816 | 0x00004670 | 0x89 | 0x89
[OK ]  |  8817 | 0x00004671 | 0xb6 | 0xb6
[OK ]  |  8818 | 0x00004672 | 0x00 | 0x00
[OK ]  |  8819 | 0x00004673 | 0x00 | 0x00
[OK ]  |  8820 | 0x00004674 | 0x9d | 0x9d
[OK ]  |  8821 | 0x00004675 | 0xd9 | 0xd9
[OK ]  |  8822 | 0x00004676 | 0xff | 0xff
[OK ]  |  8823 | 0x00004677 | 0xff | 0xff
[OK ]  |  8824 | 0x00004678 | 0x06 | 0x06
[OK ]  |  8825 | 0x00004679 | 0xce | 0xce
[OK ]  |  8826 | 0x0000467a | 0xff | 0xff
[OK ]  |  8827 | 0x0000467b | 0xff | 0xff
[OK ]  |  8828 | 0x0000467c | 0xfe | 0xfe
[OK ]  |  8829 | 0x0000467d | 0x1c | 0x1c
[OK ]  |  8830 | 0x0000467e | 0x00 | 0x00
[OK ]  |  8831 | 0x0000467f | 0x00 | 0x00
[OK ]  |  8832 | 0x00004680 | 0x2e | 0x2e
[OK ]  |  8833 | 0x00004681 | 0x02 | 0x02
[OK ]  |  8834 | 0x00004682 | 0xff | 0xff
[OK ]  |  8835 | 0x00004683 | 0xff | 0xff
[OK ]  |  8836 | 0x00004684 | 0x86 | 0x86
[OK ]  |  8837 | 0x00004685 | 0xeb | 0xeb
[OK ]  |  8838 | 0x00004686 | 0xff | 0xff
[OK ]  |  8839 | 0x00004687 | 0xff | 0xff
[OK ]  |  8840 | 0x00004688 | 0x0f | 0x0f
[OK ]  |  8841 | 0x00004689 | 0xfd | 0xfd
[OK ]  |  8842 | 0x0000468a | 0xff | 0xff
[OK ]  |  8843 | 0x0000468b | 0xff | 0xff
[OK ]  |  8844 | 0x0000468c | 0x3c | 0x3c
[OK ]  |  8845 | 0x0000468d | 0x00 | 0x00
[OK ]  |  8846 | 0x0000468e | 0x00 | 0x00
[OK ]  |  8847 | 0x0000468f | 0x00 | 0x00
[OK ]  |  8848 | 0x00004690 | 0x57 | 0x57
[OK ]  |  8849 | 0x00004691 | 0x6f | 0x6f
[OK ]  |  8850 | 0x00004692 | 0xff | 0xff
[OK ]  |  8851 | 0x00004693 | 0xff | 0xff
[OK ]  |  8852 | 0x00004694 | 0x77 | 0x77
[OK ]  |  8853 | 0x00004695 | 0xe5 | 0xe5
[OK ]  |  8854 | 0x00004696 | 0xff | 0xff
[OK ]  |  8855 | 0x00004697 | 0xff | 0xff
[OK ]  |  8856 | 0x00004698 | 0x06 | 0x06
[OK ]  |  8857 | 0x00004699 | 0x89 | 0x89
[OK ]  |  8858 | 0x0000469a | 0xff | 0xff
[OK ]  |  8859 | 0x0000469b | 0xff | 0xff
[OK ]  |  8860 | 0x0000469c | 0x93 | 0x93
[OK ]  |  8861 | 0x0000469d | 0x20 | 0x20
[OK ]  |  8862 | 0x0000469e | 0xff | 0xff
[OK ]  |  8863 | 0x0000469f | 0xff | 0xff
[OK ]  |  8864 | 0x000046a0 | 0x57 | 0x57
[OK ]  |  8865 | 0x000046a1 | 0xe2 | 0xe2
[OK ]  |  8866 | 0x000046a2 | 0xff | 0xff
[OK ]  |  8867 | 0x000046a3 | 0xff | 0xff
[OK ]  |  8868 | 0x000046a4 | 0x5f | 0x5f
[OK ]  |  8869 | 0x000046a5 | 0xce | 0xce
[OK ]  |  8870 | 0x000046a6 | 0xff | 0xff
[OK ]  |  8871 | 0x000046a7 | 0xff | 0xff
[OK ]  |  8872 | 0x000046a8 | 0x3b | 0x3b
[OK ]  |  8873 | 0x000046a9 | 0x53 | 0x53
[OK ]  |  8874 | 0x000046aa | 0xff | 0xff
[OK ]  |  8875 | 0x000046ab | 0xff | 0xff
[OK ]  |  8876 | 0x000046ac | 0x89 | 0x89
[OK ]  |  8877 | 0x000046ad | 0x85 | 0x85
[OK ]  |  8878 | 0x000046ae | 0xff | 0xff
[OK ]  |  8879 | 0x000046af | 0xff | 0xff
[OK ]  |  8880 | 0x000046b0 | 0x48 | 0x48
[OK ]  |  8881 | 0x000046b1 | 0xd9 | 0xd9
[OK ]  |  8882 | 0x000046b2 | 0xff | 0xff
[OK ]  |  8883 | 0x000046b3 | 0xff | 0xff
[OK ]  |  8884 | 0x000046b4 | 0xc5 | 0xc5
[OK ]  |  8885 | 0x000046b5 | 0x69 | 0x69
[OK ]  |  8886 | 0x000046b6 | 0x00 | 0x00
[OK ]  |  8887 | 0x000046b7 | 0x00 | 0x00
[OK ]  |  8888 | 0x000046b8 | 0xc5 | 0xc5
[OK ]  |  8889 | 0x000046b9 | 0x93 | 0x93
[OK ]  |  8890 | 0x000046ba | 0xff | 0xff
[OK ]  |  8891 | 0x000046bb | 0xff | 0xff
[OK ]  |  8892 | 0x000046bc | 0x69 | 0x69
[OK ]  |  8893 | 0x000046bd | 0xbc | 0xbc
[OK ]  |  8894 | 0x000046be | 0x00 | 0x00
[OK ]  |  8895 | 0x000046bf | 0x00 | 0x00
[OK ]  |  8896 | 0x000046c0 | 0x22 | 0x22
[OK ]  |  8897 | 0x000046c1 | 0xe8 | 0xe8
[OK ]  |  8898 | 0x000046c2 | 0xfe | 0xfe
[OK ]  |  8899 | 0x000046c3 | 0xff | 0xff
[OK ]  |  8900 | 0x000046c4 | 0xbd | 0xbd
[OK ]  |  8901 | 0x000046c5 | 0xfd | 0xfd
[OK ]  |  8902 | 0x000046c6 | 0xff | 0xff
[OK ]  |  8903 | 0x000046c7 | 0xff | 0xff
[OK ]  |  8904 | 0x000046c8 | 0xf1 | 0xf1
[OK ]  |  8905 | 0x000046c9 | 0x2d | 0x2d
[OK ]  |  8906 | 0x000046ca | 0xfe | 0xfe
[OK ]  |  8907 | 0x000046cb | 0xff | 0xff
[OK ]  |  8908 | 0x000046cc | 0x26 | 0x26
[OK ]  |  8909 | 0x000046cd | 0x08 | 0x08
[OK ]  |  8910 | 0x000046ce | 0x00 | 0x00
[OK ]  |  8911 | 0x000046cf | 0x00 | 0x00
[OK ]  |  8912 | 0x000046d0 | 0x89 | 0x89
[OK ]  |  8913 | 0x000046d1 | 0x76 | 0x76
[OK ]  |  8914 | 0x000046d2 | 0x00 | 0x00
[OK ]  |  8915 | 0x000046d3 | 0x00 | 0x00
[OK ]  |  8916 | 0x000046d4 | 0x3b | 0x3b
[OK ]  |  8917 | 0x000046d5 | 0xd5 | 0xd5
[OK ]  |  8918 | 0x000046d6 | 0xff | 0xff
[OK ]  |  8919 | 0x000046d7 | 0xff | 0xff
[OK ]  |  8920 | 0x000046d8 | 0xfb | 0xfb
[OK ]  |  8921 | 0x000046d9 | 0xc9 | 0xc9
[OK ]  |  8922 | 0x000046da | 0xff | 0xff
[OK ]  |  8923 | 0x000046db | 0xff | 0xff
[OK ]  |  8924 | 0x000046dc | 0xa6 | 0xa6
[OK ]  |  8925 | 0x000046dd | 0x20 | 0x20
[OK ]  |  8926 | 0x000046de | 0xfe | 0xfe
[OK ]  |  8927 | 0x000046df | 0xff | 0xff
[OK ]  |  8928 | 0x000046e0 | 0xfe | 0xfe
[OK ]  |  8929 | 0x000046e1 | 0xee | 0xee
[OK ]  |  8930 | 0x000046e2 | 0xff | 0xff
[OK ]  |  8931 | 0x000046e3 | 0xff | 0xff
[OK ]  |  8932 | 0x000046e4 | 0x92 | 0x92
[OK ]  |  8933 | 0x000046e5 | 0x47 | 0x47
[OK ]  |  8934 | 0x000046e6 | 0xff | 0xff
[OK ]  |  8935 | 0x000046e7 | 0xff | 0xff
[OK ]  |  8936 | 0x000046e8 | 0x41 | 0x41
[OK ]  |  8937 | 0x000046e9 | 0x7f | 0x7f
[OK ]  |  8938 | 0x000046ea | 0x00 | 0x00
[OK ]  |  8939 | 0x000046eb | 0x00 | 0x00
[OK ]  |  8940 | 0x000046ec | 0x52 | 0x52
[OK ]  |  8941 | 0x000046ed | 0xae | 0xae
[OK ]  |  8942 | 0x000046ee | 0x00 | 0x00
[OK ]  |  8943 | 0x000046ef | 0x00 | 0x00
[OK ]  |  8944 | 0x000046f0 | 0xac | 0xac
[OK ]  |  8945 | 0x000046f1 | 0x96 | 0x96
[OK ]  |  8946 | 0x000046f2 | 0xff | 0xff
[OK ]  |  8947 | 0x000046f3 | 0xff | 0xff
[OK ]  |  8948 | 0x000046f4 | 0xf7 | 0xf7
[OK ]  |  8949 | 0x000046f5 | 0x7a | 0x7a
[OK ]  |  8950 | 0x000046f6 | 0x00 | 0x00
[OK ]  |  8951 | 0x000046f7 | 0x00 | 0x00
[OK ]  |  8952 | 0x000046f8 | 0xdd | 0xdd
[OK ]  |  8953 | 0x000046f9 | 0x84 | 0x84
[OK ]  |  8954 | 0x000046fa | 0x00 | 0x00
[OK ]  |  8955 | 0x000046fb | 0x00 | 0x00
[OK ]  |  8956 | 0x000046fc | 0xc8 | 0xc8
[OK ]  |  8957 | 0x000046fd | 0xc4 | 0xc4
[OK ]  |  8958 | 0x000046fe | 0x00 | 0x00
[OK ]  |  8959 | 0x000046ff | 0x00 | 0x00
[OK ]  |  8960 | 0x00004700 | 0x67 | 0x67
[OK ]  |  8961 | 0x00004701 | 0x15 | 0x15
[OK ]  |  8962 | 0x00004702 | 0x00 | 0x00
[OK ]  |  8963 | 0x00004703 | 0x00 | 0x00
[OK ]  |  8964 | 0x00004704 | 0x88 | 0x88
[OK ]  |  8965 | 0x00004705 | 0x47 | 0x47
[OK ]  |  8966 | 0x00004706 | 0x01 | 0x01
[OK ]  |  8967 | 0x00004707 | 0x00 | 0x00
[OK ]  |  8968 | 0x00004708 | 0x7f | 0x7f
[OK ]  |  8969 | 0x00004709 | 0xef | 0xef
[OK ]  |  8970 | 0x0000470a | 0xff | 0xff
[OK ]  |  8971 | 0x0000470b | 0xff | 0xff
[OK ]  |  8972 | 0x0000470c | 0x7e | 0x7e
[OK ]  |  8973 | 0x0000470d | 0xf2 | 0xf2
[OK ]  |  8974 | 0x0000470e | 0xff | 0xff
[OK ]  |  8975 | 0x0000470f | 0xff | 0xff
[OK ]  |  8976 | 0x00004710 | 0xa5 | 0xa5
[OK ]  |  8977 | 0x00004711 | 0x9a | 0x9a
[OK ]  |  8978 | 0x00004712 | 0x00 | 0x00
[OK ]  |  8979 | 0x00004713 | 0x00 | 0x00
[OK ]  |  8980 | 0x00004714 | 0x61 | 0x61
[OK ]  |  8981 | 0x00004715 | 0xbc | 0xbc
[OK ]  |  8982 | 0x00004716 | 0xff | 0xff
[OK ]  |  8983 | 0x00004717 | 0xff | 0xff
[OK ]  |  8984 | 0x00004718 | 0xb6 | 0xb6
[OK ]  |  8985 | 0x00004719 | 0x30 | 0x30
[OK ]  |  8986 | 0x0000471a | 0x00 | 0x00
[OK ]  |  8987 | 0x0000471b | 0x00 | 0x00
[OK ]  |  8988 | 0x0000471c | 0x7a | 0x7a
[OK ]  |  8989 | 0x0000471d | 0xbc | 0xbc
[OK ]  |  8990 | 0x0000471e | 0x00 | 0x00
[OK ]  |  8991 | 0x0000471f | 0x00 | 0x00
[OK ]  |  8992 | 0x00004720 | 0x47 | 0x47
[OK ]  |  8993 | 0x00004721 | 0x05 | 0x05
[OK ]  |  8994 | 0x00004722 | 0x00 | 0x00
[OK ]  |  8995 | 0x00004723 | 0x00 | 0x00
[OK ]  |  8996 | 0x00004724 | 0x67 | 0x67
[OK ]  |  8997 | 0x00004725 | 0x16 | 0x16
[OK ]  |  8998 | 0x00004726 | 0x01 | 0x01
[OK ]  |  8999 | 0x00004727 | 0x00 | 0x00
[OK ]  |  9000 | 0x00004728 | 0x92 | 0x92
[OK ]  |  9001 | 0x00004729 | 0x9a | 0x9a
[OK ]  |  9002 | 0x0000472a | 0xff | 0xff
[OK ]  |  9003 | 0x0000472b | 0xff | 0xff
[OK ]  |  9004 | 0x0000472c | 0xc9 | 0xc9
[OK ]  |  9005 | 0x0000472d | 0xc6 | 0xc6
[OK ]  |  9006 | 0x0000472e | 0x00 | 0x00
[OK ]  |  9007 | 0x0000472f | 0x00 | 0x00
[OK ]  |  9008 | 0x00004730 | 0x9f | 0x9f
[OK ]  |  9009 | 0x00004731 | 0x15 | 0x15
[OK ]  |  9010 | 0x00004732 | 0xff | 0xff
[OK ]  |  9011 | 0x00004733 | 0xff | 0xff
[OK ]  |  9012 | 0x00004734 | 0xf5 | 0xf5
[OK ]  |  9013 | 0x00004735 | 0x15 | 0x15
[OK ]  |  9014 | 0x00004736 | 0x00 | 0x00
[OK ]  |  9015 | 0x00004737 | 0x00 | 0x00
[OK ]  |  9016 | 0x00004738 | 0x71 | 0x71
[OK ]  |  9017 | 0x00004739 | 0xfe | 0xfe
[OK ]  |  9018 | 0x0000473a | 0xff | 0xff
[OK ]  |  9019 | 0x0000473b | 0xff | 0xff
[OK ]  |  9020 | 0x0000473c | 0x91 | 0x91
[OK ]  |  9021 | 0x0000473d | 0xc9 | 0xc9
[OK ]  |  9022 | 0x0000473e | 0xff | 0xff
[OK ]  |  9023 | 0x0000473f | 0xff | 0xff
[OK ]  |  9024 | 0x00004740 | 0x40 | 0x40
[OK ]  |  9025 | 0x00004741 | 0x91 | 0x91
[OK ]  |  9026 | 0x00004742 | 0x00 | 0x00
[OK ]  |  9027 | 0x00004743 | 0x00 | 0x00
[OK ]  |  9028 | 0x00004744 | 0x7f | 0x7f
[OK ]  |  9029 | 0x00004745 | 0x14 | 0x14
[OK ]  |  9030 | 0x00004746 | 0x00 | 0x00
[OK ]  |  9031 | 0x00004747 | 0x00 | 0x00
[OK ]  |  9032 | 0x00004748 | 0x8e | 0x8e
[OK ]  |  9033 | 0x00004749 | 0xfc | 0xfc
[OK ]  |  9034 | 0x0000474a | 0x00 | 0x00
[OK ]  |  9035 | 0x0000474b | 0x00 | 0x00
[OK ]  |  9036 | 0x0000474c | 0xaa | 0xaa
[OK ]  |  9037 | 0x0000474d | 0x98 | 0x98
[OK ]  |  9038 | 0x0000474e | 0xfe | 0xfe
[OK ]  |  9039 | 0x0000474f | 0xff | 0xff
[OK ]  |  9040 | 0x00004750 | 0x7b | 0x7b
[OK ]  |  9041 | 0x00004751 | 0xdb | 0xdb
[OK ]  |  9042 | 0x00004752 | 0xff | 0xff
[OK ]  |  9043 | 0x00004753 | 0xff | 0xff
[OK ]  |  9044 | 0x00004754 | 0x06 | 0x06
[OK ]  |  9045 | 0x00004755 | 0xe6 | 0xe6
[OK ]  |  9046 | 0x00004756 | 0xfe | 0xfe
[OK ]  |  9047 | 0x00004757 | 0xff | 0xff
[OK ]  |  9048 | 0x00004758 | 0xf3 | 0xf3
[OK ]  |  9049 | 0x00004759 | 0xc8 | 0xc8
[OK ]  |  9050 | 0x0000475a | 0x00 | 0x00
[OK ]  |  9051 | 0x0000475b | 0x00 | 0x00
[OK ]  |  9052 | 0x0000475c | 0x0a | 0x0a
[OK ]  |  9053 | 0x0000475d | 0x9d | 0x9d
[OK ]  |  9054 | 0x0000475e | 0x00 | 0x00
[OK ]  |  9055 | 0x0000475f | 0x00 | 0x00
[OK ]  |  9056 | 0x00004760 | 0x1a | 0x1a
[OK ]  |  9057 | 0x00004761 | 0xb0 | 0xb0
[OK ]  |  9058 | 0x00004762 | 0xff | 0xff
[OK ]  |  9059 | 0x00004763 | 0xff | 0xff
[OK ]  |  9060 | 0x00004764 | 0xab | 0xab
[OK ]  |  9061 | 0x00004765 | 0xe1 | 0xe1
[OK ]  |  9062 | 0x00004766 | 0xff | 0xff
[OK ]  |  9063 | 0x00004767 | 0xff | 0xff
[OK ]  |  9064 | 0x00004768 | 0x25 | 0x25
[OK ]  |  9065 | 0x00004769 | 0xc4 | 0xc4
[OK ]  |  9066 | 0x0000476a | 0x01 | 0x01
[OK ]  |  9067 | 0x0000476b | 0x00 | 0x00
[OK ]  |  9068 | 0x0000476c | 0x53 | 0x53
[OK ]  |  9069 | 0x0000476d | 0x93 | 0x93
[OK ]  |  9070 | 0x0000476e | 0x00 | 0x00
[OK ]  |  9071 | 0x0000476f | 0x00 | 0x00
[OK ]  |  9072 | 0x00004770 | 0x9d | 0x9d
[OK ]  |  9073 | 0x00004771 | 0x3a | 0x3a
[OK ]  |  9074 | 0x00004772 | 0x00 | 0x00
[OK ]  |  9075 | 0x00004773 | 0x00 | 0x00
[OK ]  |  9076 | 0x00004774 | 0xd8 | 0xd8
[OK ]  |  9077 | 0x00004775 | 0xf1 | 0xf1
[OK ]  |  9078 | 0x00004776 | 0x00 | 0x00
[OK ]  |  9079 | 0x00004777 | 0x00 | 0x00
[OK ]  |  9080 | 0x00004778 | 0x1d | 0x1d
[OK ]  |  9081 | 0x00004779 | 0x3c | 0x3c
[OK ]  |  9082 | 0x0000477a | 0x00 | 0x00
[OK ]  |  9083 | 0x0000477b | 0x00 | 0x00
[OK ]  |  9084 | 0x0000477c | 0x15 | 0x15
[OK ]  |  9085 | 0x0000477d | 0x81 | 0x81
[OK ]  |  9086 | 0x0000477e | 0x00 | 0x00
[OK ]  |  9087 | 0x0000477f | 0x00 | 0x00
[OK ]  |  9088 | 0x00004780 | 0x6d | 0x6d
[OK ]  |  9089 | 0x00004781 | 0x09 | 0x09
[OK ]  |  9090 | 0x00004782 | 0x00 | 0x00
[OK ]  |  9091 | 0x00004783 | 0x00 | 0x00
[OK ]  |  9092 | 0x00004784 | 0x8c | 0x8c
[OK ]  |  9093 | 0x00004785 | 0x9d | 0x9d
[OK ]  |  9094 | 0x00004786 | 0xff | 0xff
[OK ]  |  9095 | 0x00004787 | 0xff | 0xff
[OK ]  |  9096 | 0x00004788 | 0x95 | 0x95
[OK ]  |  9097 | 0x00004789 | 0x11 | 0x11
[OK ]  |  9098 | 0x0000478a | 0x00 | 0x00
[OK ]  |  9099 | 0x0000478b | 0x00 | 0x00
[OK ]  |  9100 | 0x0000478c | 0x75 | 0x75
[OK ]  |  9101 | 0x0000478d | 0x71 | 0x71
[OK ]  |  9102 | 0x0000478e | 0xff | 0xff
[OK ]  |  9103 | 0x0000478f | 0xff | 0xff
[OK ]  |  9104 | 0x00004790 | 0x7f | 0x7f
[OK ]  |  9105 | 0x00004791 | 0x2c | 0x2c
[OK ]  |  9106 | 0x00004792 | 0x00 | 0x00
[OK ]  |  9107 | 0x00004793 | 0x00 | 0x00
[OK ]  |  9108 | 0x00004794 | 0xaa | 0xaa
[OK ]  |  9109 | 0x00004795 | 0x1b | 0x1b
[OK ]  |  9110 | 0x00004796 | 0x01 | 0x01
[OK ]  |  9111 | 0x00004797 | 0x00 | 0x00
[OK ]  |  9112 | 0x00004798 | 0xfb | 0xfb
[OK ]  |  9113 | 0x00004799 | 0x79 | 0x79
[OK ]  |  9114 | 0x0000479a | 0xff | 0xff
[OK ]  |  9115 | 0x0000479b | 0xff | 0xff
[OK ]  |  9116 | 0x0000479c | 0x16 | 0x16
[OK ]  |  9117 | 0x0000479d | 0xd5 | 0xd5
[OK ]  |  9118 | 0x0000479e | 0x00 | 0x00
[OK ]  |  9119 | 0x0000479f | 0x00 | 0x00
[OK ]  |  9120 | 0x000047a0 | 0xea | 0xea
[OK ]  |  9121 | 0x000047a1 | 0x48 | 0x48
[OK ]  |  9122 | 0x000047a2 | 0xfe | 0xfe
[OK ]  |  9123 | 0x000047a3 | 0xff | 0xff
[OK ]  |  9124 | 0x000047a4 | 0x87 | 0x87
[OK ]  |  9125 | 0x000047a5 | 0x8e | 0x8e
[OK ]  |  9126 | 0x000047a6 | 0xff | 0xff
[OK ]  |  9127 | 0x000047a7 | 0xff | 0xff
[OK ]  |  9128 | 0x000047a8 | 0x48 | 0x48
[OK ]  |  9129 | 0x000047a9 | 0x8f | 0x8f
[OK ]  |  9130 | 0x000047aa | 0xff | 0xff
[OK ]  |  9131 | 0x000047ab | 0xff | 0xff
[OK ]  |  9132 | 0x000047ac | 0x77 | 0x77
[OK ]  |  9133 | 0x000047ad | 0x73 | 0x73
[OK ]  |  9134 | 0x000047ae | 0x00 | 0x00
[OK ]  |  9135 | 0x000047af | 0x00 | 0x00
[OK ]  |  9136 | 0x000047b0 | 0xdc | 0xdc
[OK ]  |  9137 | 0x000047b1 | 0x30 | 0x30
[OK ]  |  9138 | 0x000047b2 | 0x00 | 0x00
[OK ]  |  9139 | 0x000047b3 | 0x00 | 0x00
[OK ]  |  9140 | 0x000047b4 | 0x74 | 0x74
[OK ]  |  9141 | 0x000047b5 | 0x95 | 0x95
[OK ]  |  9142 | 0x000047b6 | 0xff | 0xff
[OK ]  |  9143 | 0x000047b7 | 0xff | 0xff
[OK ]  |  9144 | 0x000047b8 | 0xdb | 0xdb
[OK ]  |  9145 | 0x000047b9 | 0x94 | 0x94
[OK ]  |  9146 | 0x000047ba | 0xff | 0xff
[OK ]  |  9147 | 0x000047bb | 0xff | 0xff
[OK ]  |  9148 | 0x000047bc | 0xb9 | 0xb9
[OK ]  |  9149 | 0x000047bd | 0x99 | 0x99
[OK ]  |  9150 | 0x000047be | 0xff | 0xff
[OK ]  |  9151 | 0x000047bf | 0xff | 0xff
[OK ]  |  9152 | 0x000047c0 | 0x9b | 0x9b
[OK ]  |  9153 | 0x000047c1 | 0xb0 | 0xb0
[OK ]  |  9154 | 0x000047c2 | 0xff | 0xff
[OK ]  |  9155 | 0x000047c3 | 0xff | 0xff
[OK ]  |  9156 | 0x000047c4 | 0x2f | 0x2f
[OK ]  |  9157 | 0x000047c5 | 0x72 | 0x72
[OK ]  |  9158 | 0x000047c6 | 0xfe | 0xfe
[OK ]  |  9159 | 0x000047c7 | 0xff | 0xff
[OK ]  |  9160 | 0x000047c8 | 0xc1 | 0xc1
[OK ]  |  9161 | 0x000047c9 | 0xc0 | 0xc0
[OK ]  |  9162 | 0x000047ca | 0x00 | 0x00
[OK ]  |  9163 | 0x000047cb | 0x00 | 0x00
[OK ]  |  9164 | 0x000047cc | 0xf8 | 0xf8
[OK ]  |  9165 | 0x000047cd | 0xd1 | 0xd1
[OK ]  |  9166 | 0x000047ce | 0xff | 0xff
[OK ]  |  9167 | 0x000047cf | 0xff | 0xff
[OK ]  |  9168 | 0x000047d0 | 0x57 | 0x57
[OK ]  |  9169 | 0x000047d1 | 0x54 | 0x54
[OK ]  |  9170 | 0x000047d2 | 0x01 | 0x01
[OK ]  |  9171 | 0x000047d3 | 0x00 | 0x00
[OK ]  |  9172 | 0x000047d4 | 0xbc | 0xbc
[OK ]  |  9173 | 0x000047d5 | 0x83 | 0x83
[OK ]  |  9174 | 0x000047d6 | 0x01 | 0x01
[OK ]  |  9175 | 0x000047d7 | 0x00 | 0x00
[OK ]  |  9176 | 0x000047d8 | 0x9b | 0x9b
[OK ]  |  9177 | 0x000047d9 | 0x27 | 0x27
[OK ]  |  9178 | 0x000047da | 0x01 | 0x01
[OK ]  |  9179 | 0x000047db | 0x00 | 0x00
[OK ]  |  9180 | 0x000047dc | 0xda | 0xda
[OK ]  |  9181 | 0x000047dd | 0xee | 0xee
[OK ]  |  9182 | 0x000047de | 0xff | 0xff
[OK ]  |  9183 | 0x000047df | 0xff | 0xff
[OK ]  |  9184 | 0x000047e0 | 0x7e | 0x7e
[OK ]  |  9185 | 0x000047e1 | 0x01 | 0x01
[OK ]  |  9186 | 0x000047e2 | 0x00 | 0x00
[OK ]  |  9187 | 0x000047e3 | 0x00 | 0x00
[OK ]  |  9188 | 0x000047e4 | 0x58 | 0x58
[OK ]  |  9189 | 0x000047e5 | 0xb9 | 0xb9
[OK ]  |  9190 | 0x000047e6 | 0x00 | 0x00
[OK ]  |  9191 | 0x000047e7 | 0x00 | 0x00
[OK ]  |  9192 | 0x000047e8 | 0xe9 | 0xe9
[OK ]  |  9193 | 0x000047e9 | 0x2d | 0x2d
[OK ]  |  9194 | 0x000047ea | 0x01 | 0x01
[OK ]  |  9195 | 0x000047eb | 0x00 | 0x00
[OK ]  |  9196 | 0x000047ec | 0x74 | 0x74
[OK ]  |  9197 | 0x000047ed | 0xd4 | 0xd4
[OK ]  |  9198 | 0x000047ee | 0x00 | 0x00
[OK ]  |  9199 | 0x000047ef | 0x00 | 0x00
[OK ]  |  9200 | 0x000047f0 | 0x97 | 0x97
[OK ]  |  9201 | 0x000047f1 | 0x71 | 0x71
[OK ]  |  9202 | 0x000047f2 | 0x00 | 0x00
[OK ]  |  9203 | 0x000047f3 | 0x00 | 0x00
[OK ]  |  9204 | 0x000047f4 | 0x29 | 0x29
[OK ]  |  9205 | 0x000047f5 | 0x90 | 0x90
[OK ]  |  9206 | 0x000047f6 | 0x00 | 0x00
[OK ]  |  9207 | 0x000047f7 | 0x00 | 0x00
[OK ]  |  9208 | 0x000047f8 | 0x03 | 0x03
[OK ]  |  9209 | 0x000047f9 | 0x95 | 0x95
[OK ]  |  9210 | 0x000047fa | 0xff | 0xff
[OK ]  |  9211 | 0x000047fb | 0xff | 0xff
[OK ]  |  9212 | 0x000047fc | 0xf3 | 0xf3
[OK ]  |  9213 | 0x000047fd | 0xca | 0xca
[OK ]  |  9214 | 0x000047fe | 0xfe | 0xfe
[OK ]  |  9215 | 0x000047ff | 0xff | 0xff
[OK ]  |  9216 | 0x00004800 | 0x7a | 0x7a
[OK ]  |  9217 | 0x00004801 | 0x72 | 0x72
[OK ]  |  9218 | 0x00004802 | 0xff | 0xff
[OK ]  |  9219 | 0x00004803 | 0xff | 0xff
[OK ]  |  9220 | 0x00004804 | 0x34 | 0x34
[OK ]  |  9221 | 0x00004805 | 0x87 | 0x87
[OK ]  |  9222 | 0x00004806 | 0x00 | 0x00
[OK ]  |  9223 | 0x00004807 | 0x00 | 0x00
[OK ]  |  9224 | 0x00004808 | 0x37 | 0x37
[OK ]  |  9225 | 0x00004809 | 0x74 | 0x74
[OK ]  |  9226 | 0x0000480a | 0x00 | 0x00
[OK ]  |  9227 | 0x0000480b | 0x00 | 0x00
[OK ]  |  9228 | 0x0000480c | 0x35 | 0x35
[OK ]  |  9229 | 0x0000480d | 0xbf | 0xbf
[OK ]  |  9230 | 0x0000480e | 0x00 | 0x00
[OK ]  |  9231 | 0x0000480f | 0x00 | 0x00
[OK ]  |  9232 | 0x00004810 | 0x5e | 0x5e
[OK ]  |  9233 | 0x00004811 | 0x31 | 0x31
[OK ]  |  9234 | 0x00004812 | 0x00 | 0x00
[OK ]  |  9235 | 0x00004813 | 0x00 | 0x00
[OK ]  |  9236 | 0x00004814 | 0x30 | 0x30
[OK ]  |  9237 | 0x00004815 | 0x21 | 0x21
[OK ]  |  9238 | 0x00004816 | 0xff | 0xff
[OK ]  |  9239 | 0x00004817 | 0xff | 0xff
[OK ]  |  9240 | 0x00004818 | 0x73 | 0x73
[OK ]  |  9241 | 0x00004819 | 0xe0 | 0xe0
[OK ]  |  9242 | 0x0000481a | 0xff | 0xff
[OK ]  |  9243 | 0x0000481b | 0xff | 0xff
[OK ]  |  9244 | 0x0000481c | 0xad | 0xad
[OK ]  |  9245 | 0x0000481d | 0xd2 | 0xd2
[OK ]  |  9246 | 0x0000481e | 0xff | 0xff
[OK ]  |  9247 | 0x0000481f | 0xff | 0xff
[OK ]  |  9248 | 0x00004820 | 0xaf | 0xaf
[OK ]  |  9249 | 0x00004821 | 0x11 | 0x11
[OK ]  |  9250 | 0x00004822 | 0xff | 0xff
[OK ]  |  9251 | 0x00004823 | 0xff | 0xff
[OK ]  |  9252 | 0x00004824 | 0x5f | 0x5f
[OK ]  |  9253 | 0x00004825 | 0x16 | 0x16
[OK ]  |  9254 | 0x00004826 | 0xff | 0xff
[OK ]  |  9255 | 0x00004827 | 0xff | 0xff
[OK ]  |  9256 | 0x00004828 | 0x15 | 0x15
[OK ]  |  9257 | 0x00004829 | 0x30 | 0x30
[OK ]  |  9258 | 0x0000482a | 0x00 | 0x00
[OK ]  |  9259 | 0x0000482b | 0x00 | 0x00
[OK ]  |  9260 | 0x0000482c | 0xb7 | 0xb7
[OK ]  |  9261 | 0x0000482d | 0x74 | 0x74
[OK ]  |  9262 | 0x0000482e | 0x01 | 0x01
[OK ]  |  9263 | 0x0000482f | 0x00 | 0x00
[OK ]  |  9264 | 0x00004830 | 0x12 | 0x12
[OK ]  |  9265 | 0x00004831 | 0x6e | 0x6e
[OK ]  |  9266 | 0x00004832 | 0x00 | 0x00
[OK ]  |  9267 | 0x00004833 | 0x00 | 0x00
[OK ]  |  9268 | 0x00004834 | 0xb9 | 0xb9
[OK ]  |  9269 | 0x00004835 | 0x63 | 0x63
[OK ]  |  9270 | 0x00004836 | 0x00 | 0x00
[OK ]  |  9271 | 0x00004837 | 0x00 | 0x00
[OK ]  |  9272 | 0x00004838 | 0x99 | 0x99
[OK ]  |  9273 | 0x00004839 | 0x57 | 0x57
[OK ]  |  9274 | 0x0000483a | 0xff | 0xff
[OK ]  |  9275 | 0x0000483b | 0xff | 0xff
[OK ]  |  9276 | 0x0000483c | 0x76 | 0x76
[OK ]  |  9277 | 0x0000483d | 0x89 | 0x89
[OK ]  |  9278 | 0x0000483e | 0xff | 0xff
[OK ]  |  9279 | 0x0000483f | 0xff | 0xff
[OK ]  |  9280 | 0x00004840 | 0xc5 | 0xc5
[OK ]  |  9281 | 0x00004841 | 0x2e | 0x2e
[OK ]  |  9282 | 0x00004842 | 0xff | 0xff
[OK ]  |  9283 | 0x00004843 | 0xff | 0xff
[OK ]  |  9284 | 0x00004844 | 0x74 | 0x74
[OK ]  |  9285 | 0x00004845 | 0x5f | 0x5f
[OK ]  |  9286 | 0x00004846 | 0x00 | 0x00
[OK ]  |  9287 | 0x00004847 | 0x00 | 0x00
[OK ]  |  9288 | 0x00004848 | 0x57 | 0x57
[OK ]  |  9289 | 0x00004849 | 0x07 | 0x07
[OK ]  |  9290 | 0x0000484a | 0x00 | 0x00
[OK ]  |  9291 | 0x0000484b | 0x00 | 0x00
[OK ]  |  9292 | 0x0000484c | 0x85 | 0x85
[OK ]  |  9293 | 0x0000484d | 0x67 | 0x67
[OK ]  |  9294 | 0x0000484e | 0xff | 0xff
[OK ]  |  9295 | 0x0000484f | 0xff | 0xff
[OK ]  |  9296 | 0x00004850 | 0x6f | 0x6f
[OK ]  |  9297 | 0x00004851 | 0xd8 | 0xd8
[OK ]  |  9298 | 0x00004852 | 0xfe | 0xfe
[OK ]  |  9299 | 0x00004853 | 0xff | 0xff
[OK ]  |  9300 | 0x00004854 | 0xe3 | 0xe3
[OK ]  |  9301 | 0x00004855 | 0x21 | 0x21
[OK ]  |  9302 | 0x00004856 | 0xff | 0xff
[OK ]  |  9303 | 0x00004857 | 0xff | 0xff
[OK ]  |  9304 | 0x00004858 | 0xc6 | 0xc6
[OK ]  |  9305 | 0x00004859 | 0x91 | 0x91
[OK ]  |  9306 | 0x0000485a | 0xff | 0xff
[OK ]  |  9307 | 0x0000485b | 0xff | 0xff
[OK ]  |  9308 | 0x0000485c | 0x96 | 0x96
[OK ]  |  9309 | 0x0000485d | 0x07 | 0x07
[OK ]  |  9310 | 0x0000485e | 0xff | 0xff
[OK ]  |  9311 | 0x0000485f | 0xff | 0xff
[OK ]  |  9312 | 0x00004860 | 0x0d | 0x0d
[OK ]  |  9313 | 0x00004861 | 0x13 | 0x13
[OK ]  |  9314 | 0x00004862 | 0xfe | 0xfe
[OK ]  |  9315 | 0x00004863 | 0xff | 0xff
[OK ]  |  9316 | 0x00004864 | 0x49 | 0x49
[OK ]  |  9317 | 0x00004865 | 0x27 | 0x27
[OK ]  |  9318 | 0x00004866 | 0x01 | 0x01
[OK ]  |  9319 | 0x00004867 | 0x00 | 0x00
[OK ]  |  9320 | 0x00004868 | 0xa1 | 0xa1
[OK ]  |  9321 | 0x00004869 | 0x66 | 0x66
[OK ]  |  9322 | 0x0000486a | 0xff | 0xff
[OK ]  |  9323 | 0x0000486b | 0xff | 0xff
[OK ]  |  9324 | 0x0000486c | 0x4f | 0x4f
[OK ]  |  9325 | 0x0000486d | 0xb4 | 0xb4
[OK ]  |  9326 | 0x0000486e | 0xff | 0xff
[OK ]  |  9327 | 0x0000486f | 0xff | 0xff
[OK ]  |  9328 | 0x00004870 | 0x0b | 0x0b
[OK ]  |  9329 | 0x00004871 | 0x72 | 0x72
[OK ]  |  9330 | 0x00004872 | 0xff | 0xff
[OK ]  |  9331 | 0x00004873 | 0xff | 0xff
[OK ]  |  9332 | 0x00004874 | 0xcc | 0xcc
[OK ]  |  9333 | 0x00004875 | 0xd7 | 0xd7
[OK ]  |  9334 | 0x00004876 | 0x00 | 0x00
[OK ]  |  9335 | 0x00004877 | 0x00 | 0x00
[OK ]  |  9336 | 0x00004878 | 0xab | 0xab
[OK ]  |  9337 | 0x00004879 | 0xb2 | 0xb2
[OK ]  |  9338 | 0x0000487a | 0xff | 0xff
[OK ]  |  9339 | 0x0000487b | 0xff | 0xff
[OK ]  |  9340 | 0x0000487c | 0xb6 | 0xb6
[OK ]  |  9341 | 0x0000487d | 0xad | 0xad
[OK ]  |  9342 | 0x0000487e | 0xfe | 0xfe
[OK ]  |  9343 | 0x0000487f | 0xff | 0xff
[OK ]  |  9344 | 0x00004880 | 0x76 | 0x76
[OK ]  |  9345 | 0x00004881 | 0x8e | 0x8e
[OK ]  |  9346 | 0x00004882 | 0xff | 0xff
[OK ]  |  9347 | 0x00004883 | 0xff | 0xff
[OK ]  |  9348 | 0x00004884 | 0xcd | 0xcd
[OK ]  |  9349 | 0x00004885 | 0x63 | 0x63
[OK ]  |  9350 | 0x00004886 | 0xfe | 0xfe
[OK ]  |  9351 | 0x00004887 | 0xff | 0xff
[OK ]  |  9352 | 0x00004888 | 0x8d | 0x8d
[OK ]  |  9353 | 0x00004889 | 0x50 | 0x50
[OK ]  |  9354 | 0x0000488a | 0x01 | 0x01
[OK ]  |  9355 | 0x0000488b | 0x00 | 0x00
[OK ]  |  9356 | 0x0000488c | 0xfa | 0xfa
[OK ]  |  9357 | 0x0000488d | 0xdd | 0xdd
[OK ]  |  9358 | 0x0000488e | 0x00 | 0x00
[OK ]  |  9359 | 0x0000488f | 0x00 | 0x00
[OK ]  |  9360 | 0x00004890 | 0x2a | 0x2a
[OK ]  |  9361 | 0x00004891 | 0xd1 | 0xd1
[OK ]  |  9362 | 0x00004892 | 0xff | 0xff
[OK ]  |  9363 | 0x00004893 | 0xff | 0xff
[OK ]  |  9364 | 0x00004894 | 0x5f | 0x5f
[OK ]  |  9365 | 0x00004895 | 0x1d | 0x1d
[OK ]  |  9366 | 0x00004896 | 0x00 | 0x00
[OK ]  |  9367 | 0x00004897 | 0x00 | 0x00
[OK ]  |  9368 | 0x00004898 | 0x11 | 0x11
[OK ]  |  9369 | 0x00004899 | 0x1c | 0x1c
[OK ]  |  9370 | 0x0000489a | 0x00 | 0x00
[OK ]  |  9371 | 0x0000489b | 0x00 | 0x00
[OK ]  |  9372 | 0x0000489c | 0xf0 | 0xf0
[OK ]  |  9373 | 0x0000489d | 0x60 | 0x60
[OK ]  |  9374 | 0x0000489e | 0x00 | 0x00
[OK ]  |  9375 | 0x0000489f | 0x00 | 0x00
[OK ]  |  9376 | 0x000048a0 | 0x68 | 0x68
[OK ]  |  9377 | 0x000048a1 | 0xf4 | 0xf4
[OK ]  |  9378 | 0x000048a2 | 0xfe | 0xfe
[OK ]  |  9379 | 0x000048a3 | 0xff | 0xff
[OK ]  |  9380 | 0x000048a4 | 0xb2 | 0xb2
[OK ]  |  9381 | 0x000048a5 | 0x73 | 0x73
[OK ]  |  9382 | 0x000048a6 | 0xff | 0xff
[OK ]  |  9383 | 0x000048a7 | 0xff | 0xff
[OK ]  |  9384 | 0x000048a8 | 0x77 | 0x77
[OK ]  |  9385 | 0x000048a9 | 0xb0 | 0xb0
[OK ]  |  9386 | 0x000048aa | 0xff | 0xff
[OK ]  |  9387 | 0x000048ab | 0xff | 0xff
[OK ]  |  9388 | 0x000048ac | 0x9f | 0x9f
[OK ]  |  9389 | 0x000048ad | 0x55 | 0x55
[OK ]  |  9390 | 0x000048ae | 0xff | 0xff
[OK ]  |  9391 | 0x000048af | 0xff | 0xff
[OK ]  |  9392 | 0x000048b0 | 0x40 | 0x40
[OK ]  |  9393 | 0x000048b1 | 0x19 | 0x19
[OK ]  |  9394 | 0x000048b2 | 0xfe | 0xfe
[OK ]  |  9395 | 0x000048b3 | 0xff | 0xff
[OK ]  |  9396 | 0x000048b4 | 0xfb | 0xfb
[OK ]  |  9397 | 0x000048b5 | 0x4a | 0x4a
[OK ]  |  9398 | 0x000048b6 | 0x00 | 0x00
[OK ]  |  9399 | 0x000048b7 | 0x00 | 0x00
[OK ]  |  9400 | 0x000048b8 | 0xb9 | 0xb9
[OK ]  |  9401 | 0x000048b9 | 0x65 | 0x65
[OK ]  |  9402 | 0x000048ba | 0x00 | 0x00
[OK ]  |  9403 | 0x000048bb | 0x00 | 0x00
[OK ]  |  9404 | 0x000048bc | 0x2f | 0x2f
[OK ]  |  9405 | 0x000048bd | 0x6f | 0x6f
[OK ]  |  9406 | 0x000048be | 0x00 | 0x00
[OK ]  |  9407 | 0x000048bf | 0x00 | 0x00
[OK ]  |  9408 | 0x000048c0 | 0xa2 | 0xa2
[OK ]  |  9409 | 0x000048c1 | 0x47 | 0x47
[OK ]  |  9410 | 0x000048c2 | 0x01 | 0x01
[OK ]  |  9411 | 0x000048c3 | 0x00 | 0x00
[OK ]  |  9412 | 0x000048c4 | 0x47 | 0x47
[OK ]  |  9413 | 0x000048c5 | 0x60 | 0x60
[OK ]  |  9414 | 0x000048c6 | 0xff | 0xff
[OK ]  |  9415 | 0x000048c7 | 0xff | 0xff
[OK ]  |  9416 | 0x000048c8 | 0xca | 0xca
[OK ]  |  9417 | 0x000048c9 | 0x2d | 0x2d
[OK ]  |  9418 | 0x000048ca | 0xff | 0xff
[OK ]  |  9419 | 0x000048cb | 0xff | 0xff
[OK ]  |  9420 | 0x000048cc | 0x89 | 0x89
[OK ]  |  9421 | 0x000048cd | 0x50 | 0x50
[OK ]  |  9422 | 0x000048ce | 0xff | 0xff
[OK ]  |  9423 | 0x000048cf | 0xff | 0xff
[OK ]  |  9424 | 0x000048d0 | 0xe7 | 0xe7
[OK ]  |  9425 | 0x000048d1 | 0x55 | 0x55
[OK ]  |  9426 | 0x000048d2 | 0xff | 0xff
[OK ]  |  9427 | 0x000048d3 | 0xff | 0xff
[OK ]  |  9428 | 0x000048d4 | 0x75 | 0x75
[OK ]  |  9429 | 0x000048d5 | 0xb3 | 0xb3
[OK ]  |  9430 | 0x000048d6 | 0xff | 0xff
[OK ]  |  9431 | 0x000048d7 | 0xff | 0xff
[OK ]  |  9432 | 0x000048d8 | 0x43 | 0x43
[OK ]  |  9433 | 0x000048d9 | 0xfe | 0xfe
[OK ]  |  9434 | 0x000048da | 0xff | 0xff
[OK ]  |  9435 | 0x000048db | 0xff | 0xff
[OK ]  |  9436 | 0x000048dc | 0x16 | 0x16
[OK ]  |  9437 | 0x000048dd | 0xbf | 0xbf
[OK ]  |  9438 | 0x000048de | 0xff | 0xff
[OK ]  |  9439 | 0x000048df | 0xff | 0xff
[OK ]  |  9440 | 0x000048e0 | 0x94 | 0x94
[OK ]  |  9441 | 0x000048e1 | 0x50 | 0x50
[OK ]  |  9442 | 0x000048e2 | 0x00 | 0x00
[OK ]  |  9443 | 0x000048e3 | 0x00 | 0x00
[OK ]  |  9444 | 0x000048e4 | 0x2f | 0x2f
[OK ]  |  9445 | 0x000048e5 | 0x51 | 0x51
[OK ]  |  9446 | 0x000048e6 | 0x00 | 0x00
[OK ]  |  9447 | 0x000048e7 | 0x00 | 0x00
[OK ]  |  9448 | 0x000048e8 | 0x06 | 0x06
[OK ]  |  9449 | 0x000048e9 | 0xee | 0xee
[OK ]  |  9450 | 0x000048ea | 0xff | 0xff
[OK ]  |  9451 | 0x000048eb | 0xff | 0xff
[OK ]  |  9452 | 0x000048ec | 0xdd | 0xdd
[OK ]  |  9453 | 0x000048ed | 0x9f | 0x9f
[OK ]  |  9454 | 0x000048ee | 0xff | 0xff
[OK ]  |  9455 | 0x000048ef | 0xff | 0xff
[OK ]  |  9456 | 0x000048f0 | 0xf1 | 0xf1
[OK ]  |  9457 | 0x000048f1 | 0x05 | 0x05
[OK ]  |  9458 | 0x000048f2 | 0x00 | 0x00
[OK ]  |  9459 | 0x000048f3 | 0x00 | 0x00
[OK ]  |  9460 | 0x000048f4 | 0xe0 | 0xe0
[OK ]  |  9461 | 0x000048f5 | 0xe3 | 0xe3
[OK ]  |  9462 | 0x000048f6 | 0xff | 0xff
[OK ]  |  9463 | 0x000048f7 | 0xff | 0xff
[OK ]  |  9464 | 0x000048f8 | 0x8b | 0x8b
[OK ]  |  9465 | 0x000048f9 | 0x78 | 0x78
[OK ]  |  9466 | 0x000048fa | 0x00 | 0x00
[OK ]  |  9467 | 0x000048fb | 0x00 | 0x00
[OK ]  |  9468 | 0x000048fc | 0x9c | 0x9c
[OK ]  |  9469 | 0x000048fd | 0xf9 | 0xf9
[OK ]  |  9470 | 0x000048fe | 0xff | 0xff
[OK ]  |  9471 | 0x000048ff | 0xff | 0xff
[OK ]  |  9472 | 0x00004900 | 0xee | 0xee
[OK ]  |  9473 | 0x00004901 | 0x04 | 0x04
[OK ]  |  9474 | 0x00004902 | 0x01 | 0x01
[OK ]  |  9475 | 0x00004903 | 0x00 | 0x00
[OK ]  |  9476 | 0x00004904 | 0x05 | 0x05
[OK ]  |  9477 | 0x00004905 | 0x89 | 0x89
[OK ]  |  9478 | 0x00004906 | 0xff | 0xff
[OK ]  |  9479 | 0x00004907 | 0xff | 0xff
[OK ]  |  9480 | 0x00004908 | 0xac | 0xac
[OK ]  |  9481 | 0x00004909 | 0x54 | 0x54
[OK ]  |  9482 | 0x0000490a | 0x00 | 0x00
[OK ]  |  9483 | 0x0000490b | 0x00 | 0x00
[OK ]  |  9484 | 0x0000490c | 0xf9 | 0xf9
[OK ]  |  9485 | 0x0000490d | 0xb8 | 0xb8
[OK ]  |  9486 | 0x0000490e | 0xff | 0xff
[OK ]  |  9487 | 0x0000490f | 0xff | 0xff
[OK ]  |  9488 | 0x00004910 | 0x94 | 0x94
[OK ]  |  9489 | 0x00004911 | 0x3b | 0x3b
[OK ]  |  9490 | 0x00004912 | 0x00 | 0x00
[OK ]  |  9491 | 0x00004913 | 0x00 | 0x00
[OK ]  |  9492 | 0x00004914 | 0x0b | 0x0b
[OK ]  |  9493 | 0x00004915 | 0x06 | 0x06
[OK ]  |  9494 | 0x00004916 | 0x00 | 0x00
[OK ]  |  9495 | 0x00004917 | 0x00 | 0x00
[OK ]  |  9496 | 0x00004918 | 0x53 | 0x53
[OK ]  |  9497 | 0x00004919 | 0xe2 | 0xe2
[OK ]  |  9498 | 0x0000491a | 0x00 | 0x00
[OK ]  |  9499 | 0x0000491b | 0x00 | 0x00
[OK ]  |  9500 | 0x0000491c | 0x06 | 0x06
[OK ]  |  9501 | 0x0000491d | 0x76 | 0x76
[OK ]  |  9502 | 0x0000491e | 0xff | 0xff
[OK ]  |  9503 | 0x0000491f | 0xff | 0xff
[OK ]  |  9504 | 0x00004920 | 0xc7 | 0xc7
[OK ]  |  9505 | 0x00004921 | 0x90 | 0x90
[OK ]  |  9506 | 0x00004922 | 0x00 | 0x00
[OK ]  |  9507 | 0x00004923 | 0x00 | 0x00
[OK ]  |  9508 | 0x00004924 | 0xc5 | 0xc5
[OK ]  |  9509 | 0x00004925 | 0x52 | 0x52
[OK ]  |  9510 | 0x00004926 | 0x00 | 0x00
[OK ]  |  9511 | 0x00004927 | 0x00 | 0x00
[OK ]  |  9512 | 0x00004928 | 0xdb | 0xdb
[OK ]  |  9513 | 0x00004929 | 0x62 | 0x62
[OK ]  |  9514 | 0x0000492a | 0x01 | 0x01
[OK ]  |  9515 | 0x0000492b | 0x00 | 0x00
[OK ]  |  9516 | 0x0000492c | 0x88 | 0x88
[OK ]  |  9517 | 0x0000492d | 0x70 | 0x70
[OK ]  |  9518 | 0x0000492e | 0xff | 0xff
[OK ]  |  9519 | 0x0000492f | 0xff | 0xff
[OK ]  |  9520 | 0x00004930 | 0x92 | 0x92
[OK ]  |  9521 | 0x00004931 | 0xcd | 0xcd
[OK ]  |  9522 | 0x00004932 | 0xff | 0xff
[OK ]  |  9523 | 0x00004933 | 0xff | 0xff
[OK ]  |  9524 | 0x00004934 | 0x21 | 0x21
[OK ]  |  9525 | 0x00004935 | 0x67 | 0x67
[OK ]  |  9526 | 0x00004936 | 0x00 | 0x00
[OK ]  |  9527 | 0x00004937 | 0x00 | 0x00
[OK ]  |  9528 | 0x00004938 | 0xb7 | 0xb7
[OK ]  |  9529 | 0x00004939 | 0x7c | 0x7c
[OK ]  |  9530 | 0x0000493a | 0x00 | 0x00
[OK ]  |  9531 | 0x0000493b | 0x00 | 0x00
[OK ]  |  9532 | 0x0000493c | 0xd6 | 0xd6
[OK ]  |  9533 | 0x0000493d | 0xa0 | 0xa0
[OK ]  |  9534 | 0x0000493e | 0xff | 0xff
[OK ]  |  9535 | 0x0000493f | 0xff | 0xff
[OK ]  |  9536 | 0x00004940 | 0xb0 | 0xb0
[OK ]  |  9537 | 0x00004941 | 0xba | 0xba
[OK ]  |  9538 | 0x00004942 | 0x00 | 0x00
[OK ]  |  9539 | 0x00004943 | 0x00 | 0x00
[OK ]  |  9540 | 0x00004944 | 0xf5 | 0xf5
[OK ]  |  9541 | 0x00004945 | 0x7a | 0x7a
[OK ]  |  9542 | 0x00004946 | 0x01 | 0x01
[OK ]  |  9543 | 0x00004947 | 0x00 | 0x00
[OK ]  |  9544 | 0x00004948 | 0x01 | 0x01
[OK ]  |  9545 | 0x00004949 | 0x4a | 0x4a
[OK ]  |  9546 | 0x0000494a | 0xff | 0xff
[OK ]  |  9547 | 0x0000494b | 0xff | 0xff
[OK ]  |  9548 | 0x0000494c | 0x0f | 0x0f
[OK ]  |  9549 | 0x0000494d | 0x0b | 0x0b
[OK ]  |  9550 | 0x0000494e | 0x00 | 0x00
[OK ]  |  9551 | 0x0000494f | 0x00 | 0x00
[OK ]  |  9552 | 0x00004950 | 0x5a | 0x5a
[OK ]  |  9553 | 0x00004951 | 0x88 | 0x88
[OK ]  |  9554 | 0x00004952 | 0xff | 0xff
[OK ]  |  9555 | 0x00004953 | 0xff | 0xff
[OK ]  |  9556 | 0x00004954 | 0x42 | 0x42
[OK ]  |  9557 | 0x00004955 | 0x4f | 0x4f
[OK ]  |  9558 | 0x00004956 | 0x00 | 0x00
[OK ]  |  9559 | 0x00004957 | 0x00 | 0x00
[OK ]  |  9560 | 0x00004958 | 0x4d | 0x4d
[OK ]  |  9561 | 0x00004959 | 0x0f | 0x0f
[OK ]  |  9562 | 0x0000495a | 0xff | 0xff
[OK ]  |  9563 | 0x0000495b | 0xff | 0xff
[OK ]  |  9564 | 0x0000495c | 0x31 | 0x31
[OK ]  |  9565 | 0x0000495d | 0x0e | 0x0e
[OK ]  |  9566 | 0x0000495e | 0x00 | 0x00
[OK ]  |  9567 | 0x0000495f | 0x00 | 0x00
[OK ]  |  9568 | 0x00004960 | 0x13 | 0x13
[OK ]  |  9569 | 0x00004961 | 0xf3 | 0xf3
[OK ]  |  9570 | 0x00004962 | 0xfe | 0xfe
[OK ]  |  9571 | 0x00004963 | 0xff | 0xff
[OK ]  |  9572 | 0x00004964 | 0x85 | 0x85
[OK ]  |  9573 | 0x00004965 | 0x8b | 0x8b
[OK ]  |  9574 | 0x00004966 | 0x00 | 0x00
[OK ]  |  9575 | 0x00004967 | 0x00 | 0x00
[OK ]  |  9576 | 0x00004968 | 0x3a | 0x3a
[OK ]  |  9577 | 0x00004969 | 0x03 | 0x03
[OK ]  |  9578 | 0x0000496a | 0x01 | 0x01
[OK ]  |  9579 | 0x0000496b | 0x00 | 0x00
[OK ]  |  9580 | 0x0000496c | 0x44 | 0x44
[OK ]  |  9581 | 0x0000496d | 0x34 | 0x34
[OK ]  |  9582 | 0x0000496e | 0xff | 0xff
[OK ]  |  9583 | 0x0000496f | 0xff | 0xff
[OK ]  |  9584 | 0x00004970 | 0xc5 | 0xc5
[OK ]  |  9585 | 0x00004971 | 0xd2 | 0xd2
[OK ]  |  9586 | 0x00004972 | 0x00 | 0x00
[OK ]  |  9587 | 0x00004973 | 0x00 | 0x00
[OK ]  |  9588 | 0x00004974 | 0xa3 | 0xa3
[OK ]  |  9589 | 0x00004975 | 0xc2 | 0xc2
[OK ]  |  9590 | 0x00004976 | 0x00 | 0x00
[OK ]  |  9591 | 0x00004977 | 0x00 | 0x00
[OK ]  |  9592 | 0x00004978 | 0xd7 | 0xd7
[OK ]  |  9593 | 0x00004979 | 0x88 | 0x88
[OK ]  |  9594 | 0x0000497a | 0xff | 0xff
[OK ]  |  9595 | 0x0000497b | 0xff | 0xff
[OK ]  |  9596 | 0x0000497c | 0x7f | 0x7f
[OK ]  |  9597 | 0x0000497d | 0xab | 0xab
[OK ]  |  9598 | 0x0000497e | 0xfe | 0xfe
[OK ]  |  9599 | 0x0000497f | 0xff | 0xff
[OK ]  |  9600 | 0x00004980 | 0xf6 | 0xf6
[OK ]  |  9601 | 0x00004981 | 0x0d | 0x0d
[OK ]  |  9602 | 0x00004982 | 0x00 | 0x00
[OK ]  |  9603 | 0x00004983 | 0x00 | 0x00
[OK ]  |  9604 | 0x00004984 | 0x79 | 0x79
[OK ]  |  9605 | 0x00004985 | 0x06 | 0x06
[OK ]  |  9606 | 0x00004986 | 0x00 | 0x00
[OK ]  |  9607 | 0x00004987 | 0x00 | 0x00
[OK ]  |  9608 | 0x00004988 | 0x2e | 0x2e
[OK ]  |  9609 | 0x00004989 | 0xbc | 0xbc
[OK ]  |  9610 | 0x0000498a | 0x00 | 0x00
[OK ]  |  9611 | 0x0000498b | 0x00 | 0x00
[OK ]  |  9612 | 0x0000498c | 0x16 | 0x16
[OK ]  |  9613 | 0x0000498d | 0x7c | 0x7c
[OK ]  |  9614 | 0x0000498e | 0xff | 0xff
[OK ]  |  9615 | 0x0000498f | 0xff | 0xff
[OK ]  |  9616 | 0x00004990 | 0x53 | 0x53
[OK ]  |  9617 | 0x00004991 | 0xe9 | 0xe9
[OK ]  |  9618 | 0x00004992 | 0xfe | 0xfe
[OK ]  |  9619 | 0x00004993 | 0xff | 0xff
[OK ]  |  9620 | 0x00004994 | 0x0a | 0x0a
[OK ]  |  9621 | 0x00004995 | 0xce | 0xce
[OK ]  |  9622 | 0x00004996 | 0x00 | 0x00
[OK ]  |  9623 | 0x00004997 | 0x00 | 0x00
[OK ]  |  9624 | 0x00004998 | 0xdf | 0xdf
[OK ]  |  9625 | 0x00004999 | 0xaa | 0xaa
[OK ]  |  9626 | 0x0000499a | 0xff | 0xff
[OK ]  |  9627 | 0x0000499b | 0xff | 0xff
[OK ]  |  9628 | 0x0000499c | 0x4e | 0x4e
[OK ]  |  9629 | 0x0000499d | 0xff | 0xff
[OK ]  |  9630 | 0x0000499e | 0xff | 0xff
[OK ]  |  9631 | 0x0000499f | 0xff | 0xff
[OK ]  |  9632 | 0x000049a0 | 0x2b | 0x2b
[OK ]  |  9633 | 0x000049a1 | 0xf2 | 0xf2
[OK ]  |  9634 | 0x000049a2 | 0xff | 0xff
[OK ]  |  9635 | 0x000049a3 | 0xff | 0xff
[OK ]  |  9636 | 0x000049a4 | 0x24 | 0x24
[OK ]  |  9637 | 0x000049a5 | 0x03 | 0x03
[OK ]  |  9638 | 0x000049a6 | 0xff | 0xff
[OK ]  |  9639 | 0x000049a7 | 0xff | 0xff
[OK ]  |  9640 | 0x000049a8 | 0xb9 | 0xb9
[OK ]  |  9641 | 0x000049a9 | 0x92 | 0x92
[OK ]  |  9642 | 0x000049aa | 0xff | 0xff
[OK ]  |  9643 | 0x000049ab | 0xff | 0xff
[OK ]  |  9644 | 0x000049ac | 0x0b | 0x0b
[OK ]  |  9645 | 0x000049ad | 0x50 | 0x50
[OK ]  |  9646 | 0x000049ae | 0x01 | 0x01
[OK ]  |  9647 | 0x000049af | 0x00 | 0x00
[OK ]  |  9648 | 0x000049b0 | 0x7c | 0x7c
[OK ]  |  9649 | 0x000049b1 | 0x20 | 0x20
[OK ]  |  9650 | 0x000049b2 | 0x00 | 0x00
[OK ]  |  9651 | 0x000049b3 | 0x00 | 0x00
[OK ]  |  9652 | 0x000049b4 | 0xf3 | 0xf3
[OK ]  |  9653 | 0x000049b5 | 0xfc | 0xfc
[OK ]  |  9654 | 0x000049b6 | 0xff | 0xff
[OK ]  |  9655 | 0x000049b7 | 0xff | 0xff
[OK ]  |  9656 | 0x000049b8 | 0x1e | 0x1e
[OK ]  |  9657 | 0x000049b9 | 0x69 | 0x69
[OK ]  |  9658 | 0x000049ba | 0xff | 0xff
[OK ]  |  9659 | 0x000049bb | 0xff | 0xff
[OK ]  |  9660 | 0x000049bc | 0x0b | 0x0b
[OK ]  |  9661 | 0x000049bd | 0xc4 | 0xc4
[OK ]  |  9662 | 0x000049be | 0xff | 0xff
[OK ]  |  9663 | 0x000049bf | 0xff | 0xff
[OK ]  |  9664 | 0x000049c0 | 0x5d | 0x5d
[OK ]  |  9665 | 0x000049c1 | 0x77 | 0x77
[OK ]  |  9666 | 0x000049c2 | 0x00 | 0x00
[OK ]  |  9667 | 0x000049c3 | 0x00 | 0x00
[OK ]  |  9668 | 0x000049c4 | 0x82 | 0x82
[OK ]  |  9669 | 0x000049c5 | 0x85 | 0x85
[OK ]  |  9670 | 0x000049c6 | 0x00 | 0x00
[OK ]  |  9671 | 0x000049c7 | 0x00 | 0x00
[OK ]  |  9672 | 0x000049c8 | 0x79 | 0x79
[OK ]  |  9673 | 0x000049c9 | 0x66 | 0x66
[OK ]  |  9674 | 0x000049ca | 0xff | 0xff
[OK ]  |  9675 | 0x000049cb | 0xff | 0xff
[OK ]  |  9676 | 0x000049cc | 0x0d | 0x0d
[OK ]  |  9677 | 0x000049cd | 0xed | 0xed
[OK ]  |  9678 | 0x000049ce | 0xff | 0xff
[OK ]  |  9679 | 0x000049cf | 0xff | 0xff
[OK ]  |  9680 | 0x000049d0 | 0x2a | 0x2a
[OK ]  |  9681 | 0x000049d1 | 0x2d | 0x2d
[OK ]  |  9682 | 0x000049d2 | 0xff | 0xff
[OK ]  |  9683 | 0x000049d3 | 0xff | 0xff
[OK ]  |  9684 | 0x000049d4 | 0xbd | 0xbd
[OK ]  |  9685 | 0x000049d5 | 0xb1 | 0xb1
[OK ]  |  9686 | 0x000049d6 | 0xff | 0xff
[OK ]  |  9687 | 0x000049d7 | 0xff | 0xff
[OK ]  |  9688 | 0x000049d8 | 0x77 | 0x77
[OK ]  |  9689 | 0x000049d9 | 0xb1 | 0xb1
[OK ]  |  9690 | 0x000049da | 0x00 | 0x00
[OK ]  |  9691 | 0x000049db | 0x00 | 0x00
[OK ]  |  9692 | 0x000049dc | 0x4e | 0x4e
[OK ]  |  9693 | 0x000049dd | 0xbe | 0xbe
[OK ]  |  9694 | 0x000049de | 0xff | 0xff
[OK ]  |  9695 | 0x000049df | 0xff | 0xff
[OK ]  |  9696 | 0x000049e0 | 0xa3 | 0xa3
[OK ]  |  9697 | 0x000049e1 | 0x3b | 0x3b
[OK ]  |  9698 | 0x000049e2 | 0x00 | 0x00
[OK ]  |  9699 | 0x000049e3 | 0x00 | 0x00
[OK ]  |  9700 | 0x000049e4 | 0x2d | 0x2d
[OK ]  |  9701 | 0x000049e5 | 0x3c | 0x3c
[OK ]  |  9702 | 0x000049e6 | 0x01 | 0x01
[OK ]  |  9703 | 0x000049e7 | 0x00 | 0x00
[OK ]  |  9704 | 0x000049e8 | 0xcf | 0xcf
[OK ]  |  9705 | 0x000049e9 | 0xf1 | 0xf1
[OK ]  |  9706 | 0x000049ea | 0xff | 0xff
[OK ]  |  9707 | 0x000049eb | 0xff | 0xff
[OK ]  |  9708 | 0x000049ec | 0x1c | 0x1c
[OK ]  |  9709 | 0x000049ed | 0xdd | 0xdd
[OK ]  |  9710 | 0x000049ee | 0xff | 0xff
[OK ]  |  9711 | 0x000049ef | 0xff | 0xff
[OK ]  |  9712 | 0x000049f0 | 0xc0 | 0xc0
[OK ]  |  9713 | 0x000049f1 | 0xe4 | 0xe4
[OK ]  |  9714 | 0x000049f2 | 0xfe | 0xfe
[OK ]  |  9715 | 0x000049f3 | 0xff | 0xff
[OK ]  |  9716 | 0x000049f4 | 0x25 | 0x25
[OK ]  |  9717 | 0x000049f5 | 0x49 | 0x49
[OK ]  |  9718 | 0x000049f6 | 0xff | 0xff
[OK ]  |  9719 | 0x000049f7 | 0xff | 0xff
[OK ]  |  9720 | 0x000049f8 | 0x1d | 0x1d
[OK ]  |  9721 | 0x000049f9 | 0x86 | 0x86
[OK ]  |  9722 | 0x000049fa | 0xff | 0xff
[OK ]  |  9723 | 0x000049fb | 0xff | 0xff
[OK ]  |  9724 | 0x000049fc | 0x40 | 0x40
[OK ]  |  9725 | 0x000049fd | 0x67 | 0x67
[OK ]  |  9726 | 0x000049fe | 0x00 | 0x00
[OK ]  |  9727 | 0x000049ff | 0x00 | 0x00
[OK ]  |  9728 | 0x00004a00 | 0x92 | 0x92
[OK ]  |  9729 | 0x00004a01 | 0x07 | 0x07
[OK ]  |  9730 | 0x00004a02 | 0x01 | 0x01
[OK ]  |  9731 | 0x00004a03 | 0x00 | 0x00
[OK ]  |  9732 | 0x00004a04 | 0x6c | 0x6c
[OK ]  |  9733 | 0x00004a05 | 0xf3 | 0xf3
[OK ]  |  9734 | 0x00004a06 | 0xff | 0xff
[OK ]  |  9735 | 0x00004a07 | 0xff | 0xff
[OK ]  |  9736 | 0x00004a08 | 0x17 | 0x17
[OK ]  |  9737 | 0x00004a09 | 0x8b | 0x8b
[OK ]  |  9738 | 0x00004a0a | 0x00 | 0x00
[OK ]  |  9739 | 0x00004a0b | 0x00 | 0x00
[OK ]  |  9740 | 0x00004a0c | 0x6d | 0x6d
[OK ]  |  9741 | 0x00004a0d | 0x75 | 0x75
[OK ]  |  9742 | 0x00004a0e | 0x00 | 0x00
[OK ]  |  9743 | 0x00004a0f | 0x00 | 0x00
[OK ]  |  9744 | 0x00004a10 | 0xd6 | 0xd6
[OK ]  |  9745 | 0x00004a11 | 0x37 | 0x37
[OK ]  |  9746 | 0x00004a12 | 0x00 | 0x00
[OK ]  |  9747 | 0x00004a13 | 0x00 | 0x00
[OK ]  |  9748 | 0x00004a14 | 0x0a | 0x0a
[OK ]  |  9749 | 0x00004a15 | 0x0e | 0x0e
[OK ]  |  9750 | 0x00004a16 | 0xff | 0xff
[OK ]  |  9751 | 0x00004a17 | 0xff | 0xff
[OK ]  |  9752 | 0x00004a18 | 0xcd | 0xcd
[OK ]  |  9753 | 0x00004a19 | 0x5b | 0x5b
[OK ]  |  9754 | 0x00004a1a | 0xff | 0xff
[OK ]  |  9755 | 0x00004a1b | 0xff | 0xff
[OK ]  |  9756 | 0x00004a1c | 0x63 | 0x63
[OK ]  |  9757 | 0x00004a1d | 0x00 | 0x00
[OK ]  |  9758 | 0x00004a1e | 0x00 | 0x00
[OK ]  |  9759 | 0x00004a1f | 0x00 | 0x00
[OK ]  |  9760 | 0x00004a20 | 0x5d | 0x5d
[OK ]  |  9761 | 0x00004a21 | 0x08 | 0x08
[OK ]  |  9762 | 0x00004a22 | 0x00 | 0x00
[OK ]  |  9763 | 0x00004a23 | 0x00 | 0x00
[OK ]  |  9764 | 0x00004a24 | 0xfd | 0xfd
[OK ]  |  9765 | 0x00004a25 | 0xfb | 0xfb
[OK ]  |  9766 | 0x00004a26 | 0x00 | 0x00
[OK ]  |  9767 | 0x00004a27 | 0x00 | 0x00
[OK ]  |  9768 | 0x00004a28 | 0x91 | 0x91
[OK ]  |  9769 | 0x00004a29 | 0xb4 | 0xb4
[OK ]  |  9770 | 0x00004a2a | 0x00 | 0x00
[OK ]  |  9771 | 0x00004a2b | 0x00 | 0x00
[OK ]  |  9772 | 0x00004a2c | 0x5a | 0x5a
[OK ]  |  9773 | 0x00004a2d | 0x70 | 0x70
[OK ]  |  9774 | 0x00004a2e | 0xff | 0xff
[OK ]  |  9775 | 0x00004a2f | 0xff | 0xff
[OK ]  |  9776 | 0x00004a30 | 0x50 | 0x50
[OK ]  |  9777 | 0x00004a31 | 0xe5 | 0xe5
[OK ]  |  9778 | 0x00004a32 | 0x00 | 0x00
[OK ]  |  9779 | 0x00004a33 | 0x00 | 0x00
[OK ]  |  9780 | 0x00004a34 | 0xf3 | 0xf3
[OK ]  |  9781 | 0x00004a35 | 0xff | 0xff
[OK ]  |  9782 | 0x00004a36 | 0xff | 0xff
[OK ]  |  9783 | 0x00004a37 | 0xff | 0xff
[OK ]  |  9784 | 0x00004a38 | 0x7e | 0x7e
[OK ]  |  9785 | 0x00004a39 | 0x1e | 0x1e
[OK ]  |  9786 | 0x00004a3a | 0x00 | 0x00
[OK ]  |  9787 | 0x00004a3b | 0x00 | 0x00
[OK ]  |  9788 | 0x00004a3c | 0xe0 | 0xe0
[OK ]  |  9789 | 0x00004a3d | 0xbc | 0xbc
[OK ]  |  9790 | 0x00004a3e | 0x00 | 0x00
[OK ]  |  9791 | 0x00004a3f | 0x00 | 0x00
[OK ]  |  9792 | 0x00004a40 | 0x81 | 0x81
[OK ]  |  9793 | 0x00004a41 | 0xb6 | 0xb6
[OK ]  |  9794 | 0x00004a42 | 0xfd | 0xfd
[OK ]  |  9795 | 0x00004a43 | 0xff | 0xff
[OK ]  |  9796 | 0x00004a44 | 0xd9 | 0xd9
[OK ]  |  9797 | 0x00004a45 | 0x46 | 0x46
[OK ]  |  9798 | 0x00004a46 | 0xff | 0xff
[OK ]  |  9799 | 0x00004a47 | 0xff | 0xff
[OK ]  |  9800 | 0x00004a48 | 0x90 | 0x90
[OK ]  |  9801 | 0x00004a49 | 0xb5 | 0xb5
[OK ]  |  9802 | 0x00004a4a | 0xff | 0xff
[OK ]  |  9803 | 0x00004a4b | 0xff | 0xff
[OK ]  |  9804 | 0x00004a4c | 0xf4 | 0xf4
[OK ]  |  9805 | 0x00004a4d | 0xd3 | 0xd3
[OK ]  |  9806 | 0x00004a4e | 0xff | 0xff
[OK ]  |  9807 | 0x00004a4f | 0xff | 0xff
[OK ]  |  9808 | 0x00004a50 | 0xc3 | 0xc3
[OK ]  |  9809 | 0x00004a51 | 0xae | 0xae
[OK ]  |  9810 | 0x00004a52 | 0xff | 0xff
[OK ]  |  9811 | 0x00004a53 | 0xff | 0xff
[OK ]  |  9812 | 0x00004a54 | 0xe6 | 0xe6
[OK ]  |  9813 | 0x00004a55 | 0xe7 | 0xe7
[OK ]  |  9814 | 0x00004a56 | 0xff | 0xff
[OK ]  |  9815 | 0x00004a57 | 0xff | 0xff
[OK ]  |  9816 | 0x00004a58 | 0x3a | 0x3a
[OK ]  |  9817 | 0x00004a59 | 0x2c | 0x2c
[OK ]  |  9818 | 0x00004a5a | 0x00 | 0x00
[OK ]  |  9819 | 0x00004a5b | 0x00 | 0x00
[OK ]  |  9820 | 0x00004a5c | 0x0b | 0x0b
[OK ]  |  9821 | 0x00004a5d | 0xa1 | 0xa1
[OK ]  |  9822 | 0x00004a5e | 0x01 | 0x01
[OK ]  |  9823 | 0x00004a5f | 0x00 | 0x00
[OK ]  |  9824 | 0x00004a60 | 0x3a | 0x3a
[OK ]  |  9825 | 0x00004a61 | 0xd4 | 0xd4
[OK ]  |  9826 | 0x00004a62 | 0x00 | 0x00
[OK ]  |  9827 | 0x00004a63 | 0x00 | 0x00
[OK ]  |  9828 | 0x00004a64 | 0x71 | 0x71
[OK ]  |  9829 | 0x00004a65 | 0x67 | 0x67
[OK ]  |  9830 | 0x00004a66 | 0xff | 0xff
[OK ]  |  9831 | 0x00004a67 | 0xff | 0xff
[OK ]  |  9832 | 0x00004a68 | 0x75 | 0x75
[OK ]  |  9833 | 0x00004a69 | 0x1b | 0x1b
[OK ]  |  9834 | 0x00004a6a | 0x00 | 0x00
[OK ]  |  9835 | 0x00004a6b | 0x00 | 0x00
[OK ]  |  9836 | 0x00004a6c | 0x81 | 0x81
[OK ]  |  9837 | 0x00004a6d | 0xe2 | 0xe2
[OK ]  |  9838 | 0x00004a6e | 0x00 | 0x00
[OK ]  |  9839 | 0x00004a6f | 0x00 | 0x00
[OK ]  |  9840 | 0x00004a70 | 0x64 | 0x64
[OK ]  |  9841 | 0x00004a71 | 0xa3 | 0xa3
[OK ]  |  9842 | 0x00004a72 | 0xff | 0xff
[OK ]  |  9843 | 0x00004a73 | 0xff | 0xff
[OK ]  |  9844 | 0x00004a74 | 0x48 | 0x48
[OK ]  |  9845 | 0x00004a75 | 0x37 | 0x37
[OK ]  |  9846 | 0x00004a76 | 0x01 | 0x01
[OK ]  |  9847 | 0x00004a77 | 0x00 | 0x00
[OK ]  |  9848 | 0x00004a78 | 0xf2 | 0xf2
[OK ]  |  9849 | 0x00004a79 | 0xc6 | 0xc6
[OK ]  |  9850 | 0x00004a7a | 0xff | 0xff
[OK ]  |  9851 | 0x00004a7b | 0xff | 0xff
[OK ]  |  9852 | 0x00004a7c | 0x4e | 0x4e
[OK ]  |  9853 | 0x00004a7d | 0x9c | 0x9c
[OK ]  |  9854 | 0x00004a7e | 0x00 | 0x00
[OK ]  |  9855 | 0x00004a7f | 0x00 | 0x00
[OK ]  |  9856 | 0x00004a80 | 0xda | 0xda
[OK ]  |  9857 | 0x00004a81 | 0x1a | 0x1a
[OK ]  |  9858 | 0x00004a82 | 0x00 | 0x00
[OK ]  |  9859 | 0x00004a83 | 0x00 | 0x00
[OK ]  |  9860 | 0x00004a84 | 0x01 | 0x01
[OK ]  |  9861 | 0x00004a85 | 0xe8 | 0xe8
[OK ]  |  9862 | 0x00004a86 | 0xff | 0xff
[OK ]  |  9863 | 0x00004a87 | 0xff | 0xff
[OK ]  |  9864 | 0x00004a88 | 0x88 | 0x88
[OK ]  |  9865 | 0x00004a89 | 0x7e | 0x7e
[OK ]  |  9866 | 0x00004a8a | 0xff | 0xff
[OK ]  |  9867 | 0x00004a8b | 0xff | 0xff
[OK ]  |  9868 | 0x00004a8c | 0x2a | 0x2a
[OK ]  |  9869 | 0x00004a8d | 0x72 | 0x72
[OK ]  |  9870 | 0x00004a8e | 0xff | 0xff
[OK ]  |  9871 | 0x00004a8f | 0xff | 0xff
[OK ]  |  9872 | 0x00004a90 | 0x7e | 0x7e
[OK ]  |  9873 | 0x00004a91 | 0x15 | 0x15
[OK ]  |  9874 | 0x00004a92 | 0x00 | 0x00
[OK ]  |  9875 | 0x00004a93 | 0x00 | 0x00
[OK ]  |  9876 | 0x00004a94 | 0xa5 | 0xa5
[OK ]  |  9877 | 0x00004a95 | 0xf6 | 0xf6
[OK ]  |  9878 | 0x00004a96 | 0xff | 0xff
[OK ]  |  9879 | 0x00004a97 | 0xff | 0xff
[OK ]  |  9880 | 0x00004a98 | 0xa5 | 0xa5
[OK ]  |  9881 | 0x00004a99 | 0x87 | 0x87
[OK ]  |  9882 | 0x00004a9a | 0xff | 0xff
[OK ]  |  9883 | 0x00004a9b | 0xff | 0xff
[OK ]  |  9884 | 0x00004a9c | 0x3a | 0x3a
[OK ]  |  9885 | 0x00004a9d | 0x1c | 0x1c
[OK ]  |  9886 | 0x00004a9e | 0x00 | 0x00
[OK ]  |  9887 | 0x00004a9f | 0x00 | 0x00
[OK ]  |  9888 | 0x00004aa0 | 0x31 | 0x31
[OK ]  |  9889 | 0x00004aa1 | 0x44 | 0x44
[OK ]  |  9890 | 0x00004aa2 | 0x00 | 0x00
[OK ]  |  9891 | 0x00004aa3 | 0x00 | 0x00
[OK ]  |  9892 | 0x00004aa4 | 0xfb | 0xfb
[OK ]  |  9893 | 0x00004aa5 | 0x5f | 0x5f
[OK ]  |  9894 | 0x00004aa6 | 0x00 | 0x00
[OK ]  |  9895 | 0x00004aa7 | 0x00 | 0x00
[OK ]  |  9896 | 0x00004aa8 | 0x04 | 0x04
[OK ]  |  9897 | 0x00004aa9 | 0x2e | 0x2e
[OK ]  |  9898 | 0x00004aaa | 0x01 | 0x01
[OK ]  |  9899 | 0x00004aab | 0x00 | 0x00
[OK ]  |  9900 | 0x00004aac | 0xf5 | 0xf5
[OK ]  |  9901 | 0x00004aad | 0x46 | 0x46
[OK ]  |  9902 | 0x00004aae | 0x00 | 0x00
[OK ]  |  9903 | 0x00004aaf | 0x00 | 0x00
[OK ]  |  9904 | 0x00004ab0 | 0xf3 | 0xf3
[OK ]  |  9905 | 0x00004ab1 | 0x90 | 0x90
[OK ]  |  9906 | 0x00004ab2 | 0xff | 0xff
[OK ]  |  9907 | 0x00004ab3 | 0xff | 0xff
[OK ]  |  9908 | 0x00004ab4 | 0xcd | 0xcd
[OK ]  |  9909 | 0x00004ab5 | 0x56 | 0x56
[OK ]  |  9910 | 0x00004ab6 | 0x00 | 0x00
[OK ]  |  9911 | 0x00004ab7 | 0x00 | 0x00
[OK ]  |  9912 | 0x00004ab8 | 0xe7 | 0xe7
[OK ]  |  9913 | 0x00004ab9 | 0x58 | 0x58
[OK ]  |  9914 | 0x00004aba | 0xff | 0xff
[OK ]  |  9915 | 0x00004abb | 0xff | 0xff
[OK ]  |  9916 | 0x00004abc | 0x3f | 0x3f
[OK ]  |  9917 | 0x00004abd | 0x7b | 0x7b
[OK ]  |  9918 | 0x00004abe | 0x00 | 0x00
[OK ]  |  9919 | 0x00004abf | 0x00 | 0x00
[OK ]  |  9920 | 0x00004ac0 | 0x0f | 0x0f
[OK ]  |  9921 | 0x00004ac1 | 0xa3 | 0xa3
[OK ]  |  9922 | 0x00004ac2 | 0xff | 0xff
[OK ]  |  9923 | 0x00004ac3 | 0xff | 0xff
[OK ]  |  9924 | 0x00004ac4 | 0x61 | 0x61
[OK ]  |  9925 | 0x00004ac5 | 0xe1 | 0xe1
[OK ]  |  9926 | 0x00004ac6 | 0x00 | 0x00
[OK ]  |  9927 | 0x00004ac7 | 0x00 | 0x00
[OK ]  |  9928 | 0x00004ac8 | 0xf0 | 0xf0
[OK ]  |  9929 | 0x00004ac9 | 0xc4 | 0xc4
[OK ]  |  9930 | 0x00004aca | 0xff | 0xff
[OK ]  |  9931 | 0x00004acb | 0xff | 0xff
[OK ]  |  9932 | 0x00004acc | 0x66 | 0x66
[OK ]  |  9933 | 0x00004acd | 0xf3 | 0xf3
[OK ]  |  9934 | 0x00004ace | 0x00 | 0x00
[OK ]  |  9935 | 0x00004acf | 0x00 | 0x00
[OK ]  |  9936 | 0x00004ad0 | 0x97 | 0x97
[OK ]  |  9937 | 0x00004ad1 | 0x0c | 0x0c
[OK ]  |  9938 | 0x00004ad2 | 0x00 | 0x00
[OK ]  |  9939 | 0x00004ad3 | 0x00 | 0x00
[OK ]  |  9940 | 0x00004ad4 | 0x48 | 0x48
[OK ]  |  9941 | 0x00004ad5 | 0x07 | 0x07
[OK ]  |  9942 | 0x00004ad6 | 0x01 | 0x01
[OK ]  |  9943 | 0x00004ad7 | 0x00 | 0x00
[OK ]  |  9944 | 0x00004ad8 | 0xa3 | 0xa3
[OK ]  |  9945 | 0x00004ad9 | 0x97 | 0x97
[OK ]  |  9946 | 0x00004ada | 0xff | 0xff
[OK ]  |  9947 | 0x00004adb | 0xff | 0xff
[OK ]  |  9948 | 0x00004adc | 0xe4 | 0xe4
[OK ]  |  9949 | 0x00004add | 0xf9 | 0xf9
[OK ]  |  9950 | 0x00004ade | 0x00 | 0x00
[OK ]  |  9951 | 0x00004adf | 0x00 | 0x00
[OK ]  |  9952 | 0x00004ae0 | 0x98 | 0x98
[OK ]  |  9953 | 0x00004ae1 | 0xa9 | 0xa9
[OK ]  |  9954 | 0x00004ae2 | 0x00 | 0x00
[OK ]  |  9955 | 0x00004ae3 | 0x00 | 0x00
[OK ]  |  9956 | 0x00004ae4 | 0xed | 0xed
[OK ]  |  9957 | 0x00004ae5 | 0xce | 0xce
[OK ]  |  9958 | 0x00004ae6 | 0xfe | 0xfe
[OK ]  |  9959 | 0x00004ae7 | 0xff | 0xff
[OK ]  |  9960 | 0x00004ae8 | 0xc5 | 0xc5
[OK ]  |  9961 | 0x00004ae9 | 0xa7 | 0xa7
[OK ]  |  9962 | 0x00004aea | 0xff | 0xff
[OK ]  |  9963 | 0x00004aeb | 0xff | 0xff
[OK ]  |  9964 | 0x00004aec | 0xe1 | 0xe1
[OK ]  |  9965 | 0x00004aed | 0x0e | 0x0e
[OK ]  |  9966 | 0x00004aee | 0x00 | 0x00
[OK ]  |  9967 | 0x00004aef | 0x00 | 0x00
[OK ]  |  9968 | 0x00004af0 | 0xf8 | 0xf8
[OK ]  |  9969 | 0x00004af1 | 0xdd | 0xdd
[OK ]  |  9970 | 0x00004af2 | 0xfe | 0xfe
[OK ]  |  9971 | 0x00004af3 | 0xff | 0xff
[OK ]  |  9972 | 0x00004af4 | 0x3b | 0x3b
[OK ]  |  9973 | 0x00004af5 | 0xee | 0xee
[OK ]  |  9974 | 0x00004af6 | 0x00 | 0x00
[OK ]  |  9975 | 0x00004af7 | 0x00 | 0x00
[OK ]  |  9976 | 0x00004af8 | 0x37 | 0x37
[OK ]  |  9977 | 0x00004af9 | 0x6e | 0x6e
[OK ]  |  9978 | 0x00004afa | 0x00 | 0x00
[OK ]  |  9979 | 0x00004afb | 0x00 | 0x00
[OK ]  |  9980 | 0x00004afc | 0xd4 | 0xd4
[OK ]  |  9981 | 0x00004afd | 0xeb | 0xeb
[OK ]  |  9982 | 0x00004afe | 0xfe | 0xfe
[OK ]  |  9983 | 0x00004aff | 0xff | 0xff
[OK ]  |  9984 | 0x00004b00 | 0x23 | 0x23
[OK ]  |  9985 | 0x00004b01 | 0xcf | 0xcf
[OK ]  |  9986 | 0x00004b02 | 0x01 | 0x01
[OK ]  |  9987 | 0x00004b03 | 0x00 | 0x00
[OK ]  |  9988 | 0x00004b04 | 0xa4 | 0xa4
[OK ]  |  9989 | 0x00004b05 | 0xff | 0xff
[OK ]  |  9990 | 0x00004b06 | 0xff | 0xff
[OK ]  |  9991 | 0x00004b07 | 0xff | 0xff
[OK ]  |  9992 | 0x00004b08 | 0xb4 | 0xb4
[OK ]  |  9993 | 0x00004b09 | 0xde | 0xde
[OK ]  |  9994 | 0x00004b0a | 0xfe | 0xfe
[OK ]  |  9995 | 0x00004b0b | 0xff | 0xff
[OK ]  |  9996 | 0x00004b0c | 0x48 | 0x48
[OK ]  |  9997 | 0x00004b0d | 0x8f | 0x8f
[OK ]  |  9998 | 0x00004b0e | 0xfe | 0xfe
[OK ]  |  9999 | 0x00004b0f | 0xff | 0xff
[OK ]  | 10000 | 0x00004b10 | 0x5a | 0x5a
[OK ]  | 10001 | 0x00004b11 | 0xd0 | 0xd0
[OK ]  | 10002 | 0x00004b12 | 0xff | 0xff
[OK ]  | 10003 | 0x00004b13 | 0xff | 0xff
[OK ]  | 10004 | 0x00004b14 | 0xee | 0xee
[OK ]  | 10005 | 0x00004b15 | 0x24 | 0x24
[OK ]  | 10006 | 0x00004b16 | 0x00 | 0x00
[OK ]  | 10007 | 0x00004b17 | 0x00 | 0x00
[OK ]  | 10008 | 0x00004b18 | 0x41 | 0x41
[OK ]  | 10009 | 0x00004b19 | 0xde | 0xde
[OK ]  | 10010 | 0x00004b1a | 0x00 | 0x00
[OK ]  | 10011 | 0x00004b1b | 0x00 | 0x00
[OK ]  | 10012 | 0x00004b1c | 0x39 | 0x39
[OK ]  | 10013 | 0x00004b1d | 0x3a | 0x3a
[OK ]  | 10014 | 0x00004b1e | 0xff | 0xff
[OK ]  | 10015 | 0x00004b1f | 0xff | 0xff
[OK ]  | 10016 | 0x00004b20 | 0xaa | 0xaa
[OK ]  | 10017 | 0x00004b21 | 0xe6 | 0xe6
[OK ]  | 10018 | 0x00004b22 | 0xff | 0xff
[OK ]  | 10019 | 0x00004b23 | 0xff | 0xff
[OK ]  | 10020 | 0x00004b24 | 0x67 | 0x67
[OK ]  | 10021 | 0x00004b25 | 0xb2 | 0xb2
[OK ]  | 10022 | 0x00004b26 | 0xff | 0xff
[OK ]  | 10023 | 0x00004b27 | 0xff | 0xff
[OK ]  | 10024 | 0x00004b28 | 0x28 | 0x28
[OK ]  | 10025 | 0x00004b29 | 0x1c | 0x1c
[OK ]  | 10026 | 0x00004b2a | 0x00 | 0x00
[OK ]  | 10027 | 0x00004b2b | 0x00 | 0x00
[OK ]  | 10028 | 0x00004b2c | 0x57 | 0x57
[OK ]  | 10029 | 0x00004b2d | 0xf0 | 0xf0
[OK ]  | 10030 | 0x00004b2e | 0xff | 0xff
[OK ]  | 10031 | 0x00004b2f | 0xff | 0xff
[OK ]  | 10032 | 0x00004b30 | 0x66 | 0x66
[OK ]  | 10033 | 0x00004b31 | 0x19 | 0x19
[OK ]  | 10034 | 0x00004b32 | 0x00 | 0x00
[OK ]  | 10035 | 0x00004b33 | 0x00 | 0x00
[OK ]  | 10036 | 0x00004b34 | 0x98 | 0x98
[OK ]  | 10037 | 0x00004b35 | 0xc7 | 0xc7
[OK ]  | 10038 | 0x00004b36 | 0xff | 0xff
[OK ]  | 10039 | 0x00004b37 | 0xff | 0xff
[OK ]  | 10040 | 0x00004b38 | 0x0a | 0x0a
[OK ]  | 10041 | 0x00004b39 | 0xd5 | 0xd5
[OK ]  | 10042 | 0x00004b3a | 0x00 | 0x00
[OK ]  | 10043 | 0x00004b3b | 0x00 | 0x00
[OK ]  | 10044 | 0x00004b3c | 0x40 | 0x40
[OK ]  | 10045 | 0x00004b3d | 0x16 | 0x16
[OK ]  | 10046 | 0x00004b3e | 0x00 | 0x00
[OK ]  | 10047 | 0x00004b3f | 0x00 | 0x00
[OK ]  | 10048 | 0x00004b40 | 0xc3 | 0xc3
[OK ]  | 10049 | 0x00004b41 | 0x92 | 0x92
[OK ]  | 10050 | 0x00004b42 | 0x00 | 0x00
[OK ]  | 10051 | 0x00004b43 | 0x00 | 0x00
[OK ]  | 10052 | 0x00004b44 | 0x53 | 0x53
[OK ]  | 10053 | 0x00004b45 | 0x9f | 0x9f
[OK ]  | 10054 | 0x00004b46 | 0x00 | 0x00
[OK ]  | 10055 | 0x00004b47 | 0x00 | 0x00
[OK ]  | 10056 | 0x00004b48 | 0x79 | 0x79
[OK ]  | 10057 | 0x00004b49 | 0x14 | 0x14
[OK ]  | 10058 | 0x00004b4a | 0x00 | 0x00
[OK ]  | 10059 | 0x00004b4b | 0x00 | 0x00
[OK ]  | 10060 | 0x00004b4c | 0x7b | 0x7b
[OK ]  | 10061 | 0x00004b4d | 0x96 | 0x96
[OK ]  | 10062 | 0x00004b4e | 0x00 | 0x00
[OK ]  | 10063 | 0x00004b4f | 0x00 | 0x00
[OK ]  | 10064 | 0x00004b50 | 0x2f | 0x2f
[OK ]  | 10065 | 0x00004b51 | 0xf8 | 0xf8
[OK ]  | 10066 | 0x00004b52 | 0xff | 0xff
[OK ]  | 10067 | 0x00004b53 | 0xff | 0xff
[OK ]  | 10068 | 0x00004b54 | 0x69 | 0x69
[OK ]  | 10069 | 0x00004b55 | 0x8b | 0x8b
[OK ]  | 10070 | 0x00004b56 | 0xff | 0xff
[OK ]  | 10071 | 0x00004b57 | 0xff | 0xff
[OK ]  | 10072 | 0x00004b58 | 0x78 | 0x78
[OK ]  | 10073 | 0x00004b59 | 0x37 | 0x37
[OK ]  | 10074 | 0x00004b5a | 0xff | 0xff
[OK ]  | 10075 | 0x00004b5b | 0xff | 0xff
[OK ]  | 10076 | 0x00004b5c | 0xb1 | 0xb1
[OK ]  | 10077 | 0x00004b5d | 0x60 | 0x60
[OK ]  | 10078 | 0x00004b5e | 0x00 | 0x00
[OK ]  | 10079 | 0x00004b5f | 0x00 | 0x00
[OK ]  | 10080 | 0x00004b60 | 0x69 | 0x69
[OK ]  | 10081 | 0x00004b61 | 0x1a | 0x1a
[OK ]  | 10082 | 0x00004b62 | 0x01 | 0x01
[OK ]  | 10083 | 0x00004b63 | 0x00 | 0x00
[OK ]  | 10084 | 0x00004b64 | 0x39 | 0x39
[OK ]  | 10085 | 0x00004b65 | 0xa5 | 0xa5
[OK ]  | 10086 | 0x00004b66 | 0xff | 0xff
[OK ]  | 10087 | 0x00004b67 | 0xff | 0xff
[OK ]  | 10088 | 0x00004b68 | 0x27 | 0x27
[OK ]  | 10089 | 0x00004b69 | 0x85 | 0x85
[OK ]  | 10090 | 0x00004b6a | 0x00 | 0x00
[OK ]  | 10091 | 0x00004b6b | 0x00 | 0x00
[OK ]  | 10092 | 0x00004b6c | 0x48 | 0x48
[OK ]  | 10093 | 0x00004b6d | 0x93 | 0x93
[OK ]  | 10094 | 0x00004b6e | 0x00 | 0x00
[OK ]  | 10095 | 0x00004b6f | 0x00 | 0x00
[OK ]  | 10096 | 0x00004b70 | 0xfe | 0xfe
[OK ]  | 10097 | 0x00004b71 | 0x7a | 0x7a
[OK ]  | 10098 | 0x00004b72 | 0xff | 0xff
[OK ]  | 10099 | 0x00004b73 | 0xff | 0xff
[OK ]  | 10100 | 0x00004b74 | 0x7f | 0x7f
[OK ]  | 10101 | 0x00004b75 | 0x6e | 0x6e
[OK ]  | 10102 | 0x00004b76 | 0x00 | 0x00
[OK ]  | 10103 | 0x00004b77 | 0x00 | 0x00
[OK ]  | 10104 | 0x00004b78 | 0xd4 | 0xd4
[OK ]  | 10105 | 0x00004b79 | 0x0f | 0x0f
[OK ]  | 10106 | 0x00004b7a | 0x00 | 0x00
[OK ]  | 10107 | 0x00004b7b | 0x00 | 0x00
[OK ]  | 10108 | 0x00004b7c | 0xd5 | 0xd5
[OK ]  | 10109 | 0x00004b7d | 0xbf | 0xbf
[OK ]  | 10110 | 0x00004b7e | 0xff | 0xff
[OK ]  | 10111 | 0x00004b7f | 0xff | 0xff
[OK ]  | 10112 | 0x00004b80 | 0x96 | 0x96
[OK ]  | 10113 | 0x00004b81 | 0x63 | 0x63
[OK ]  | 10114 | 0x00004b82 | 0x01 | 0x01
[OK ]  | 10115 | 0x00004b83 | 0x00 | 0x00
[OK ]  | 10116 | 0x00004b84 | 0x7d | 0x7d
[OK ]  | 10117 | 0x00004b85 | 0x46 | 0x46
[OK ]  | 10118 | 0x00004b86 | 0xff | 0xff
[OK ]  | 10119 | 0x00004b87 | 0xff | 0xff
[OK ]  | 10120 | 0x00004b88 | 0x65 | 0x65
[OK ]  | 10121 | 0x00004b89 | 0xe9 | 0xe9
[OK ]  | 10122 | 0x00004b8a | 0xff | 0xff
[OK ]  | 10123 | 0x00004b8b | 0xff | 0xff
[OK ]  | 10124 | 0x00004b8c | 0xe7 | 0xe7
[OK ]  | 10125 | 0x00004b8d | 0x4d | 0x4d
[OK ]  | 10126 | 0x00004b8e | 0x00 | 0x00
[OK ]  | 10127 | 0x00004b8f | 0x00 | 0x00
[OK ]  | 10128 | 0x00004b90 | 0x44 | 0x44
[OK ]  | 10129 | 0x00004b91 | 0x87 | 0x87
[OK ]  | 10130 | 0x00004b92 | 0xff | 0xff
[OK ]  | 10131 | 0x00004b93 | 0xff | 0xff
[OK ]  | 10132 | 0x00004b94 | 0x00 | 0x00
[OK ]  | 10133 | 0x00004b95 | 0x34 | 0x34
[OK ]  | 10134 | 0x00004b96 | 0x00 | 0x00
[OK ]  | 10135 | 0x00004b97 | 0x00 | 0x00
[OK ]  | 10136 | 0x00004b98 | 0x11 | 0x11
[OK ]  | 10137 | 0x00004b99 | 0x97 | 0x97
[OK ]  | 10138 | 0x00004b9a | 0xfe | 0xfe
[OK ]  | 10139 | 0x00004b9b | 0xff | 0xff
[OK ]  | 10140 | 0x00004b9c | 0xc3 | 0xc3
[OK ]  | 10141 | 0x00004b9d | 0x0c | 0x0c
[OK ]  | 10142 | 0x00004b9e | 0xff | 0xff
[OK ]  | 10143 | 0x00004b9f | 0xff | 0xff
[OK ]  | 10144 | 0x00004ba0 | 0x7c | 0x7c
[OK ]  | 10145 | 0x00004ba1 | 0xc8 | 0xc8
[OK ]  | 10146 | 0x00004ba2 | 0xff | 0xff
[OK ]  | 10147 | 0x00004ba3 | 0xff | 0xff
[OK ]  | 10148 | 0x00004ba4 | 0xd9 | 0xd9
[OK ]  | 10149 | 0x00004ba5 | 0x95 | 0x95
[OK ]  | 10150 | 0x00004ba6 | 0xfe | 0xfe
[OK ]  | 10151 | 0x00004ba7 | 0xff | 0xff
[OK ]  | 10152 | 0x00004ba8 | 0x2c | 0x2c
[OK ]  | 10153 | 0x00004ba9 | 0x91 | 0x91
[OK ]  | 10154 | 0x00004baa | 0xff | 0xff
[OK ]  | 10155 | 0x00004bab | 0xff | 0xff
[OK ]  | 10156 | 0x00004bac | 0x84 | 0x84
[OK ]  | 10157 | 0x00004bad | 0x27 | 0x27
[OK ]  | 10158 | 0x00004bae | 0x00 | 0x00
[OK ]  | 10159 | 0x00004baf | 0x00 | 0x00
[OK ]  | 10160 | 0x00004bb0 | 0x87 | 0x87
[OK ]  | 10161 | 0x00004bb1 | 0xac | 0xac
[OK ]  | 10162 | 0x00004bb2 | 0x00 | 0x00
[OK ]  | 10163 | 0x00004bb3 | 0x00 | 0x00
[OK ]  | 10164 | 0x00004bb4 | 0xab | 0xab
[OK ]  | 10165 | 0x00004bb5 | 0x9f | 0x9f
[OK ]  | 10166 | 0x00004bb6 | 0x00 | 0x00
[OK ]  | 10167 | 0x00004bb7 | 0x00 | 0x00
[OK ]  | 10168 | 0x00004bb8 | 0x44 | 0x44
[OK ]  | 10169 | 0x00004bb9 | 0x79 | 0x79
[OK ]  | 10170 | 0x00004bba | 0xff | 0xff
[OK ]  | 10171 | 0x00004bbb | 0xff | 0xff
[OK ]  | 10172 | 0x00004bbc | 0x66 | 0x66
[OK ]  | 10173 | 0x00004bbd | 0xa0 | 0xa0
[OK ]  | 10174 | 0x00004bbe | 0xff | 0xff
[OK ]  | 10175 | 0x00004bbf | 0xff | 0xff
[OK ]  | 10176 | 0x00004bc0 | 0x8e | 0x8e
[OK ]  | 10177 | 0x00004bc1 | 0x6e | 0x6e
[OK ]  | 10178 | 0x00004bc2 | 0x00 | 0x00
[OK ]  | 10179 | 0x00004bc3 | 0x00 | 0x00
[OK ]  | 10180 | 0x00004bc4 | 0x09 | 0x09
[OK ]  | 10181 | 0x00004bc5 | 0xa0 | 0xa0
[OK ]  | 10182 | 0x00004bc6 | 0xff | 0xff
[OK ]  | 10183 | 0x00004bc7 | 0xff | 0xff
[OK ]  | 10184 | 0x00004bc8 | 0xe3 | 0xe3
[OK ]  | 10185 | 0x00004bc9 | 0xe8 | 0xe8
[OK ]  | 10186 | 0x00004bca | 0x00 | 0x00
[OK ]  | 10187 | 0x00004bcb | 0x00 | 0x00
[OK ]  | 10188 | 0x00004bcc | 0x1f | 0x1f
[OK ]  | 10189 | 0x00004bcd | 0x77 | 0x77
[OK ]  | 10190 | 0x00004bce | 0x00 | 0x00
[OK ]  | 10191 | 0x00004bcf | 0x00 | 0x00
[OK ]  | 10192 | 0x00004bd0 | 0x75 | 0x75
[OK ]  | 10193 | 0x00004bd1 | 0x44 | 0x44
[OK ]  | 10194 | 0x00004bd2 | 0x00 | 0x00
[OK ]  | 10195 | 0x00004bd3 | 0x00 | 0x00
[OK ]  | 10196 | 0x00004bd4 | 0x57 | 0x57
[OK ]  | 10197 | 0x00004bd5 | 0x2c | 0x2c
[OK ]  | 10198 | 0x00004bd6 | 0xff | 0xff
[OK ]  | 10199 | 0x00004bd7 | 0xff | 0xff
[OK ]  | 10200 | 0x00004bd8 | 0xd4 | 0xd4
[OK ]  | 10201 | 0x00004bd9 | 0x97 | 0x97
[OK ]  | 10202 | 0x00004bda | 0x01 | 0x01
[OK ]  | 10203 | 0x00004bdb | 0x00 | 0x00
[OK ]  | 10204 | 0x00004bdc | 0x5f | 0x5f
[OK ]  | 10205 | 0x00004bdd | 0x48 | 0x48
[OK ]  | 10206 | 0x00004bde | 0x00 | 0x00
[OK ]  | 10207 | 0x00004bdf | 0x00 | 0x00
[OK ]  | 10208 | 0x00004be0 | 0x10 | 0x10
[OK ]  | 10209 | 0x00004be1 | 0x5d | 0x5d
[OK ]  | 10210 | 0x00004be2 | 0xff | 0xff
[OK ]  | 10211 | 0x00004be3 | 0xff | 0xff
[OK ]  | 10212 | 0x00004be4 | 0x9c | 0x9c
[OK ]  | 10213 | 0x00004be5 | 0x24 | 0x24
[OK ]  | 10214 | 0x00004be6 | 0x00 | 0x00
[OK ]  | 10215 | 0x00004be7 | 0x00 | 0x00
[OK ]  | 10216 | 0x00004be8 | 0xc9 | 0xc9
[OK ]  | 10217 | 0x00004be9 | 0x3b | 0x3b
[OK ]  | 10218 | 0x00004bea | 0x01 | 0x01
[OK ]  | 10219 | 0x00004beb | 0x00 | 0x00
[OK ]  | 10220 | 0x00004bec | 0x83 | 0x83
[OK ]  | 10221 | 0x00004bed | 0x89 | 0x89
[OK ]  | 10222 | 0x00004bee | 0xfe | 0xfe
[OK ]  | 10223 | 0x00004bef | 0xff | 0xff
[OK ]  | 10224 | 0x00004bf0 | 0x8d | 0x8d
[OK ]  | 10225 | 0x00004bf1 | 0x11 | 0x11
[OK ]  | 10226 | 0x00004bf2 | 0xff | 0xff
[OK ]  | 10227 | 0x00004bf3 | 0xff | 0xff
[OK ]  | 10228 | 0x00004bf4 | 0x6a | 0x6a
[OK ]  | 10229 | 0x00004bf5 | 0xc5 | 0xc5
[OK ]  | 10230 | 0x00004bf6 | 0xfe | 0xfe
[OK ]  | 10231 | 0x00004bf7 | 0xff | 0xff
[OK ]  | 10232 | 0x00004bf8 | 0xb8 | 0xb8
[OK ]  | 10233 | 0x00004bf9 | 0xd6 | 0xd6
[OK ]  | 10234 | 0x00004bfa | 0xfe | 0xfe
[OK ]  | 10235 | 0x00004bfb | 0xff | 0xff
[OK ]  | 10236 | 0x00004bfc | 0x77 | 0x77
[OK ]  | 10237 | 0x00004bfd | 0xdd | 0xdd
[OK ]  | 10238 | 0x00004bfe | 0xff | 0xff
[OK ]  | 10239 | 0x00004bff | 0xff | 0xff
[OK ]  | 10240 | 0x00004c00 | 0x8d | 0x8d
[OK ]  | 10241 | 0x00004c01 | 0x81 | 0x81
[OK ]  | 10242 | 0x00004c02 | 0xff | 0xff
[OK ]  | 10243 | 0x00004c03 | 0xff | 0xff
[OK ]  | 10244 | 0x00004c04 | 0x30 | 0x30
[OK ]  | 10245 | 0x00004c05 | 0x90 | 0x90
[OK ]  | 10246 | 0x00004c06 | 0xff | 0xff
[OK ]  | 10247 | 0x00004c07 | 0xff | 0xff
[OK ]  | 10248 | 0x00004c08 | 0xf1 | 0xf1
[OK ]  | 10249 | 0x00004c09 | 0x7b | 0x7b
[OK ]  | 10250 | 0x00004c0a | 0x00 | 0x00
[OK ]  | 10251 | 0x00004c0b | 0x00 | 0x00
[OK ]  | 10252 | 0x00004c0c | 0x5c | 0x5c
[OK ]  | 10253 | 0x00004c0d | 0x19 | 0x19
[OK ]  | 10254 | 0x00004c0e | 0x00 | 0x00
[OK ]  | 10255 | 0x00004c0f | 0x00 | 0x00
[OK ]  | 10256 | 0x00004c10 | 0x6f | 0x6f
[OK ]  | 10257 | 0x00004c11 | 0xd1 | 0xd1
[OK ]  | 10258 | 0x00004c12 | 0x00 | 0x00
[OK ]  | 10259 | 0x00004c13 | 0x00 | 0x00
[OK ]  | 10260 | 0x00004c14 | 0x77 | 0x77
[OK ]  | 10261 | 0x00004c15 | 0x51 | 0x51
[OK ]  | 10262 | 0x00004c16 | 0xff | 0xff
[OK ]  | 10263 | 0x00004c17 | 0xff | 0xff
[OK ]  | 10264 | 0x00004c18 | 0xaf | 0xaf
[OK ]  | 10265 | 0x00004c19 | 0x13 | 0x13
[OK ]  | 10266 | 0x00004c1a | 0x01 | 0x01
[OK ]  | 10267 | 0x00004c1b | 0x00 | 0x00
[OK ]  | 10268 | 0x00004c1c | 0x4d | 0x4d
[OK ]  | 10269 | 0x00004c1d | 0x20 | 0x20
[OK ]  | 10270 | 0x00004c1e | 0x00 | 0x00
[OK ]  | 10271 | 0x00004c1f | 0x00 | 0x00
[OK ]  | 10272 | 0x00004c20 | 0xa0 | 0xa0
[OK ]  | 10273 | 0x00004c21 | 0x71 | 0x71
[OK ]  | 10274 | 0x00004c22 | 0x00 | 0x00
[OK ]  | 10275 | 0x00004c23 | 0x00 | 0x00
[OK ]  | 10276 | 0x00004c24 | 0x6a | 0x6a
[OK ]  | 10277 | 0x00004c25 | 0x57 | 0x57
[OK ]  | 10278 | 0x00004c26 | 0x00 | 0x00
[OK ]  | 10279 | 0x00004c27 | 0x00 | 0x00
[OK ]  | 10280 | 0x00004c28 | 0xb6 | 0xb6
[OK ]  | 10281 | 0x00004c29 | 0x5e | 0x5e
[OK ]  | 10282 | 0x00004c2a | 0x00 | 0x00
[OK ]  | 10283 | 0x00004c2b | 0x00 | 0x00
[OK ]  | 10284 | 0x00004c2c | 0x17 | 0x17
[OK ]  | 10285 | 0x00004c2d | 0x2b | 0x2b
[OK ]  | 10286 | 0x00004c2e | 0xff | 0xff
[OK ]  | 10287 | 0x00004c2f | 0xff | 0xff
[OK ]  | 10288 | 0x00004c30 | 0xcf | 0xcf
[OK ]  | 10289 | 0x00004c31 | 0x0e | 0x0e
[OK ]  | 10290 | 0x00004c32 | 0xff | 0xff
[OK ]  | 10291 | 0x00004c33 | 0xff | 0xff
[OK ]  | 10292 | 0x00004c34 | 0x3f | 0x3f
[OK ]  | 10293 | 0x00004c35 | 0x3c | 0x3c
[OK ]  | 10294 | 0x00004c36 | 0x00 | 0x00
[OK ]  | 10295 | 0x00004c37 | 0x00 | 0x00
[OK ]  | 10296 | 0x00004c38 | 0x2e | 0x2e
[OK ]  | 10297 | 0x00004c39 | 0x0f | 0x0f
[OK ]  | 10298 | 0x00004c3a | 0x00 | 0x00
[OK ]  | 10299 | 0x00004c3b | 0x00 | 0x00
[OK ]  | 10300 | 0x00004c3c | 0xc7 | 0xc7
[OK ]  | 10301 | 0x00004c3d | 0xa4 | 0xa4
[OK ]  | 10302 | 0x00004c3e | 0x00 | 0x00
[OK ]  | 10303 | 0x00004c3f | 0x00 | 0x00
[OK ]  | 10304 | 0x00004c40 | 0x51 | 0x51
[OK ]  | 10305 | 0x00004c41 | 0x91 | 0x91
[OK ]  | 10306 | 0x00004c42 | 0xff | 0xff
[OK ]  | 10307 | 0x00004c43 | 0xff | 0xff
[OK ]  | 10308 | 0x00004c44 | 0x12 | 0x12
[OK ]  | 10309 | 0x00004c45 | 0x68 | 0x68
[OK ]  | 10310 | 0x00004c46 | 0x00 | 0x00
[OK ]  | 10311 | 0x00004c47 | 0x00 | 0x00
[OK ]  | 10312 | 0x00004c48 | 0xa6 | 0xa6
[OK ]  | 10313 | 0x00004c49 | 0x37 | 0x37
[OK ]  | 10314 | 0x00004c4a | 0x00 | 0x00
[OK ]  | 10315 | 0x00004c4b | 0x00 | 0x00
[OK ]  | 10316 | 0x00004c4c | 0x7f | 0x7f
[OK ]  | 10317 | 0x00004c4d | 0x6e | 0x6e
[OK ]  | 10318 | 0x00004c4e | 0xff | 0xff
[OK ]  | 10319 | 0x00004c4f | 0xff | 0xff
[OK ]  | 10320 | 0x00004c50 | 0x10 | 0x10
[OK ]  | 10321 | 0x00004c51 | 0x05 | 0x05
[OK ]  | 10322 | 0x00004c52 | 0xff | 0xff
[OK ]  | 10323 | 0x00004c53 | 0xff | 0xff
[OK ]  | 10324 | 0x00004c54 | 0x6a | 0x6a
[OK ]  | 10325 | 0x00004c55 | 0x28 | 0x28
[OK ]  | 10326 | 0x00004c56 | 0x00 | 0x00
[OK ]  | 10327 | 0x00004c57 | 0x00 | 0x00
[OK ]  | 10328 | 0x00004c58 | 0x9b | 0x9b
[OK ]  | 10329 | 0x00004c59 | 0x25 | 0x25
[OK ]  | 10330 | 0x00004c5a | 0x00 | 0x00
[OK ]  | 10331 | 0x00004c5b | 0x00 | 0x00
[OK ]  | 10332 | 0x00004c5c | 0x42 | 0x42
[OK ]  | 10333 | 0x00004c5d | 0xf8 | 0xf8
[OK ]  | 10334 | 0x00004c5e | 0xff | 0xff
[OK ]  | 10335 | 0x00004c5f | 0xff | 0xff
[OK ]  | 10336 | 0x00004c60 | 0x9f | 0x9f
[OK ]  | 10337 | 0x00004c61 | 0x62 | 0x62
[OK ]  | 10338 | 0x00004c62 | 0x01 | 0x01
[OK ]  | 10339 | 0x00004c63 | 0x00 | 0x00
[OK ]  | 10340 | 0x00004c64 | 0xd7 | 0xd7
[OK ]  | 10341 | 0x00004c65 | 0x97 | 0x97
[OK ]  | 10342 | 0x00004c66 | 0xfe | 0xfe
[OK ]  | 10343 | 0x00004c67 | 0xff | 0xff
[OK ]  | 10344 | 0x00004c68 | 0x0b | 0x0b
[OK ]  | 10345 | 0x00004c69 | 0x78 | 0x78
[OK ]  | 10346 | 0x00004c6a | 0xff | 0xff
[OK ]  | 10347 | 0x00004c6b | 0xff | 0xff
[OK ]  | 10348 | 0x00004c6c | 0x82 | 0x82
[OK ]  | 10349 | 0x00004c6d | 0x03 | 0x03
[OK ]  | 10350 | 0x00004c6e | 0xff | 0xff
[OK ]  | 10351 | 0x00004c6f | 0xff | 0xff
[OK ]  | 10352 | 0x00004c70 | 0x3a | 0x3a
[OK ]  | 10353 | 0x00004c71 | 0x87 | 0x87
[OK ]  | 10354 | 0x00004c72 | 0xff | 0xff
[OK ]  | 10355 | 0x00004c73 | 0xff | 0xff
[OK ]  | 10356 | 0x00004c74 | 0x22 | 0x22
[OK ]  | 10357 | 0x00004c75 | 0x2b | 0x2b
[OK ]  | 10358 | 0x00004c76 | 0x00 | 0x00
[OK ]  | 10359 | 0x00004c77 | 0x00 | 0x00
[OK ]  | 10360 | 0x00004c78 | 0x10 | 0x10
[OK ]  | 10361 | 0x00004c79 | 0x3a | 0x3a
[OK ]  | 10362 | 0x00004c7a | 0xff | 0xff
[OK ]  | 10363 | 0x00004c7b | 0xff | 0xff
[OK ]  | 10364 | 0x00004c7c | 0x11 | 0x11
[OK ]  | 10365 | 0x00004c7d | 0xbf | 0xbf
[OK ]  | 10366 | 0x00004c7e | 0x00 | 0x00
[OK ]  | 10367 | 0x00004c7f | 0x00 | 0x00
[OK ]  | 10368 | 0x00004c80 | 0xb4 | 0xb4
[OK ]  | 10369 | 0x00004c81 | 0x45 | 0x45
[OK ]  | 10370 | 0x00004c82 | 0x00 | 0x00
[OK ]  | 10371 | 0x00004c83 | 0x00 | 0x00
[OK ]  | 10372 | 0x00004c84 | 0x2c | 0x2c
[OK ]  | 10373 | 0x00004c85 | 0x39 | 0x39
[OK ]  | 10374 | 0x00004c86 | 0x00 | 0x00
[OK ]  | 10375 | 0x00004c87 | 0x00 | 0x00
[OK ]  | 10376 | 0x00004c88 | 0xd8 | 0xd8
[OK ]  | 10377 | 0x00004c89 | 0x04 | 0x04
[OK ]  | 10378 | 0x00004c8a | 0x00 | 0x00
[OK ]  | 10379 | 0x00004c8b | 0x00 | 0x00
[OK ]  | 10380 | 0x00004c8c | 0xeb | 0xeb
[OK ]  | 10381 | 0x00004c8d | 0x11 | 0x11
[OK ]  | 10382 | 0x00004c8e | 0x00 | 0x00
[OK ]  | 10383 | 0x00004c8f | 0x00 | 0x00
[OK ]  | 10384 | 0x00004c90 | 0xc3 | 0xc3
[OK ]  | 10385 | 0x00004c91 | 0x93 | 0x93
[OK ]  | 10386 | 0x00004c92 | 0xff | 0xff
[OK ]  | 10387 | 0x00004c93 | 0xff | 0xff
[OK ]  | 10388 | 0x00004c94 | 0xdf | 0xdf
[OK ]  | 10389 | 0x00004c95 | 0x0f | 0x0f
[OK ]  | 10390 | 0x00004c96 | 0x01 | 0x01
[OK ]  | 10391 | 0x00004c97 | 0x00 | 0x00
[OK ]  | 10392 | 0x00004c98 | 0x65 | 0x65
[OK ]  | 10393 | 0x00004c99 | 0x6c | 0x6c
[OK ]  | 10394 | 0x00004c9a | 0xff | 0xff
[OK ]  | 10395 | 0x00004c9b | 0xff | 0xff
[OK ]  | 10396 | 0x00004c9c | 0x50 | 0x50
[OK ]  | 10397 | 0x00004c9d | 0xdc | 0xdc
[OK ]  | 10398 | 0x00004c9e | 0x00 | 0x00
[OK ]  | 10399 | 0x00004c9f | 0x00 | 0x00
[OK ]  | 10400 | 0x00004ca0 | 0xbe | 0xbe
[OK ]  | 10401 | 0x00004ca1 | 0x87 | 0x87
[OK ]  | 10402 | 0x00004ca2 | 0x00 | 0x00
[OK ]  | 10403 | 0x00004ca3 | 0x00 | 0x00
[OK ]  | 10404 | 0x00004ca4 | 0x04 | 0x04
[OK ]  | 10405 | 0x00004ca5 | 0xd2 | 0xd2
[OK ]  | 10406 | 0x00004ca6 | 0x00 | 0x00
[OK ]  | 10407 | 0x00004ca7 | 0x00 | 0x00
[OK ]  | 10408 | 0x00004ca8 | 0xb7 | 0xb7
[OK ]  | 10409 | 0x00004ca9 | 0xb6 | 0xb6
[OK ]  | 10410 | 0x00004caa | 0xff | 0xff
[OK ]  | 10411 | 0x00004cab | 0xff | 0xff
[OK ]  | 10412 | 0x00004cac | 0x67 | 0x67
[OK ]  | 10413 | 0x00004cad | 0xa4 | 0xa4
[OK ]  | 10414 | 0x00004cae | 0xff | 0xff
[OK ]  | 10415 | 0x00004caf | 0xff | 0xff
[OK ]  | 10416 | 0x00004cb0 | 0xa8 | 0xa8
[OK ]  | 10417 | 0x00004cb1 | 0x1d | 0x1d
[OK ]  | 10418 | 0x00004cb2 | 0xff | 0xff
[OK ]  | 10419 | 0x00004cb3 | 0xff | 0xff
[OK ]  | 10420 | 0x00004cb4 | 0x57 | 0x57
[OK ]  | 10421 | 0x00004cb5 | 0xd1 | 0xd1
[OK ]  | 10422 | 0x00004cb6 | 0xff | 0xff
[OK ]  | 10423 | 0x00004cb7 | 0xff | 0xff
[OK ]  | 10424 | 0x00004cb8 | 0xb9 | 0xb9
[OK ]  | 10425 | 0x00004cb9 | 0x73 | 0x73
[OK ]  | 10426 | 0x00004cba | 0xff | 0xff
[OK ]  | 10427 | 0x00004cbb | 0xff | 0xff
[OK ]  | 10428 | 0x00004cbc | 0x25 | 0x25
[OK ]  | 10429 | 0x00004cbd | 0xff | 0xff
[OK ]  | 10430 | 0x00004cbe | 0xff | 0xff
[OK ]  | 10431 | 0x00004cbf | 0xff | 0xff
[OK ]  | 10432 | 0x00004cc0 | 0xde | 0xde
[OK ]  | 10433 | 0x00004cc1 | 0xad | 0xad
[OK ]  | 10434 | 0x00004cc2 | 0xff | 0xff
[OK ]  | 10435 | 0x00004cc3 | 0xff | 0xff
[OK ]  | 10436 | 0x00004cc4 | 0x4d | 0x4d
[OK ]  | 10437 | 0x00004cc5 | 0xa7 | 0xa7
[OK ]  | 10438 | 0x00004cc6 | 0x00 | 0x00
[OK ]  | 10439 | 0x00004cc7 | 0x00 | 0x00
[OK ]  | 10440 | 0x00004cc8 | 0x21 | 0x21
[OK ]  | 10441 | 0x00004cc9 | 0xb3 | 0xb3
[OK ]  | 10442 | 0x00004cca | 0x00 | 0x00
[OK ]  | 10443 | 0x00004ccb | 0x00 | 0x00
[OK ]  | 10444 | 0x00004ccc | 0xe2 | 0xe2
[OK ]  | 10445 | 0x00004ccd | 0xfe | 0xfe
[OK ]  | 10446 | 0x00004cce | 0xff | 0xff
[OK ]  | 10447 | 0x00004ccf | 0xff | 0xff
[OK ]  | 10448 | 0x00004cd0 | 0x02 | 0x02
[OK ]  | 10449 | 0x00004cd1 | 0x7d | 0x7d
[OK ]  | 10450 | 0x00004cd2 | 0xff | 0xff
[OK ]  | 10451 | 0x00004cd3 | 0xff | 0xff
[OK ]  | 10452 | 0x00004cd4 | 0x6b | 0x6b
[OK ]  | 10453 | 0x00004cd5 | 0x82 | 0x82
[OK ]  | 10454 | 0x00004cd6 | 0xff | 0xff
[OK ]  | 10455 | 0x00004cd7 | 0xff | 0xff
[OK ]  | 10456 | 0x00004cd8 | 0x09 | 0x09
[OK ]  | 10457 | 0x00004cd9 | 0xed | 0xed
[OK ]  | 10458 | 0x00004cda | 0x00 | 0x00
[OK ]  | 10459 | 0x00004cdb | 0x00 | 0x00
[OK ]  | 10460 | 0x00004cdc | 0xa4 | 0xa4
[OK ]  | 10461 | 0x00004cdd | 0xab | 0xab
[OK ]  | 10462 | 0x00004cde | 0xff | 0xff
[OK ]  | 10463 | 0x00004cdf | 0xff | 0xff
[OK ]  | 10464 | 0x00004ce0 | 0x3e | 0x3e
[OK ]  | 10465 | 0x00004ce1 | 0x21 | 0x21
[OK ]  | 10466 | 0x00004ce2 | 0x00 | 0x00
[OK ]  | 10467 | 0x00004ce3 | 0x00 | 0x00
[OK ]  | 10468 | 0x00004ce4 | 0x64 | 0x64
[OK ]  | 10469 | 0x00004ce5 | 0x11 | 0x11
[OK ]  | 10470 | 0x00004ce6 | 0x00 | 0x00
[OK ]  | 10471 | 0x00004ce7 | 0x00 | 0x00
[OK ]  | 10472 | 0x00004ce8 | 0xe7 | 0xe7
[OK ]  | 10473 | 0x00004ce9 | 0xde | 0xde
[OK ]  | 10474 | 0x00004cea | 0xff | 0xff
[OK ]  | 10475 | 0x00004ceb | 0xff | 0xff
[OK ]  | 10476 | 0x00004cec | 0xab | 0xab
[OK ]  | 10477 | 0x00004ced | 0xca | 0xca
[OK ]  | 10478 | 0x00004cee | 0x01 | 0x01
[OK ]  | 10479 | 0x00004cef | 0x00 | 0x00
[OK ]  | 10480 | 0x00004cf0 | 0xd8 | 0xd8
[OK ]  | 10481 | 0x00004cf1 | 0xc9 | 0xc9
[OK ]  | 10482 | 0x00004cf2 | 0xff | 0xff
[OK ]  | 10483 | 0x00004cf3 | 0xff | 0xff
[OK ]  | 10484 | 0x00004cf4 | 0xd3 | 0xd3
[OK ]  | 10485 | 0x00004cf5 | 0x8c | 0x8c
[OK ]  | 10486 | 0x00004cf6 | 0xfe | 0xfe
[OK ]  | 10487 | 0x00004cf7 | 0xff | 0xff
[OK ]  | 10488 | 0x00004cf8 | 0x0a | 0x0a
[OK ]  | 10489 | 0x00004cf9 | 0xf5 | 0xf5
[OK ]  | 10490 | 0x00004cfa | 0x00 | 0x00
[OK ]  | 10491 | 0x00004cfb | 0x00 | 0x00
[OK ]  | 10492 | 0x00004cfc | 0x5d | 0x5d
[OK ]  | 10493 | 0x00004cfd | 0xf3 | 0xf3
[OK ]  | 10494 | 0x00004cfe | 0xff | 0xff
[OK ]  | 10495 | 0x00004cff | 0xff | 0xff
[OK ]  | 10496 | 0x00004d00 | 0x41 | 0x41
[OK ]  | 10497 | 0x00004d01 | 0x5a | 0x5a
[OK ]  | 10498 | 0x00004d02 | 0x00 | 0x00
[OK ]  | 10499 | 0x00004d03 | 0x00 | 0x00
[OK ]  | 10500 | 0x00004d04 | 0xa3 | 0xa3
[OK ]  | 10501 | 0x00004d05 | 0xb0 | 0xb0
[OK ]  | 10502 | 0x00004d06 | 0xff | 0xff
[OK ]  | 10503 | 0x00004d07 | 0xff | 0xff
[OK ]  | 10504 | 0x00004d08 | 0x25 | 0x25
[OK ]  | 10505 | 0x00004d09 | 0xf0 | 0xf0
[OK ]  | 10506 | 0x00004d0a | 0xfe | 0xfe
[OK ]  | 10507 | 0x00004d0b | 0xff | 0xff
[OK ]  | 10508 | 0x00004d0c | 0xa8 | 0xa8
[OK ]  | 10509 | 0x00004d0d | 0x14 | 0x14
[OK ]  | 10510 | 0x00004d0e | 0xff | 0xff
[OK ]  | 10511 | 0x00004d0f | 0xff | 0xff
[OK ]  | 10512 | 0x00004d10 | 0xfc | 0xfc
[OK ]  | 10513 | 0x00004d11 | 0x36 | 0x36
[OK ]  | 10514 | 0x00004d12 | 0x00 | 0x00
[OK ]  | 10515 | 0x00004d13 | 0x00 | 0x00
[OK ]  | 10516 | 0x00004d14 | 0x69 | 0x69
[OK ]  | 10517 | 0x00004d15 | 0xc0 | 0xc0
[OK ]  | 10518 | 0x00004d16 | 0xff | 0xff
[OK ]  | 10519 | 0x00004d17 | 0xff | 0xff
[OK ]  | 10520 | 0x00004d18 | 0x67 | 0x67
[OK ]  | 10521 | 0x00004d19 | 0x15 | 0x15
[OK ]  | 10522 | 0x00004d1a | 0x02 | 0x02
[OK ]  | 10523 | 0x00004d1b | 0x00 | 0x00
[OK ]  | 10524 | 0x00004d1c | 0x17 | 0x17
[OK ]  | 10525 | 0x00004d1d | 0xd3 | 0xd3
[OK ]  | 10526 | 0x00004d1e | 0x00 | 0x00
[OK ]  | 10527 | 0x00004d1f | 0x00 | 0x00
[OK ]  | 10528 | 0x00004d20 | 0x7d | 0x7d
[OK ]  | 10529 | 0x00004d21 | 0xff | 0xff
[OK ]  | 10530 | 0x00004d22 | 0x00 | 0x00
[OK ]  | 10531 | 0x00004d23 | 0x00 | 0x00
[OK ]  | 10532 | 0x00004d24 | 0xfb | 0xfb
[OK ]  | 10533 | 0x00004d25 | 0x50 | 0x50
[OK ]  | 10534 | 0x00004d26 | 0xff | 0xff
[OK ]  | 10535 | 0x00004d27 | 0xff | 0xff
[OK ]  | 10536 | 0x00004d28 | 0x5a | 0x5a
[OK ]  | 10537 | 0x00004d29 | 0x0a | 0x0a
[OK ]  | 10538 | 0x00004d2a | 0x01 | 0x01
[OK ]  | 10539 | 0x00004d2b | 0x00 | 0x00
[OK ]  | 10540 | 0x00004d2c | 0xc2 | 0xc2
[OK ]  | 10541 | 0x00004d2d | 0x28 | 0x28
[OK ]  | 10542 | 0x00004d2e | 0x00 | 0x00
[OK ]  | 10543 | 0x00004d2f | 0x00 | 0x00
[OK ]  | 10544 | 0x00004d30 | 0x18 | 0x18
[OK ]  | 10545 | 0x00004d31 | 0xd0 | 0xd0
[OK ]  | 10546 | 0x00004d32 | 0xff | 0xff
[OK ]  | 10547 | 0x00004d33 | 0xff | 0xff
[OK ]  | 10548 | 0x00004d34 | 0x5e | 0x5e
[OK ]  | 10549 | 0x00004d35 | 0x0d | 0x0d
[OK ]  | 10550 | 0x00004d36 | 0xff | 0xff
[OK ]  | 10551 | 0x00004d37 | 0xff | 0xff
[OK ]  | 10552 | 0x00004d38 | 0xc3 | 0xc3
[OK ]  | 10553 | 0x00004d39 | 0x37 | 0x37
[OK ]  | 10554 | 0x00004d3a | 0xff | 0xff
[OK ]  | 10555 | 0x00004d3b | 0xff | 0xff
[OK ]  | 10556 | 0x00004d3c | 0x4b | 0x4b
[OK ]  | 10557 | 0x00004d3d | 0x99 | 0x99
[OK ]  | 10558 | 0x00004d3e | 0xff | 0xff
[OK ]  | 10559 | 0x00004d3f | 0xff | 0xff
[OK ]  | 10560 | 0x00004d40 | 0xc3 | 0xc3
[OK ]  | 10561 | 0x00004d41 | 0x32 | 0x32
[OK ]  | 10562 | 0x00004d42 | 0x00 | 0x00
[OK ]  | 10563 | 0x00004d43 | 0x00 | 0x00
[OK ]  | 10564 | 0x00004d44 | 0x9c | 0x9c
[OK ]  | 10565 | 0x00004d45 | 0xb9 | 0xb9
[OK ]  | 10566 | 0x00004d46 | 0xff | 0xff
[OK ]  | 10567 | 0x00004d47 | 0xff | 0xff
[OK ]  | 10568 | 0x00004d48 | 0x43 | 0x43
[OK ]  | 10569 | 0x00004d49 | 0xd8 | 0xd8
[OK ]  | 10570 | 0x00004d4a | 0x00 | 0x00
[OK ]  | 10571 | 0x00004d4b | 0x00 | 0x00
[OK ]  | 10572 | 0x00004d4c | 0xdb | 0xdb
[OK ]  | 10573 | 0x00004d4d | 0xf7 | 0xf7
[OK ]  | 10574 | 0x00004d4e | 0xfe | 0xfe
[OK ]  | 10575 | 0x00004d4f | 0xff | 0xff
[OK ]  | 10576 | 0x00004d50 | 0x86 | 0x86
[OK ]  | 10577 | 0x00004d51 | 0xb8 | 0xb8
[OK ]  | 10578 | 0x00004d52 | 0xfe | 0xfe
[OK ]  | 10579 | 0x00004d53 | 0xff | 0xff
[OK ]  | 10580 | 0x00004d54 | 0x7a | 0x7a
[OK ]  | 10581 | 0x00004d55 | 0x37 | 0x37
[OK ]  | 10582 | 0x00004d56 | 0x00 | 0x00
[OK ]  | 10583 | 0x00004d57 | 0x00 | 0x00
[OK ]  | 10584 | 0x00004d58 | 0xf0 | 0xf0
[OK ]  | 10585 | 0x00004d59 | 0x84 | 0x84
[OK ]  | 10586 | 0x00004d5a | 0xfe | 0xfe
[OK ]  | 10587 | 0x00004d5b | 0xff | 0xff
[OK ]  | 10588 | 0x00004d5c | 0x20 | 0x20
[OK ]  | 10589 | 0x00004d5d | 0xb3 | 0xb3
[OK ]  | 10590 | 0x00004d5e | 0x00 | 0x00
[OK ]  | 10591 | 0x00004d5f | 0x00 | 0x00
[OK ]  | 10592 | 0x00004d60 | 0xc6 | 0xc6
[OK ]  | 10593 | 0x00004d61 | 0xb9 | 0xb9
[OK ]  | 10594 | 0x00004d62 | 0xff | 0xff
[OK ]  | 10595 | 0x00004d63 | 0xff | 0xff
[OK ]  | 10596 | 0x00004d64 | 0x63 | 0x63
[OK ]  | 10597 | 0x00004d65 | 0x79 | 0x79
[OK ]  | 10598 | 0x00004d66 | 0xff | 0xff
[OK ]  | 10599 | 0x00004d67 | 0xff | 0xff
[OK ]  | 10600 | 0x00004d68 | 0x24 | 0x24
[OK ]  | 10601 | 0x00004d69 | 0x5a | 0x5a
[OK ]  | 10602 | 0x00004d6a | 0x00 | 0x00
[OK ]  | 10603 | 0x00004d6b | 0x00 | 0x00
[OK ]  | 10604 | 0x00004d6c | 0x5c | 0x5c
[OK ]  | 10605 | 0x00004d6d | 0xd9 | 0xd9
[OK ]  | 10606 | 0x00004d6e | 0xff | 0xff
[OK ]  | 10607 | 0x00004d6f | 0xff | 0xff
[OK ]  | 10608 | 0x00004d70 | 0xdf | 0xdf
[OK ]  | 10609 | 0x00004d71 | 0x6a | 0x6a
[OK ]  | 10610 | 0x00004d72 | 0xff | 0xff
[OK ]  | 10611 | 0x00004d73 | 0xff | 0xff
[OK ]  | 10612 | 0x00004d74 | 0x00 | 0x00
[OK ]  | 10613 | 0x00004d75 | 0xaa | 0xaa
[OK ]  | 10614 | 0x00004d76 | 0xff | 0xff
[OK ]  | 10615 | 0x00004d77 | 0xff | 0xff
[OK ]  | 10616 | 0x00004d78 | 0x6f | 0x6f
[OK ]  | 10617 | 0x00004d79 | 0x7f | 0x7f
[OK ]  | 10618 | 0x00004d7a | 0x00 | 0x00
[OK ]  | 10619 | 0x00004d7b | 0x00 | 0x00
[OK ]  | 10620 | 0x00004d7c | 0xfa | 0xfa
[OK ]  | 10621 | 0x00004d7d | 0x9a | 0x9a
[OK ]  | 10622 | 0x00004d7e | 0xff | 0xff
[OK ]  | 10623 | 0x00004d7f | 0xff | 0xff
[OK ]  | 10624 | 0x00004d80 | 0xc7 | 0xc7
[OK ]  | 10625 | 0x00004d81 | 0x7c | 0x7c
[OK ]  | 10626 | 0x00004d82 | 0xff | 0xff
[OK ]  | 10627 | 0x00004d83 | 0xff | 0xff
[OK ]  | 10628 | 0x00004d84 | 0x8f | 0x8f
[OK ]  | 10629 | 0x00004d85 | 0x1c | 0x1c
[OK ]  | 10630 | 0x00004d86 | 0x00 | 0x00
[OK ]  | 10631 | 0x00004d87 | 0x00 | 0x00
[OK ]  | 10632 | 0x00004d88 | 0x67 | 0x67
[OK ]  | 10633 | 0x00004d89 | 0x45 | 0x45
[OK ]  | 10634 | 0x00004d8a | 0x01 | 0x01
[OK ]  | 10635 | 0x00004d8b | 0x00 | 0x00
[OK ]  | 10636 | 0x00004d8c | 0x8a | 0x8a
[OK ]  | 10637 | 0x00004d8d | 0xb8 | 0xb8
[OK ]  | 10638 | 0x00004d8e | 0xff | 0xff
[OK ]  | 10639 | 0x00004d8f | 0xff | 0xff
[OK ]  | 10640 | 0x00004d90 | 0x3b | 0x3b
[OK ]  | 10641 | 0x00004d91 | 0x7e | 0x7e
[OK ]  | 10642 | 0x00004d92 | 0xff | 0xff
[OK ]  | 10643 | 0x00004d93 | 0xff | 0xff
[OK ]  | 10644 | 0x00004d94 | 0x1f | 0x1f
[OK ]  | 10645 | 0x00004d95 | 0xca | 0xca
[OK ]  | 10646 | 0x00004d96 | 0x00 | 0x00
[OK ]  | 10647 | 0x00004d97 | 0x00 | 0x00
[OK ]  | 10648 | 0x00004d98 | 0xc3 | 0xc3
[OK ]  | 10649 | 0x00004d99 | 0xe7 | 0xe7
[OK ]  | 10650 | 0x00004d9a | 0x00 | 0x00
[OK ]  | 10651 | 0x00004d9b | 0x00 | 0x00
[OK ]  | 10652 | 0x00004d9c | 0x60 | 0x60
[OK ]  | 10653 | 0x00004d9d | 0x80 | 0x80
[OK ]  | 10654 | 0x00004d9e | 0xff | 0xff
[OK ]  | 10655 | 0x00004d9f | 0xff | 0xff
[OK ]  | 10656 | 0x00004da0 | 0x1d | 0x1d
[OK ]  | 10657 | 0x00004da1 | 0x20 | 0x20
[OK ]  | 10658 | 0x00004da2 | 0x00 | 0x00
[OK ]  | 10659 | 0x00004da3 | 0x00 | 0x00
[OK ]  | 10660 | 0x00004da4 | 0xa9 | 0xa9
[OK ]  | 10661 | 0x00004da5 | 0x8d | 0x8d
[OK ]  | 10662 | 0x00004da6 | 0x01 | 0x01
[OK ]  | 10663 | 0x00004da7 | 0x00 | 0x00
[OK ]  | 10664 | 0x00004da8 | 0x06 | 0x06
[OK ]  | 10665 | 0x00004da9 | 0x1c | 0x1c
[OK ]  | 10666 | 0x00004daa | 0x00 | 0x00
[OK ]  | 10667 | 0x00004dab | 0x00 | 0x00
[OK ]  | 10668 | 0x00004dac | 0xe1 | 0xe1
[OK ]  | 10669 | 0x00004dad | 0x03 | 0x03
[OK ]  | 10670 | 0x00004dae | 0xff | 0xff
[OK ]  | 10671 | 0x00004daf | 0xff | 0xff
[OK ]  | 10672 | 0x00004db0 | 0x3f | 0x3f
[OK ]  | 10673 | 0x00004db1 | 0xbe | 0xbe
[OK ]  | 10674 | 0x00004db2 | 0xfe | 0xfe
[OK ]  | 10675 | 0x00004db3 | 0xff | 0xff
[OK ]  | 10676 | 0x00004db4 | 0x0c | 0x0c
[OK ]  | 10677 | 0x00004db5 | 0x24 | 0x24
[OK ]  | 10678 | 0x00004db6 | 0x00 | 0x00
[OK ]  | 10679 | 0x00004db7 | 0x00 | 0x00
[OK ]  | 10680 | 0x00004db8 | 0x29 | 0x29
[OK ]  | 10681 | 0x00004db9 | 0x54 | 0x54
[OK ]  | 10682 | 0x00004dba | 0x00 | 0x00
[OK ]  | 10683 | 0x00004dbb | 0x00 | 0x00
[OK ]  | 10684 | 0x00004dbc | 0xfc | 0xfc
[OK ]  | 10685 | 0x00004dbd | 0xd7 | 0xd7
[OK ]  | 10686 | 0x00004dbe | 0xff | 0xff
[OK ]  | 10687 | 0x00004dbf | 0xff | 0xff
[OK ]  | 10688 | 0x00004dc0 | 0x45 | 0x45
[OK ]  | 10689 | 0x00004dc1 | 0xe2 | 0xe2
[OK ]  | 10690 | 0x00004dc2 | 0xff | 0xff
[OK ]  | 10691 | 0x00004dc3 | 0xff | 0xff
[OK ]  | 10692 | 0x00004dc4 | 0xa7 | 0xa7
[OK ]  | 10693 | 0x00004dc5 | 0x17 | 0x17
[OK ]  | 10694 | 0x00004dc6 | 0x00 | 0x00
[OK ]  | 10695 | 0x00004dc7 | 0x00 | 0x00
[OK ]  | 10696 | 0x00004dc8 | 0x5a | 0x5a
[OK ]  | 10697 | 0x00004dc9 | 0xfa | 0xfa
[OK ]  | 10698 | 0x00004dca | 0xff | 0xff
[OK ]  | 10699 | 0x00004dcb | 0xff | 0xff
[OK ]  | 10700 | 0x00004dcc | 0xb8 | 0xb8
[OK ]  | 10701 | 0x00004dcd | 0x8b | 0x8b
[OK ]  | 10702 | 0x00004dce | 0xff | 0xff
[OK ]  | 10703 | 0x00004dcf | 0xff | 0xff
[OK ]  | 10704 | 0x00004dd0 | 0x38 | 0x38
[OK ]  | 10705 | 0x00004dd1 | 0x33 | 0x33
[OK ]  | 10706 | 0x00004dd2 | 0xff | 0xff
[OK ]  | 10707 | 0x00004dd3 | 0xff | 0xff
[OK ]  | 10708 | 0x00004dd4 | 0x26 | 0x26
[OK ]  | 10709 | 0x00004dd5 | 0x31 | 0x31
[OK ]  | 10710 | 0x00004dd6 | 0xff | 0xff
[OK ]  | 10711 | 0x00004dd7 | 0xff | 0xff
[OK ]  | 10712 | 0x00004dd8 | 0x5a | 0x5a
[OK ]  | 10713 | 0x00004dd9 | 0xa3 | 0xa3
[OK ]  | 10714 | 0x00004dda | 0x01 | 0x01
[OK ]  | 10715 | 0x00004ddb | 0x00 | 0x00
[OK ]  | 10716 | 0x00004ddc | 0x94 | 0x94
[OK ]  | 10717 | 0x00004ddd | 0xc0 | 0xc0
[OK ]  | 10718 | 0x00004dde | 0xfe | 0xfe
[OK ]  | 10719 | 0x00004ddf | 0xff | 0xff
[OK ]  | 10720 | 0x00004de0 | 0xe6 | 0xe6
[OK ]  | 10721 | 0x00004de1 | 0xd8 | 0xd8
[OK ]  | 10722 | 0x00004de2 | 0xff | 0xff
[OK ]  | 10723 | 0x00004de3 | 0xff | 0xff
[OK ]  | 10724 | 0x00004de4 | 0xb2 | 0xb2
[OK ]  | 10725 | 0x00004de5 | 0xaf | 0xaf
[OK ]  | 10726 | 0x00004de6 | 0xff | 0xff
[OK ]  | 10727 | 0x00004de7 | 0xff | 0xff
[OK ]  | 10728 | 0x00004de8 | 0x40 | 0x40
[OK ]  | 10729 | 0x00004de9 | 0x99 | 0x99
[OK ]  | 10730 | 0x00004dea | 0xff | 0xff
[OK ]  | 10731 | 0x00004deb | 0xff | 0xff
[OK ]  | 10732 | 0x00004dec | 0x99 | 0x99
[OK ]  | 10733 | 0x00004ded | 0xf2 | 0xf2
[OK ]  | 10734 | 0x00004dee | 0xfe | 0xfe
[OK ]  | 10735 | 0x00004def | 0xff | 0xff
[OK ]  | 10736 | 0x00004df0 | 0x72 | 0x72
[OK ]  | 10737 | 0x00004df1 | 0x9b | 0x9b
[OK ]  | 10738 | 0x00004df2 | 0x00 | 0x00
[OK ]  | 10739 | 0x00004df3 | 0x00 | 0x00
[OK ]  | 10740 | 0x00004df4 | 0x11 | 0x11
[OK ]  | 10741 | 0x00004df5 | 0x3c | 0x3c
[OK ]  | 10742 | 0x00004df6 | 0xff | 0xff
[OK ]  | 10743 | 0x00004df7 | 0xff | 0xff
[OK ]  | 10744 | 0x00004df8 | 0x43 | 0x43
[OK ]  | 10745 | 0x00004df9 | 0xb4 | 0xb4
[OK ]  | 10746 | 0x00004dfa | 0xff | 0xff
[OK ]  | 10747 | 0x00004dfb | 0xff | 0xff
[OK ]  | 10748 | 0x00004dfc | 0x52 | 0x52
[OK ]  | 10749 | 0x00004dfd | 0x14 | 0x14
[OK ]  | 10750 | 0x00004dfe | 0x01 | 0x01
[OK ]  | 10751 | 0x00004dff | 0x00 | 0x00
[OK ]  | 10752 | 0x00004e00 | 0xd3 | 0xd3
[OK ]  | 10753 | 0x00004e01 | 0x66 | 0x66
[OK ]  | 10754 | 0x00004e02 | 0xff | 0xff
[OK ]  | 10755 | 0x00004e03 | 0xff | 0xff
[OK ]  | 10756 | 0x00004e04 | 0x43 | 0x43
[OK ]  | 10757 | 0x00004e05 | 0x00 | 0x00
[OK ]  | 10758 | 0x00004e06 | 0xff | 0xff
[OK ]  | 10759 | 0x00004e07 | 0xff | 0xff
[OK ]  | 10760 | 0x00004e08 | 0x73 | 0x73
[OK ]  | 10761 | 0x00004e09 | 0x25 | 0x25
[OK ]  | 10762 | 0x00004e0a | 0x00 | 0x00
[OK ]  | 10763 | 0x00004e0b | 0x00 | 0x00
[OK ]  | 10764 | 0x00004e0c | 0x90 | 0x90
[OK ]  | 10765 | 0x00004e0d | 0x06 | 0x06
[OK ]  | 10766 | 0x00004e0e | 0xff | 0xff
[OK ]  | 10767 | 0x00004e0f | 0xff | 0xff
[OK ]  | 10768 | 0x00004e10 | 0x50 | 0x50
[OK ]  | 10769 | 0x00004e11 | 0x1d | 0x1d
[OK ]  | 10770 | 0x00004e12 | 0x00 | 0x00
[OK ]  | 10771 | 0x00004e13 | 0x00 | 0x00
[OK ]  | 10772 | 0x00004e14 | 0x22 | 0x22
[OK ]  | 10773 | 0x00004e15 | 0xc3 | 0xc3
[OK ]  | 10774 | 0x00004e16 | 0x00 | 0x00
[OK ]  | 10775 | 0x00004e17 | 0x00 | 0x00
[OK ]  | 10776 | 0x00004e18 | 0xbf | 0xbf
[OK ]  | 10777 | 0x00004e19 | 0x6c | 0x6c
[OK ]  | 10778 | 0x00004e1a | 0x01 | 0x01
[OK ]  | 10779 | 0x00004e1b | 0x00 | 0x00
[OK ]  | 10780 | 0x00004e1c | 0xb2 | 0xb2
[OK ]  | 10781 | 0x00004e1d | 0xd0 | 0xd0
[OK ]  | 10782 | 0x00004e1e | 0x00 | 0x00
[OK ]  | 10783 | 0x00004e1f | 0x00 | 0x00
[OK ]  | 10784 | 0x00004e20 | 0xed | 0xed
[OK ]  | 10785 | 0x00004e21 | 0xd9 | 0xd9
[OK ]  | 10786 | 0x00004e22 | 0xff | 0xff
[OK ]  | 10787 | 0x00004e23 | 0xff | 0xff
[OK ]  | 10788 | 0x00004e24 | 0xe7 | 0xe7
[OK ]  | 10789 | 0x00004e25 | 0x1c | 0x1c
[OK ]  | 10790 | 0x00004e26 | 0x00 | 0x00
[OK ]  | 10791 | 0x00004e27 | 0x00 | 0x00
[OK ]  | 10792 | 0x00004e28 | 0xea | 0xea
[OK ]  | 10793 | 0x00004e29 | 0x30 | 0x30
[OK ]  | 10794 | 0x00004e2a | 0x00 | 0x00
[OK ]  | 10795 | 0x00004e2b | 0x00 | 0x00
[OK ]  | 10796 | 0x00004e2c | 0x0a | 0x0a
[OK ]  | 10797 | 0x00004e2d | 0xca | 0xca
[OK ]  | 10798 | 0x00004e2e | 0xfe | 0xfe
[OK ]  | 10799 | 0x00004e2f | 0xff | 0xff
[OK ]  | 10800 | 0x00004e30 | 0x08 | 0x08
[OK ]  | 10801 | 0x00004e31 | 0xcd | 0xcd
[OK ]  | 10802 | 0x00004e32 | 0x00 | 0x00
[OK ]  | 10803 | 0x00004e33 | 0x00 | 0x00
[OK ]  | 10804 | 0x00004e34 | 0x5c | 0x5c
[OK ]  | 10805 | 0x00004e35 | 0xef | 0xef
[OK ]  | 10806 | 0x00004e36 | 0xfe | 0xfe
[OK ]  | 10807 | 0x00004e37 | 0xff | 0xff
[OK ]  | 10808 | 0x00004e38 | 0xeb | 0xeb
[OK ]  | 10809 | 0x00004e39 | 0x70 | 0x70
[OK ]  | 10810 | 0x00004e3a | 0xff | 0xff
[OK ]  | 10811 | 0x00004e3b | 0xff | 0xff
[OK ]  | 10812 | 0x00004e3c | 0x76 | 0x76
[OK ]  | 10813 | 0x00004e3d | 0x3b | 0x3b
[OK ]  | 10814 | 0x00004e3e | 0x00 | 0x00
[OK ]  | 10815 | 0x00004e3f | 0x00 | 0x00
[OK ]  | 10816 | 0x00004e40 | 0xcc | 0xcc
[OK ]  | 10817 | 0x00004e41 | 0x56 | 0x56
[OK ]  | 10818 | 0x00004e42 | 0xff | 0xff
[OK ]  | 10819 | 0x00004e43 | 0xff | 0xff
[OK ]  | 10820 | 0x00004e44 | 0x71 | 0x71
[OK ]  | 10821 | 0x00004e45 | 0x90 | 0x90
[OK ]  | 10822 | 0x00004e46 | 0xff | 0xff
[OK ]  | 10823 | 0x00004e47 | 0xff | 0xff
[OK ]  | 10824 | 0x00004e48 | 0x96 | 0x96
[OK ]  | 10825 | 0x00004e49 | 0x29 | 0x29
[OK ]  | 10826 | 0x00004e4a | 0xff | 0xff
[OK ]  | 10827 | 0x00004e4b | 0xff | 0xff
[OK ]  | 10828 | 0x00004e4c | 0x77 | 0x77
[OK ]  | 10829 | 0x00004e4d | 0x56 | 0x56
[OK ]  | 10830 | 0x00004e4e | 0x00 | 0x00
[OK ]  | 10831 | 0x00004e4f | 0x00 | 0x00
[OK ]  | 10832 | 0x00004e50 | 0xa3 | 0xa3
[OK ]  | 10833 | 0x00004e51 | 0x35 | 0x35
[OK ]  | 10834 | 0x00004e52 | 0xff | 0xff
[OK ]  | 10835 | 0x00004e53 | 0xff | 0xff
[OK ]  | 10836 | 0x00004e54 | 0x57 | 0x57
[OK ]  | 10837 | 0x00004e55 | 0x72 | 0x72
[OK ]  | 10838 | 0x00004e56 | 0xff | 0xff
[OK ]  | 10839 | 0x00004e57 | 0xff | 0xff
[OK ]  | 10840 | 0x00004e58 | 0x5e | 0x5e
[OK ]  | 10841 | 0x00004e59 | 0x26 | 0x26
[OK ]  | 10842 | 0x00004e5a | 0xff | 0xff
[OK ]  | 10843 | 0x00004e5b | 0xff | 0xff
[OK ]  | 10844 | 0x00004e5c | 0xd8 | 0xd8
[OK ]  | 10845 | 0x00004e5d | 0xce | 0xce
[OK ]  | 10846 | 0x00004e5e | 0x00 | 0x00
[OK ]  | 10847 | 0x00004e5f | 0x00 | 0x00
[OK ]  | 10848 | 0x00004e60 | 0x1c | 0x1c
[OK ]  | 10849 | 0x00004e61 | 0x72 | 0x72
[OK ]  | 10850 | 0x00004e62 | 0x00 | 0x00
[OK ]  | 10851 | 0x00004e63 | 0x00 | 0x00
[OK ]  | 10852 | 0x00004e64 | 0xda | 0xda
[OK ]  | 10853 | 0x00004e65 | 0x0f | 0x0f
[OK ]  | 10854 | 0x00004e66 | 0x01 | 0x01
[OK ]  | 10855 | 0x00004e67 | 0x00 | 0x00
[OK ]  | 10856 | 0x00004e68 | 0xea | 0xea
[OK ]  | 10857 | 0x00004e69 | 0x91 | 0x91
[OK ]  | 10858 | 0x00004e6a | 0xff | 0xff
[OK ]  | 10859 | 0x00004e6b | 0xff | 0xff
[OK ]  | 10860 | 0x00004e6c | 0xa4 | 0xa4
[OK ]  | 10861 | 0x00004e6d | 0x8d | 0x8d
[OK ]  | 10862 | 0x00004e6e | 0x00 | 0x00
[OK ]  | 10863 | 0x00004e6f | 0x00 | 0x00
[OK ]  | 10864 | 0x00004e70 | 0x9d | 0x9d
[OK ]  | 10865 | 0x00004e71 | 0x3c | 0x3c
[OK ]  | 10866 | 0x00004e72 | 0xff | 0xff
[OK ]  | 10867 | 0x00004e73 | 0xff | 0xff
[OK ]  | 10868 | 0x00004e74 | 0x37 | 0x37
[OK ]  | 10869 | 0x00004e75 | 0xf5 | 0xf5
[OK ]  | 10870 | 0x00004e76 | 0xfe | 0xfe
[OK ]  | 10871 | 0x00004e77 | 0xff | 0xff
[OK ]  | 10872 | 0x00004e78 | 0x19 | 0x19
[OK ]  | 10873 | 0x00004e79 | 0x4d | 0x4d
[OK ]  | 10874 | 0x00004e7a | 0x00 | 0x00
[OK ]  | 10875 | 0x00004e7b | 0x00 | 0x00
[OK ]  | 10876 | 0x00004e7c | 0xd9 | 0xd9
[OK ]  | 10877 | 0x00004e7d | 0x8b | 0x8b
[OK ]  | 10878 | 0x00004e7e | 0xff | 0xff
[OK ]  | 10879 | 0x00004e7f | 0xff | 0xff
[OK ]  | 10880 | 0x00004e80 | 0xa8 | 0xa8
[OK ]  | 10881 | 0x00004e81 | 0x37 | 0x37
[OK ]  | 10882 | 0x00004e82 | 0x01 | 0x01
[OK ]  | 10883 | 0x00004e83 | 0x00 | 0x00
[OK ]  | 10884 | 0x00004e84 | 0xd5 | 0xd5
[OK ]  | 10885 | 0x00004e85 | 0xf6 | 0xf6
[OK ]  | 10886 | 0x00004e86 | 0x00 | 0x00
[OK ]  | 10887 | 0x00004e87 | 0x00 | 0x00
[OK ]  | 10888 | 0x00004e88 | 0x4a | 0x4a
[OK ]  | 10889 | 0x00004e89 | 0x0e | 0x0e
[OK ]  | 10890 | 0x00004e8a | 0x01 | 0x01
[OK ]  | 10891 | 0x00004e8b | 0x00 | 0x00
[OK ]  | 10892 | 0x00004e8c | 0xa8 | 0xa8
[OK ]  | 10893 | 0x00004e8d | 0x6c | 0x6c
[OK ]  | 10894 | 0x00004e8e | 0x00 | 0x00
[OK ]  | 10895 | 0x00004e8f | 0x00 | 0x00
[OK ]  | 10896 | 0x00004e90 | 0xcb | 0xcb
[OK ]  | 10897 | 0x00004e91 | 0x09 | 0x09
[OK ]  | 10898 | 0x00004e92 | 0x00 | 0x00
[OK ]  | 10899 | 0x00004e93 | 0x00 | 0x00
[OK ]  | 10900 | 0x00004e94 | 0x0f | 0x0f
[OK ]  | 10901 | 0x00004e95 | 0x0f | 0x0f
[OK ]  | 10902 | 0x00004e96 | 0x00 | 0x00
[OK ]  | 10903 | 0x00004e97 | 0x00 | 0x00
[OK ]  | 10904 | 0x00004e98 | 0x82 | 0x82
[OK ]  | 10905 | 0x00004e99 | 0x3d | 0x3d
[OK ]  | 10906 | 0x00004e9a | 0xff | 0xff
[OK ]  | 10907 | 0x00004e9b | 0xff | 0xff
[OK ]  | 10908 | 0x00004e9c | 0x0f | 0x0f
[OK ]  | 10909 | 0x00004e9d | 0xd9 | 0xd9
[OK ]  | 10910 | 0x00004e9e | 0xff | 0xff
[OK ]  | 10911 | 0x00004e9f | 0xff | 0xff
[OK ]  | 10912 | 0x00004ea0 | 0x5a | 0x5a
[OK ]  | 10913 | 0x00004ea1 | 0x19 | 0x19
[OK ]  | 10914 | 0x00004ea2 | 0x02 | 0x02
[OK ]  | 10915 | 0x00004ea3 | 0x00 | 0x00
[OK ]  | 10916 | 0x00004ea4 | 0xc0 | 0xc0
[OK ]  | 10917 | 0x00004ea5 | 0x7e | 0x7e
[OK ]  | 10918 | 0x00004ea6 | 0xff | 0xff
[OK ]  | 10919 | 0x00004ea7 | 0xff | 0xff
[OK ]  | 10920 | 0x00004ea8 | 0xa8 | 0xa8
[OK ]  | 10921 | 0x00004ea9 | 0x31 | 0x31
[OK ]  | 10922 | 0x00004eaa | 0x00 | 0x00
[OK ]  | 10923 | 0x00004eab | 0x00 | 0x00
[OK ]  | 10924 | 0x00004eac | 0xfa | 0xfa
[OK ]  | 10925 | 0x00004ead | 0x42 | 0x42
[OK ]  | 10926 | 0x00004eae | 0xff | 0xff
[OK ]  | 10927 | 0x00004eaf | 0xff | 0xff
[OK ]  | 10928 | 0x00004eb0 | 0x38 | 0x38
[OK ]  | 10929 | 0x00004eb1 | 0xe9 | 0xe9
[OK ]  | 10930 | 0x00004eb2 | 0xff | 0xff
[OK ]  | 10931 | 0x00004eb3 | 0xff | 0xff
[OK ]  | 10932 | 0x00004eb4 | 0x67 | 0x67
[OK ]  | 10933 | 0x00004eb5 | 0x9e | 0x9e
[OK ]  | 10934 | 0x00004eb6 | 0xff | 0xff
[OK ]  | 10935 | 0x00004eb7 | 0xff | 0xff
[OK ]  | 10936 | 0x00004eb8 | 0xc8 | 0xc8
[OK ]  | 10937 | 0x00004eb9 | 0xfe | 0xfe
[OK ]  | 10938 | 0x00004eba | 0xfe | 0xfe
[OK ]  | 10939 | 0x00004ebb | 0xff | 0xff
[OK ]  | 10940 | 0x00004ebc | 0x95 | 0x95
[OK ]  | 10941 | 0x00004ebd | 0xf1 | 0xf1
[OK ]  | 10942 | 0x00004ebe | 0xfe | 0xfe
[OK ]  | 10943 | 0x00004ebf | 0xff | 0xff
[OK ]  | 10944 | 0x00004ec0 | 0x48 | 0x48
[OK ]  | 10945 | 0x00004ec1 | 0x41 | 0x41
[OK ]  | 10946 | 0x00004ec2 | 0x00 | 0x00
[OK ]  | 10947 | 0x00004ec3 | 0x00 | 0x00
[OK ]  | 10948 | 0x00004ec4 | 0xd4 | 0xd4
[OK ]  | 10949 | 0x00004ec5 | 0x22 | 0x22
[OK ]  | 10950 | 0x00004ec6 | 0x00 | 0x00
[OK ]  | 10951 | 0x00004ec7 | 0x00 | 0x00
[OK ]  | 10952 | 0x00004ec8 | 0x17 | 0x17
[OK ]  | 10953 | 0x00004ec9 | 0xaf | 0xaf
[OK ]  | 10954 | 0x00004eca | 0xff | 0xff
[OK ]  | 10955 | 0x00004ecb | 0xff | 0xff
[OK ]  | 10956 | 0x00004ecc | 0x63 | 0x63
[OK ]  | 10957 | 0x00004ecd | 0x27 | 0x27
[OK ]  | 10958 | 0x00004ece | 0x01 | 0x01
[OK ]  | 10959 | 0x00004ecf | 0x00 | 0x00
[OK ]  | 10960 | 0x00004ed0 | 0x55 | 0x55
[OK ]  | 10961 | 0x00004ed1 | 0xc1 | 0xc1
[OK ]  | 10962 | 0x00004ed2 | 0xff | 0xff
[OK ]  | 10963 | 0x00004ed3 | 0xff | 0xff
[OK ]  | 10964 | 0x00004ed4 | 0x65 | 0x65
[OK ]  | 10965 | 0x00004ed5 | 0x26 | 0x26
[OK ]  | 10966 | 0x00004ed6 | 0xff | 0xff
[OK ]  | 10967 | 0x00004ed7 | 0xff | 0xff
[OK ]  | 10968 | 0x00004ed8 | 0xe9 | 0xe9
[OK ]  | 10969 | 0x00004ed9 | 0x6f | 0x6f
[OK ]  | 10970 | 0x00004eda | 0xff | 0xff
[OK ]  | 10971 | 0x00004edb | 0xff | 0xff
[OK ]  | 10972 | 0x00004edc | 0xce | 0xce
[OK ]  | 10973 | 0x00004edd | 0x4c | 0x4c
[OK ]  | 10974 | 0x00004ede | 0x00 | 0x00
[OK ]  | 10975 | 0x00004edf | 0x00 | 0x00
[OK ]  | 10976 | 0x00004ee0 | 0x52 | 0x52
[OK ]  | 10977 | 0x00004ee1 | 0x13 | 0x13
[OK ]  | 10978 | 0x00004ee2 | 0x01 | 0x01
[OK ]  | 10979 | 0x00004ee3 | 0x00 | 0x00
[OK ]  | 10980 | 0x00004ee4 | 0xe9 | 0xe9
[OK ]  | 10981 | 0x00004ee5 | 0x41 | 0x41
[OK ]  | 10982 | 0x00004ee6 | 0xff | 0xff
[OK ]  | 10983 | 0x00004ee7 | 0xff | 0xff
[OK ]  | 10984 | 0x00004ee8 | 0x20 | 0x20
[OK ]  | 10985 | 0x00004ee9 | 0xa4 | 0xa4
[OK ]  | 10986 | 0x00004eea | 0xff | 0xff
[OK ]  | 10987 | 0x00004eeb | 0xff | 0xff
[OK ]  | 10988 | 0x00004eec | 0x7c | 0x7c
[OK ]  | 10989 | 0x00004eed | 0xb8 | 0xb8
[OK ]  | 10990 | 0x00004eee | 0xff | 0xff
[OK ]  | 10991 | 0x00004eef | 0xff | 0xff
[OK ]  | 10992 | 0x00004ef0 | 0x17 | 0x17
[OK ]  | 10993 | 0x00004ef1 | 0xa1 | 0xa1
[OK ]  | 10994 | 0x00004ef2 | 0xff | 0xff
[OK ]  | 10995 | 0x00004ef3 | 0xff | 0xff
[OK ]  | 10996 | 0x00004ef4 | 0xfa | 0xfa
[OK ]  | 10997 | 0x00004ef5 | 0xeb | 0xeb
[OK ]  | 10998 | 0x00004ef6 | 0xff | 0xff
[OK ]  | 10999 | 0x00004ef7 | 0xff | 0xff
[OK ]  | 11000 | 0x00004ef8 | 0x99 | 0x99
[OK ]  | 11001 | 0x00004ef9 | 0xaf | 0xaf
[OK ]  | 11002 | 0x00004efa | 0x00 | 0x00
[OK ]  | 11003 | 0x00004efb | 0x00 | 0x00
[OK ]  | 11004 | 0x00004efc | 0x1c | 0x1c
[OK ]  | 11005 | 0x00004efd | 0xfb | 0xfb
[OK ]  | 11006 | 0x00004efe | 0xff | 0xff
[OK ]  | 11007 | 0x00004eff | 0xff | 0xff
[OK ]  | 11008 | 0x00004f00 | 0x9c | 0x9c
[OK ]  | 11009 | 0x00004f01 | 0xaa | 0xaa
[OK ]  | 11010 | 0x00004f02 | 0xff | 0xff
[OK ]  | 11011 | 0x00004f03 | 0xff | 0xff
[OK ]  | 11012 | 0x00004f04 | 0xb5 | 0xb5
[OK ]  | 11013 | 0x00004f05 | 0xf8 | 0xf8
[OK ]  | 11014 | 0x00004f06 | 0xff | 0xff
[OK ]  | 11015 | 0x00004f07 | 0xff | 0xff
[OK ]  | 11016 | 0x00004f08 | 0xc1 | 0xc1
[OK ]  | 11017 | 0x00004f09 | 0x10 | 0x10
[OK ]  | 11018 | 0x00004f0a | 0x00 | 0x00
[OK ]  | 11019 | 0x00004f0b | 0x00 | 0x00
[OK ]  | 11020 | 0x00004f0c | 0xcb | 0xcb
[OK ]  | 11021 | 0x00004f0d | 0x8d | 0x8d
[OK ]  | 11022 | 0x00004f0e | 0x00 | 0x00
[OK ]  | 11023 | 0x00004f0f | 0x00 | 0x00
[OK ]  | 11024 | 0x00004f10 | 0x7a | 0x7a
[OK ]  | 11025 | 0x00004f11 | 0xfd | 0xfd
[OK ]  | 11026 | 0x00004f12 | 0xff | 0xff
[OK ]  | 11027 | 0x00004f13 | 0xff | 0xff
[OK ]  | 11028 | 0x00004f14 | 0x8a | 0x8a
[OK ]  | 11029 | 0x00004f15 | 0x65 | 0x65
[OK ]  | 11030 | 0x00004f16 | 0xff | 0xff
[OK ]  | 11031 | 0x00004f17 | 0xff | 0xff
[OK ]  | 11032 | 0x00004f18 | 0x55 | 0x55
[OK ]  | 11033 | 0x00004f19 | 0xad | 0xad
[OK ]  | 11034 | 0x00004f1a | 0xff | 0xff
[OK ]  | 11035 | 0x00004f1b | 0xff | 0xff
[OK ]  | 11036 | 0x00004f1c | 0x1b | 0x1b
[OK ]  | 11037 | 0x00004f1d | 0x1c | 0x1c
[OK ]  | 11038 | 0x00004f1e | 0x00 | 0x00
[OK ]  | 11039 | 0x00004f1f | 0x00 | 0x00
[OK ]  | 11040 | 0x00004f20 | 0xd2 | 0xd2
[OK ]  | 11041 | 0x00004f21 | 0x8a | 0x8a
[OK ]  | 11042 | 0x00004f22 | 0x01 | 0x01
[OK ]  | 11043 | 0x00004f23 | 0x00 | 0x00
[OK ]  | 11044 | 0x00004f24 | 0xf5 | 0xf5
[OK ]  | 11045 | 0x00004f25 | 0x71 | 0x71
[OK ]  | 11046 | 0x00004f26 | 0x00 | 0x00
[OK ]  | 11047 | 0x00004f27 | 0x00 | 0x00
[OK ]  | 11048 | 0x00004f28 | 0x06 | 0x06
[OK ]  | 11049 | 0x00004f29 | 0x5a | 0x5a
[OK ]  | 11050 | 0x00004f2a | 0x00 | 0x00
[OK ]  | 11051 | 0x00004f2b | 0x00 | 0x00
[OK ]  | 11052 | 0x00004f2c | 0x5b | 0x5b
[OK ]  | 11053 | 0x00004f2d | 0x60 | 0x60
[OK ]  | 11054 | 0x00004f2e | 0x00 | 0x00
[OK ]  | 11055 | 0x00004f2f | 0x00 | 0x00
[OK ]  | 11056 | 0x00004f30 | 0x1b | 0x1b
[OK ]  | 11057 | 0x00004f31 | 0x7e | 0x7e
[OK ]  | 11058 | 0x00004f32 | 0xff | 0xff
[OK ]  | 11059 | 0x00004f33 | 0xff | 0xff
[OK ]  | 11060 | 0x00004f34 | 0x42 | 0x42
[OK ]  | 11061 | 0x00004f35 | 0xe1 | 0xe1
[OK ]  | 11062 | 0x00004f36 | 0x00 | 0x00
[OK ]  | 11063 | 0x00004f37 | 0x00 | 0x00
[OK ]  | 11064 | 0x00004f38 | 0x18 | 0x18
[OK ]  | 11065 | 0x00004f39 | 0x11 | 0x11
[OK ]  | 11066 | 0x00004f3a | 0xff | 0xff
[OK ]  | 11067 | 0x00004f3b | 0xff | 0xff
[OK ]  | 11068 | 0x00004f3c | 0x63 | 0x63
[OK ]  | 11069 | 0x00004f3d | 0xe7 | 0xe7
[OK ]  | 11070 | 0x00004f3e | 0xff | 0xff
[OK ]  | 11071 | 0x00004f3f | 0xff | 0xff
[OK ]  | 11072 | 0x00004f40 | 0x64 | 0x64
[OK ]  | 11073 | 0x00004f41 | 0x4e | 0x4e
[OK ]  | 11074 | 0x00004f42 | 0x00 | 0x00
[OK ]  | 11075 | 0x00004f43 | 0x00 | 0x00
[OK ]  | 11076 | 0x00004f44 | 0x46 | 0x46
[OK ]  | 11077 | 0x00004f45 | 0xf3 | 0xf3
[OK ]  | 11078 | 0x00004f46 | 0xff | 0xff
[OK ]  | 11079 | 0x00004f47 | 0xff | 0xff
[OK ]  | 11080 | 0x00004f48 | 0x8a | 0x8a
[OK ]  | 11081 | 0x00004f49 | 0x8a | 0x8a
[OK ]  | 11082 | 0x00004f4a | 0xfe | 0xfe
[OK ]  | 11083 | 0x00004f4b | 0xff | 0xff
[OK ]  | 11084 | 0x00004f4c | 0x26 | 0x26
[OK ]  | 11085 | 0x00004f4d | 0xcf | 0xcf
[OK ]  | 11086 | 0x00004f4e | 0xff | 0xff
[OK ]  | 11087 | 0x00004f4f | 0xff | 0xff
[OK ]  | 11088 | 0x00004f50 | 0x6e | 0x6e
[OK ]  | 11089 | 0x00004f51 | 0x56 | 0x56
[OK ]  | 11090 | 0x00004f52 | 0x01 | 0x01
[OK ]  | 11091 | 0x00004f53 | 0x00 | 0x00
[OK ]  | 11092 | 0x00004f54 | 0xb8 | 0xb8
[OK ]  | 11093 | 0x00004f55 | 0x2d | 0x2d
[OK ]  | 11094 | 0x00004f56 | 0x00 | 0x00
[OK ]  | 11095 | 0x00004f57 | 0x00 | 0x00
[OK ]  | 11096 | 0x00004f58 | 0x81 | 0x81
[OK ]  | 11097 | 0x00004f59 | 0x29 | 0x29
[OK ]  | 11098 | 0x00004f5a | 0x01 | 0x01
[OK ]  | 11099 | 0x00004f5b | 0x00 | 0x00
[OK ]  | 11100 | 0x00004f5c | 0x8e | 0x8e
[OK ]  | 11101 | 0x00004f5d | 0x7c | 0x7c
[OK ]  | 11102 | 0x00004f5e | 0x00 | 0x00
[OK ]  | 11103 | 0x00004f5f | 0x00 | 0x00
[OK ]  | 11104 | 0x00004f60 | 0x6a | 0x6a
[OK ]  | 11105 | 0x00004f61 | 0x8b | 0x8b
[OK ]  | 11106 | 0x00004f62 | 0xff | 0xff
[OK ]  | 11107 | 0x00004f63 | 0xff | 0xff
[OK ]  | 11108 | 0x00004f64 | 0x14 | 0x14
[OK ]  | 11109 | 0x00004f65 | 0xa2 | 0xa2
[OK ]  | 11110 | 0x00004f66 | 0xff | 0xff
[OK ]  | 11111 | 0x00004f67 | 0xff | 0xff
[OK ]  | 11112 | 0x00004f68 | 0xa4 | 0xa4
[OK ]  | 11113 | 0x00004f69 | 0xdd | 0xdd
[OK ]  | 11114 | 0x00004f6a | 0x00 | 0x00
[OK ]  | 11115 | 0x00004f6b | 0x00 | 0x00
[OK ]  | 11116 | 0x00004f6c | 0x63 | 0x63
[OK ]  | 11117 | 0x00004f6d | 0x4b | 0x4b
[OK ]  | 11118 | 0x00004f6e | 0x00 | 0x00
[OK ]  | 11119 | 0x00004f6f | 0x00 | 0x00
[OK ]  | 11120 | 0x00004f70 | 0x67 | 0x67
[OK ]  | 11121 | 0x00004f71 | 0x06 | 0x06
[OK ]  | 11122 | 0x00004f72 | 0x01 | 0x01
[OK ]  | 11123 | 0x00004f73 | 0x00 | 0x00
[OK ]  | 11124 | 0x00004f74 | 0xdb | 0xdb
[OK ]  | 11125 | 0x00004f75 | 0xc1 | 0xc1
[OK ]  | 11126 | 0x00004f76 | 0xff | 0xff
[OK ]  | 11127 | 0x00004f77 | 0xff | 0xff
[OK ]  | 11128 | 0x00004f78 | 0x0a | 0x0a
[OK ]  | 11129 | 0x00004f79 | 0x03 | 0x03
[OK ]  | 11130 | 0x00004f7a | 0x00 | 0x00
[OK ]  | 11131 | 0x00004f7b | 0x00 | 0x00
[OK ]  | 11132 | 0x00004f7c | 0x25 | 0x25
[OK ]  | 11133 | 0x00004f7d | 0xd5 | 0xd5
[OK ]  | 11134 | 0x00004f7e | 0xff | 0xff
[OK ]  | 11135 | 0x00004f7f | 0xff | 0xff
[OK ]  | 11136 | 0x00004f80 | 0x2b | 0x2b
[OK ]  | 11137 | 0x00004f81 | 0xf9 | 0xf9
[OK ]  | 11138 | 0x00004f82 | 0xff | 0xff
[OK ]  | 11139 | 0x00004f83 | 0xff | 0xff
[OK ]  | 11140 | 0x00004f84 | 0x05 | 0x05
[OK ]  | 11141 | 0x00004f85 | 0x8f | 0x8f
[OK ]  | 11142 | 0x00004f86 | 0xff | 0xff
[OK ]  | 11143 | 0x00004f87 | 0xff | 0xff
[OK ]  | 11144 | 0x00004f88 | 0x70 | 0x70
[OK ]  | 11145 | 0x00004f89 | 0xec | 0xec
[OK ]  | 11146 | 0x00004f8a | 0xfd | 0xfd
[OK ]  | 11147 | 0x00004f8b | 0xff | 0xff
[OK ]  | 11148 | 0x00004f8c | 0xb7 | 0xb7
[OK ]  | 11149 | 0x00004f8d | 0x22 | 0x22
[OK ]  | 11150 | 0x00004f8e | 0x00 | 0x00
[OK ]  | 11151 | 0x00004f8f | 0x00 | 0x00
[OK ]  | 11152 | 0x00004f90 | 0x9f | 0x9f
[OK ]  | 11153 | 0x00004f91 | 0x79 | 0x79
[OK ]  | 11154 | 0x00004f92 | 0x00 | 0x00
[OK ]  | 11155 | 0x00004f93 | 0x00 | 0x00
[OK ]  | 11156 | 0x00004f94 | 0x3c | 0x3c
[OK ]  | 11157 | 0x00004f95 | 0x35 | 0x35
[OK ]  | 11158 | 0x00004f96 | 0x00 | 0x00
[OK ]  | 11159 | 0x00004f97 | 0x00 | 0x00
[OK ]  | 11160 | 0x00004f98 | 0xbd | 0xbd
[OK ]  | 11161 | 0x00004f99 | 0x21 | 0x21
[OK ]  | 11162 | 0x00004f9a | 0xff | 0xff
[OK ]  | 11163 | 0x00004f9b | 0xff | 0xff
[OK ]  | 11164 | 0x00004f9c | 0x3e | 0x3e
[OK ]  | 11165 | 0x00004f9d | 0xc5 | 0xc5
[OK ]  | 11166 | 0x00004f9e | 0x00 | 0x00
[OK ]  | 11167 | 0x00004f9f | 0x00 | 0x00
[OK ]  | 11168 | 0x00004fa0 | 0xb8 | 0xb8
[OK ]  | 11169 | 0x00004fa1 | 0xa4 | 0xa4
[OK ]  | 11170 | 0x00004fa2 | 0xfe | 0xfe
[OK ]  | 11171 | 0x00004fa3 | 0xff | 0xff
[OK ]  | 11172 | 0x00004fa4 | 0xfa | 0xfa
[OK ]  | 11173 | 0x00004fa5 | 0x4a | 0x4a
[OK ]  | 11174 | 0x00004fa6 | 0xff | 0xff
[OK ]  | 11175 | 0x00004fa7 | 0xff | 0xff
[OK ]  | 11176 | 0x00004fa8 | 0x52 | 0x52
[OK ]  | 11177 | 0x00004fa9 | 0x21 | 0x21
[OK ]  | 11178 | 0x00004faa | 0x00 | 0x00
[OK ]  | 11179 | 0x00004fab | 0x00 | 0x00
[OK ]  | 11180 | 0x00004fac | 0x3e | 0x3e
[OK ]  | 11181 | 0x00004fad | 0x78 | 0x78
[OK ]  | 11182 | 0x00004fae | 0x00 | 0x00
[OK ]  | 11183 | 0x00004faf | 0x00 | 0x00
[OK ]  | 11184 | 0x00004fb0 | 0x22 | 0x22
[OK ]  | 11185 | 0x00004fb1 | 0x22 | 0x22
[OK ]  | 11186 | 0x00004fb2 | 0x00 | 0x00
[OK ]  | 11187 | 0x00004fb3 | 0x00 | 0x00
[OK ]  | 11188 | 0x00004fb4 | 0xb1 | 0xb1
[OK ]  | 11189 | 0x00004fb5 | 0xea | 0xea
[OK ]  | 11190 | 0x00004fb6 | 0xff | 0xff
[OK ]  | 11191 | 0x00004fb7 | 0xff | 0xff
[OK ]  | 11192 | 0x00004fb8 | 0xd5 | 0xd5
[OK ]  | 11193 | 0x00004fb9 | 0x12 | 0x12
[OK ]  | 11194 | 0x00004fba | 0x00 | 0x00
[OK ]  | 11195 | 0x00004fbb | 0x00 | 0x00
[OK ]  | 11196 | 0x00004fbc | 0xce | 0xce
[OK ]  | 11197 | 0x00004fbd | 0xce | 0xce
[OK ]  | 11198 | 0x00004fbe | 0xff | 0xff
[OK ]  | 11199 | 0x00004fbf | 0xff | 0xff
[OK ]  | 11200 | 0x00004fc0 | 0x7a | 0x7a
[OK ]  | 11201 | 0x00004fc1 | 0x8a | 0x8a
[OK ]  | 11202 | 0x00004fc2 | 0xff | 0xff
[OK ]  | 11203 | 0x00004fc3 | 0xff | 0xff
[OK ]  | 11204 | 0x00004fc4 | 0x1b | 0x1b
[OK ]  | 11205 | 0x00004fc5 | 0x6f | 0x6f
[OK ]  | 11206 | 0x00004fc6 | 0x00 | 0x00
[OK ]  | 11207 | 0x00004fc7 | 0x00 | 0x00
[OK ]  | 11208 | 0x00004fc8 | 0x09 | 0x09
[OK ]  | 11209 | 0x00004fc9 | 0x9e | 0x9e
[OK ]  | 11210 | 0x00004fca | 0x00 | 0x00
[OK ]  | 11211 | 0x00004fcb | 0x00 | 0x00
[OK ]  | 11212 | 0x00004fcc | 0x4a | 0x4a
[OK ]  | 11213 | 0x00004fcd | 0x00 | 0x00
[OK ]  | 11214 | 0x00004fce | 0x00 | 0x00
[OK ]  | 11215 | 0x00004fcf | 0x00 | 0x00
[OK ]  | 11216 | 0x00004fd0 | 0xfb | 0xfb
[OK ]  | 11217 | 0x00004fd1 | 0x5a | 0x5a
[OK ]  | 11218 | 0x00004fd2 | 0xff | 0xff
[OK ]  | 11219 | 0x00004fd3 | 0xff | 0xff
[OK ]  | 11220 | 0x00004fd4 | 0x85 | 0x85
[OK ]  | 11221 | 0x00004fd5 | 0x6f | 0x6f
[OK ]  | 11222 | 0x00004fd6 | 0x01 | 0x01
[OK ]  | 11223 | 0x00004fd7 | 0x00 | 0x00
[OK ]  | 11224 | 0x00004fd8 | 0x48 | 0x48
[OK ]  | 11225 | 0x00004fd9 | 0xd9 | 0xd9
[OK ]  | 11226 | 0x00004fda | 0xff | 0xff
[OK ]  | 11227 | 0x00004fdb | 0xff | 0xff
[OK ]  | 11228 | 0x00004fdc | 0x86 | 0x86
[OK ]  | 11229 | 0x00004fdd | 0x41 | 0x41
[OK ]  | 11230 | 0x00004fde | 0x01 | 0x01
[OK ]  | 11231 | 0x00004fdf | 0x00 | 0x00
[OK ]  | 11232 | 0x00004fe0 | 0x1b | 0x1b
[OK ]  | 11233 | 0x00004fe1 | 0x46 | 0x46
[OK ]  | 11234 | 0x00004fe2 | 0x00 | 0x00
[OK ]  | 11235 | 0x00004fe3 | 0x00 | 0x00
[OK ]  | 11236 | 0x00004fe4 | 0x78 | 0x78
[OK ]  | 11237 | 0x00004fe5 | 0xaf | 0xaf
[OK ]  | 11238 | 0x00004fe6 | 0x00 | 0x00
[OK ]  | 11239 | 0x00004fe7 | 0x00 | 0x00
[OK ]  | 11240 | 0x00004fe8 | 0x39 | 0x39
[OK ]  | 11241 | 0x00004fe9 | 0x71 | 0x71
[OK ]  | 11242 | 0x00004fea | 0xff | 0xff
[OK ]  | 11243 | 0x00004feb | 0xff | 0xff
[OK ]  | 11244 | 0x00004fec | 0xd0 | 0xd0
[OK ]  | 11245 | 0x00004fed | 0x23 | 0x23
[OK ]  | 11246 | 0x00004fee | 0x01 | 0x01
[OK ]  | 11247 | 0x00004fef | 0x00 | 0x00
[OK ]  | 11248 | 0x00004ff0 | 0xef | 0xef
[OK ]  | 11249 | 0x00004ff1 | 0xb6 | 0xb6
[OK ]  | 11250 | 0x00004ff2 | 0x00 | 0x00
[OK ]  | 11251 | 0x00004ff3 | 0x00 | 0x00
[OK ]  | 11252 | 0x00004ff4 | 0x2e | 0x2e
[OK ]  | 11253 | 0x00004ff5 | 0x66 | 0x66
[OK ]  | 11254 | 0x00004ff6 | 0x00 | 0x00
[OK ]  | 11255 | 0x00004ff7 | 0x00 | 0x00
[OK ]  | 11256 | 0x00004ff8 | 0x45 | 0x45
[OK ]  | 11257 | 0x00004ff9 | 0x05 | 0x05
[OK ]  | 11258 | 0x00004ffa | 0x00 | 0x00
[OK ]  | 11259 | 0x00004ffb | 0x00 | 0x00
[OK ]  | 11260 | 0x00004ffc | 0x2a | 0x2a
[OK ]  | 11261 | 0x00004ffd | 0xd7 | 0xd7
[OK ]  | 11262 | 0x00004ffe | 0xff | 0xff
[OK ]  | 11263 | 0x00004fff | 0xff | 0xff
[OK ]  | 11264 | 0x00005000 | 0xc3 | 0xc3
[OK ]  | 11265 | 0x00005001 | 0x2a | 0x2a
[OK ]  | 11266 | 0x00005002 | 0x00 | 0x00
[OK ]  | 11267 | 0x00005003 | 0x00 | 0x00
[OK ]  | 11268 | 0x00005004 | 0x28 | 0x28
[OK ]  | 11269 | 0x00005005 | 0x08 | 0x08
[OK ]  | 11270 | 0x00005006 | 0x00 | 0x00
[OK ]  | 11271 | 0x00005007 | 0x00 | 0x00
[OK ]  | 11272 | 0x00005008 | 0x07 | 0x07
[OK ]  | 11273 | 0x00005009 | 0x45 | 0x45
[OK ]  | 11274 | 0x0000500a | 0xff | 0xff
[OK ]  | 11275 | 0x0000500b | 0xff | 0xff
[OK ]  | 11276 | 0x0000500c | 0x26 | 0x26
[OK ]  | 11277 | 0x0000500d | 0xb6 | 0xb6
[OK ]  | 11278 | 0x0000500e | 0x00 | 0x00
[OK ]  | 11279 | 0x0000500f | 0x00 | 0x00
[OK ]  | 11280 | 0x00005010 | 0x1c | 0x1c
[OK ]  | 11281 | 0x00005011 | 0x11 | 0x11
[OK ]  | 11282 | 0x00005012 | 0x00 | 0x00
[OK ]  | 11283 | 0x00005013 | 0x00 | 0x00
[OK ]  | 11284 | 0x00005014 | 0x0f | 0x0f
[OK ]  | 11285 | 0x00005015 | 0xf5 | 0xf5
[OK ]  | 11286 | 0x00005016 | 0xff | 0xff
[OK ]  | 11287 | 0x00005017 | 0xff | 0xff
[OK ]  | 11288 | 0x00005018 | 0x67 | 0x67
[OK ]  | 11289 | 0x00005019 | 0x64 | 0x64
[OK ]  | 11290 | 0x0000501a | 0x00 | 0x00
[OK ]  | 11291 | 0x0000501b | 0x00 | 0x00
[OK ]  | 11292 | 0x0000501c | 0x8e | 0x8e
[OK ]  | 11293 | 0x0000501d | 0x77 | 0x77
[OK ]  | 11294 | 0x0000501e | 0x00 | 0x00
[OK ]  | 11295 | 0x0000501f | 0x00 | 0x00
[OK ]  | 11296 | 0x00005020 | 0x19 | 0x19
[OK ]  | 11297 | 0x00005021 | 0xb7 | 0xb7
[OK ]  | 11298 | 0x00005022 | 0xff | 0xff
[OK ]  | 11299 | 0x00005023 | 0xff | 0xff
[OK ]  | 11300 | 0x00005024 | 0x46 | 0x46
[OK ]  | 11301 | 0x00005025 | 0xed | 0xed
[OK ]  | 11302 | 0x00005026 | 0xff | 0xff
[OK ]  | 11303 | 0x00005027 | 0xff | 0xff
[OK ]  | 11304 | 0x00005028 | 0xd5 | 0xd5
[OK ]  | 11305 | 0x00005029 | 0x24 | 0x24
[OK ]  | 11306 | 0x0000502a | 0x00 | 0x00
[OK ]  | 11307 | 0x0000502b | 0x00 | 0x00
[OK ]  | 11308 | 0x0000502c | 0x0e | 0x0e
[OK ]  | 11309 | 0x0000502d | 0xbc | 0xbc
[OK ]  | 11310 | 0x0000502e | 0x00 | 0x00
[OK ]  | 11311 | 0x0000502f | 0x00 | 0x00
[OK ]  | 11312 | 0x00005030 | 0xc0 | 0xc0
[OK ]  | 11313 | 0x00005031 | 0x13 | 0x13
[OK ]  | 11314 | 0x00005032 | 0xff | 0xff
[OK ]  | 11315 | 0x00005033 | 0xff | 0xff
[OK ]  | 11316 | 0x00005034 | 0x39 | 0x39
[OK ]  | 11317 | 0x00005035 | 0xe2 | 0xe2
[OK ]  | 11318 | 0x00005036 | 0xff | 0xff
[OK ]  | 11319 | 0x00005037 | 0xff | 0xff
[OK ]  | 11320 | 0x00005038 | 0x89 | 0x89
[OK ]  | 11321 | 0x00005039 | 0xc5 | 0xc5
[OK ]  | 11322 | 0x0000503a | 0xff | 0xff
[OK ]  | 11323 | 0x0000503b | 0xff | 0xff
[OK ]  | 11324 | 0x0000503c | 0xd6 | 0xd6
[OK ]  | 11325 | 0x0000503d | 0xec | 0xec
[OK ]  | 11326 | 0x0000503e | 0x00 | 0x00
[OK ]  | 11327 | 0x0000503f | 0x00 | 0x00
[OK ]  | 11328 | 0x00005040 | 0x80 | 0x80
[OK ]  | 11329 | 0x00005041 | 0xe2 | 0xe2
[OK ]  | 11330 | 0x00005042 | 0xff | 0xff
[OK ]  | 11331 | 0x00005043 | 0xff | 0xff
[OK ]  | 11332 | 0x00005044 | 0x0e | 0x0e
[OK ]  | 11333 | 0x00005045 | 0x8d | 0x8d
[OK ]  | 11334 | 0x00005046 | 0xff | 0xff
[OK ]  | 11335 | 0x00005047 | 0xff | 0xff
[OK ]  | 11336 | 0x00005048 | 0x41 | 0x41
[OK ]  | 11337 | 0x00005049 | 0x53 | 0x53
[OK ]  | 11338 | 0x0000504a | 0x00 | 0x00
[OK ]  | 11339 | 0x0000504b | 0x00 | 0x00
[OK ]  | 11340 | 0x0000504c | 0x97 | 0x97
[OK ]  | 11341 | 0x0000504d | 0xc3 | 0xc3
[OK ]  | 11342 | 0x0000504e | 0x00 | 0x00
[OK ]  | 11343 | 0x0000504f | 0x00 | 0x00
[OK ]  | 11344 | 0x00005050 | 0xf0 | 0xf0
[OK ]  | 11345 | 0x00005051 | 0x7d | 0x7d
[OK ]  | 11346 | 0x00005052 | 0xff | 0xff
[OK ]  | 11347 | 0x00005053 | 0xff | 0xff
[OK ]  | 11348 | 0x00005054 | 0xc0 | 0xc0
[OK ]  | 11349 | 0x00005055 | 0x63 | 0x63
[OK ]  | 11350 | 0x00005056 | 0x00 | 0x00
[OK ]  | 11351 | 0x00005057 | 0x00 | 0x00
[OK ]  | 11352 | 0x00005058 | 0x37 | 0x37
[OK ]  | 11353 | 0x00005059 | 0x78 | 0x78
[OK ]  | 11354 | 0x0000505a | 0xff | 0xff
[OK ]  | 11355 | 0x0000505b | 0xff | 0xff
[OK ]  | 11356 | 0x0000505c | 0x4b | 0x4b
[OK ]  | 11357 | 0x0000505d | 0x6d | 0x6d
[OK ]  | 11358 | 0x0000505e | 0x00 | 0x00
[OK ]  | 11359 | 0x0000505f | 0x00 | 0x00
[OK ]  | 11360 | 0x00005060 | 0x37 | 0x37
[OK ]  | 11361 | 0x00005061 | 0xeb | 0xeb
[OK ]  | 11362 | 0x00005062 | 0xff | 0xff
[OK ]  | 11363 | 0x00005063 | 0xff | 0xff
[OK ]  | 11364 | 0x00005064 | 0xfb | 0xfb
[OK ]  | 11365 | 0x00005065 | 0x01 | 0x01
[OK ]  | 11366 | 0x00005066 | 0x00 | 0x00
[OK ]  | 11367 | 0x00005067 | 0x00 | 0x00
[OK ]  | 11368 | 0x00005068 | 0x20 | 0x20
[OK ]  | 11369 | 0x00005069 | 0x59 | 0x59
[OK ]  | 11370 | 0x0000506a | 0x01 | 0x01
[OK ]  | 11371 | 0x0000506b | 0x00 | 0x00
[OK ]  | 11372 | 0x0000506c | 0x17 | 0x17
[OK ]  | 11373 | 0x0000506d | 0x69 | 0x69
[OK ]  | 11374 | 0x0000506e | 0x00 | 0x00
[OK ]  | 11375 | 0x0000506f | 0x00 | 0x00
[OK ]  | 11376 | 0x00005070 | 0xae | 0xae
[OK ]  | 11377 | 0x00005071 | 0xe5 | 0xe5
[OK ]  | 11378 | 0x00005072 | 0x00 | 0x00
[OK ]  | 11379 | 0x00005073 | 0x00 | 0x00
[OK ]  | 11380 | 0x00005074 | 0x99 | 0x99
[OK ]  | 11381 | 0x00005075 | 0x59 | 0x59
[OK ]  | 11382 | 0x00005076 | 0x00 | 0x00
[OK ]  | 11383 | 0x00005077 | 0x00 | 0x00
[OK ]  | 11384 | 0x00005078 | 0xb3 | 0xb3
[OK ]  | 11385 | 0x00005079 | 0xfe | 0xfe
[OK ]  | 11386 | 0x0000507a | 0xff | 0xff
[OK ]  | 11387 | 0x0000507b | 0xff | 0xff
[OK ]  | 11388 | 0x0000507c | 0xaa | 0xaa
[OK ]  | 11389 | 0x0000507d | 0x02 | 0x02
[OK ]  | 11390 | 0x0000507e | 0x00 | 0x00
[OK ]  | 11391 | 0x0000507f | 0x00 | 0x00
[OK ]  | 11392 | 0x00005080 | 0xb6 | 0xb6
[OK ]  | 11393 | 0x00005081 | 0x4d | 0x4d
[OK ]  | 11394 | 0x00005082 | 0x00 | 0x00
[OK ]  | 11395 | 0x00005083 | 0x00 | 0x00
[OK ]  | 11396 | 0x00005084 | 0x85 | 0x85
[OK ]  | 11397 | 0x00005085 | 0x24 | 0x24
[OK ]  | 11398 | 0x00005086 | 0x00 | 0x00
[OK ]  | 11399 | 0x00005087 | 0x00 | 0x00
[OK ]  | 11400 | 0x00005088 | 0x49 | 0x49
[OK ]  | 11401 | 0x00005089 | 0x66 | 0x66
[OK ]  | 11402 | 0x0000508a | 0x00 | 0x00
[OK ]  | 11403 | 0x0000508b | 0x00 | 0x00
[OK ]  | 11404 | 0x0000508c | 0x29 | 0x29
[OK ]  | 11405 | 0x0000508d | 0xd4 | 0xd4
[OK ]  | 11406 | 0x0000508e | 0xff | 0xff
[OK ]  | 11407 | 0x0000508f | 0xff | 0xff
[OK ]  | 11408 | 0x00005090 | 0x6b | 0x6b
[OK ]  | 11409 | 0x00005091 | 0x21 | 0x21
[OK ]  | 11410 | 0x00005092 | 0x00 | 0x00
[OK ]  | 11411 | 0x00005093 | 0x00 | 0x00
[OK ]  | 11412 | 0x00005094 | 0xf4 | 0xf4
[OK ]  | 11413 | 0x00005095 | 0xf8 | 0xf8
[OK ]  | 11414 | 0x00005096 | 0xff | 0xff
[OK ]  | 11415 | 0x00005097 | 0xff | 0xff
[OK ]  | 11416 | 0x00005098 | 0x1a | 0x1a
[OK ]  | 11417 | 0x00005099 | 0x5a | 0x5a
[OK ]  | 11418 | 0x0000509a | 0x00 | 0x00
[OK ]  | 11419 | 0x0000509b | 0x00 | 0x00
[OK ]  | 11420 | 0x0000509c | 0xb2 | 0xb2
[OK ]  | 11421 | 0x0000509d | 0x63 | 0x63
[OK ]  | 11422 | 0x0000509e | 0x00 | 0x00
[OK ]  | 11423 | 0x0000509f | 0x00 | 0x00
[OK ]  | 11424 | 0x000050a0 | 0x72 | 0x72
[OK ]  | 11425 | 0x000050a1 | 0x69 | 0x69
[OK ]  | 11426 | 0x000050a2 | 0x00 | 0x00
[OK ]  | 11427 | 0x000050a3 | 0x00 | 0x00
[OK ]  | 11428 | 0x000050a4 | 0xb2 | 0xb2
[OK ]  | 11429 | 0x000050a5 | 0x40 | 0x40
[OK ]  | 11430 | 0x000050a6 | 0xff | 0xff
[OK ]  | 11431 | 0x000050a7 | 0xff | 0xff
[OK ]  | 11432 | 0x000050a8 | 0x92 | 0x92
[OK ]  | 11433 | 0x000050a9 | 0xe9 | 0xe9
[OK ]  | 11434 | 0x000050aa | 0xff | 0xff
[OK ]  | 11435 | 0x000050ab | 0xff | 0xff
[OK ]  | 11436 | 0x000050ac | 0x8e | 0x8e
[OK ]  | 11437 | 0x000050ad | 0xbf | 0xbf
[OK ]  | 11438 | 0x000050ae | 0xff | 0xff
[OK ]  | 11439 | 0x000050af | 0xff | 0xff
[OK ]  | 11440 | 0x000050b0 | 0xe1 | 0xe1
[OK ]  | 11441 | 0x000050b1 | 0x64 | 0x64
[OK ]  | 11442 | 0x000050b2 | 0x01 | 0x01
[OK ]  | 11443 | 0x000050b3 | 0x00 | 0x00
[OK ]  | 11444 | 0x000050b4 | 0x04 | 0x04
[OK ]  | 11445 | 0x000050b5 | 0xf0 | 0xf0
[OK ]  | 11446 | 0x000050b6 | 0xff | 0xff
[OK ]  | 11447 | 0x000050b7 | 0xff | 0xff
[OK ]  | 11448 | 0x000050b8 | 0x9e | 0x9e
[OK ]  | 11449 | 0x000050b9 | 0x60 | 0x60
[OK ]  | 11450 | 0x000050ba | 0x00 | 0x00
[OK ]  | 11451 | 0x000050bb | 0x00 | 0x00
[OK ]  | 11452 | 0x000050bc | 0x1c | 0x1c
[OK ]  | 11453 | 0x000050bd | 0x04 | 0x04
[OK ]  | 11454 | 0x000050be | 0x00 | 0x00
[OK ]  | 11455 | 0x000050bf | 0x00 | 0x00
[OK ]  | 11456 | 0x000050c0 | 0xe4 | 0xe4
[OK ]  | 11457 | 0x000050c1 | 0xfd | 0xfd
[OK ]  | 11458 | 0x000050c2 | 0xff | 0xff
[OK ]  | 11459 | 0x000050c3 | 0xff | 0xff
[OK ]  | 11460 | 0x000050c4 | 0xbe | 0xbe
[OK ]  | 11461 | 0x000050c5 | 0xd8 | 0xd8
[OK ]  | 11462 | 0x000050c6 | 0xff | 0xff
[OK ]  | 11463 | 0x000050c7 | 0xff | 0xff
[OK ]  | 11464 | 0x000050c8 | 0xd0 | 0xd0
[OK ]  | 11465 | 0x000050c9 | 0x9c | 0x9c
[OK ]  | 11466 | 0x000050ca | 0x00 | 0x00
[OK ]  | 11467 | 0x000050cb | 0x00 | 0x00
[OK ]  | 11468 | 0x000050cc | 0x42 | 0x42
[OK ]  | 11469 | 0x000050cd | 0x0b | 0x0b
[OK ]  | 11470 | 0x000050ce | 0xff | 0xff
[OK ]  | 11471 | 0x000050cf | 0xff | 0xff
[OK ]  | 11472 | 0x000050d0 | 0x5a | 0x5a
[OK ]  | 11473 | 0x000050d1 | 0xa7 | 0xa7
[OK ]  | 11474 | 0x000050d2 | 0x00 | 0x00
[OK ]  | 11475 | 0x000050d3 | 0x00 | 0x00
[OK ]  | 11476 | 0x000050d4 | 0x7e | 0x7e
[OK ]  | 11477 | 0x000050d5 | 0xf5 | 0xf5
[OK ]  | 11478 | 0x000050d6 | 0xfe | 0xfe
[OK ]  | 11479 | 0x000050d7 | 0xff | 0xff
[OK ]  | 11480 | 0x000050d8 | 0x7f | 0x7f
[OK ]  | 11481 | 0x000050d9 | 0xcf | 0xcf
[OK ]  | 11482 | 0x000050da | 0xfe | 0xfe
[OK ]  | 11483 | 0x000050db | 0xff | 0xff
[OK ]  | 11484 | 0x000050dc | 0xb2 | 0xb2
[OK ]  | 11485 | 0x000050dd | 0x0f | 0x0f
[OK ]  | 11486 | 0x000050de | 0x00 | 0x00
[OK ]  | 11487 | 0x000050df | 0x00 | 0x00
[OK ]  | 11488 | 0x000050e0 | 0xc8 | 0xc8
[OK ]  | 11489 | 0x000050e1 | 0xaf | 0xaf
[OK ]  | 11490 | 0x000050e2 | 0xff | 0xff
[OK ]  | 11491 | 0x000050e3 | 0xff | 0xff
[OK ]  | 11492 | 0x000050e4 | 0xc8 | 0xc8
[OK ]  | 11493 | 0x000050e5 | 0xb0 | 0xb0
[OK ]  | 11494 | 0x000050e6 | 0xff | 0xff
[OK ]  | 11495 | 0x000050e7 | 0xff | 0xff
[OK ]  | 11496 | 0x000050e8 | 0x01 | 0x01
[OK ]  | 11497 | 0x000050e9 | 0x10 | 0x10
[OK ]  | 11498 | 0x000050ea | 0x01 | 0x01
[OK ]  | 11499 | 0x000050eb | 0x00 | 0x00
[OK ]  | 11500 | 0x000050ec | 0x6d | 0x6d
[OK ]  | 11501 | 0x000050ed | 0x04 | 0x04
[OK ]  | 11502 | 0x000050ee | 0x00 | 0x00
[OK ]  | 11503 | 0x000050ef | 0x00 | 0x00
[OK ]  | 11504 | 0x000050f0 | 0x57 | 0x57
[OK ]  | 11505 | 0x000050f1 | 0x61 | 0x61
[OK ]  | 11506 | 0x000050f2 | 0x00 | 0x00
[OK ]  | 11507 | 0x000050f3 | 0x00 | 0x00
[OK ]  | 11508 | 0x000050f4 | 0x34 | 0x34
[OK ]  | 11509 | 0x000050f5 | 0xe1 | 0xe1
[OK ]  | 11510 | 0x000050f6 | 0x00 | 0x00
[OK ]  | 11511 | 0x000050f7 | 0x00 | 0x00
[OK ]  | 11512 | 0x000050f8 | 0xe6 | 0xe6
[OK ]  | 11513 | 0x000050f9 | 0x94 | 0x94
[OK ]  | 11514 | 0x000050fa | 0xff | 0xff
[OK ]  | 11515 | 0x000050fb | 0xff | 0xff
[OK ]  | 11516 | 0x000050fc | 0x2e | 0x2e
[OK ]  | 11517 | 0x000050fd | 0xa8 | 0xa8
[OK ]  | 11518 | 0x000050fe | 0x00 | 0x00
[OK ]  | 11519 | 0x000050ff | 0x00 | 0x00
[OK ]  | 11520 | 0x00005100 | 0x7e | 0x7e
[OK ]  | 11521 | 0x00005101 | 0xb4 | 0xb4
[OK ]  | 11522 | 0x00005102 | 0xfe | 0xfe
[OK ]  | 11523 | 0x00005103 | 0xff | 0xff
[OK ]  | 11524 | 0x00005104 | 0x3e | 0x3e
[OK ]  | 11525 | 0x00005105 | 0x7c | 0x7c
[OK ]  | 11526 | 0x00005106 | 0xff | 0xff
[OK ]  | 11527 | 0x00005107 | 0xff | 0xff
[OK ]  | 11528 | 0x00005108 | 0x48 | 0x48
[OK ]  | 11529 | 0x00005109 | 0x8b | 0x8b
[OK ]  | 11530 | 0x0000510a | 0x00 | 0x00
[OK ]  | 11531 | 0x0000510b | 0x00 | 0x00
[OK ]  | 11532 | 0x0000510c | 0x62 | 0x62
[OK ]  | 11533 | 0x0000510d | 0x20 | 0x20
[OK ]  | 11534 | 0x0000510e | 0x00 | 0x00
[OK ]  | 11535 | 0x0000510f | 0x00 | 0x00
[OK ]  | 11536 | 0x00005110 | 0xaf | 0xaf
[OK ]  | 11537 | 0x00005111 | 0x7c | 0x7c
[OK ]  | 11538 | 0x00005112 | 0x00 | 0x00
[OK ]  | 11539 | 0x00005113 | 0x00 | 0x00
[OK ]  | 11540 | 0x00005114 | 0x24 | 0x24
[OK ]  | 11541 | 0x00005115 | 0xe6 | 0xe6
[OK ]  | 11542 | 0x00005116 | 0xff | 0xff
[OK ]  | 11543 | 0x00005117 | 0xff | 0xff
[OK ]  | 11544 | 0x00005118 | 0x9b | 0x9b
[OK ]  | 11545 | 0x00005119 | 0xb4 | 0xb4
[OK ]  | 11546 | 0x0000511a | 0xff | 0xff
[OK ]  | 11547 | 0x0000511b | 0xff | 0xff
[OK ]  | 11548 | 0x0000511c | 0xf6 | 0xf6
[OK ]  | 11549 | 0x0000511d | 0x22 | 0x22
[OK ]  | 11550 | 0x0000511e | 0x00 | 0x00
[OK ]  | 11551 | 0x0000511f | 0x00 | 0x00
[OK ]  | 11552 | 0x00005120 | 0xc8 | 0xc8
[OK ]  | 11553 | 0x00005121 | 0x75 | 0x75
[OK ]  | 11554 | 0x00005122 | 0x00 | 0x00
[OK ]  | 11555 | 0x00005123 | 0x00 | 0x00
[OK ]  | 11556 | 0x00005124 | 0xbb | 0xbb
[OK ]  | 11557 | 0x00005125 | 0xae | 0xae
[OK ]  | 11558 | 0x00005126 | 0x00 | 0x00
[OK ]  | 11559 | 0x00005127 | 0x00 | 0x00
[OK ]  | 11560 | 0x00005128 | 0x0f | 0x0f
[OK ]  | 11561 | 0x00005129 | 0x1a | 0x1a
[OK ]  | 11562 | 0x0000512a | 0x00 | 0x00
[OK ]  | 11563 | 0x0000512b | 0x00 | 0x00
[OK ]  | 11564 | 0x0000512c | 0x8b | 0x8b
[OK ]  | 11565 | 0x0000512d | 0xc1 | 0xc1
[OK ]  | 11566 | 0x0000512e | 0x00 | 0x00
[OK ]  | 11567 | 0x0000512f | 0x00 | 0x00
[OK ]  | 11568 | 0x00005130 | 0x25 | 0x25
[OK ]  | 11569 | 0x00005131 | 0x8f | 0x8f
[OK ]  | 11570 | 0x00005132 | 0xff | 0xff
[OK ]  | 11571 | 0x00005133 | 0xff | 0xff
[OK ]  | 11572 | 0x00005134 | 0x78 | 0x78
[OK ]  | 11573 | 0x00005135 | 0x17 | 0x17
[OK ]  | 11574 | 0x00005136 | 0x00 | 0x00
[OK ]  | 11575 | 0x00005137 | 0x00 | 0x00
[OK ]  | 11576 | 0x00005138 | 0xa4 | 0xa4
[OK ]  | 11577 | 0x00005139 | 0x8c | 0x8c
[OK ]  | 11578 | 0x0000513a | 0x00 | 0x00
[OK ]  | 11579 | 0x0000513b | 0x00 | 0x00
[OK ]  | 11580 | 0x0000513c | 0xa4 | 0xa4
[OK ]  | 11581 | 0x0000513d | 0x26 | 0x26
[OK ]  | 11582 | 0x0000513e | 0xff | 0xff
[OK ]  | 11583 | 0x0000513f | 0xff | 0xff
[OK ]  | 11584 | 0x00005140 | 0xac | 0xac
[OK ]  | 11585 | 0x00005141 | 0x50 | 0x50
[OK ]  | 11586 | 0x00005142 | 0x00 | 0x00
[OK ]  | 11587 | 0x00005143 | 0x00 | 0x00
[OK ]  | 11588 | 0x00005144 | 0xf8 | 0xf8
[OK ]  | 11589 | 0x00005145 | 0x94 | 0x94
[OK ]  | 11590 | 0x00005146 | 0xff | 0xff
[OK ]  | 11591 | 0x00005147 | 0xff | 0xff
[OK ]  | 11592 | 0x00005148 | 0x86 | 0x86
[OK ]  | 11593 | 0x00005149 | 0x08 | 0x08
[OK ]  | 11594 | 0x0000514a | 0x00 | 0x00
[OK ]  | 11595 | 0x0000514b | 0x00 | 0x00
[OK ]  | 11596 | 0x0000514c | 0xca | 0xca
[OK ]  | 11597 | 0x0000514d | 0x34 | 0x34
[OK ]  | 11598 | 0x0000514e | 0x00 | 0x00
[OK ]  | 11599 | 0x0000514f | 0x00 | 0x00
[OK ]  | 11600 | 0x00005150 | 0xed | 0xed
[OK ]  | 11601 | 0x00005151 | 0xcc | 0xcc
[OK ]  | 11602 | 0x00005152 | 0x00 | 0x00
[OK ]  | 11603 | 0x00005153 | 0x00 | 0x00
[OK ]  | 11604 | 0x00005154 | 0x2b | 0x2b
[OK ]  | 11605 | 0x00005155 | 0xc1 | 0xc1
[OK ]  | 11606 | 0x00005156 | 0xff | 0xff
[OK ]  | 11607 | 0x00005157 | 0xff | 0xff
[OK ]  | 11608 | 0x00005158 | 0xd6 | 0xd6
[OK ]  | 11609 | 0x00005159 | 0x30 | 0x30
[OK ]  | 11610 | 0x0000515a | 0x01 | 0x01
[OK ]  | 11611 | 0x0000515b | 0x00 | 0x00
[OK ]  | 11612 | 0x0000515c | 0x26 | 0x26
[OK ]  | 11613 | 0x0000515d | 0xa7 | 0xa7
[OK ]  | 11614 | 0x0000515e | 0xff | 0xff
[OK ]  | 11615 | 0x0000515f | 0xff | 0xff
[OK ]  | 11616 | 0x00005160 | 0xa5 | 0xa5
[OK ]  | 11617 | 0x00005161 | 0xcd | 0xcd
[OK ]  | 11618 | 0x00005162 | 0xff | 0xff
[OK ]  | 11619 | 0x00005163 | 0xff | 0xff
[OK ]  | 11620 | 0x00005164 | 0x61 | 0x61
[OK ]  | 11621 | 0x00005165 | 0x4f | 0x4f
[OK ]  | 11622 | 0x00005166 | 0x00 | 0x00
[OK ]  | 11623 | 0x00005167 | 0x00 | 0x00
[OK ]  | 11624 | 0x00005168 | 0xf4 | 0xf4
[OK ]  | 11625 | 0x00005169 | 0x30 | 0x30
[OK ]  | 11626 | 0x0000516a | 0x01 | 0x01
[OK ]  | 11627 | 0x0000516b | 0x00 | 0x00
[OK ]  | 11628 | 0x0000516c | 0xb8 | 0xb8
[OK ]  | 11629 | 0x0000516d | 0x45 | 0x45
[OK ]  | 11630 | 0x0000516e | 0x00 | 0x00
[OK ]  | 11631 | 0x0000516f | 0x00 | 0x00
[OK ]  | 11632 | 0x00005170 | 0x9b | 0x9b
[OK ]  | 11633 | 0x00005171 | 0x7c | 0x7c
[OK ]  | 11634 | 0x00005172 | 0x00 | 0x00
[OK ]  | 11635 | 0x00005173 | 0x00 | 0x00
[OK ]  | 11636 | 0x00005174 | 0x33 | 0x33
[OK ]  | 11637 | 0x00005175 | 0x68 | 0x68
[OK ]  | 11638 | 0x00005176 | 0xff | 0xff
[OK ]  | 11639 | 0x00005177 | 0xff | 0xff
[OK ]  | 11640 | 0x00005178 | 0xc4 | 0xc4
[OK ]  | 11641 | 0x00005179 | 0x0e | 0x0e
[OK ]  | 11642 | 0x0000517a | 0x00 | 0x00
[OK ]  | 11643 | 0x0000517b | 0x00 | 0x00
[OK ]  | 11644 | 0x0000517c | 0xf7 | 0xf7
[OK ]  | 11645 | 0x0000517d | 0x22 | 0x22
[OK ]  | 11646 | 0x0000517e | 0x00 | 0x00
[OK ]  | 11647 | 0x0000517f | 0x00 | 0x00
[OK ]  | 11648 | 0x00005180 | 0xb2 | 0xb2
[OK ]  | 11649 | 0x00005181 | 0x30 | 0x30
[OK ]  | 11650 | 0x00005182 | 0x00 | 0x00
[OK ]  | 11651 | 0x00005183 | 0x00 | 0x00
[OK ]  | 11652 | 0x00005184 | 0xc6 | 0xc6
[OK ]  | 11653 | 0x00005185 | 0x9f | 0x9f
[OK ]  | 11654 | 0x00005186 | 0xff | 0xff
[OK ]  | 11655 | 0x00005187 | 0xff | 0xff
[OK ]  | 11656 | 0x00005188 | 0x03 | 0x03
[OK ]  | 11657 | 0x00005189 | 0xd9 | 0xd9
[OK ]  | 11658 | 0x0000518a | 0x00 | 0x00
[OK ]  | 11659 | 0x0000518b | 0x00 | 0x00
[OK ]  | 11660 | 0x0000518c | 0xd6 | 0xd6
[OK ]  | 11661 | 0x0000518d | 0x9c | 0x9c
[OK ]  | 11662 | 0x0000518e | 0xff | 0xff
[OK ]  | 11663 | 0x0000518f | 0xff | 0xff
[OK ]  | 11664 | 0x00005190 | 0xd1 | 0xd1
[OK ]  | 11665 | 0x00005191 | 0x84 | 0x84
[OK ]  | 11666 | 0x00005192 | 0x00 | 0x00
[OK ]  | 11667 | 0x00005193 | 0x00 | 0x00
[OK ]  | 11668 | 0x00005194 | 0xbd | 0xbd
[OK ]  | 11669 | 0x00005195 | 0xf7 | 0xf7
[OK ]  | 11670 | 0x00005196 | 0xff | 0xff
[OK ]  | 11671 | 0x00005197 | 0xff | 0xff
[OK ]  | 11672 | 0x00005198 | 0xd8 | 0xd8
[OK ]  | 11673 | 0x00005199 | 0xb9 | 0xb9
[OK ]  | 11674 | 0x0000519a | 0xfe | 0xfe
[OK ]  | 11675 | 0x0000519b | 0xff | 0xff
[OK ]  | 11676 | 0x0000519c | 0x7d | 0x7d
[OK ]  | 11677 | 0x0000519d | 0x8b | 0x8b
[OK ]  | 11678 | 0x0000519e | 0x00 | 0x00
[OK ]  | 11679 | 0x0000519f | 0x00 | 0x00
[OK ]  | 11680 | 0x000051a0 | 0xe5 | 0xe5
[OK ]  | 11681 | 0x000051a1 | 0xbd | 0xbd
[OK ]  | 11682 | 0x000051a2 | 0xff | 0xff
[OK ]  | 11683 | 0x000051a3 | 0xff | 0xff
[OK ]  | 11684 | 0x000051a4 | 0x9a | 0x9a
[OK ]  | 11685 | 0x000051a5 | 0x70 | 0x70
[OK ]  | 11686 | 0x000051a6 | 0x00 | 0x00
[OK ]  | 11687 | 0x000051a7 | 0x00 | 0x00
[OK ]  | 11688 | 0x000051a8 | 0x53 | 0x53
[OK ]  | 11689 | 0x000051a9 | 0x80 | 0x80
[OK ]  | 11690 | 0x000051aa | 0xff | 0xff
[OK ]  | 11691 | 0x000051ab | 0xff | 0xff
[OK ]  | 11692 | 0x000051ac | 0xc3 | 0xc3
[OK ]  | 11693 | 0x000051ad | 0xc9 | 0xc9
[OK ]  | 11694 | 0x000051ae | 0xff | 0xff
[OK ]  | 11695 | 0x000051af | 0xff | 0xff
[OK ]  | 11696 | 0x000051b0 | 0x49 | 0x49
[OK ]  | 11697 | 0x000051b1 | 0x93 | 0x93
[OK ]  | 11698 | 0x000051b2 | 0xff | 0xff
[OK ]  | 11699 | 0x000051b3 | 0xff | 0xff
[OK ]  | 11700 | 0x000051b4 | 0xf3 | 0xf3
[OK ]  | 11701 | 0x000051b5 | 0x58 | 0x58
[OK ]  | 11702 | 0x000051b6 | 0x00 | 0x00
[OK ]  | 11703 | 0x000051b7 | 0x00 | 0x00
[OK ]  | 11704 | 0x000051b8 | 0x76 | 0x76
[OK ]  | 11705 | 0x000051b9 | 0x1a | 0x1a
[OK ]  | 11706 | 0x000051ba | 0x00 | 0x00
[OK ]  | 11707 | 0x000051bb | 0x00 | 0x00
[OK ]  | 11708 | 0x000051bc | 0xce | 0xce
[OK ]  | 11709 | 0x000051bd | 0x21 | 0x21
[OK ]  | 11710 | 0x000051be | 0xff | 0xff
[OK ]  | 11711 | 0x000051bf | 0xff | 0xff
[OK ]  | 11712 | 0x000051c0 | 0x26 | 0x26
[OK ]  | 11713 | 0x000051c1 | 0x0b | 0x0b
[OK ]  | 11714 | 0x000051c2 | 0x01 | 0x01
[OK ]  | 11715 | 0x000051c3 | 0x00 | 0x00
[OK ]  | 11716 | 0x000051c4 | 0x4f | 0x4f
[OK ]  | 11717 | 0x000051c5 | 0xc3 | 0xc3
[OK ]  | 11718 | 0x000051c6 | 0x00 | 0x00
[OK ]  | 11719 | 0x000051c7 | 0x00 | 0x00
[OK ]  | 11720 | 0x000051c8 | 0xde | 0xde
[OK ]  | 11721 | 0x000051c9 | 0xc2 | 0xc2
[OK ]  | 11722 | 0x000051ca | 0xff | 0xff
[OK ]  | 11723 | 0x000051cb | 0xff | 0xff
[OK ]  | 11724 | 0x000051cc | 0x7a | 0x7a
[OK ]  | 11725 | 0x000051cd | 0x6d | 0x6d
[OK ]  | 11726 | 0x000051ce | 0xff | 0xff
[OK ]  | 11727 | 0x000051cf | 0xff | 0xff
[OK ]  | 11728 | 0x000051d0 | 0xb2 | 0xb2
[OK ]  | 11729 | 0x000051d1 | 0xd9 | 0xd9
[OK ]  | 11730 | 0x000051d2 | 0xff | 0xff
[OK ]  | 11731 | 0x000051d3 | 0xff | 0xff
[OK ]  | 11732 | 0x000051d4 | 0x2a | 0x2a
[OK ]  | 11733 | 0x000051d5 | 0x25 | 0x25
[OK ]  | 11734 | 0x000051d6 | 0x00 | 0x00
[OK ]  | 11735 | 0x000051d7 | 0x00 | 0x00
[OK ]  | 11736 | 0x000051d8 | 0x37 | 0x37
[OK ]  | 11737 | 0x000051d9 | 0xb8 | 0xb8
[OK ]  | 11738 | 0x000051da | 0x00 | 0x00
[OK ]  | 11739 | 0x000051db | 0x00 | 0x00
[OK ]  | 11740 | 0x000051dc | 0x6c | 0x6c
[OK ]  | 11741 | 0x000051dd | 0x0f | 0x0f
[OK ]  | 11742 | 0x000051de | 0x00 | 0x00
[OK ]  | 11743 | 0x000051df | 0x00 | 0x00
[OK ]  | 11744 | 0x000051e0 | 0xd8 | 0xd8
[OK ]  | 11745 | 0x000051e1 | 0x20 | 0x20
[OK ]  | 11746 | 0x000051e2 | 0x00 | 0x00
[OK ]  | 11747 | 0x000051e3 | 0x00 | 0x00
[OK ]  | 11748 | 0x000051e4 | 0x61 | 0x61
[OK ]  | 11749 | 0x000051e5 | 0x92 | 0x92
[OK ]  | 11750 | 0x000051e6 | 0x00 | 0x00
[OK ]  | 11751 | 0x000051e7 | 0x00 | 0x00
[OK ]  | 11752 | 0x000051e8 | 0xb7 | 0xb7
[OK ]  | 11753 | 0x000051e9 | 0x11 | 0x11
[OK ]  | 11754 | 0x000051ea | 0x00 | 0x00
[OK ]  | 11755 | 0x000051eb | 0x00 | 0x00
[OK ]  | 11756 | 0x000051ec | 0xfd | 0xfd
[OK ]  | 11757 | 0x000051ed | 0xe2 | 0xe2
[OK ]  | 11758 | 0x000051ee | 0x00 | 0x00
[OK ]  | 11759 | 0x000051ef | 0x00 | 0x00
[OK ]  | 11760 | 0x000051f0 | 0xbb | 0xbb
[OK ]  | 11761 | 0x000051f1 | 0xf9 | 0xf9
[OK ]  | 11762 | 0x000051f2 | 0xff | 0xff
[OK ]  | 11763 | 0x000051f3 | 0xff | 0xff
[OK ]  | 11764 | 0x000051f4 | 0xc9 | 0xc9
[OK ]  | 11765 | 0x000051f5 | 0xc5 | 0xc5
[OK ]  | 11766 | 0x000051f6 | 0xff | 0xff
[OK ]  | 11767 | 0x000051f7 | 0xff | 0xff
[OK ]  | 11768 | 0x000051f8 | 0x57 | 0x57
[OK ]  | 11769 | 0x000051f9 | 0x00 | 0x00
[OK ]  | 11770 | 0x000051fa | 0x00 | 0x00
[OK ]  | 11771 | 0x000051fb | 0x00 | 0x00
[OK ]  | 11772 | 0x000051fc | 0x23 | 0x23
[OK ]  | 11773 | 0x000051fd | 0xf9 | 0xf9
[OK ]  | 11774 | 0x000051fe | 0xff | 0xff
[OK ]  | 11775 | 0x000051ff | 0xff | 0xff
[OK ]  | 11776 | 0x00005200 | 0xc2 | 0xc2
[OK ]  | 11777 | 0x00005201 | 0x36 | 0x36
[OK ]  | 11778 | 0x00005202 | 0xff | 0xff
[OK ]  | 11779 | 0x00005203 | 0xff | 0xff
[OK ]  | 11780 | 0x00005204 | 0xb7 | 0xb7
[OK ]  | 11781 | 0x00005205 | 0xb5 | 0xb5
[OK ]  | 11782 | 0x00005206 | 0xff | 0xff
[OK ]  | 11783 | 0x00005207 | 0xff | 0xff
[OK ]  | 11784 | 0x00005208 | 0xf0 | 0xf0
[OK ]  | 11785 | 0x00005209 | 0x09 | 0x09
[OK ]  | 11786 | 0x0000520a | 0x00 | 0x00
[OK ]  | 11787 | 0x0000520b | 0x00 | 0x00
[OK ]  | 11788 | 0x0000520c | 0xe0 | 0xe0
[OK ]  | 11789 | 0x0000520d | 0x9a | 0x9a
[OK ]  | 11790 | 0x0000520e | 0x00 | 0x00
[OK ]  | 11791 | 0x0000520f | 0x00 | 0x00
[OK ]  | 11792 | 0x00005210 | 0xcb | 0xcb
[OK ]  | 11793 | 0x00005211 | 0x8a | 0x8a
[OK ]  | 11794 | 0x00005212 | 0xff | 0xff
[OK ]  | 11795 | 0x00005213 | 0xff | 0xff
[OK ]  | 11796 | 0x00005214 | 0x60 | 0x60
[OK ]  | 11797 | 0x00005215 | 0xb3 | 0xb3
[OK ]  | 11798 | 0x00005216 | 0xfe | 0xfe
[OK ]  | 11799 | 0x00005217 | 0xff | 0xff
[OK ]  | 11800 | 0x00005218 | 0xa8 | 0xa8
[OK ]  | 11801 | 0x00005219 | 0xe2 | 0xe2
[OK ]  | 11802 | 0x0000521a | 0x00 | 0x00
[OK ]  | 11803 | 0x0000521b | 0x00 | 0x00
[OK ]  | 11804 | 0x0000521c | 0x11 | 0x11
[OK ]  | 11805 | 0x0000521d | 0xad | 0xad
[OK ]  | 11806 | 0x0000521e | 0x00 | 0x00
[OK ]  | 11807 | 0x0000521f | 0x00 | 0x00
[OK ]  | 11808 | 0x00005220 | 0x8c | 0x8c
[OK ]  | 11809 | 0x00005221 | 0x68 | 0x68
[OK ]  | 11810 | 0x00005222 | 0x00 | 0x00
[OK ]  | 11811 | 0x00005223 | 0x00 | 0x00
[OK ]  | 11812 | 0x00005224 | 0x65 | 0x65
[OK ]  | 11813 | 0x00005225 | 0x6b | 0x6b
[OK ]  | 11814 | 0x00005226 | 0xff | 0xff
[OK ]  | 11815 | 0x00005227 | 0xff | 0xff
[OK ]  | 11816 | 0x00005228 | 0x93 | 0x93
[OK ]  | 11817 | 0x00005229 | 0xf8 | 0xf8
[OK ]  | 11818 | 0x0000522a | 0xff | 0xff
[OK ]  | 11819 | 0x0000522b | 0xff | 0xff
[OK ]  | 11820 | 0x0000522c | 0xcf | 0xcf
[OK ]  | 11821 | 0x0000522d | 0xe1 | 0xe1
[OK ]  | 11822 | 0x0000522e | 0xff | 0xff
[OK ]  | 11823 | 0x0000522f | 0xff | 0xff
[OK ]  | 11824 | 0x00005230 | 0x77 | 0x77
[OK ]  | 11825 | 0x00005231 | 0x35 | 0x35
[OK ]  | 11826 | 0x00005232 | 0xff | 0xff
[OK ]  | 11827 | 0x00005233 | 0xff | 0xff
[OK ]  | 11828 | 0x00005234 | 0x95 | 0x95
[OK ]  | 11829 | 0x00005235 | 0x55 | 0x55
[OK ]  | 11830 | 0x00005236 | 0xfe | 0xfe
[OK ]  | 11831 | 0x00005237 | 0xff | 0xff
[OK ]  | 11832 | 0x00005238 | 0xbc | 0xbc
[OK ]  | 11833 | 0x00005239 | 0x1b | 0x1b
[OK ]  | 11834 | 0x0000523a | 0xff | 0xff
[OK ]  | 11835 | 0x0000523b | 0xff | 0xff
[OK ]  | 11836 | 0x0000523c | 0x00 | 0x00
[OK ]  | 11837 | 0x0000523d | 0x1c | 0x1c
[OK ]  | 11838 | 0x0000523e | 0x01 | 0x01
[OK ]  | 11839 | 0x0000523f | 0x00 | 0x00
[OK ]  | 11840 | 0x00005240 | 0x7b | 0x7b
[OK ]  | 11841 | 0x00005241 | 0xeb | 0xeb
[OK ]  | 11842 | 0x00005242 | 0xff | 0xff
[OK ]  | 11843 | 0x00005243 | 0xff | 0xff
[OK ]  | 11844 | 0x00005244 | 0x79 | 0x79
[OK ]  | 11845 | 0x00005245 | 0xfb | 0xfb
[OK ]  | 11846 | 0x00005246 | 0xff | 0xff
[OK ]  | 11847 | 0x00005247 | 0xff | 0xff
[OK ]  | 11848 | 0x00005248 | 0x09 | 0x09
[OK ]  | 11849 | 0x00005249 | 0x5a | 0x5a
[OK ]  | 11850 | 0x0000524a | 0x01 | 0x01
[OK ]  | 11851 | 0x0000524b | 0x00 | 0x00
[OK ]  | 11852 | 0x0000524c | 0x9b | 0x9b
[OK ]  | 11853 | 0x0000524d | 0x26 | 0x26
[OK ]  | 11854 | 0x0000524e | 0x00 | 0x00
[OK ]  | 11855 | 0x0000524f | 0x00 | 0x00
[OK ]  | 11856 | 0x00005250 | 0xcd | 0xcd
[OK ]  | 11857 | 0x00005251 | 0xa9 | 0xa9
[OK ]  | 11858 | 0x00005252 | 0xff | 0xff
[OK ]  | 11859 | 0x00005253 | 0xff | 0xff
[OK ]  | 11860 | 0x00005254 | 0x1d | 0x1d
[OK ]  | 11861 | 0x00005255 | 0xb3 | 0xb3
[OK ]  | 11862 | 0x00005256 | 0xff | 0xff
[OK ]  | 11863 | 0x00005257 | 0xff | 0xff
[OK ]  | 11864 | 0x00005258 | 0xee | 0xee
[OK ]  | 11865 | 0x00005259 | 0xc6 | 0xc6
[OK ]  | 11866 | 0x0000525a | 0xff | 0xff
[OK ]  | 11867 | 0x0000525b | 0xff | 0xff
[OK ]  | 11868 | 0x0000525c | 0xed | 0xed
[OK ]  | 11869 | 0x0000525d | 0x61 | 0x61
[OK ]  | 11870 | 0x0000525e | 0x01 | 0x01
[OK ]  | 11871 | 0x0000525f | 0x00 | 0x00
[OK ]  | 11872 | 0x00005260 | 0x4a | 0x4a
[OK ]  | 11873 | 0x00005261 | 0xa1 | 0xa1
[OK ]  | 11874 | 0x00005262 | 0x00 | 0x00
[OK ]  | 11875 | 0x00005263 | 0x00 | 0x00
[OK ]  | 11876 | 0x00005264 | 0xd0 | 0xd0
[OK ]  | 11877 | 0x00005265 | 0x2f | 0x2f
[OK ]  | 11878 | 0x00005266 | 0xff | 0xff
[OK ]  | 11879 | 0x00005267 | 0xff | 0xff
[OK ]  | 11880 | 0x00005268 | 0x6f | 0x6f
[OK ]  | 11881 | 0x00005269 | 0x80 | 0x80
[OK ]  | 11882 | 0x0000526a | 0xff | 0xff
[OK ]  | 11883 | 0x0000526b | 0xff | 0xff
[OK ]  | 11884 | 0x0000526c | 0x2d | 0x2d
[OK ]  | 11885 | 0x0000526d | 0xa1 | 0xa1
[OK ]  | 11886 | 0x0000526e | 0x01 | 0x01
[OK ]  | 11887 | 0x0000526f | 0x00 | 0x00
[OK ]  | 11888 | 0x00005270 | 0xf9 | 0xf9
[OK ]  | 11889 | 0x00005271 | 0x4e | 0x4e
[OK ]  | 11890 | 0x00005272 | 0xff | 0xff
[OK ]  | 11891 | 0x00005273 | 0xff | 0xff
[OK ]  | 11892 | 0x00005274 | 0x00 | 0x00
[OK ]  | 11893 | 0x00005275 | 0x1e | 0x1e
[OK ]  | 11894 | 0x00005276 | 0x00 | 0x00
[OK ]  | 11895 | 0x00005277 | 0x00 | 0x00
[OK ]  | 11896 | 0x00005278 | 0x22 | 0x22
[OK ]  | 11897 | 0x00005279 | 0x93 | 0x93
[OK ]  | 11898 | 0x0000527a | 0x01 | 0x01
[OK ]  | 11899 | 0x0000527b | 0x00 | 0x00
[OK ]  | 11900 | 0x0000527c | 0x94 | 0x94
[OK ]  | 11901 | 0x0000527d | 0x3e | 0x3e
[OK ]  | 11902 | 0x0000527e | 0x00 | 0x00
[OK ]  | 11903 | 0x0000527f | 0x00 | 0x00
[OK ]  | 11904 | 0x00005280 | 0x3c | 0x3c
[OK ]  | 11905 | 0x00005281 | 0x23 | 0x23
[OK ]  | 11906 | 0x00005282 | 0x01 | 0x01
[OK ]  | 11907 | 0x00005283 | 0x00 | 0x00
[OK ]  | 11908 | 0x00005284 | 0xee | 0xee
[OK ]  | 11909 | 0x00005285 | 0x98 | 0x98
[OK ]  | 11910 | 0x00005286 | 0xff | 0xff
[OK ]  | 11911 | 0x00005287 | 0xff | 0xff
[OK ]  | 11912 | 0x00005288 | 0x11 | 0x11
[OK ]  | 11913 | 0x00005289 | 0x99 | 0x99
[OK ]  | 11914 | 0x0000528a | 0xfe | 0xfe
[OK ]  | 11915 | 0x0000528b | 0xff | 0xff
[OK ]  | 11916 | 0x0000528c | 0x61 | 0x61
[OK ]  | 11917 | 0x0000528d | 0xb9 | 0xb9
[OK ]  | 11918 | 0x0000528e | 0x00 | 0x00
[OK ]  | 11919 | 0x0000528f | 0x00 | 0x00
[OK ]  | 11920 | 0x00005290 | 0x61 | 0x61
[OK ]  | 11921 | 0x00005291 | 0x34 | 0x34
[OK ]  | 11922 | 0x00005292 | 0x01 | 0x01
[OK ]  | 11923 | 0x00005293 | 0x00 | 0x00
[OK ]  | 11924 | 0x00005294 | 0x63 | 0x63
[OK ]  | 11925 | 0x00005295 | 0x8e | 0x8e
[OK ]  | 11926 | 0x00005296 | 0xff | 0xff
[OK ]  | 11927 | 0x00005297 | 0xff | 0xff
[OK ]  | 11928 | 0x00005298 | 0x9c | 0x9c
[OK ]  | 11929 | 0x00005299 | 0x1b | 0x1b
[OK ]  | 11930 | 0x0000529a | 0xff | 0xff
[OK ]  | 11931 | 0x0000529b | 0xff | 0xff
[OK ]  | 11932 | 0x0000529c | 0x9b | 0x9b
[OK ]  | 11933 | 0x0000529d | 0x85 | 0x85
[OK ]  | 11934 | 0x0000529e | 0x00 | 0x00
[OK ]  | 11935 | 0x0000529f | 0x00 | 0x00
[OK ]  | 11936 | 0x000052a0 | 0x48 | 0x48
[OK ]  | 11937 | 0x000052a1 | 0x8a | 0x8a
[OK ]  | 11938 | 0x000052a2 | 0xff | 0xff
[OK ]  | 11939 | 0x000052a3 | 0xff | 0xff
[OK ]  | 11940 | 0x000052a4 | 0x61 | 0x61
[OK ]  | 11941 | 0x000052a5 | 0x8e | 0x8e
[OK ]  | 11942 | 0x000052a6 | 0xff | 0xff
[OK ]  | 11943 | 0x000052a7 | 0xff | 0xff
[OK ]  | 11944 | 0x000052a8 | 0xf7 | 0xf7
[OK ]  | 11945 | 0x000052a9 | 0xa9 | 0xa9
[OK ]  | 11946 | 0x000052aa | 0x01 | 0x01
[OK ]  | 11947 | 0x000052ab | 0x00 | 0x00
[OK ]  | 11948 | 0x000052ac | 0x7e | 0x7e
[OK ]  | 11949 | 0x000052ad | 0x68 | 0x68
[OK ]  | 11950 | 0x000052ae | 0x00 | 0x00
[OK ]  | 11951 | 0x000052af | 0x00 | 0x00
[OK ]  | 11952 | 0x000052b0 | 0x01 | 0x01
[OK ]  | 11953 | 0x000052b1 | 0xfe | 0xfe
[OK ]  | 11954 | 0x000052b2 | 0xff | 0xff
[OK ]  | 11955 | 0x000052b3 | 0xff | 0xff
[OK ]  | 11956 | 0x000052b4 | 0x75 | 0x75
[OK ]  | 11957 | 0x000052b5 | 0xe6 | 0xe6
[OK ]  | 11958 | 0x000052b6 | 0x00 | 0x00
[OK ]  | 11959 | 0x000052b7 | 0x00 | 0x00
[OK ]  | 11960 | 0x000052b8 | 0x20 | 0x20
[OK ]  | 11961 | 0x000052b9 | 0xcb | 0xcb
[OK ]  | 11962 | 0x000052ba | 0xff | 0xff
[OK ]  | 11963 | 0x000052bb | 0xff | 0xff
[OK ]  | 11964 | 0x000052bc | 0xcf | 0xcf
[OK ]  | 11965 | 0x000052bd | 0xd3 | 0xd3
[OK ]  | 11966 | 0x000052be | 0xfe | 0xfe
[OK ]  | 11967 | 0x000052bf | 0xff | 0xff
[OK ]  | 11968 | 0x000052c0 | 0x48 | 0x48
[OK ]  | 11969 | 0x000052c1 | 0x1c | 0x1c
[OK ]  | 11970 | 0x000052c2 | 0x01 | 0x01
[OK ]  | 11971 | 0x000052c3 | 0x00 | 0x00
[OK ]  | 11972 | 0x000052c4 | 0x8d | 0x8d
[OK ]  | 11973 | 0x000052c5 | 0x42 | 0x42
[OK ]  | 11974 | 0x000052c6 | 0x00 | 0x00
[OK ]  | 11975 | 0x000052c7 | 0x00 | 0x00
[OK ]  | 11976 | 0x000052c8 | 0x0b | 0x0b
[OK ]  | 11977 | 0x000052c9 | 0x48 | 0x48
[OK ]  | 11978 | 0x000052ca | 0x00 | 0x00
[OK ]  | 11979 | 0x000052cb | 0x00 | 0x00
[OK ]  | 11980 | 0x000052cc | 0x33 | 0x33
[OK ]  | 11981 | 0x000052cd | 0x8f | 0x8f
[OK ]  | 11982 | 0x000052ce | 0xff | 0xff
[OK ]  | 11983 | 0x000052cf | 0xff | 0xff
[OK ]  | 11984 | 0x000052d0 | 0xb8 | 0xb8
[OK ]  | 11985 | 0x000052d1 | 0x56 | 0x56
[OK ]  | 11986 | 0x000052d2 | 0x00 | 0x00
[OK ]  | 11987 | 0x000052d3 | 0x00 | 0x00
[OK ]  | 11988 | 0x000052d4 | 0x57 | 0x57
[OK ]  | 11989 | 0x000052d5 | 0x65 | 0x65
[OK ]  | 11990 | 0x000052d6 | 0x00 | 0x00
[OK ]  | 11991 | 0x000052d7 | 0x00 | 0x00
[OK ]  | 11992 | 0x000052d8 | 0x1e | 0x1e
[OK ]  | 11993 | 0x000052d9 | 0xb3 | 0xb3
[OK ]  | 11994 | 0x000052da | 0xff | 0xff
[OK ]  | 11995 | 0x000052db | 0xff | 0xff
[OK ]  | 11996 | 0x000052dc | 0xd0 | 0xd0
[OK ]  | 11997 | 0x000052dd | 0x70 | 0x70
[OK ]  | 11998 | 0x000052de | 0x00 | 0x00
[OK ]  | 11999 | 0x000052df | 0x00 | 0x00
[OK ]  | 12000 | 0x000052e0 | 0x2b | 0x2b
[OK ]  | 12001 | 0x000052e1 | 0xbd | 0xbd
[OK ]  | 12002 | 0x000052e2 | 0xff | 0xff
[OK ]  | 12003 | 0x000052e3 | 0xff | 0xff
[OK ]  | 12004 | 0x000052e4 | 0x9d | 0x9d
[OK ]  | 12005 | 0x000052e5 | 0xf0 | 0xf0
[OK ]  | 12006 | 0x000052e6 | 0xfe | 0xfe
[OK ]  | 12007 | 0x000052e7 | 0xff | 0xff
[OK ]  | 12008 | 0x000052e8 | 0x8e | 0x8e
[OK ]  | 12009 | 0x000052e9 | 0x35 | 0x35
[OK ]  | 12010 | 0x000052ea | 0x00 | 0x00
[OK ]  | 12011 | 0x000052eb | 0x00 | 0x00
[OK ]  | 12012 | 0x000052ec | 0x45 | 0x45
[OK ]  | 12013 | 0x000052ed | 0x1f | 0x1f
[OK ]  | 12014 | 0x000052ee | 0x00 | 0x00
[OK ]  | 12015 | 0x000052ef | 0x00 | 0x00
[OK ]  | 12016 | 0x000052f0 | 0x35 | 0x35
[OK ]  | 12017 | 0x000052f1 | 0xec | 0xec
[OK ]  | 12018 | 0x000052f2 | 0xff | 0xff
[OK ]  | 12019 | 0x000052f3 | 0xff | 0xff
[OK ]  | 12020 | 0x000052f4 | 0x96 | 0x96
[OK ]  | 12021 | 0x000052f5 | 0x5c | 0x5c
[OK ]  | 12022 | 0x000052f6 | 0x01 | 0x01
[OK ]  | 12023 | 0x000052f7 | 0x00 | 0x00
[OK ]  | 12024 | 0x000052f8 | 0xc2 | 0xc2
[OK ]  | 12025 | 0x000052f9 | 0x76 | 0x76
[OK ]  | 12026 | 0x000052fa | 0x00 | 0x00
[OK ]  | 12027 | 0x000052fb | 0x00 | 0x00
[OK ]  | 12028 | 0x000052fc | 0x17 | 0x17
[OK ]  | 12029 | 0x000052fd | 0x9b | 0x9b
[OK ]  | 12030 | 0x000052fe | 0xff | 0xff
[OK ]  | 12031 | 0x000052ff | 0xff | 0xff
[OK ]  | 12032 | 0x00005300 | 0xb0 | 0xb0
[OK ]  | 12033 | 0x00005301 | 0xa7 | 0xa7
[OK ]  | 12034 | 0x00005302 | 0xff | 0xff
[OK ]  | 12035 | 0x00005303 | 0xff | 0xff
[OK ]  | 12036 | 0x00005304 | 0x71 | 0x71
[OK ]  | 12037 | 0x00005305 | 0x07 | 0x07
[OK ]  | 12038 | 0x00005306 | 0x00 | 0x00
[OK ]  | 12039 | 0x00005307 | 0x00 | 0x00
[OK ]  | 12040 | 0x00005308 | 0x72 | 0x72
[OK ]  | 12041 | 0x00005309 | 0x57 | 0x57
[OK ]  | 12042 | 0x0000530a | 0x00 | 0x00
[OK ]  | 12043 | 0x0000530b | 0x00 | 0x00
[OK ]  | 12044 | 0x0000530c | 0x39 | 0x39
[OK ]  | 12045 | 0x0000530d | 0xf0 | 0xf0
[OK ]  | 12046 | 0x0000530e | 0xff | 0xff
[OK ]  | 12047 | 0x0000530f | 0xff | 0xff
[OK ]  | 12048 | 0x00005310 | 0xde | 0xde
[OK ]  | 12049 | 0x00005311 | 0xa0 | 0xa0
[OK ]  | 12050 | 0x00005312 | 0xff | 0xff
[OK ]  | 12051 | 0x00005313 | 0xff | 0xff
[OK ]  | 12052 | 0x00005314 | 0x93 | 0x93
[OK ]  | 12053 | 0x00005315 | 0x10 | 0x10
[OK ]  | 12054 | 0x00005316 | 0x00 | 0x00
[OK ]  | 12055 | 0x00005317 | 0x00 | 0x00
[OK ]  | 12056 | 0x00005318 | 0xec | 0xec
[OK ]  | 12057 | 0x00005319 | 0xfa | 0xfa
[OK ]  | 12058 | 0x0000531a | 0xfe | 0xfe
[OK ]  | 12059 | 0x0000531b | 0xff | 0xff
[OK ]  | 12060 | 0x0000531c | 0xba | 0xba
[OK ]  | 12061 | 0x0000531d | 0xc1 | 0xc1
[OK ]  | 12062 | 0x0000531e | 0x00 | 0x00
[OK ]  | 12063 | 0x0000531f | 0x00 | 0x00
[OK ]  | 12064 | 0x00005320 | 0x41 | 0x41
[OK ]  | 12065 | 0x00005321 | 0xf2 | 0xf2
[OK ]  | 12066 | 0x00005322 | 0xff | 0xff
[OK ]  | 12067 | 0x00005323 | 0xff | 0xff
[OK ]  | 12068 | 0x00005324 | 0xc5 | 0xc5
[OK ]  | 12069 | 0x00005325 | 0xaa | 0xaa
[OK ]  | 12070 | 0x00005326 | 0xfe | 0xfe
[OK ]  | 12071 | 0x00005327 | 0xff | 0xff
[OK ]  | 12072 | 0x00005328 | 0x9d | 0x9d
[OK ]  | 12073 | 0x00005329 | 0x2a | 0x2a
[OK ]  | 12074 | 0x0000532a | 0xff | 0xff
[OK ]  | 12075 | 0x0000532b | 0xff | 0xff
[OK ]  | 12076 | 0x0000532c | 0x62 | 0x62
[OK ]  | 12077 | 0x0000532d | 0xd3 | 0xd3
[OK ]  | 12078 | 0x0000532e | 0x00 | 0x00
[OK ]  | 12079 | 0x0000532f | 0x00 | 0x00
[OK ]  | 12080 | 0x00005330 | 0x3c | 0x3c
[OK ]  | 12081 | 0x00005331 | 0x19 | 0x19
[OK ]  | 12082 | 0x00005332 | 0x01 | 0x01
[OK ]  | 12083 | 0x00005333 | 0x00 | 0x00
[OK ]  | 12084 | 0x00005334 | 0x92 | 0x92
[OK ]  | 12085 | 0x00005335 | 0x86 | 0x86
[OK ]  | 12086 | 0x00005336 | 0x00 | 0x00
[OK ]  | 12087 | 0x00005337 | 0x00 | 0x00
[OK ]  | 12088 | 0x00005338 | 0x74 | 0x74
[OK ]  | 12089 | 0x00005339 | 0xfc | 0xfc
[OK ]  | 12090 | 0x0000533a | 0xfe | 0xfe
[OK ]  | 12091 | 0x0000533b | 0xff | 0xff
[OK ]  | 12092 | 0x0000533c | 0x98 | 0x98
[OK ]  | 12093 | 0x0000533d | 0xef | 0xef
[OK ]  | 12094 | 0x0000533e | 0x00 | 0x00
[OK ]  | 12095 | 0x0000533f | 0x00 | 0x00
[OK ]  | 12096 | 0x00005340 | 0x38 | 0x38
[OK ]  | 12097 | 0x00005341 | 0x9d | 0x9d
[OK ]  | 12098 | 0x00005342 | 0xff | 0xff
[OK ]  | 12099 | 0x00005343 | 0xff | 0xff
[OK ]  | 12100 | 0x00005344 | 0x02 | 0x02
[OK ]  | 12101 | 0x00005345 | 0x54 | 0x54
[OK ]  | 12102 | 0x00005346 | 0xff | 0xff
[OK ]  | 12103 | 0x00005347 | 0xff | 0xff
[OK ]  | 12104 | 0x00005348 | 0x4f | 0x4f
[OK ]  | 12105 | 0x00005349 | 0xe3 | 0xe3
[OK ]  | 12106 | 0x0000534a | 0x00 | 0x00
[OK ]  | 12107 | 0x0000534b | 0x00 | 0x00
[OK ]  | 12108 | 0x0000534c | 0x96 | 0x96
[OK ]  | 12109 | 0x0000534d | 0x77 | 0x77
[OK ]  | 12110 | 0x0000534e | 0xff | 0xff
[OK ]  | 12111 | 0x0000534f | 0xff | 0xff
[OK ]  | 12112 | 0x00005350 | 0x34 | 0x34
[OK ]  | 12113 | 0x00005351 | 0xe7 | 0xe7
[OK ]  | 12114 | 0x00005352 | 0xff | 0xff
[OK ]  | 12115 | 0x00005353 | 0xff | 0xff
[OK ]  | 12116 | 0x00005354 | 0x7a | 0x7a
[OK ]  | 12117 | 0x00005355 | 0x21 | 0x21
[OK ]  | 12118 | 0x00005356 | 0x02 | 0x02
[OK ]  | 12119 | 0x00005357 | 0x00 | 0x00
[OK ]  | 12120 | 0x00005358 | 0x6d | 0x6d
[OK ]  | 12121 | 0x00005359 | 0x55 | 0x55
[OK ]  | 12122 | 0x0000535a | 0x00 | 0x00
[OK ]  | 12123 | 0x0000535b | 0x00 | 0x00
[OK ]  | 12124 | 0x0000535c | 0xbe | 0xbe
[OK ]  | 12125 | 0x0000535d | 0xb7 | 0xb7
[OK ]  | 12126 | 0x0000535e | 0xfe | 0xfe
[OK ]  | 12127 | 0x0000535f | 0xff | 0xff
[OK ]  | 12128 | 0x00005360 | 0xd8 | 0xd8
[OK ]  | 12129 | 0x00005361 | 0x13 | 0x13
[OK ]  | 12130 | 0x00005362 | 0xff | 0xff
[OK ]  | 12131 | 0x00005363 | 0xff | 0xff
[OK ]  | 12132 | 0x00005364 | 0x51 | 0x51
[OK ]  | 12133 | 0x00005365 | 0xdf | 0xdf
[OK ]  | 12134 | 0x00005366 | 0xff | 0xff
[OK ]  | 12135 | 0x00005367 | 0xff | 0xff
[OK ]  | 12136 | 0x00005368 | 0x49 | 0x49
[OK ]  | 12137 | 0x00005369 | 0x73 | 0x73
[OK ]  | 12138 | 0x0000536a | 0xff | 0xff
[OK ]  | 12139 | 0x0000536b | 0xff | 0xff
[OK ]  | 12140 | 0x0000536c | 0xdd | 0xdd
[OK ]  | 12141 | 0x0000536d | 0xc8 | 0xc8
[OK ]  | 12142 | 0x0000536e | 0xff | 0xff
[OK ]  | 12143 | 0x0000536f | 0xff | 0xff
[OK ]  | 12144 | 0x00005370 | 0x81 | 0x81
[OK ]  | 12145 | 0x00005371 | 0x93 | 0x93
[OK ]  | 12146 | 0x00005372 | 0xff | 0xff
[OK ]  | 12147 | 0x00005373 | 0xff | 0xff
[OK ]  | 12148 | 0x00005374 | 0x6b | 0x6b
[OK ]  | 12149 | 0x00005375 | 0x10 | 0x10
[OK ]  | 12150 | 0x00005376 | 0xff | 0xff
[OK ]  | 12151 | 0x00005377 | 0xff | 0xff
[OK ]  | 12152 | 0x00005378 | 0xb8 | 0xb8
[OK ]  | 12153 | 0x00005379 | 0x17 | 0x17
[OK ]  | 12154 | 0x0000537a | 0x01 | 0x01
[OK ]  | 12155 | 0x0000537b | 0x00 | 0x00
[OK ]  | 12156 | 0x0000537c | 0x12 | 0x12
[OK ]  | 12157 | 0x0000537d | 0xfa | 0xfa
[OK ]  | 12158 | 0x0000537e | 0xff | 0xff
[OK ]  | 12159 | 0x0000537f | 0xff | 0xff
[OK ]  | 12160 | 0x00005380 | 0x2e | 0x2e
[OK ]  | 12161 | 0x00005381 | 0x32 | 0x32
[OK ]  | 12162 | 0x00005382 | 0x00 | 0x00
[OK ]  | 12163 | 0x00005383 | 0x00 | 0x00
[OK ]  | 12164 | 0x00005384 | 0x7f | 0x7f
[OK ]  | 12165 | 0x00005385 | 0x3f | 0x3f
[OK ]  | 12166 | 0x00005386 | 0x00 | 0x00
[OK ]  | 12167 | 0x00005387 | 0x00 | 0x00
[OK ]  | 12168 | 0x00005388 | 0x1d | 0x1d
[OK ]  | 12169 | 0x00005389 | 0xa5 | 0xa5
[OK ]  | 12170 | 0x0000538a | 0xff | 0xff
[OK ]  | 12171 | 0x0000538b | 0xff | 0xff
[OK ]  | 12172 | 0x0000538c | 0xf3 | 0xf3
[OK ]  | 12173 | 0x0000538d | 0x1b | 0x1b
[OK ]  | 12174 | 0x0000538e | 0x00 | 0x00
[OK ]  | 12175 | 0x0000538f | 0x00 | 0x00
[OK ]  | 12176 | 0x00005390 | 0x1a | 0x1a
[OK ]  | 12177 | 0x00005391 | 0x55 | 0x55
[OK ]  | 12178 | 0x00005392 | 0x00 | 0x00
[OK ]  | 12179 | 0x00005393 | 0x00 | 0x00
[OK ]  | 12180 | 0x00005394 | 0x0d | 0x0d
[OK ]  | 12181 | 0x00005395 | 0x1e | 0x1e
[OK ]  | 12182 | 0x00005396 | 0x00 | 0x00
[OK ]  | 12183 | 0x00005397 | 0x00 | 0x00
[OK ]  | 12184 | 0x00005398 | 0xbb | 0xbb
[OK ]  | 12185 | 0x00005399 | 0x66 | 0x66
[OK ]  | 12186 | 0x0000539a | 0x00 | 0x00
[OK ]  | 12187 | 0x0000539b | 0x00 | 0x00
[OK ]  | 12188 | 0x0000539c | 0x7b | 0x7b
[OK ]  | 12189 | 0x0000539d | 0xb8 | 0xb8
[OK ]  | 12190 | 0x0000539e | 0xfe | 0xfe
[OK ]  | 12191 | 0x0000539f | 0xff | 0xff
[OK ]  | 12192 | 0x000053a0 | 0x35 | 0x35
[OK ]  | 12193 | 0x000053a1 | 0xb5 | 0xb5
[OK ]  | 12194 | 0x000053a2 | 0xfe | 0xfe
[OK ]  | 12195 | 0x000053a3 | 0xff | 0xff
[OK ]  | 12196 | 0x000053a4 | 0x81 | 0x81
[OK ]  | 12197 | 0x000053a5 | 0xe6 | 0xe6
[OK ]  | 12198 | 0x000053a6 | 0x00 | 0x00
[OK ]  | 12199 | 0x000053a7 | 0x00 | 0x00
[OK ]  | 12200 | 0x000053a8 | 0xe0 | 0xe0
[OK ]  | 12201 | 0x000053a9 | 0x8b | 0x8b
[OK ]  | 12202 | 0x000053aa | 0xff | 0xff
[OK ]  | 12203 | 0x000053ab | 0xff | 0xff
[OK ]  | 12204 | 0x000053ac | 0xdd | 0xdd
[OK ]  | 12205 | 0x000053ad | 0x34 | 0x34
[OK ]  | 12206 | 0x000053ae | 0x00 | 0x00
[OK ]  | 12207 | 0x000053af | 0x00 | 0x00
[OK ]  | 12208 | 0x000053b0 | 0xf0 | 0xf0
[OK ]  | 12209 | 0x000053b1 | 0x64 | 0x64
[OK ]  | 12210 | 0x000053b2 | 0x00 | 0x00
[OK ]  | 12211 | 0x000053b3 | 0x00 | 0x00
[OK ]  | 12212 | 0x000053b4 | 0xa1 | 0xa1
[OK ]  | 12213 | 0x000053b5 | 0x1a | 0x1a
[OK ]  | 12214 | 0x000053b6 | 0x00 | 0x00
[OK ]  | 12215 | 0x000053b7 | 0x00 | 0x00
[OK ]  | 12216 | 0x000053b8 | 0x6d | 0x6d
[OK ]  | 12217 | 0x000053b9 | 0x68 | 0x68
[OK ]  | 12218 | 0x000053ba | 0xff | 0xff
[OK ]  | 12219 | 0x000053bb | 0xff | 0xff
[OK ]  | 12220 | 0x000053bc | 0x70 | 0x70
[OK ]  | 12221 | 0x000053bd | 0x07 | 0x07
[OK ]  | 12222 | 0x000053be | 0x00 | 0x00
[OK ]  | 12223 | 0x000053bf | 0x00 | 0x00
[OK ]  | 12224 | 0x000053c0 | 0xf1 | 0xf1
[OK ]  | 12225 | 0x000053c1 | 0xe6 | 0xe6
[OK ]  | 12226 | 0x000053c2 | 0xff | 0xff
[OK ]  | 12227 | 0x000053c3 | 0xff | 0xff
[OK ]  | 12228 | 0x000053c4 | 0xd4 | 0xd4
[OK ]  | 12229 | 0x000053c5 | 0x68 | 0x68
[OK ]  | 12230 | 0x000053c6 | 0xff | 0xff
[OK ]  | 12231 | 0x000053c7 | 0xff | 0xff
[OK ]  | 12232 | 0x000053c8 | 0x80 | 0x80
[OK ]  | 12233 | 0x000053c9 | 0x1c | 0x1c
[OK ]  | 12234 | 0x000053ca | 0x00 | 0x00
[OK ]  | 12235 | 0x000053cb | 0x00 | 0x00
[OK ]  | 12236 | 0x000053cc | 0xf2 | 0xf2
[OK ]  | 12237 | 0x000053cd | 0x69 | 0x69
[OK ]  | 12238 | 0x000053ce | 0xff | 0xff
[OK ]  | 12239 | 0x000053cf | 0xff | 0xff
[OK ]  | 12240 | 0x000053d0 | 0xd8 | 0xd8
[OK ]  | 12241 | 0x000053d1 | 0x76 | 0x76
[OK ]  | 12242 | 0x000053d2 | 0x00 | 0x00
[OK ]  | 12243 | 0x000053d3 | 0x00 | 0x00
[OK ]  | 12244 | 0x000053d4 | 0x42 | 0x42
[OK ]  | 12245 | 0x000053d5 | 0x15 | 0x15
[OK ]  | 12246 | 0x000053d6 | 0xff | 0xff
[OK ]  | 12247 | 0x000053d7 | 0xff | 0xff
[OK ]  | 12248 | 0x000053d8 | 0xc9 | 0xc9
[OK ]  | 12249 | 0x000053d9 | 0xba | 0xba
[OK ]  | 12250 | 0x000053da | 0xff | 0xff
[OK ]  | 12251 | 0x000053db | 0xff | 0xff
[OK ]  | 12252 | 0x000053dc | 0xb0 | 0xb0
[OK ]  | 12253 | 0x000053dd | 0x12 | 0x12
[OK ]  | 12254 | 0x000053de | 0x00 | 0x00
[OK ]  | 12255 | 0x000053df | 0x00 | 0x00
[OK ]  | 12256 | 0x000053e0 | 0x27 | 0x27
[OK ]  | 12257 | 0x000053e1 | 0xa1 | 0xa1
[OK ]  | 12258 | 0x000053e2 | 0xff | 0xff
[OK ]  | 12259 | 0x000053e3 | 0xff | 0xff
[OK ]  | 12260 | 0x000053e4 | 0xc1 | 0xc1
[OK ]  | 12261 | 0x000053e5 | 0x05 | 0x05
[OK ]  | 12262 | 0x000053e6 | 0x00 | 0x00
[OK ]  | 12263 | 0x000053e7 | 0x00 | 0x00
[OK ]  | 12264 | 0x000053e8 | 0x01 | 0x01
[OK ]  | 12265 | 0x000053e9 | 0x1b | 0x1b
[OK ]  | 12266 | 0x000053ea | 0xff | 0xff
[OK ]  | 12267 | 0x000053eb | 0xff | 0xff
[OK ]  | 12268 | 0x000053ec | 0x40 | 0x40
[OK ]  | 12269 | 0x000053ed | 0x28 | 0x28
[OK ]  | 12270 | 0x000053ee | 0xff | 0xff
[OK ]  | 12271 | 0x000053ef | 0xff | 0xff
[OK ]  | 12272 | 0x000053f0 | 0xe0 | 0xe0
[OK ]  | 12273 | 0x000053f1 | 0xd5 | 0xd5
[OK ]  | 12274 | 0x000053f2 | 0x00 | 0x00
[OK ]  | 12275 | 0x000053f3 | 0x00 | 0x00
[OK ]  | 12276 | 0x000053f4 | 0x9f | 0x9f
[OK ]  | 12277 | 0x000053f5 | 0x9c | 0x9c
[OK ]  | 12278 | 0x000053f6 | 0xff | 0xff
[OK ]  | 12279 | 0x000053f7 | 0xff | 0xff
[OK ]  | 12280 | 0x000053f8 | 0xc7 | 0xc7
[OK ]  | 12281 | 0x000053f9 | 0x31 | 0x31
[OK ]  | 12282 | 0x000053fa | 0xff | 0xff
[OK ]  | 12283 | 0x000053fb | 0xff | 0xff
[OK ]  | 12284 | 0x000053fc | 0x6c | 0x6c
[OK ]  | 12285 | 0x000053fd | 0xf5 | 0xf5
[OK ]  | 12286 | 0x000053fe | 0x00 | 0x00
[OK ]  | 12287 | 0x000053ff | 0x00 | 0x00
[OK ]  | 12288 | 0x00005400 | 0xfe | 0xfe
[OK ]  | 12289 | 0x00005401 | 0xe9 | 0xe9
[OK ]  | 12290 | 0x00005402 | 0xff | 0xff
[OK ]  | 12291 | 0x00005403 | 0xff | 0xff
[OK ]  | 12292 | 0x00005404 | 0x5b | 0x5b
[OK ]  | 12293 | 0x00005405 | 0x02 | 0x02
[OK ]  | 12294 | 0x00005406 | 0xff | 0xff
[OK ]  | 12295 | 0x00005407 | 0xff | 0xff
[OK ]  | 12296 | 0x00005408 | 0x31 | 0x31
[OK ]  | 12297 | 0x00005409 | 0x9c | 0x9c
[OK ]  | 12298 | 0x0000540a | 0x01 | 0x01
[OK ]  | 12299 | 0x0000540b | 0x00 | 0x00
[OK ]  | 12300 | 0x0000540c | 0xef | 0xef
[OK ]  | 12301 | 0x0000540d | 0x3d | 0x3d
[OK ]  | 12302 | 0x0000540e | 0xff | 0xff
[OK ]  | 12303 | 0x0000540f | 0xff | 0xff
[OK ]  | 12304 | 0x00005410 | 0x7b | 0x7b
[OK ]  | 12305 | 0x00005411 | 0x6e | 0x6e
[OK ]  | 12306 | 0x00005412 | 0xff | 0xff
[OK ]  | 12307 | 0x00005413 | 0xff | 0xff
[OK ]  | 12308 | 0x00005414 | 0x06 | 0x06
[OK ]  | 12309 | 0x00005415 | 0x17 | 0x17
[OK ]  | 12310 | 0x00005416 | 0x01 | 0x01
[OK ]  | 12311 | 0x00005417 | 0x00 | 0x00
[OK ]  | 12312 | 0x00005418 | 0xa1 | 0xa1
[OK ]  | 12313 | 0x00005419 | 0x9d | 0x9d
[OK ]  | 12314 | 0x0000541a | 0x00 | 0x00
[OK ]  | 12315 | 0x0000541b | 0x00 | 0x00
[OK ]  | 12316 | 0x0000541c | 0x16 | 0x16
[OK ]  | 12317 | 0x0000541d | 0x1f | 0x1f
[OK ]  | 12318 | 0x0000541e | 0x00 | 0x00
[OK ]  | 12319 | 0x0000541f | 0x00 | 0x00
[OK ]  | 12320 | 0x00005420 | 0xd3 | 0xd3
[OK ]  | 12321 | 0x00005421 | 0xd7 | 0xd7
[OK ]  | 12322 | 0x00005422 | 0xfe | 0xfe
[OK ]  | 12323 | 0x00005423 | 0xff | 0xff
[OK ]  | 12324 | 0x00005424 | 0x80 | 0x80
[OK ]  | 12325 | 0x00005425 | 0xd7 | 0xd7
[OK ]  | 12326 | 0x00005426 | 0x00 | 0x00
[OK ]  | 12327 | 0x00005427 | 0x00 | 0x00
[OK ]  | 12328 | 0x00005428 | 0x57 | 0x57
[OK ]  | 12329 | 0x00005429 | 0xbb | 0xbb
[OK ]  | 12330 | 0x0000542a | 0x00 | 0x00
[OK ]  | 12331 | 0x0000542b | 0x00 | 0x00
[OK ]  | 12332 | 0x0000542c | 0xfa | 0xfa
[OK ]  | 12333 | 0x0000542d | 0x62 | 0x62
[OK ]  | 12334 | 0x0000542e | 0x00 | 0x00
[OK ]  | 12335 | 0x0000542f | 0x00 | 0x00
[OK ]  | 12336 | 0x00005430 | 0xcc | 0xcc
[OK ]  | 12337 | 0x00005431 | 0x6f | 0x6f
[OK ]  | 12338 | 0x00005432 | 0xff | 0xff
[OK ]  | 12339 | 0x00005433 | 0xff | 0xff
[OK ]  | 12340 | 0x00005434 | 0x8d | 0x8d
[OK ]  | 12341 | 0x00005435 | 0x13 | 0x13
[OK ]  | 12342 | 0x00005436 | 0x01 | 0x01
[OK ]  | 12343 | 0x00005437 | 0x00 | 0x00
[OK ]  | 12344 | 0x00005438 | 0x5b | 0x5b
[OK ]  | 12345 | 0x00005439 | 0x55 | 0x55
[OK ]  | 12346 | 0x0000543a | 0x00 | 0x00
[OK ]  | 12347 | 0x0000543b | 0x00 | 0x00
[OK ]  | 12348 | 0x0000543c | 0x7a | 0x7a
[OK ]  | 12349 | 0x0000543d | 0x14 | 0x14
[OK ]  | 12350 | 0x0000543e | 0x01 | 0x01
[OK ]  | 12351 | 0x0000543f | 0x00 | 0x00
[OK ]  | 12352 | 0x00005440 | 0xf2 | 0xf2
[OK ]  | 12353 | 0x00005441 | 0x25 | 0x25
[OK ]  | 12354 | 0x00005442 | 0x00 | 0x00
[OK ]  | 12355 | 0x00005443 | 0x00 | 0x00
[OK ]  | 12356 | 0x00005444 | 0xff | 0xff
[OK ]  | 12357 | 0x00005445 | 0xb6 | 0xb6
[OK ]  | 12358 | 0x00005446 | 0x00 | 0x00
[OK ]  | 12359 | 0x00005447 | 0x00 | 0x00
[OK ]  | 12360 | 0x00005448 | 0xc9 | 0xc9
[OK ]  | 12361 | 0x00005449 | 0x12 | 0x12
[OK ]  | 12362 | 0x0000544a | 0x00 | 0x00
[OK ]  | 12363 | 0x0000544b | 0x00 | 0x00
[OK ]  | 12364 | 0x0000544c | 0xdd | 0xdd
[OK ]  | 12365 | 0x0000544d | 0x62 | 0x62
[OK ]  | 12366 | 0x0000544e | 0xff | 0xff
[OK ]  | 12367 | 0x0000544f | 0xff | 0xff
[OK ]  | 12368 | 0x00005450 | 0xa6 | 0xa6
[OK ]  | 12369 | 0x00005451 | 0x10 | 0x10
[OK ]  | 12370 | 0x00005452 | 0x00 | 0x00
[OK ]  | 12371 | 0x00005453 | 0x00 | 0x00
[OK ]  | 12372 | 0x00005454 | 0x54 | 0x54
[OK ]  | 12373 | 0x00005455 | 0xaf | 0xaf
[OK ]  | 12374 | 0x00005456 | 0x00 | 0x00
[OK ]  | 12375 | 0x00005457 | 0x00 | 0x00
[OK ]  | 12376 | 0x00005458 | 0x70 | 0x70
[OK ]  | 12377 | 0x00005459 | 0xca | 0xca
[OK ]  | 12378 | 0x0000545a | 0xff | 0xff
[OK ]  | 12379 | 0x0000545b | 0xff | 0xff
[OK ]  | 12380 | 0x0000545c | 0x75 | 0x75
[OK ]  | 12381 | 0x0000545d | 0x1e | 0x1e
[OK ]  | 12382 | 0x0000545e | 0xff | 0xff
[OK ]  | 12383 | 0x0000545f | 0xff | 0xff
[OK ]  | 12384 | 0x00005460 | 0x7b | 0x7b
[OK ]  | 12385 | 0x00005461 | 0xe7 | 0xe7
[OK ]  | 12386 | 0x00005462 | 0xff | 0xff
[OK ]  | 12387 | 0x00005463 | 0xff | 0xff
[OK ]  | 12388 | 0x00005464 | 0xb0 | 0xb0
[OK ]  | 12389 | 0x00005465 | 0xc3 | 0xc3
[OK ]  | 12390 | 0x00005466 | 0xff | 0xff
[OK ]  | 12391 | 0x00005467 | 0xff | 0xff
[OK ]  | 12392 | 0x00005468 | 0x91 | 0x91
[OK ]  | 12393 | 0x00005469 | 0x47 | 0x47
[OK ]  | 12394 | 0x0000546a | 0xff | 0xff
[OK ]  | 12395 | 0x0000546b | 0xff | 0xff
[OK ]  | 12396 | 0x0000546c | 0x49 | 0x49
[OK ]  | 12397 | 0x0000546d | 0xc4 | 0xc4
[OK ]  | 12398 | 0x0000546e | 0xff | 0xff
[OK ]  | 12399 | 0x0000546f | 0xff | 0xff
[OK ]  | 12400 | 0x00005470 | 0x0b | 0x0b
[OK ]  | 12401 | 0x00005471 | 0xca | 0xca
[OK ]  | 12402 | 0x00005472 | 0xff | 0xff
[OK ]  | 12403 | 0x00005473 | 0xff | 0xff
[OK ]  | 12404 | 0x00005474 | 0xac | 0xac
[OK ]  | 12405 | 0x00005475 | 0xe7 | 0xe7
[OK ]  | 12406 | 0x00005476 | 0x00 | 0x00
[OK ]  | 12407 | 0x00005477 | 0x00 | 0x00
[OK ]  | 12408 | 0x00005478 | 0x98 | 0x98
[OK ]  | 12409 | 0x00005479 | 0x89 | 0x89
[OK ]  | 12410 | 0x0000547a | 0xff | 0xff
[OK ]  | 12411 | 0x0000547b | 0xff | 0xff
[OK ]  | 12412 | 0x0000547c | 0xf6 | 0xf6
[OK ]  | 12413 | 0x0000547d | 0xdf | 0xdf
[OK ]  | 12414 | 0x0000547e | 0xfe | 0xfe
[OK ]  | 12415 | 0x0000547f | 0xff | 0xff
[OK ]  | 12416 | 0x00005480 | 0xb5 | 0xb5
[OK ]  | 12417 | 0x00005481 | 0x65 | 0x65
[OK ]  | 12418 | 0x00005482 | 0xff | 0xff
[OK ]  | 12419 | 0x00005483 | 0xff | 0xff
[OK ]  | 12420 | 0x00005484 | 0x1e | 0x1e
[OK ]  | 12421 | 0x00005485 | 0x1f | 0x1f
[OK ]  | 12422 | 0x00005486 | 0x00 | 0x00
[OK ]  | 12423 | 0x00005487 | 0x00 | 0x00
[OK ]  | 12424 | 0x00005488 | 0x69 | 0x69
[OK ]  | 12425 | 0x00005489 | 0x8f | 0x8f
[OK ]  | 12426 | 0x0000548a | 0xff | 0xff
[OK ]  | 12427 | 0x0000548b | 0xff | 0xff
[OK ]  | 12428 | 0x0000548c | 0xaf | 0xaf
[OK ]  | 12429 | 0x0000548d | 0x18 | 0x18
[OK ]  | 12430 | 0x0000548e | 0x01 | 0x01
[OK ]  | 12431 | 0x0000548f | 0x00 | 0x00
[OK ]  | 12432 | 0x00005490 | 0xb8 | 0xb8
[OK ]  | 12433 | 0x00005491 | 0xde | 0xde
[OK ]  | 12434 | 0x00005492 | 0xff | 0xff
[OK ]  | 12435 | 0x00005493 | 0xff | 0xff
[OK ]  | 12436 | 0x00005494 | 0x0c | 0x0c
[OK ]  | 12437 | 0x00005495 | 0x18 | 0x18
[OK ]  | 12438 | 0x00005496 | 0x00 | 0x00
[OK ]  | 12439 | 0x00005497 | 0x00 | 0x00
[OK ]  | 12440 | 0x00005498 | 0x6d | 0x6d
[OK ]  | 12441 | 0x00005499 | 0x7f | 0x7f
[OK ]  | 12442 | 0x0000549a | 0x00 | 0x00
[OK ]  | 12443 | 0x0000549b | 0x00 | 0x00
[OK ]  | 12444 | 0x0000549c | 0xae | 0xae
[OK ]  | 12445 | 0x0000549d | 0xd0 | 0xd0
[OK ]  | 12446 | 0x0000549e | 0x00 | 0x00
[OK ]  | 12447 | 0x0000549f | 0x00 | 0x00
[OK ]  | 12448 | 0x000054a0 | 0x1e | 0x1e
[OK ]  | 12449 | 0x000054a1 | 0x00 | 0x00
[OK ]  | 12450 | 0x000054a2 | 0x00 | 0x00
[OK ]  | 12451 | 0x000054a3 | 0x00 | 0x00
[OK ]  | 12452 | 0x000054a4 | 0xd4 | 0xd4
[OK ]  | 12453 | 0x000054a5 | 0x14 | 0x14
[OK ]  | 12454 | 0x000054a6 | 0x00 | 0x00
[OK ]  | 12455 | 0x000054a7 | 0x00 | 0x00
[OK ]  | 12456 | 0x000054a8 | 0x1a | 0x1a
[OK ]  | 12457 | 0x000054a9 | 0x87 | 0x87
[OK ]  | 12458 | 0x000054aa | 0xff | 0xff
[OK ]  | 12459 | 0x000054ab | 0xff | 0xff
[OK ]  | 12460 | 0x000054ac | 0x91 | 0x91
[OK ]  | 12461 | 0x000054ad | 0x63 | 0x63
[OK ]  | 12462 | 0x000054ae | 0x00 | 0x00
[OK ]  | 12463 | 0x000054af | 0x00 | 0x00
[OK ]  | 12464 | 0x000054b0 | 0xfb | 0xfb
[OK ]  | 12465 | 0x000054b1 | 0x0f | 0x0f
[OK ]  | 12466 | 0x000054b2 | 0xff | 0xff
[OK ]  | 12467 | 0x000054b3 | 0xff | 0xff
[OK ]  | 12468 | 0x000054b4 | 0x38 | 0x38
[OK ]  | 12469 | 0x000054b5 | 0xdb | 0xdb
[OK ]  | 12470 | 0x000054b6 | 0x00 | 0x00
[OK ]  | 12471 | 0x000054b7 | 0x00 | 0x00
[OK ]  | 12472 | 0x000054b8 | 0xe2 | 0xe2
[OK ]  | 12473 | 0x000054b9 | 0x6c | 0x6c
[OK ]  | 12474 | 0x000054ba | 0x00 | 0x00
[OK ]  | 12475 | 0x000054bb | 0x00 | 0x00
[OK ]  | 12476 | 0x000054bc | 0x0a | 0x0a
[OK ]  | 12477 | 0x000054bd | 0x63 | 0x63
[OK ]  | 12478 | 0x000054be | 0x00 | 0x00
[OK ]  | 12479 | 0x000054bf | 0x00 | 0x00
[OK ]  | 12480 | 0x000054c0 | 0x6e | 0x6e
[OK ]  | 12481 | 0x000054c1 | 0x1f | 0x1f
[OK ]  | 12482 | 0x000054c2 | 0x00 | 0x00
[OK ]  | 12483 | 0x000054c3 | 0x00 | 0x00
[OK ]  | 12484 | 0x000054c4 | 0x5e | 0x5e
[OK ]  | 12485 | 0x000054c5 | 0x2c | 0x2c
[OK ]  | 12486 | 0x000054c6 | 0x00 | 0x00
[OK ]  | 12487 | 0x000054c7 | 0x00 | 0x00
[OK ]  | 12488 | 0x000054c8 | 0xe6 | 0xe6
[OK ]  | 12489 | 0x000054c9 | 0x31 | 0x31
[OK ]  | 12490 | 0x000054ca | 0x00 | 0x00
[OK ]  | 12491 | 0x000054cb | 0x00 | 0x00
[OK ]  | 12492 | 0x000054cc | 0xb1 | 0xb1
[OK ]  | 12493 | 0x000054cd | 0xa5 | 0xa5
[OK ]  | 12494 | 0x000054ce | 0x00 | 0x00
[OK ]  | 12495 | 0x000054cf | 0x00 | 0x00
[OK ]  | 12496 | 0x000054d0 | 0xad | 0xad
[OK ]  | 12497 | 0x000054d1 | 0x35 | 0x35
[OK ]  | 12498 | 0x000054d2 | 0xfe | 0xfe
[OK ]  | 12499 | 0x000054d3 | 0xff | 0xff
[OK ]  | 12500 | 0x000054d4 | 0x06 | 0x06
[OK ]  | 12501 | 0x000054d5 | 0xa0 | 0xa0
[OK ]  | 12502 | 0x000054d6 | 0xff | 0xff
[OK ]  | 12503 | 0x000054d7 | 0xff | 0xff
[OK ]  | 12504 | 0x000054d8 | 0x74 | 0x74
[OK ]  | 12505 | 0x000054d9 | 0x9a | 0x9a
[OK ]  | 12506 | 0x000054da | 0x00 | 0x00
[OK ]  | 12507 | 0x000054db | 0x00 | 0x00
[OK ]  | 12508 | 0x000054dc | 0xc9 | 0xc9
[OK ]  | 12509 | 0x000054dd | 0xc9 | 0xc9
[OK ]  | 12510 | 0x000054de | 0xff | 0xff
[OK ]  | 12511 | 0x000054df | 0xff | 0xff
[OK ]  | 12512 | 0x000054e0 | 0x39 | 0x39
[OK ]  | 12513 | 0x000054e1 | 0x0c | 0x0c
[OK ]  | 12514 | 0x000054e2 | 0x00 | 0x00
[OK ]  | 12515 | 0x000054e3 | 0x00 | 0x00
[OK ]  | 12516 | 0x000054e4 | 0x5c | 0x5c
[OK ]  | 12517 | 0x000054e5 | 0xf7 | 0xf7
[OK ]  | 12518 | 0x000054e6 | 0x00 | 0x00
[OK ]  | 12519 | 0x000054e7 | 0x00 | 0x00
[OK ]  | 12520 | 0x000054e8 | 0xbf | 0xbf
[OK ]  | 12521 | 0x000054e9 | 0xc9 | 0xc9
[OK ]  | 12522 | 0x000054ea | 0xff | 0xff
[OK ]  | 12523 | 0x000054eb | 0xff | 0xff
[OK ]  | 12524 | 0x000054ec | 0xe2 | 0xe2
[OK ]  | 12525 | 0x000054ed | 0x7d | 0x7d
[OK ]  | 12526 | 0x000054ee | 0x00 | 0x00
[OK ]  | 12527 | 0x000054ef | 0x00 | 0x00
[OK ]  | 12528 | 0x000054f0 | 0x05 | 0x05
[OK ]  | 12529 | 0x000054f1 | 0x88 | 0x88
[OK ]  | 12530 | 0x000054f2 | 0xfe | 0xfe
[OK ]  | 12531 | 0x000054f3 | 0xff | 0xff
[OK ]  | 12532 | 0x000054f4 | 0x54 | 0x54
[OK ]  | 12533 | 0x000054f5 | 0x63 | 0x63
[OK ]  | 12534 | 0x000054f6 | 0xfe | 0xfe
[OK ]  | 12535 | 0x000054f7 | 0xff | 0xff
[OK ]  | 12536 | 0x000054f8 | 0x78 | 0x78
[OK ]  | 12537 | 0x000054f9 | 0x44 | 0x44
[OK ]  | 12538 | 0x000054fa | 0x01 | 0x01
[OK ]  | 12539 | 0x000054fb | 0x00 | 0x00
[OK ]  | 12540 | 0x000054fc | 0xac | 0xac
[OK ]  | 12541 | 0x000054fd | 0xca | 0xca
[OK ]  | 12542 | 0x000054fe | 0xff | 0xff
[OK ]  | 12543 | 0x000054ff | 0xff | 0xff
[OK ]  | 12544 | 0x00005500 | 0x8a | 0x8a
[OK ]  | 12545 | 0x00005501 | 0x87 | 0x87
[OK ]  | 12546 | 0x00005502 | 0xfe | 0xfe
[OK ]  | 12547 | 0x00005503 | 0xff | 0xff
[OK ]  | 12548 | 0x00005504 | 0x07 | 0x07
[OK ]  | 12549 | 0x00005505 | 0x6a | 0x6a
[OK ]  | 12550 | 0x00005506 | 0xff | 0xff
[OK ]  | 12551 | 0x00005507 | 0xff | 0xff
[OK ]  | 12552 | 0x00005508 | 0x12 | 0x12
[OK ]  | 12553 | 0x00005509 | 0xee | 0xee
[OK ]  | 12554 | 0x0000550a | 0xfe | 0xfe
[OK ]  | 12555 | 0x0000550b | 0xff | 0xff
[OK ]  | 12556 | 0x0000550c | 0x7b | 0x7b
[OK ]  | 12557 | 0x0000550d | 0xcc | 0xcc
[OK ]  | 12558 | 0x0000550e | 0x00 | 0x00
[OK ]  | 12559 | 0x0000550f | 0x00 | 0x00
[OK ]  | 12560 | 0x00005510 | 0xf2 | 0xf2
[OK ]  | 12561 | 0x00005511 | 0x63 | 0x63
[OK ]  | 12562 | 0x00005512 | 0xff | 0xff
[OK ]  | 12563 | 0x00005513 | 0xff | 0xff
[OK ]  | 12564 | 0x00005514 | 0xee | 0xee
[OK ]  | 12565 | 0x00005515 | 0xe4 | 0xe4
[OK ]  | 12566 | 0x00005516 | 0xff | 0xff
[OK ]  | 12567 | 0x00005517 | 0xff | 0xff
[OK ]  | 12568 | 0x00005518 | 0x2e | 0x2e
[OK ]  | 12569 | 0x00005519 | 0x6f | 0x6f
[OK ]  | 12570 | 0x0000551a | 0x00 | 0x00
[OK ]  | 12571 | 0x0000551b | 0x00 | 0x00
[OK ]  | 12572 | 0x0000551c | 0xdc | 0xdc
[OK ]  | 12573 | 0x0000551d | 0x0a | 0x0a
[OK ]  | 12574 | 0x0000551e | 0x00 | 0x00
[OK ]  | 12575 | 0x0000551f | 0x00 | 0x00
[OK ]  | 12576 | 0x00005520 | 0x9e | 0x9e
[OK ]  | 12577 | 0x00005521 | 0x34 | 0x34
[OK ]  | 12578 | 0x00005522 | 0x00 | 0x00
[OK ]  | 12579 | 0x00005523 | 0x00 | 0x00
[OK ]  | 12580 | 0x00005524 | 0x1a | 0x1a
[OK ]  | 12581 | 0x00005525 | 0x83 | 0x83
[OK ]  | 12582 | 0x00005526 | 0xff | 0xff
[OK ]  | 12583 | 0x00005527 | 0xff | 0xff
[OK ]  | 12584 | 0x00005528 | 0x55 | 0x55
[OK ]  | 12585 | 0x00005529 | 0xf8 | 0xf8
[OK ]  | 12586 | 0x0000552a | 0xff | 0xff
[OK ]  | 12587 | 0x0000552b | 0xff | 0xff
[OK ]  | 12588 | 0x0000552c | 0xbe | 0xbe
[OK ]  | 12589 | 0x0000552d | 0x49 | 0x49
[OK ]  | 12590 | 0x0000552e | 0xff | 0xff
[OK ]  | 12591 | 0x0000552f | 0xff | 0xff
[OK ]  | 12592 | 0x00005530 | 0x46 | 0x46
[OK ]  | 12593 | 0x00005531 | 0x1c | 0x1c
[OK ]  | 12594 | 0x00005532 | 0xff | 0xff
[OK ]  | 12595 | 0x00005533 | 0xff | 0xff
[OK ]  | 12596 | 0x00005534 | 0xbe | 0xbe
[OK ]  | 12597 | 0x00005535 | 0xd2 | 0xd2
[OK ]  | 12598 | 0x00005536 | 0xfe | 0xfe
[OK ]  | 12599 | 0x00005537 | 0xff | 0xff
[OK ]  | 12600 | 0x00005538 | 0x61 | 0x61
[OK ]  | 12601 | 0x00005539 | 0x54 | 0x54
[OK ]  | 12602 | 0x0000553a | 0xff | 0xff
[OK ]  | 12603 | 0x0000553b | 0xff | 0xff
[OK ]  | 12604 | 0x0000553c | 0x98 | 0x98
[OK ]  | 12605 | 0x0000553d | 0xfa | 0xfa
[OK ]  | 12606 | 0x0000553e | 0xff | 0xff
[OK ]  | 12607 | 0x0000553f | 0xff | 0xff
[OK ]  | 12608 | 0x00005540 | 0xdf | 0xdf
[OK ]  | 12609 | 0x00005541 | 0x25 | 0x25
[OK ]  | 12610 | 0x00005542 | 0x00 | 0x00
[OK ]  | 12611 | 0x00005543 | 0x00 | 0x00
[OK ]  | 12612 | 0x00005544 | 0xe2 | 0xe2
[OK ]  | 12613 | 0x00005545 | 0xb6 | 0xb6
[OK ]  | 12614 | 0x00005546 | 0x00 | 0x00
[OK ]  | 12615 | 0x00005547 | 0x00 | 0x00
[OK ]  | 12616 | 0x00005548 | 0xcf | 0xcf
[OK ]  | 12617 | 0x00005549 | 0x39 | 0x39
[OK ]  | 12618 | 0x0000554a | 0xff | 0xff
[OK ]  | 12619 | 0x0000554b | 0xff | 0xff
[OK ]  | 12620 | 0x0000554c | 0x68 | 0x68
[OK ]  | 12621 | 0x0000554d | 0xca | 0xca
[OK ]  | 12622 | 0x0000554e | 0xff | 0xff
[OK ]  | 12623 | 0x0000554f | 0xff | 0xff
[OK ]  | 12624 | 0x00005550 | 0x88 | 0x88
[OK ]  | 12625 | 0x00005551 | 0xbe | 0xbe
[OK ]  | 12626 | 0x00005552 | 0xff | 0xff
[OK ]  | 12627 | 0x00005553 | 0xff | 0xff
[OK ]  | 12628 | 0x00005554 | 0x36 | 0x36
[OK ]  | 12629 | 0x00005555 | 0x44 | 0x44
[OK ]  | 12630 | 0x00005556 | 0x01 | 0x01
[OK ]  | 12631 | 0x00005557 | 0x00 | 0x00
[OK ]  | 12632 | 0x00005558 | 0x87 | 0x87
[OK ]  | 12633 | 0x00005559 | 0x62 | 0x62
[OK ]  | 12634 | 0x0000555a | 0x00 | 0x00
[OK ]  | 12635 | 0x0000555b | 0x00 | 0x00
[OK ]  | 12636 | 0x0000555c | 0xae | 0xae
[OK ]  | 12637 | 0x0000555d | 0x63 | 0x63
[OK ]  | 12638 | 0x0000555e | 0xff | 0xff
[OK ]  | 12639 | 0x0000555f | 0xff | 0xff
[OK ]  | 12640 | 0x00005560 | 0xae | 0xae
[OK ]  | 12641 | 0x00005561 | 0x2c | 0x2c
[OK ]  | 12642 | 0x00005562 | 0x00 | 0x00
[OK ]  | 12643 | 0x00005563 | 0x00 | 0x00
[OK ]  | 12644 | 0x00005564 | 0x40 | 0x40
[OK ]  | 12645 | 0x00005565 | 0xd2 | 0xd2
[OK ]  | 12646 | 0x00005566 | 0xfe | 0xfe
[OK ]  | 12647 | 0x00005567 | 0xff | 0xff
[OK ]  | 12648 | 0x00005568 | 0xf8 | 0xf8
[OK ]  | 12649 | 0x00005569 | 0xed | 0xed
[OK ]  | 12650 | 0x0000556a | 0xfe | 0xfe
[OK ]  | 12651 | 0x0000556b | 0xff | 0xff
[OK ]  | 12652 | 0x0000556c | 0x5d | 0x5d
[OK ]  | 12653 | 0x0000556d | 0xb9 | 0xb9
[OK ]  | 12654 | 0x0000556e | 0xff | 0xff
[OK ]  | 12655 | 0x0000556f | 0xff | 0xff
[OK ]  | 12656 | 0x00005570 | 0x6d | 0x6d
[OK ]  | 12657 | 0x00005571 | 0xf2 | 0xf2
[OK ]  | 12658 | 0x00005572 | 0xff | 0xff
[OK ]  | 12659 | 0x00005573 | 0xff | 0xff
[OK ]  | 12660 | 0x00005574 | 0x0e | 0x0e
[OK ]  | 12661 | 0x00005575 | 0xd9 | 0xd9
[OK ]  | 12662 | 0x00005576 | 0xff | 0xff
[OK ]  | 12663 | 0x00005577 | 0xff | 0xff
[OK ]  | 12664 | 0x00005578 | 0xc4 | 0xc4
[OK ]  | 12665 | 0x00005579 | 0xe7 | 0xe7
[OK ]  | 12666 | 0x0000557a | 0xff | 0xff
[OK ]  | 12667 | 0x0000557b | 0xff | 0xff
[OK ]  | 12668 | 0x0000557c | 0xa7 | 0xa7
[OK ]  | 12669 | 0x0000557d | 0x80 | 0x80
[OK ]  | 12670 | 0x0000557e | 0x01 | 0x01
[OK ]  | 12671 | 0x0000557f | 0x00 | 0x00
[OK ]  | 12672 | 0x00005580 | 0xce | 0xce
[OK ]  | 12673 | 0x00005581 | 0x20 | 0x20
[OK ]  | 12674 | 0x00005582 | 0xff | 0xff
[OK ]  | 12675 | 0x00005583 | 0xff | 0xff
[OK ]  | 12676 | 0x00005584 | 0xce | 0xce
[OK ]  | 12677 | 0x00005585 | 0x1e | 0x1e
[OK ]  | 12678 | 0x00005586 | 0xff | 0xff
[OK ]  | 12679 | 0x00005587 | 0xff | 0xff
[OK ]  | 12680 | 0x00005588 | 0xae | 0xae
[OK ]  | 12681 | 0x00005589 | 0xce | 0xce
[OK ]  | 12682 | 0x0000558a | 0xfe | 0xfe
[OK ]  | 12683 | 0x0000558b | 0xff | 0xff
[OK ]  | 12684 | 0x0000558c | 0xca | 0xca
[OK ]  | 12685 | 0x0000558d | 0x9f | 0x9f
[OK ]  | 12686 | 0x0000558e | 0x00 | 0x00
[OK ]  | 12687 | 0x0000558f | 0x00 | 0x00
[OK ]  | 12688 | 0x00005590 | 0x72 | 0x72
[OK ]  | 12689 | 0x00005591 | 0x05 | 0x05
[OK ]  | 12690 | 0x00005592 | 0x00 | 0x00
[OK ]  | 12691 | 0x00005593 | 0x00 | 0x00
[OK ]  | 12692 | 0x00005594 | 0xe7 | 0xe7
[OK ]  | 12693 | 0x00005595 | 0x09 | 0x09
[OK ]  | 12694 | 0x00005596 | 0x00 | 0x00
[OK ]  | 12695 | 0x00005597 | 0x00 | 0x00
[OK ]  | 12696 | 0x00005598 | 0x7d | 0x7d
[OK ]  | 12697 | 0x00005599 | 0xaf | 0xaf
[OK ]  | 12698 | 0x0000559a | 0xff | 0xff
[OK ]  | 12699 | 0x0000559b | 0xff | 0xff
[OK ]  | 12700 | 0x0000559c | 0xf8 | 0xf8
[OK ]  | 12701 | 0x0000559d | 0x08 | 0x08
[OK ]  | 12702 | 0x0000559e | 0x01 | 0x01
[OK ]  | 12703 | 0x0000559f | 0x00 | 0x00
[OK ]  | 12704 | 0x000055a0 | 0x6e | 0x6e
[OK ]  | 12705 | 0x000055a1 | 0x81 | 0x81
[OK ]  | 12706 | 0x000055a2 | 0x00 | 0x00
[OK ]  | 12707 | 0x000055a3 | 0x00 | 0x00
[OK ]  | 12708 | 0x000055a4 | 0x68 | 0x68
[OK ]  | 12709 | 0x000055a5 | 0x73 | 0x73
[OK ]  | 12710 | 0x000055a6 | 0x00 | 0x00
[OK ]  | 12711 | 0x000055a7 | 0x00 | 0x00
[OK ]  | 12712 | 0x000055a8 | 0xfd | 0xfd
[OK ]  | 12713 | 0x000055a9 | 0x2b | 0x2b
[OK ]  | 12714 | 0x000055aa | 0x00 | 0x00
[OK ]  | 12715 | 0x000055ab | 0x00 | 0x00
[OK ]  | 12716 | 0x000055ac | 0x69 | 0x69
[OK ]  | 12717 | 0x000055ad | 0x49 | 0x49
[OK ]  | 12718 | 0x000055ae | 0xff | 0xff
[OK ]  | 12719 | 0x000055af | 0xff | 0xff
[OK ]  | 12720 | 0x000055b0 | 0x46 | 0x46
[OK ]  | 12721 | 0x000055b1 | 0x7d | 0x7d
[OK ]  | 12722 | 0x000055b2 | 0xff | 0xff
[OK ]  | 12723 | 0x000055b3 | 0xff | 0xff
[OK ]  | 12724 | 0x000055b4 | 0xc0 | 0xc0
[OK ]  | 12725 | 0x000055b5 | 0x74 | 0x74
[OK ]  | 12726 | 0x000055b6 | 0x00 | 0x00
[OK ]  | 12727 | 0x000055b7 | 0x00 | 0x00
[OK ]  | 12728 | 0x000055b8 | 0x6e | 0x6e
[OK ]  | 12729 | 0x000055b9 | 0xd5 | 0xd5
[OK ]  | 12730 | 0x000055ba | 0xff | 0xff
[OK ]  | 12731 | 0x000055bb | 0xff | 0xff
[OK ]  | 12732 | 0x000055bc | 0xf1 | 0xf1
[OK ]  | 12733 | 0x000055bd | 0xdb | 0xdb
[OK ]  | 12734 | 0x000055be | 0xfe | 0xfe
[OK ]  | 12735 | 0x000055bf | 0xff | 0xff
[OK ]  | 12736 | 0x000055c0 | 0x6e | 0x6e
[OK ]  | 12737 | 0x000055c1 | 0x30 | 0x30
[OK ]  | 12738 | 0x000055c2 | 0x00 | 0x00
[OK ]  | 12739 | 0x000055c3 | 0x00 | 0x00
[OK ]  | 12740 | 0x000055c4 | 0x26 | 0x26
[OK ]  | 12741 | 0x000055c5 | 0x68 | 0x68
[OK ]  | 12742 | 0x000055c6 | 0x00 | 0x00
[OK ]  | 12743 | 0x000055c7 | 0x00 | 0x00
[OK ]  | 12744 | 0x000055c8 | 0x92 | 0x92
[OK ]  | 12745 | 0x000055c9 | 0x1f | 0x1f
[OK ]  | 12746 | 0x000055ca | 0x00 | 0x00
[OK ]  | 12747 | 0x000055cb | 0x00 | 0x00
[OK ]  | 12748 | 0x000055cc | 0xcc | 0xcc
[OK ]  | 12749 | 0x000055cd | 0x97 | 0x97
[OK ]  | 12750 | 0x000055ce | 0xfe | 0xfe
[OK ]  | 12751 | 0x000055cf | 0xff | 0xff
[OK ]  | 12752 | 0x000055d0 | 0x5f | 0x5f
[OK ]  | 12753 | 0x000055d1 | 0x0a | 0x0a
[OK ]  | 12754 | 0x000055d2 | 0x00 | 0x00
[OK ]  | 12755 | 0x000055d3 | 0x00 | 0x00
[OK ]  | 12756 | 0x000055d4 | 0x30 | 0x30
[OK ]  | 12757 | 0x000055d5 | 0xc2 | 0xc2
[OK ]  | 12758 | 0x000055d6 | 0xff | 0xff
[OK ]  | 12759 | 0x000055d7 | 0xff | 0xff
[OK ]  | 12760 | 0x000055d8 | 0x40 | 0x40
[OK ]  | 12761 | 0x000055d9 | 0x5f | 0x5f
[OK ]  | 12762 | 0x000055da | 0x00 | 0x00
[OK ]  | 12763 | 0x000055db | 0x00 | 0x00
[OK ]  | 12764 | 0x000055dc | 0x28 | 0x28
[OK ]  | 12765 | 0x000055dd | 0xa3 | 0xa3
[OK ]  | 12766 | 0x000055de | 0xff | 0xff
[OK ]  | 12767 | 0x000055df | 0xff | 0xff
[OK ]  | 12768 | 0x000055e0 | 0x2c | 0x2c
[OK ]  | 12769 | 0x000055e1 | 0x36 | 0x36
[OK ]  | 12770 | 0x000055e2 | 0x00 | 0x00
[OK ]  | 12771 | 0x000055e3 | 0x00 | 0x00
[OK ]  | 12772 | 0x000055e4 | 0xb5 | 0xb5
[OK ]  | 12773 | 0x000055e5 | 0x58 | 0x58
[OK ]  | 12774 | 0x000055e6 | 0x00 | 0x00
[OK ]  | 12775 | 0x000055e7 | 0x00 | 0x00
[OK ]  | 12776 | 0x000055e8 | 0xe8 | 0xe8
[OK ]  | 12777 | 0x000055e9 | 0xe7 | 0xe7
[OK ]  | 12778 | 0x000055ea | 0xff | 0xff
[OK ]  | 12779 | 0x000055eb | 0xff | 0xff
[OK ]  | 12780 | 0x000055ec | 0x83 | 0x83
[OK ]  | 12781 | 0x000055ed | 0xe7 | 0xe7
[OK ]  | 12782 | 0x000055ee | 0xff | 0xff
[OK ]  | 12783 | 0x000055ef | 0xff | 0xff
[OK ]  | 12784 | 0x000055f0 | 0x53 | 0x53
[OK ]  | 12785 | 0x000055f1 | 0x45 | 0x45
[OK ]  | 12786 | 0x000055f2 | 0x00 | 0x00
[OK ]  | 12787 | 0x000055f3 | 0x00 | 0x00
[OK ]  | 12788 | 0x000055f4 | 0xf1 | 0xf1
[OK ]  | 12789 | 0x000055f5 | 0xb5 | 0xb5
[OK ]  | 12790 | 0x000055f6 | 0xff | 0xff
[OK ]  | 12791 | 0x000055f7 | 0xff | 0xff
[OK ]  | 12792 | 0x000055f8 | 0x07 | 0x07
[OK ]  | 12793 | 0x000055f9 | 0x79 | 0x79
[OK ]  | 12794 | 0x000055fa | 0x00 | 0x00
[OK ]  | 12795 | 0x000055fb | 0x00 | 0x00
[OK ]  | 12796 | 0x000055fc | 0x0e | 0x0e
[OK ]  | 12797 | 0x000055fd | 0xab | 0xab
[OK ]  | 12798 | 0x000055fe | 0x00 | 0x00
[OK ]  | 12799 | 0x000055ff | 0x00 | 0x00
[OK ]  | 12800 | 0x00005600 | 0x8e | 0x8e
[OK ]  | 12801 | 0x00005601 | 0x47 | 0x47
[OK ]  | 12802 | 0x00005602 | 0x00 | 0x00
[OK ]  | 12803 | 0x00005603 | 0x00 | 0x00
[OK ]  | 12804 | 0x00005604 | 0x5c | 0x5c
[OK ]  | 12805 | 0x00005605 | 0x68 | 0x68
[OK ]  | 12806 | 0x00005606 | 0x01 | 0x01
[OK ]  | 12807 | 0x00005607 | 0x00 | 0x00
[OK ]  | 12808 | 0x00005608 | 0x50 | 0x50
[OK ]  | 12809 | 0x00005609 | 0x04 | 0x04
[OK ]  | 12810 | 0x0000560a | 0x00 | 0x00
[OK ]  | 12811 | 0x0000560b | 0x00 | 0x00
[OK ]  | 12812 | 0x0000560c | 0x8d | 0x8d
[OK ]  | 12813 | 0x0000560d | 0x92 | 0x92
[OK ]  | 12814 | 0x0000560e | 0x00 | 0x00
[OK ]  | 12815 | 0x0000560f | 0x00 | 0x00
[OK ]  | 12816 | 0x00005610 | 0x8c | 0x8c
[OK ]  | 12817 | 0x00005611 | 0xc8 | 0xc8
[OK ]  | 12818 | 0x00005612 | 0x00 | 0x00
[OK ]  | 12819 | 0x00005613 | 0x00 | 0x00
[OK ]  | 12820 | 0x00005614 | 0x0f | 0x0f
[OK ]  | 12821 | 0x00005615 | 0x29 | 0x29
[OK ]  | 12822 | 0x00005616 | 0xff | 0xff
[OK ]  | 12823 | 0x00005617 | 0xff | 0xff
[OK ]  | 12824 | 0x00005618 | 0xd0 | 0xd0
[OK ]  | 12825 | 0x00005619 | 0x51 | 0x51
[OK ]  | 12826 | 0x0000561a | 0xff | 0xff
[OK ]  | 12827 | 0x0000561b | 0xff | 0xff
[OK ]  | 12828 | 0x0000561c | 0xda | 0xda
[OK ]  | 12829 | 0x0000561d | 0x7c | 0x7c
[OK ]  | 12830 | 0x0000561e | 0x00 | 0x00
[OK ]  | 12831 | 0x0000561f | 0x00 | 0x00
[OK ]  | 12832 | 0x00005620 | 0x70 | 0x70
[OK ]  | 12833 | 0x00005621 | 0x92 | 0x92
[OK ]  | 12834 | 0x00005622 | 0x00 | 0x00
[OK ]  | 12835 | 0x00005623 | 0x00 | 0x00
[OK ]  | 12836 | 0x00005624 | 0x85 | 0x85
[OK ]  | 12837 | 0x00005625 | 0xd7 | 0xd7
[OK ]  | 12838 | 0x00005626 | 0xff | 0xff
[OK ]  | 12839 | 0x00005627 | 0xff | 0xff
[OK ]  | 12840 | 0x00005628 | 0x9c | 0x9c
[OK ]  | 12841 | 0x00005629 | 0xc7 | 0xc7
[OK ]  | 12842 | 0x0000562a | 0xff | 0xff
[OK ]  | 12843 | 0x0000562b | 0xff | 0xff
[OK ]  | 12844 | 0x0000562c | 0xc1 | 0xc1
[OK ]  | 12845 | 0x0000562d | 0x67 | 0x67
[OK ]  | 12846 | 0x0000562e | 0x01 | 0x01
[OK ]  | 12847 | 0x0000562f | 0x00 | 0x00
[OK ]  | 12848 | 0x00005630 | 0x15 | 0x15
[OK ]  | 12849 | 0x00005631 | 0x4d | 0x4d
[OK ]  | 12850 | 0x00005632 | 0xff | 0xff
[OK ]  | 12851 | 0x00005633 | 0xff | 0xff
[OK ]  | 12852 | 0x00005634 | 0xfa | 0xfa
[OK ]  | 12853 | 0x00005635 | 0x27 | 0x27
[OK ]  | 12854 | 0x00005636 | 0x00 | 0x00
[OK ]  | 12855 | 0x00005637 | 0x00 | 0x00
[OK ]  | 12856 | 0x00005638 | 0xaa | 0xaa
[OK ]  | 12857 | 0x00005639 | 0x42 | 0x42
[OK ]  | 12858 | 0x0000563a | 0x00 | 0x00
[OK ]  | 12859 | 0x0000563b | 0x00 | 0x00
[OK ]  | 12860 | 0x0000563c | 0xb9 | 0xb9
[OK ]  | 12861 | 0x0000563d | 0x90 | 0x90
[OK ]  | 12862 | 0x0000563e | 0x00 | 0x00
[OK ]  | 12863 | 0x0000563f | 0x00 | 0x00
[OK ]  | 12864 | 0x00005640 | 0xa7 | 0xa7
[OK ]  | 12865 | 0x00005641 | 0xa6 | 0xa6
[OK ]  | 12866 | 0x00005642 | 0xff | 0xff
[OK ]  | 12867 | 0x00005643 | 0xff | 0xff
[OK ]  | 12868 | 0x00005644 | 0xea | 0xea
[OK ]  | 12869 | 0x00005645 | 0xbc | 0xbc
[OK ]  | 12870 | 0x00005646 | 0xff | 0xff
[OK ]  | 12871 | 0x00005647 | 0xff | 0xff
[OK ]  | 12872 | 0x00005648 | 0x52 | 0x52
[OK ]  | 12873 | 0x00005649 | 0x1a | 0x1a
[OK ]  | 12874 | 0x0000564a | 0x00 | 0x00
[OK ]  | 12875 | 0x0000564b | 0x00 | 0x00
[OK ]  | 12876 | 0x0000564c | 0xb0 | 0xb0
[OK ]  | 12877 | 0x0000564d | 0x76 | 0x76
[OK ]  | 12878 | 0x0000564e | 0xff | 0xff
[OK ]  | 12879 | 0x0000564f | 0xff | 0xff
[OK ]  | 12880 | 0x00005650 | 0x16 | 0x16
[OK ]  | 12881 | 0x00005651 | 0x96 | 0x96
[OK ]  | 12882 | 0x00005652 | 0xff | 0xff
[OK ]  | 12883 | 0x00005653 | 0xff | 0xff
[OK ]  | 12884 | 0x00005654 | 0x8d | 0x8d
[OK ]  | 12885 | 0x00005655 | 0xba | 0xba
[OK ]  | 12886 | 0x00005656 | 0x00 | 0x00
[OK ]  | 12887 | 0x00005657 | 0x00 | 0x00
[OK ]  | 12888 | 0x00005658 | 0x4f | 0x4f
[OK ]  | 12889 | 0x00005659 | 0x38 | 0x38
[OK ]  | 12890 | 0x0000565a | 0x00 | 0x00
[OK ]  | 12891 | 0x0000565b | 0x00 | 0x00
[OK ]  | 12892 | 0x0000565c | 0x50 | 0x50
[OK ]  | 12893 | 0x0000565d | 0x39 | 0x39
[OK ]  | 12894 | 0x0000565e | 0x01 | 0x01
[OK ]  | 12895 | 0x0000565f | 0x00 | 0x00
[OK ]  | 12896 | 0x00005660 | 0xa0 | 0xa0
[OK ]  | 12897 | 0x00005661 | 0xd2 | 0xd2
[OK ]  | 12898 | 0x00005662 | 0xff | 0xff
[OK ]  | 12899 | 0x00005663 | 0xff | 0xff
[OK ]  | 12900 | 0x00005664 | 0xc8 | 0xc8
[OK ]  | 12901 | 0x00005665 | 0xdb | 0xdb
[OK ]  | 12902 | 0x00005666 | 0x00 | 0x00
[OK ]  | 12903 | 0x00005667 | 0x00 | 0x00
[OK ]  | 12904 | 0x00005668 | 0xff | 0xff
[OK ]  | 12905 | 0x00005669 | 0x58 | 0x58
[OK ]  | 12906 | 0x0000566a | 0x01 | 0x01
[OK ]  | 12907 | 0x0000566b | 0x00 | 0x00
[OK ]  | 12908 | 0x0000566c | 0x32 | 0x32
[OK ]  | 12909 | 0x0000566d | 0xaa | 0xaa
[OK ]  | 12910 | 0x0000566e | 0xff | 0xff
[OK ]  | 12911 | 0x0000566f | 0xff | 0xff
[OK ]  | 12912 | 0x00005670 | 0xab | 0xab
[OK ]  | 12913 | 0x00005671 | 0xf2 | 0xf2
[OK ]  | 12914 | 0x00005672 | 0xff | 0xff
[OK ]  | 12915 | 0x00005673 | 0xff | 0xff
[OK ]  | 12916 | 0x00005674 | 0xfe | 0xfe
[OK ]  | 12917 | 0x00005675 | 0xc7 | 0xc7
[OK ]  | 12918 | 0x00005676 | 0x00 | 0x00
[OK ]  | 12919 | 0x00005677 | 0x00 | 0x00
[OK ]  | 12920 | 0x00005678 | 0xb2 | 0xb2
[OK ]  | 12921 | 0x00005679 | 0x24 | 0x24
[OK ]  | 12922 | 0x0000567a | 0x00 | 0x00
[OK ]  | 12923 | 0x0000567b | 0x00 | 0x00
[OK ]  | 12924 | 0x0000567c | 0x0f | 0x0f
[OK ]  | 12925 | 0x0000567d | 0xea | 0xea
[OK ]  | 12926 | 0x0000567e | 0x00 | 0x00
[OK ]  | 12927 | 0x0000567f | 0x00 | 0x00
[OK ]  | 12928 | 0x00005680 | 0x01 | 0x01
[OK ]  | 12929 | 0x00005681 | 0x97 | 0x97
[OK ]  | 12930 | 0x00005682 | 0x00 | 0x00
[OK ]  | 12931 | 0x00005683 | 0x00 | 0x00
[OK ]  | 12932 | 0x00005684 | 0x3f | 0x3f
[OK ]  | 12933 | 0x00005685 | 0xf7 | 0xf7
[OK ]  | 12934 | 0x00005686 | 0xff | 0xff
[OK ]  | 12935 | 0x00005687 | 0xff | 0xff
[OK ]  | 12936 | 0x00005688 | 0xf8 | 0xf8
[OK ]  | 12937 | 0x00005689 | 0xe2 | 0xe2
[OK ]  | 12938 | 0x0000568a | 0x00 | 0x00
[OK ]  | 12939 | 0x0000568b | 0x00 | 0x00
[OK ]  | 12940 | 0x0000568c | 0x2f | 0x2f
[OK ]  | 12941 | 0x0000568d | 0xa7 | 0xa7
[OK ]  | 12942 | 0x0000568e | 0xfe | 0xfe
[OK ]  | 12943 | 0x0000568f | 0xff | 0xff
[OK ]  | 12944 | 0x00005690 | 0xaf | 0xaf
[OK ]  | 12945 | 0x00005691 | 0x33 | 0x33
[OK ]  | 12946 | 0x00005692 | 0x00 | 0x00
[OK ]  | 12947 | 0x00005693 | 0x00 | 0x00
[OK ]  | 12948 | 0x00005694 | 0x3d | 0x3d
[OK ]  | 12949 | 0x00005695 | 0x00 | 0x00
[OK ]  | 12950 | 0x00005696 | 0x00 | 0x00
[OK ]  | 12951 | 0x00005697 | 0x00 | 0x00
[OK ]  | 12952 | 0x00005698 | 0x3a | 0x3a
[OK ]  | 12953 | 0x00005699 | 0xf4 | 0xf4
[OK ]  | 12954 | 0x0000569a | 0xff | 0xff
[OK ]  | 12955 | 0x0000569b | 0xff | 0xff
[OK ]  | 12956 | 0x0000569c | 0xa3 | 0xa3
[OK ]  | 12957 | 0x0000569d | 0xd7 | 0xd7
[OK ]  | 12958 | 0x0000569e | 0xfd | 0xfd
[OK ]  | 12959 | 0x0000569f | 0xff | 0xff
[OK ]  | 12960 | 0x000056a0 | 0x23 | 0x23
[OK ]  | 12961 | 0x000056a1 | 0x3f | 0x3f
[OK ]  | 12962 | 0x000056a2 | 0x01 | 0x01
[OK ]  | 12963 | 0x000056a3 | 0x00 | 0x00
[OK ]  | 12964 | 0x000056a4 | 0x3e | 0x3e
[OK ]  | 12965 | 0x000056a5 | 0xea | 0xea
[OK ]  | 12966 | 0x000056a6 | 0x00 | 0x00
[OK ]  | 12967 | 0x000056a7 | 0x00 | 0x00
[OK ]  | 12968 | 0x000056a8 | 0x9a | 0x9a
[OK ]  | 12969 | 0x000056a9 | 0xda | 0xda
[OK ]  | 12970 | 0x000056aa | 0x00 | 0x00
[OK ]  | 12971 | 0x000056ab | 0x00 | 0x00
[OK ]  | 12972 | 0x000056ac | 0x1a | 0x1a
[OK ]  | 12973 | 0x000056ad | 0x61 | 0x61
[OK ]  | 12974 | 0x000056ae | 0x00 | 0x00
[OK ]  | 12975 | 0x000056af | 0x00 | 0x00
[OK ]  | 12976 | 0x000056b0 | 0xe5 | 0xe5
[OK ]  | 12977 | 0x000056b1 | 0x34 | 0x34
[OK ]  | 12978 | 0x000056b2 | 0x00 | 0x00
[OK ]  | 12979 | 0x000056b3 | 0x00 | 0x00
[OK ]  | 12980 | 0x000056b4 | 0xaa | 0xaa
[OK ]  | 12981 | 0x000056b5 | 0xa0 | 0xa0
[OK ]  | 12982 | 0x000056b6 | 0x00 | 0x00
[OK ]  | 12983 | 0x000056b7 | 0x00 | 0x00
[OK ]  | 12984 | 0x000056b8 | 0x12 | 0x12
[OK ]  | 12985 | 0x000056b9 | 0x92 | 0x92
[OK ]  | 12986 | 0x000056ba | 0xff | 0xff
[OK ]  | 12987 | 0x000056bb | 0xff | 0xff
[OK ]  | 12988 | 0x000056bc | 0x14 | 0x14
[OK ]  | 12989 | 0x000056bd | 0x5c | 0x5c
[OK ]  | 12990 | 0x000056be | 0x00 | 0x00
[OK ]  | 12991 | 0x000056bf | 0x00 | 0x00
[OK ]  | 12992 | 0x000056c0 | 0x93 | 0x93
[OK ]  | 12993 | 0x000056c1 | 0x17 | 0x17
[OK ]  | 12994 | 0x000056c2 | 0xff | 0xff
[OK ]  | 12995 | 0x000056c3 | 0xff | 0xff
[OK ]  | 12996 | 0x000056c4 | 0xb9 | 0xb9
[OK ]  | 12997 | 0x000056c5 | 0x2e | 0x2e
[OK ]  | 12998 | 0x000056c6 | 0x00 | 0x00
[OK ]  | 12999 | 0x000056c7 | 0x00 | 0x00
[OK ]  | 13000 | 0x000056c8 | 0xc9 | 0xc9
[OK ]  | 13001 | 0x000056c9 | 0xe3 | 0xe3
[OK ]  | 13002 | 0x000056ca | 0xff | 0xff
[OK ]  | 13003 | 0x000056cb | 0xff | 0xff
[OK ]  | 13004 | 0x000056cc | 0xb2 | 0xb2
[OK ]  | 13005 | 0x000056cd | 0x25 | 0x25
[OK ]  | 13006 | 0x000056ce | 0x01 | 0x01
[OK ]  | 13007 | 0x000056cf | 0x00 | 0x00
[OK ]  | 13008 | 0x000056d0 | 0x82 | 0x82
[OK ]  | 13009 | 0x000056d1 | 0x1b | 0x1b
[OK ]  | 13010 | 0x000056d2 | 0x00 | 0x00
[OK ]  | 13011 | 0x000056d3 | 0x00 | 0x00
[OK ]  | 13012 | 0x000056d4 | 0xe4 | 0xe4
[OK ]  | 13013 | 0x000056d5 | 0xb1 | 0xb1
[OK ]  | 13014 | 0x000056d6 | 0xff | 0xff
[OK ]  | 13015 | 0x000056d7 | 0xff | 0xff
[OK ]  | 13016 | 0x000056d8 | 0x28 | 0x28
[OK ]  | 13017 | 0x000056d9 | 0x1c | 0x1c
[OK ]  | 13018 | 0x000056da | 0xff | 0xff
[OK ]  | 13019 | 0x000056db | 0xff | 0xff
[OK ]  | 13020 | 0x000056dc | 0x86 | 0x86
[OK ]  | 13021 | 0x000056dd | 0x5e | 0x5e
[OK ]  | 13022 | 0x000056de | 0xff | 0xff
[OK ]  | 13023 | 0x000056df | 0xff | 0xff
[OK ]  | 13024 | 0x000056e0 | 0xa3 | 0xa3
[OK ]  | 13025 | 0x000056e1 | 0xe3 | 0xe3
[OK ]  | 13026 | 0x000056e2 | 0xff | 0xff
[OK ]  | 13027 | 0x000056e3 | 0xff | 0xff
[OK ]  | 13028 | 0x000056e4 | 0xbb | 0xbb
[OK ]  | 13029 | 0x000056e5 | 0x61 | 0x61
[OK ]  | 13030 | 0x000056e6 | 0x00 | 0x00
[OK ]  | 13031 | 0x000056e7 | 0x00 | 0x00
[OK ]  | 13032 | 0x000056e8 | 0xec | 0xec
[OK ]  | 13033 | 0x000056e9 | 0xe4 | 0xe4
[OK ]  | 13034 | 0x000056ea | 0xfe | 0xfe
[OK ]  | 13035 | 0x000056eb | 0xff | 0xff
[OK ]  | 13036 | 0x000056ec | 0x34 | 0x34
[OK ]  | 13037 | 0x000056ed | 0x22 | 0x22
[OK ]  | 13038 | 0x000056ee | 0x00 | 0x00
[OK ]  | 13039 | 0x000056ef | 0x00 | 0x00
[OK ]  | 13040 | 0x000056f0 | 0xa8 | 0xa8
[OK ]  | 13041 | 0x000056f1 | 0x24 | 0x24
[OK ]  | 13042 | 0x000056f2 | 0x00 | 0x00
[OK ]  | 13043 | 0x000056f3 | 0x00 | 0x00
[OK ]  | 13044 | 0x000056f4 | 0x2a | 0x2a
[OK ]  | 13045 | 0x000056f5 | 0x55 | 0x55
[OK ]  | 13046 | 0x000056f6 | 0x00 | 0x00
[OK ]  | 13047 | 0x000056f7 | 0x00 | 0x00
[OK ]  | 13048 | 0x000056f8 | 0x45 | 0x45
[OK ]  | 13049 | 0x000056f9 | 0xfa | 0xfa
[OK ]  | 13050 | 0x000056fa | 0xff | 0xff
[OK ]  | 13051 | 0x000056fb | 0xff | 0xff
[OK ]  | 13052 | 0x000056fc | 0x76 | 0x76
[OK ]  | 13053 | 0x000056fd | 0x09 | 0x09
[OK ]  | 13054 | 0x000056fe | 0x00 | 0x00
[OK ]  | 13055 | 0x000056ff | 0x00 | 0x00
[OK ]  | 13056 | 0x00005700 | 0x98 | 0x98
[OK ]  | 13057 | 0x00005701 | 0x6b | 0x6b
[OK ]  | 13058 | 0x00005702 | 0x00 | 0x00
[OK ]  | 13059 | 0x00005703 | 0x00 | 0x00
[OK ]  | 13060 | 0x00005704 | 0xf2 | 0xf2
[OK ]  | 13061 | 0x00005705 | 0x1c | 0x1c
[OK ]  | 13062 | 0x00005706 | 0x00 | 0x00
[OK ]  | 13063 | 0x00005707 | 0x00 | 0x00
[OK ]  | 13064 | 0x00005708 | 0x75 | 0x75
[OK ]  | 13065 | 0x00005709 | 0x7c | 0x7c
[OK ]  | 13066 | 0x0000570a | 0xfe | 0xfe
[OK ]  | 13067 | 0x0000570b | 0xff | 0xff
[OK ]  | 13068 | 0x0000570c | 0x2d | 0x2d
[OK ]  | 13069 | 0x0000570d | 0xb1 | 0xb1
[OK ]  | 13070 | 0x0000570e | 0x00 | 0x00
[OK ]  | 13071 | 0x0000570f | 0x00 | 0x00
[OK ]  | 13072 | 0x00005710 | 0x7d | 0x7d
[OK ]  | 13073 | 0x00005711 | 0xdc | 0xdc
[OK ]  | 13074 | 0x00005712 | 0x00 | 0x00
[OK ]  | 13075 | 0x00005713 | 0x00 | 0x00
[OK ]  | 13076 | 0x00005714 | 0x5f | 0x5f
[OK ]  | 13077 | 0x00005715 | 0x9d | 0x9d
[OK ]  | 13078 | 0x00005716 | 0xff | 0xff
[OK ]  | 13079 | 0x00005717 | 0xff | 0xff
[OK ]  | 13080 | 0x00005718 | 0x8c | 0x8c
[OK ]  | 13081 | 0x00005719 | 0xdd | 0xdd
[OK ]  | 13082 | 0x0000571a | 0xff | 0xff
[OK ]  | 13083 | 0x0000571b | 0xff | 0xff
[OK ]  | 13084 | 0x0000571c | 0x5f | 0x5f
[OK ]  | 13085 | 0x0000571d | 0x01 | 0x01
[OK ]  | 13086 | 0x0000571e | 0x00 | 0x00
[OK ]  | 13087 | 0x0000571f | 0x00 | 0x00
[OK ]  | 13088 | 0x00005720 | 0x0b | 0x0b
[OK ]  | 13089 | 0x00005721 | 0xbd | 0xbd
[OK ]  | 13090 | 0x00005722 | 0xff | 0xff
[OK ]  | 13091 | 0x00005723 | 0xff | 0xff
[OK ]  | 13092 | 0x00005724 | 0x7b | 0x7b
[OK ]  | 13093 | 0x00005725 | 0xbb | 0xbb
[OK ]  | 13094 | 0x00005726 | 0x00 | 0x00
[OK ]  | 13095 | 0x00005727 | 0x00 | 0x00
[OK ]  | 13096 | 0x00005728 | 0xb8 | 0xb8
[OK ]  | 13097 | 0x00005729 | 0x19 | 0x19
[OK ]  | 13098 | 0x0000572a | 0x01 | 0x01
[OK ]  | 13099 | 0x0000572b | 0x00 | 0x00
[OK ]  | 13100 | 0x0000572c | 0x0e | 0x0e
[OK ]  | 13101 | 0x0000572d | 0x96 | 0x96
[OK ]  | 13102 | 0x0000572e | 0xff | 0xff
[OK ]  | 13103 | 0x0000572f | 0xff | 0xff
[OK ]  | 13104 | 0x00005730 | 0xa4 | 0xa4
[OK ]  | 13105 | 0x00005731 | 0xff | 0xff
[OK ]  | 13106 | 0x00005732 | 0xff | 0xff
[OK ]  | 13107 | 0x00005733 | 0xff | 0xff
[OK ]  | 13108 | 0x00005734 | 0xe4 | 0xe4
[OK ]  | 13109 | 0x00005735 | 0xec | 0xec
[OK ]  | 13110 | 0x00005736 | 0xfe | 0xfe
[OK ]  | 13111 | 0x00005737 | 0xff | 0xff
[OK ]  | 13112 | 0x00005738 | 0x50 | 0x50
[OK ]  | 13113 | 0x00005739 | 0x22 | 0x22
[OK ]  | 13114 | 0x0000573a | 0x00 | 0x00
[OK ]  | 13115 | 0x0000573b | 0x00 | 0x00
[OK ]  | 13116 | 0x0000573c | 0xb6 | 0xb6
[OK ]  | 13117 | 0x0000573d | 0x0c | 0x0c
[OK ]  | 13118 | 0x0000573e | 0x00 | 0x00
[OK ]  | 13119 | 0x0000573f | 0x00 | 0x00
[OK ]  | 13120 | 0x00005740 | 0x45 | 0x45
[OK ]  | 13121 | 0x00005741 | 0x4f | 0x4f
[OK ]  | 13122 | 0x00005742 | 0x00 | 0x00
[OK ]  | 13123 | 0x00005743 | 0x00 | 0x00
[OK ]  | 13124 | 0x00005744 | 0x72 | 0x72
[OK ]  | 13125 | 0x00005745 | 0xac | 0xac
[OK ]  | 13126 | 0x00005746 | 0xff | 0xff
[OK ]  | 13127 | 0x00005747 | 0xff | 0xff
[OK ]  | 13128 | 0x00005748 | 0x02 | 0x02
[OK ]  | 13129 | 0x00005749 | 0xf9 | 0xf9
[OK ]  | 13130 | 0x0000574a | 0xff | 0xff
[OK ]  | 13131 | 0x0000574b | 0xff | 0xff
[OK ]  | 13132 | 0x0000574c | 0xc5 | 0xc5
[OK ]  | 13133 | 0x0000574d | 0x44 | 0x44
[OK ]  | 13134 | 0x0000574e | 0x00 | 0x00
[OK ]  | 13135 | 0x0000574f | 0x00 | 0x00
[OK ]  | 13136 | 0x00005750 | 0x3a | 0x3a
[OK ]  | 13137 | 0x00005751 | 0x42 | 0x42
[OK ]  | 13138 | 0x00005752 | 0x00 | 0x00
[OK ]  | 13139 | 0x00005753 | 0x00 | 0x00
[OK ]  | 13140 | 0x00005754 | 0x93 | 0x93
[OK ]  | 13141 | 0x00005755 | 0x53 | 0x53
[OK ]  | 13142 | 0x00005756 | 0x00 | 0x00
[OK ]  | 13143 | 0x00005757 | 0x00 | 0x00
[OK ]  | 13144 | 0x00005758 | 0x1b | 0x1b
[OK ]  | 13145 | 0x00005759 | 0x07 | 0x07
[OK ]  | 13146 | 0x0000575a | 0x00 | 0x00
[OK ]  | 13147 | 0x0000575b | 0x00 | 0x00
[OK ]  | 13148 | 0x0000575c | 0x93 | 0x93
[OK ]  | 13149 | 0x0000575d | 0x65 | 0x65
[OK ]  | 13150 | 0x0000575e | 0x00 | 0x00
[OK ]  | 13151 | 0x0000575f | 0x00 | 0x00
[OK ]  | 13152 | 0x00005760 | 0x83 | 0x83
[OK ]  | 13153 | 0x00005761 | 0xa5 | 0xa5
[OK ]  | 13154 | 0x00005762 | 0xff | 0xff
[OK ]  | 13155 | 0x00005763 | 0xff | 0xff
[OK ]  | 13156 | 0x00005764 | 0x53 | 0x53
[OK ]  | 13157 | 0x00005765 | 0xe2 | 0xe2
[OK ]  | 13158 | 0x00005766 | 0xff | 0xff
[OK ]  | 13159 | 0x00005767 | 0xff | 0xff
[OK ]  | 13160 | 0x00005768 | 0x97 | 0x97
[OK ]  | 13161 | 0x00005769 | 0x2e | 0x2e
[OK ]  | 13162 | 0x0000576a | 0x00 | 0x00
[OK ]  | 13163 | 0x0000576b | 0x00 | 0x00
[OK ]  | 13164 | 0x0000576c | 0x7a | 0x7a
[OK ]  | 13165 | 0x0000576d | 0xaa | 0xaa
[OK ]  | 13166 | 0x0000576e | 0x00 | 0x00
[OK ]  | 13167 | 0x0000576f | 0x00 | 0x00
[OK ]  | 13168 | 0x00005770 | 0xeb | 0xeb
[OK ]  | 13169 | 0x00005771 | 0x6f | 0x6f
[OK ]  | 13170 | 0x00005772 | 0xff | 0xff
[OK ]  | 13171 | 0x00005773 | 0xff | 0xff
[OK ]  | 13172 | 0x00005774 | 0x86 | 0x86
[OK ]  | 13173 | 0x00005775 | 0x58 | 0x58
[OK ]  | 13174 | 0x00005776 | 0xff | 0xff
[OK ]  | 13175 | 0x00005777 | 0xff | 0xff
[OK ]  | 13176 | 0x00005778 | 0x66 | 0x66
[OK ]  | 13177 | 0x00005779 | 0xad | 0xad
[OK ]  | 13178 | 0x0000577a | 0xff | 0xff
[OK ]  | 13179 | 0x0000577b | 0xff | 0xff
[OK ]  | 13180 | 0x0000577c | 0xfa | 0xfa
[OK ]  | 13181 | 0x0000577d | 0x64 | 0x64
[OK ]  | 13182 | 0x0000577e | 0x01 | 0x01
[OK ]  | 13183 | 0x0000577f | 0x00 | 0x00
[OK ]  | 13184 | 0x00005780 | 0x90 | 0x90
[OK ]  | 13185 | 0x00005781 | 0x11 | 0x11
[OK ]  | 13186 | 0x00005782 | 0x00 | 0x00
[OK ]  | 13187 | 0x00005783 | 0x00 | 0x00
[OK ]  | 13188 | 0x00005784 | 0xca | 0xca
[OK ]  | 13189 | 0x00005785 | 0xd5 | 0xd5
[OK ]  | 13190 | 0x00005786 | 0x00 | 0x00
[OK ]  | 13191 | 0x00005787 | 0x00 | 0x00
[OK ]  | 13192 | 0x00005788 | 0xad | 0xad
[OK ]  | 13193 | 0x00005789 | 0xcb | 0xcb
[OK ]  | 13194 | 0x0000578a | 0xfe | 0xfe
[OK ]  | 13195 | 0x0000578b | 0xff | 0xff
[OK ]  | 13196 | 0x0000578c | 0xd3 | 0xd3
[OK ]  | 13197 | 0x0000578d | 0xad | 0xad
[OK ]  | 13198 | 0x0000578e | 0xff | 0xff
[OK ]  | 13199 | 0x0000578f | 0xff | 0xff
[OK ]  | 13200 | 0x00005790 | 0xe5 | 0xe5
[OK ]  | 13201 | 0x00005791 | 0x8e | 0x8e
[OK ]  | 13202 | 0x00005792 | 0x00 | 0x00
[OK ]  | 13203 | 0x00005793 | 0x00 | 0x00
[OK ]  | 13204 | 0x00005794 | 0x60 | 0x60
[OK ]  | 13205 | 0x00005795 | 0x1e | 0x1e
[OK ]  | 13206 | 0x00005796 | 0x00 | 0x00
[OK ]  | 13207 | 0x00005797 | 0x00 | 0x00
[OK ]  | 13208 | 0x00005798 | 0x6e | 0x6e
[OK ]  | 13209 | 0x00005799 | 0x79 | 0x79
[OK ]  | 13210 | 0x0000579a | 0x00 | 0x00
[OK ]  | 13211 | 0x0000579b | 0x00 | 0x00
[OK ]  | 13212 | 0x0000579c | 0xde | 0xde
[OK ]  | 13213 | 0x0000579d | 0x29 | 0x29
[OK ]  | 13214 | 0x0000579e | 0x01 | 0x01
[OK ]  | 13215 | 0x0000579f | 0x00 | 0x00
[OK ]  | 13216 | 0x000057a0 | 0xe9 | 0xe9
[OK ]  | 13217 | 0x000057a1 | 0x08 | 0x08
[OK ]  | 13218 | 0x000057a2 | 0x00 | 0x00
[OK ]  | 13219 | 0x000057a3 | 0x00 | 0x00
[OK ]  | 13220 | 0x000057a4 | 0x5b | 0x5b
[OK ]  | 13221 | 0x000057a5 | 0x12 | 0x12
[OK ]  | 13222 | 0x000057a6 | 0x01 | 0x01
[OK ]  | 13223 | 0x000057a7 | 0x00 | 0x00
[OK ]  | 13224 | 0x000057a8 | 0x25 | 0x25
[OK ]  | 13225 | 0x000057a9 | 0xec | 0xec
[OK ]  | 13226 | 0x000057aa | 0x00 | 0x00
[OK ]  | 13227 | 0x000057ab | 0x00 | 0x00
[OK ]  | 13228 | 0x000057ac | 0x0b | 0x0b
[OK ]  | 13229 | 0x000057ad | 0x4b | 0x4b
[OK ]  | 13230 | 0x000057ae | 0x00 | 0x00
[OK ]  | 13231 | 0x000057af | 0x00 | 0x00
[OK ]  | 13232 | 0x000057b0 | 0x3f | 0x3f
[OK ]  | 13233 | 0x000057b1 | 0xf6 | 0xf6
[OK ]  | 13234 | 0x000057b2 | 0x00 | 0x00
[OK ]  | 13235 | 0x000057b3 | 0x00 | 0x00
[OK ]  | 13236 | 0x000057b4 | 0xda | 0xda
[OK ]  | 13237 | 0x000057b5 | 0xfd | 0xfd
[OK ]  | 13238 | 0x000057b6 | 0xff | 0xff
[OK ]  | 13239 | 0x000057b7 | 0xff | 0xff
[OK ]  | 13240 | 0x000057b8 | 0x59 | 0x59
[OK ]  | 13241 | 0x000057b9 | 0x99 | 0x99
[OK ]  | 13242 | 0x000057ba | 0x00 | 0x00
[OK ]  | 13243 | 0x000057bb | 0x00 | 0x00
[OK ]  | 13244 | 0x000057bc | 0xd8 | 0xd8
[OK ]  | 13245 | 0x000057bd | 0xaf | 0xaf
[OK ]  | 13246 | 0x000057be | 0x00 | 0x00
[OK ]  | 13247 | 0x000057bf | 0x00 | 0x00
[OK ]  | 13248 | 0x000057c0 | 0xdd | 0xdd
[OK ]  | 13249 | 0x000057c1 | 0x67 | 0x67
[OK ]  | 13250 | 0x000057c2 | 0xfe | 0xfe
[OK ]  | 13251 | 0x000057c3 | 0xff | 0xff
[OK ]  | 13252 | 0x000057c4 | 0x9f | 0x9f
[OK ]  | 13253 | 0x000057c5 | 0x4d | 0x4d
[OK ]  | 13254 | 0x000057c6 | 0xff | 0xff
[OK ]  | 13255 | 0x000057c7 | 0xff | 0xff
[OK ]  | 13256 | 0x000057c8 | 0xd0 | 0xd0
[OK ]  | 13257 | 0x000057c9 | 0xc7 | 0xc7
[OK ]  | 13258 | 0x000057ca | 0x00 | 0x00
[OK ]  | 13259 | 0x000057cb | 0x00 | 0x00
[OK ]  | 13260 | 0x000057cc | 0x97 | 0x97
[OK ]  | 13261 | 0x000057cd | 0xb0 | 0xb0
[OK ]  | 13262 | 0x000057ce | 0x00 | 0x00
[OK ]  | 13263 | 0x000057cf | 0x00 | 0x00
[OK ]  | 13264 | 0x000057d0 | 0x70 | 0x70
[OK ]  | 13265 | 0x000057d1 | 0x48 | 0x48
[OK ]  | 13266 | 0x000057d2 | 0x00 | 0x00
[OK ]  | 13267 | 0x000057d3 | 0x00 | 0x00
[OK ]  | 13268 | 0x000057d4 | 0x48 | 0x48
[OK ]  | 13269 | 0x000057d5 | 0xf1 | 0xf1
[OK ]  | 13270 | 0x000057d6 | 0x00 | 0x00
[OK ]  | 13271 | 0x000057d7 | 0x00 | 0x00
[OK ]  | 13272 | 0x000057d8 | 0x5c | 0x5c
[OK ]  | 13273 | 0x000057d9 | 0x1f | 0x1f
[OK ]  | 13274 | 0x000057da | 0x00 | 0x00
[OK ]  | 13275 | 0x000057db | 0x00 | 0x00
[OK ]  | 13276 | 0x000057dc | 0x91 | 0x91
[OK ]  | 13277 | 0x000057dd | 0x7d | 0x7d
[OK ]  | 13278 | 0x000057de | 0x01 | 0x01
[OK ]  | 13279 | 0x000057df | 0x00 | 0x00
[OK ]  | 13280 | 0x000057e0 | 0x97 | 0x97
[OK ]  | 13281 | 0x000057e1 | 0x9e | 0x9e
[OK ]  | 13282 | 0x000057e2 | 0xff | 0xff
[OK ]  | 13283 | 0x000057e3 | 0xff | 0xff
[OK ]  | 13284 | 0x000057e4 | 0x2a | 0x2a
[OK ]  | 13285 | 0x000057e5 | 0xf7 | 0xf7
[OK ]  | 13286 | 0x000057e6 | 0xff | 0xff
[OK ]  | 13287 | 0x000057e7 | 0xff | 0xff
[OK ]  | 13288 | 0x000057e8 | 0x50 | 0x50
[OK ]  | 13289 | 0x000057e9 | 0x98 | 0x98
[OK ]  | 13290 | 0x000057ea | 0xfe | 0xfe
[OK ]  | 13291 | 0x000057eb | 0xff | 0xff
[OK ]  | 13292 | 0x000057ec | 0x07 | 0x07
[OK ]  | 13293 | 0x000057ed | 0xb4 | 0xb4
[OK ]  | 13294 | 0x000057ee | 0xff | 0xff
[OK ]  | 13295 | 0x000057ef | 0xff | 0xff
[OK ]  | 13296 | 0x000057f0 | 0x0d | 0x0d
[OK ]  | 13297 | 0x000057f1 | 0xfe | 0xfe
[OK ]  | 13298 | 0x000057f2 | 0xff | 0xff
[OK ]  | 13299 | 0x000057f3 | 0xff | 0xff
[OK ]  | 13300 | 0x000057f4 | 0xf3 | 0xf3
[OK ]  | 13301 | 0x000057f5 | 0xc5 | 0xc5
[OK ]  | 13302 | 0x000057f6 | 0x00 | 0x00
[OK ]  | 13303 | 0x000057f7 | 0x00 | 0x00
[OK ]  | 13304 | 0x000057f8 | 0xcd | 0xcd
[OK ]  | 13305 | 0x000057f9 | 0xc7 | 0xc7
[OK ]  | 13306 | 0x000057fa | 0xff | 0xff
[OK ]  | 13307 | 0x000057fb | 0xff | 0xff
[OK ]  | 13308 | 0x000057fc | 0xac | 0xac
[OK ]  | 13309 | 0x000057fd | 0x8b | 0x8b
[OK ]  | 13310 | 0x000057fe | 0xff | 0xff
[OK ]  | 13311 | 0x000057ff | 0xff | 0xff
[OK ]  | 13312 | 0x00005800 | 0xb3 | 0xb3
[OK ]  | 13313 | 0x00005801 | 0x8b | 0x8b
[OK ]  | 13314 | 0x00005802 | 0xff | 0xff
[OK ]  | 13315 | 0x00005803 | 0xff | 0xff
[OK ]  | 13316 | 0x00005804 | 0x33 | 0x33
[OK ]  | 13317 | 0x00005805 | 0xc0 | 0xc0
[OK ]  | 13318 | 0x00005806 | 0xff | 0xff
[OK ]  | 13319 | 0x00005807 | 0xff | 0xff
[OK ]  | 13320 | 0x00005808 | 0x0d | 0x0d
[OK ]  | 13321 | 0x00005809 | 0x4c | 0x4c
[OK ]  | 13322 | 0x0000580a | 0x00 | 0x00
[OK ]  | 13323 | 0x0000580b | 0x00 | 0x00
[OK ]  | 13324 | 0x0000580c | 0xe2 | 0xe2
[OK ]  | 13325 | 0x0000580d | 0x6c | 0x6c
[OK ]  | 13326 | 0x0000580e | 0xff | 0xff
[OK ]  | 13327 | 0x0000580f | 0xff | 0xff
[OK ]  | 13328 | 0x00005810 | 0x97 | 0x97
[OK ]  | 13329 | 0x00005811 | 0xb5 | 0xb5
[OK ]  | 13330 | 0x00005812 | 0xff | 0xff
[OK ]  | 13331 | 0x00005813 | 0xff | 0xff
[OK ]  | 13332 | 0x00005814 | 0xde | 0xde
[OK ]  | 13333 | 0x00005815 | 0xff | 0xff
[OK ]  | 13334 | 0x00005816 | 0xff | 0xff
[OK ]  | 13335 | 0x00005817 | 0xff | 0xff
[OK ]  | 13336 | 0x00005818 | 0x6e | 0x6e
[OK ]  | 13337 | 0x00005819 | 0x7f | 0x7f
[OK ]  | 13338 | 0x0000581a | 0xff | 0xff
[OK ]  | 13339 | 0x0000581b | 0xff | 0xff
[OK ]  | 13340 | 0x0000581c | 0x93 | 0x93
[OK ]  | 13341 | 0x0000581d | 0x57 | 0x57
[OK ]  | 13342 | 0x0000581e | 0xff | 0xff
[OK ]  | 13343 | 0x0000581f | 0xff | 0xff
[OK ]  | 13344 | 0x00005820 | 0x55 | 0x55
[OK ]  | 13345 | 0x00005821 | 0xc6 | 0xc6
[OK ]  | 13346 | 0x00005822 | 0xff | 0xff
[OK ]  | 13347 | 0x00005823 | 0xff | 0xff
[OK ]  | 13348 | 0x00005824 | 0x0e | 0x0e
[OK ]  | 13349 | 0x00005825 | 0xd6 | 0xd6
[OK ]  | 13350 | 0x00005826 | 0x00 | 0x00
[OK ]  | 13351 | 0x00005827 | 0x00 | 0x00
[OK ]  | 13352 | 0x00005828 | 0x85 | 0x85
[OK ]  | 13353 | 0x00005829 | 0x55 | 0x55
[OK ]  | 13354 | 0x0000582a | 0xff | 0xff
[OK ]  | 13355 | 0x0000582b | 0xff | 0xff
[OK ]  | 13356 | 0x0000582c | 0xfd | 0xfd
[OK ]  | 13357 | 0x0000582d | 0x6c | 0x6c
[OK ]  | 13358 | 0x0000582e | 0xff | 0xff
[OK ]  | 13359 | 0x0000582f | 0xff | 0xff
[OK ]  | 13360 | 0x00005830 | 0xc3 | 0xc3
[OK ]  | 13361 | 0x00005831 | 0x08 | 0x08
[OK ]  | 13362 | 0x00005832 | 0x00 | 0x00
[OK ]  | 13363 | 0x00005833 | 0x00 | 0x00
[OK ]  | 13364 | 0x00005834 | 0x87 | 0x87
[OK ]  | 13365 | 0x00005835 | 0xd7 | 0xd7
[OK ]  | 13366 | 0x00005836 | 0x00 | 0x00
[OK ]  | 13367 | 0x00005837 | 0x00 | 0x00
[OK ]  | 13368 | 0x00005838 | 0x82 | 0x82
[OK ]  | 13369 | 0x00005839 | 0x6d | 0x6d
[OK ]  | 13370 | 0x0000583a | 0xff | 0xff
[OK ]  | 13371 | 0x0000583b | 0xff | 0xff
[OK ]  | 13372 | 0x0000583c | 0x75 | 0x75
[OK ]  | 13373 | 0x0000583d | 0x1b | 0x1b
[OK ]  | 13374 | 0x0000583e | 0xff | 0xff
[OK ]  | 13375 | 0x0000583f | 0xff | 0xff
[OK ]  | 13376 | 0x00005840 | 0x15 | 0x15
[OK ]  | 13377 | 0x00005841 | 0xfc | 0xfc
[OK ]  | 13378 | 0x00005842 | 0xff | 0xff
[OK ]  | 13379 | 0x00005843 | 0xff | 0xff
[OK ]  | 13380 | 0x00005844 | 0x3c | 0x3c
[OK ]  | 13381 | 0x00005845 | 0xcd | 0xcd
[OK ]  | 13382 | 0x00005846 | 0xff | 0xff
[OK ]  | 13383 | 0x00005847 | 0xff | 0xff
[OK ]  | 13384 | 0x00005848 | 0x03 | 0x03
[OK ]  | 13385 | 0x00005849 | 0x28 | 0x28
[OK ]  | 13386 | 0x0000584a | 0x00 | 0x00
[OK ]  | 13387 | 0x0000584b | 0x00 | 0x00
[OK ]  | 13388 | 0x0000584c | 0x6a | 0x6a
[OK ]  | 13389 | 0x0000584d | 0x64 | 0x64
[OK ]  | 13390 | 0x0000584e | 0x00 | 0x00
[OK ]  | 13391 | 0x0000584f | 0x00 | 0x00
[OK ]  | 13392 | 0x00005850 | 0x0c | 0x0c
[OK ]  | 13393 | 0x00005851 | 0xe3 | 0xe3
[OK ]  | 13394 | 0x00005852 | 0x00 | 0x00
[OK ]  | 13395 | 0x00005853 | 0x00 | 0x00
[OK ]  | 13396 | 0x00005854 | 0x4e | 0x4e
[OK ]  | 13397 | 0x00005855 | 0xca | 0xca
[OK ]  | 13398 | 0x00005856 | 0xff | 0xff
[OK ]  | 13399 | 0x00005857 | 0xff | 0xff
[OK ]  | 13400 | 0x00005858 | 0x75 | 0x75
[OK ]  | 13401 | 0x00005859 | 0x13 | 0x13
[OK ]  | 13402 | 0x0000585a | 0x01 | 0x01
[OK ]  | 13403 | 0x0000585b | 0x00 | 0x00
[OK ]  | 13404 | 0x0000585c | 0x87 | 0x87
[OK ]  | 13405 | 0x0000585d | 0x7e | 0x7e
[OK ]  | 13406 | 0x0000585e | 0xff | 0xff
[OK ]  | 13407 | 0x0000585f | 0xff | 0xff
[OK ]  | 13408 | 0x00005860 | 0x77 | 0x77
[OK ]  | 13409 | 0x00005861 | 0x6c | 0x6c
[OK ]  | 13410 | 0x00005862 | 0xff | 0xff
[OK ]  | 13411 | 0x00005863 | 0xff | 0xff
[OK ]  | 13412 | 0x00005864 | 0xd3 | 0xd3
[OK ]  | 13413 | 0x00005865 | 0xfb | 0xfb
[OK ]  | 13414 | 0x00005866 | 0xff | 0xff
[OK ]  | 13415 | 0x00005867 | 0xff | 0xff
[OK ]  | 13416 | 0x00005868 | 0xb6 | 0xb6
[OK ]  | 13417 | 0x00005869 | 0xb7 | 0xb7
[OK ]  | 13418 | 0x0000586a | 0x00 | 0x00
[OK ]  | 13419 | 0x0000586b | 0x00 | 0x00
[OK ]  | 13420 | 0x0000586c | 0x18 | 0x18
[OK ]  | 13421 | 0x0000586d | 0x5d | 0x5d
[OK ]  | 13422 | 0x0000586e | 0x00 | 0x00
[OK ]  | 13423 | 0x0000586f | 0x00 | 0x00
[OK ]  | 13424 | 0x00005870 | 0x6f | 0x6f
[OK ]  | 13425 | 0x00005871 | 0x4f | 0x4f
[OK ]  | 13426 | 0x00005872 | 0x00 | 0x00
[OK ]  | 13427 | 0x00005873 | 0x00 | 0x00
[OK ]  | 13428 | 0x00005874 | 0x35 | 0x35
[OK ]  | 13429 | 0x00005875 | 0x09 | 0x09
[OK ]  | 13430 | 0x00005876 | 0x00 | 0x00
[OK ]  | 13431 | 0x00005877 | 0x00 | 0x00
[OK ]  | 13432 | 0x00005878 | 0xdc | 0xdc
[OK ]  | 13433 | 0x00005879 | 0x67 | 0x67
[OK ]  | 13434 | 0x0000587a | 0xff | 0xff
[OK ]  | 13435 | 0x0000587b | 0xff | 0xff
[OK ]  | 13436 | 0x0000587c | 0x5e | 0x5e
[OK ]  | 13437 | 0x0000587d | 0x28 | 0x28
[OK ]  | 13438 | 0x0000587e | 0xff | 0xff
[OK ]  | 13439 | 0x0000587f | 0xff | 0xff
[OK ]  | 13440 | 0x00005880 | 0x4b | 0x4b
[OK ]  | 13441 | 0x00005881 | 0xba | 0xba
[OK ]  | 13442 | 0x00005882 | 0xff | 0xff
[OK ]  | 13443 | 0x00005883 | 0xff | 0xff
[OK ]  | 13444 | 0x00005884 | 0x72 | 0x72
[OK ]  | 13445 | 0x00005885 | 0xab | 0xab
[OK ]  | 13446 | 0x00005886 | 0x00 | 0x00
[OK ]  | 13447 | 0x00005887 | 0x00 | 0x00
[OK ]  | 13448 | 0x00005888 | 0x67 | 0x67
[OK ]  | 13449 | 0x00005889 | 0xfb | 0xfb
[OK ]  | 13450 | 0x0000588a | 0xff | 0xff
[OK ]  | 13451 | 0x0000588b | 0xff | 0xff
[OK ]  | 13452 | 0x0000588c | 0x9b | 0x9b
[OK ]  | 13453 | 0x0000588d | 0x20 | 0x20
[OK ]  | 13454 | 0x0000588e | 0xff | 0xff
[OK ]  | 13455 | 0x0000588f | 0xff | 0xff
[OK ]  | 13456 | 0x00005890 | 0x22 | 0x22
[OK ]  | 13457 | 0x00005891 | 0xb1 | 0xb1
[OK ]  | 13458 | 0x00005892 | 0xff | 0xff
[OK ]  | 13459 | 0x00005893 | 0xff | 0xff
[OK ]  | 13460 | 0x00005894 | 0x3d | 0x3d
[OK ]  | 13461 | 0x00005895 | 0x90 | 0x90
[OK ]  | 13462 | 0x00005896 | 0xfe | 0xfe
[OK ]  | 13463 | 0x00005897 | 0xff | 0xff
[OK ]  | 13464 | 0x00005898 | 0x8c | 0x8c
[OK ]  | 13465 | 0x00005899 | 0xf7 | 0xf7
[OK ]  | 13466 | 0x0000589a | 0xff | 0xff
[OK ]  | 13467 | 0x0000589b | 0xff | 0xff
[OK ]  | 13468 | 0x0000589c | 0xf7 | 0xf7
[OK ]  | 13469 | 0x0000589d | 0xbe | 0xbe
[OK ]  | 13470 | 0x0000589e | 0x00 | 0x00
[OK ]  | 13471 | 0x0000589f | 0x00 | 0x00
[OK ]  | 13472 | 0x000058a0 | 0x9d | 0x9d
[OK ]  | 13473 | 0x000058a1 | 0xb7 | 0xb7
[OK ]  | 13474 | 0x000058a2 | 0x00 | 0x00
[OK ]  | 13475 | 0x000058a3 | 0x00 | 0x00
[OK ]  | 13476 | 0x000058a4 | 0xa8 | 0xa8
[OK ]  | 13477 | 0x000058a5 | 0xa4 | 0xa4
[OK ]  | 13478 | 0x000058a6 | 0x00 | 0x00
[OK ]  | 13479 | 0x000058a7 | 0x00 | 0x00
[OK ]  | 13480 | 0x000058a8 | 0x83 | 0x83
[OK ]  | 13481 | 0x000058a9 | 0x54 | 0x54
[OK ]  | 13482 | 0x000058aa | 0xff | 0xff
[OK ]  | 13483 | 0x000058ab | 0xff | 0xff
[OK ]  | 13484 | 0x000058ac | 0x10 | 0x10
[OK ]  | 13485 | 0x000058ad | 0x28 | 0x28
[OK ]  | 13486 | 0x000058ae | 0x01 | 0x01
[OK ]  | 13487 | 0x000058af | 0x00 | 0x00
[OK ]  | 13488 | 0x000058b0 | 0xd6 | 0xd6
[OK ]  | 13489 | 0x000058b1 | 0xd0 | 0xd0
[OK ]  | 13490 | 0x000058b2 | 0x00 | 0x00
[OK ]  | 13491 | 0x000058b3 | 0x00 | 0x00
[OK ]  | 13492 | 0x000058b4 | 0xdc | 0xdc
[OK ]  | 13493 | 0x000058b5 | 0x7a | 0x7a
[OK ]  | 13494 | 0x000058b6 | 0x01 | 0x01
[OK ]  | 13495 | 0x000058b7 | 0x00 | 0x00
[OK ]  | 13496 | 0x000058b8 | 0x04 | 0x04
[OK ]  | 13497 | 0x000058b9 | 0xfd | 0xfd
[OK ]  | 13498 | 0x000058ba | 0x00 | 0x00
[OK ]  | 13499 | 0x000058bb | 0x00 | 0x00
[OK ]  | 13500 | 0x000058bc | 0x7e | 0x7e
[OK ]  | 13501 | 0x000058bd | 0xec | 0xec
[OK ]  | 13502 | 0x000058be | 0xff | 0xff
[OK ]  | 13503 | 0x000058bf | 0xff | 0xff
[OK ]  | 13504 | 0x000058c0 | 0x62 | 0x62
[OK ]  | 13505 | 0x000058c1 | 0x0d | 0x0d
[OK ]  | 13506 | 0x000058c2 | 0xff | 0xff
[OK ]  | 13507 | 0x000058c3 | 0xff | 0xff
[OK ]  | 13508 | 0x000058c4 | 0xa1 | 0xa1
[OK ]  | 13509 | 0x000058c5 | 0x26 | 0x26
[OK ]  | 13510 | 0x000058c6 | 0x00 | 0x00
[OK ]  | 13511 | 0x000058c7 | 0x00 | 0x00
[OK ]  | 13512 | 0x000058c8 | 0xb2 | 0xb2
[OK ]  | 13513 | 0x000058c9 | 0x7b | 0x7b
[OK ]  | 13514 | 0x000058ca | 0xff | 0xff
[OK ]  | 13515 | 0x000058cb | 0xff | 0xff
[OK ]  | 13516 | 0x000058cc | 0xfe | 0xfe
[OK ]  | 13517 | 0x000058cd | 0x1a | 0x1a
[OK ]  | 13518 | 0x000058ce | 0x00 | 0x00
[OK ]  | 13519 | 0x000058cf | 0x00 | 0x00
[OK ]  | 13520 | 0x000058d0 | 0xa5 | 0xa5
[OK ]  | 13521 | 0x000058d1 | 0x00 | 0x00
[OK ]  | 13522 | 0x000058d2 | 0x00 | 0x00
[OK ]  | 13523 | 0x000058d3 | 0x00 | 0x00
[OK ]  | 13524 | 0x000058d4 | 0x2a | 0x2a
[OK ]  | 13525 | 0x000058d5 | 0xc8 | 0xc8
[OK ]  | 13526 | 0x000058d6 | 0x00 | 0x00
[OK ]  | 13527 | 0x000058d7 | 0x00 | 0x00
[OK ]  | 13528 | 0x000058d8 | 0x16 | 0x16
[OK ]  | 13529 | 0x000058d9 | 0xbf | 0xbf
[OK ]  | 13530 | 0x000058da | 0xff | 0xff
[OK ]  | 13531 | 0x000058db | 0xff | 0xff
[OK ]  | 13532 | 0x000058dc | 0xf4 | 0xf4
[OK ]  | 13533 | 0x000058dd | 0x01 | 0x01
[OK ]  | 13534 | 0x000058de | 0x00 | 0x00
[OK ]  | 13535 | 0x000058df | 0x00 | 0x00
[OK ]  | 13536 | 0x000058e0 | 0x3e | 0x3e
[OK ]  | 13537 | 0x000058e1 | 0x13 | 0x13
[OK ]  | 13538 | 0x000058e2 | 0x00 | 0x00
[OK ]  | 13539 | 0x000058e3 | 0x00 | 0x00
[OK ]  | 13540 | 0x000058e4 | 0x2e | 0x2e
[OK ]  | 13541 | 0x000058e5 | 0x0f | 0x0f
[OK ]  | 13542 | 0x000058e6 | 0xff | 0xff
[OK ]  | 13543 | 0x000058e7 | 0xff | 0xff
[OK ]  | 13544 | 0x000058e8 | 0x97 | 0x97
[OK ]  | 13545 | 0x000058e9 | 0x4b | 0x4b
[OK ]  | 13546 | 0x000058ea | 0x00 | 0x00
[OK ]  | 13547 | 0x000058eb | 0x00 | 0x00
[OK ]  | 13548 | 0x000058ec | 0x7c | 0x7c
[OK ]  | 13549 | 0x000058ed | 0x4a | 0x4a
[OK ]  | 13550 | 0x000058ee | 0xff | 0xff
[OK ]  | 13551 | 0x000058ef | 0xff | 0xff
[OK ]  | 13552 | 0x000058f0 | 0x4b | 0x4b
[OK ]  | 13553 | 0x000058f1 | 0x59 | 0x59
[OK ]  | 13554 | 0x000058f2 | 0xff | 0xff
[OK ]  | 13555 | 0x000058f3 | 0xff | 0xff
[OK ]  | 13556 | 0x000058f4 | 0x83 | 0x83
[OK ]  | 13557 | 0x000058f5 | 0x76 | 0x76
[OK ]  | 13558 | 0x000058f6 | 0x00 | 0x00
[OK ]  | 13559 | 0x000058f7 | 0x00 | 0x00
[OK ]  | 13560 | 0x000058f8 | 0x2e | 0x2e
[OK ]  | 13561 | 0x000058f9 | 0xb1 | 0xb1
[OK ]  | 13562 | 0x000058fa | 0xff | 0xff
[OK ]  | 13563 | 0x000058fb | 0xff | 0xff
[OK ]  | 13564 | 0x000058fc | 0x7f | 0x7f
[OK ]  | 13565 | 0x000058fd | 0x78 | 0x78
[OK ]  | 13566 | 0x000058fe | 0x00 | 0x00
[OK ]  | 13567 | 0x000058ff | 0x00 | 0x00
[OK ]  | 13568 | 0x00005900 | 0xce | 0xce
[OK ]  | 13569 | 0x00005901 | 0x1f | 0x1f
[OK ]  | 13570 | 0x00005902 | 0x00 | 0x00
[OK ]  | 13571 | 0x00005903 | 0x00 | 0x00
[OK ]  | 13572 | 0x00005904 | 0xd5 | 0xd5
[OK ]  | 13573 | 0x00005905 | 0xfe | 0xfe
[OK ]  | 13574 | 0x00005906 | 0xfe | 0xfe
[OK ]  | 13575 | 0x00005907 | 0xff | 0xff
[OK ]  | 13576 | 0x00005908 | 0x63 | 0x63
[OK ]  | 13577 | 0x00005909 | 0xa2 | 0xa2
[OK ]  | 13578 | 0x0000590a | 0xff | 0xff
[OK ]  | 13579 | 0x0000590b | 0xff | 0xff
[OK ]  | 13580 | 0x0000590c | 0x68 | 0x68
[OK ]  | 13581 | 0x0000590d | 0x97 | 0x97
[OK ]  | 13582 | 0x0000590e | 0xff | 0xff
[OK ]  | 13583 | 0x0000590f | 0xff | 0xff
[OK ]  | 13584 | 0x00005910 | 0x59 | 0x59
[OK ]  | 13585 | 0x00005911 | 0xb4 | 0xb4
[OK ]  | 13586 | 0x00005912 | 0x00 | 0x00
[OK ]  | 13587 | 0x00005913 | 0x00 | 0x00
[OK ]  | 13588 | 0x00005914 | 0x68 | 0x68
[OK ]  | 13589 | 0x00005915 | 0x21 | 0x21
[OK ]  | 13590 | 0x00005916 | 0x00 | 0x00
[OK ]  | 13591 | 0x00005917 | 0x00 | 0x00
[OK ]  | 13592 | 0x00005918 | 0x2b | 0x2b
[OK ]  | 13593 | 0x00005919 | 0x4f | 0x4f
[OK ]  | 13594 | 0x0000591a | 0x01 | 0x01
[OK ]  | 13595 | 0x0000591b | 0x00 | 0x00
[OK ]  | 13596 | 0x0000591c | 0x0b | 0x0b
[OK ]  | 13597 | 0x0000591d | 0xcc | 0xcc
[OK ]  | 13598 | 0x0000591e | 0xff | 0xff
[OK ]  | 13599 | 0x0000591f | 0xff | 0xff
[OK ]  | 13600 | 0x00005920 | 0x5c | 0x5c
[OK ]  | 13601 | 0x00005921 | 0x33 | 0x33
[OK ]  | 13602 | 0x00005922 | 0x00 | 0x00
[OK ]  | 13603 | 0x00005923 | 0x00 | 0x00
[OK ]  | 13604 | 0x00005924 | 0x1b | 0x1b
[OK ]  | 13605 | 0x00005925 | 0xb0 | 0xb0
[OK ]  | 13606 | 0x00005926 | 0xff | 0xff
[OK ]  | 13607 | 0x00005927 | 0xff | 0xff
[OK ]  | 13608 | 0x00005928 | 0xea | 0xea
[OK ]  | 13609 | 0x00005929 | 0xcc | 0xcc
[OK ]  | 13610 | 0x0000592a | 0x00 | 0x00
[OK ]  | 13611 | 0x0000592b | 0x00 | 0x00
[OK ]  | 13612 | 0x0000592c | 0x8a | 0x8a
[OK ]  | 13613 | 0x0000592d | 0x93 | 0x93
[OK ]  | 13614 | 0x0000592e | 0xff | 0xff
[OK ]  | 13615 | 0x0000592f | 0xff | 0xff
[OK ]  | 13616 | 0x00005930 | 0x6b | 0x6b
[OK ]  | 13617 | 0x00005931 | 0x9f | 0x9f
[OK ]  | 13618 | 0x00005932 | 0xff | 0xff
[OK ]  | 13619 | 0x00005933 | 0xff | 0xff
[OK ]  | 13620 | 0x00005934 | 0x94 | 0x94
[OK ]  | 13621 | 0x00005935 | 0xdd | 0xdd
[OK ]  | 13622 | 0x00005936 | 0xff | 0xff
[OK ]  | 13623 | 0x00005937 | 0xff | 0xff
[OK ]  | 13624 | 0x00005938 | 0xf9 | 0xf9
[OK ]  | 13625 | 0x00005939 | 0x41 | 0x41
[OK ]  | 13626 | 0x0000593a | 0x00 | 0x00
[OK ]  | 13627 | 0x0000593b | 0x00 | 0x00
[OK ]  | 13628 | 0x0000593c | 0xd5 | 0xd5
[OK ]  | 13629 | 0x0000593d | 0x82 | 0x82
[OK ]  | 13630 | 0x0000593e | 0xff | 0xff
[OK ]  | 13631 | 0x0000593f | 0xff | 0xff
[OK ]  | 13632 | 0x00005940 | 0xf9 | 0xf9
[OK ]  | 13633 | 0x00005941 | 0x8a | 0x8a
[OK ]  | 13634 | 0x00005942 | 0x00 | 0x00
[OK ]  | 13635 | 0x00005943 | 0x00 | 0x00
[OK ]  | 13636 | 0x00005944 | 0x92 | 0x92
[OK ]  | 13637 | 0x00005945 | 0x1f | 0x1f
[OK ]  | 13638 | 0x00005946 | 0x00 | 0x00
[OK ]  | 13639 | 0x00005947 | 0x00 | 0x00
[OK ]  | 13640 | 0x00005948 | 0xcd | 0xcd
[OK ]  | 13641 | 0x00005949 | 0x20 | 0x20
[OK ]  | 13642 | 0x0000594a | 0xff | 0xff
[OK ]  | 13643 | 0x0000594b | 0xff | 0xff
[OK ]  | 13644 | 0x0000594c | 0x6d | 0x6d
[OK ]  | 13645 | 0x0000594d | 0x16 | 0x16
[OK ]  | 13646 | 0x0000594e | 0x01 | 0x01
[OK ]  | 13647 | 0x0000594f | 0x00 | 0x00
[OK ]  | 13648 | 0x00005950 | 0x2e | 0x2e
[OK ]  | 13649 | 0x00005951 | 0xd2 | 0xd2
[OK ]  | 13650 | 0x00005952 | 0xfe | 0xfe
[OK ]  | 13651 | 0x00005953 | 0xff | 0xff
[OK ]  | 13652 | 0x00005954 | 0x64 | 0x64
[OK ]  | 13653 | 0x00005955 | 0x44 | 0x44
[OK ]  | 13654 | 0x00005956 | 0xff | 0xff
[OK ]  | 13655 | 0x00005957 | 0xff | 0xff
[OK ]  | 13656 | 0x00005958 | 0x6a | 0x6a
[OK ]  | 13657 | 0x00005959 | 0xc5 | 0xc5
[OK ]  | 13658 | 0x0000595a | 0x00 | 0x00
[OK ]  | 13659 | 0x0000595b | 0x00 | 0x00
[OK ]  | 13660 | 0x0000595c | 0xdd | 0xdd
[OK ]  | 13661 | 0x0000595d | 0xb3 | 0xb3
[OK ]  | 13662 | 0x0000595e | 0xff | 0xff
[OK ]  | 13663 | 0x0000595f | 0xff | 0xff
[OK ]  | 13664 | 0x00005960 | 0x8f | 0x8f
[OK ]  | 13665 | 0x00005961 | 0x43 | 0x43
[OK ]  | 13666 | 0x00005962 | 0xfe | 0xfe
[OK ]  | 13667 | 0x00005963 | 0xff | 0xff
[OK ]  | 13668 | 0x00005964 | 0x4f | 0x4f
[OK ]  | 13669 | 0x00005965 | 0xc1 | 0xc1
[OK ]  | 13670 | 0x00005966 | 0x00 | 0x00
[OK ]  | 13671 | 0x00005967 | 0x00 | 0x00
[OK ]  | 13672 | 0x00005968 | 0x38 | 0x38
[OK ]  | 13673 | 0x00005969 | 0x70 | 0x70
[OK ]  | 13674 | 0x0000596a | 0x00 | 0x00
[OK ]  | 13675 | 0x0000596b | 0x00 | 0x00
[OK ]  | 13676 | 0x0000596c | 0xf0 | 0xf0
[OK ]  | 13677 | 0x0000596d | 0x1f | 0x1f
[OK ]  | 13678 | 0x0000596e | 0x00 | 0x00
[OK ]  | 13679 | 0x0000596f | 0x00 | 0x00
[OK ]  | 13680 | 0x00005970 | 0x6f | 0x6f
[OK ]  | 13681 | 0x00005971 | 0xa9 | 0xa9
[OK ]  | 13682 | 0x00005972 | 0x00 | 0x00
[OK ]  | 13683 | 0x00005973 | 0x00 | 0x00
[OK ]  | 13684 | 0x00005974 | 0x6a | 0x6a
[OK ]  | 13685 | 0x00005975 | 0x6f | 0x6f
[OK ]  | 13686 | 0x00005976 | 0xff | 0xff
[OK ]  | 13687 | 0x00005977 | 0xff | 0xff
[OK ]  | 13688 | 0x00005978 | 0x7e | 0x7e
[OK ]  | 13689 | 0x00005979 | 0x48 | 0x48
[OK ]  | 13690 | 0x0000597a | 0x00 | 0x00
[OK ]  | 13691 | 0x0000597b | 0x00 | 0x00
[OK ]  | 13692 | 0x0000597c | 0x76 | 0x76
[OK ]  | 13693 | 0x0000597d | 0xd4 | 0xd4
[OK ]  | 13694 | 0x0000597e | 0xfe | 0xfe
[OK ]  | 13695 | 0x0000597f | 0xff | 0xff
[OK ]  | 13696 | 0x00005980 | 0xc4 | 0xc4
[OK ]  | 13697 | 0x00005981 | 0xa5 | 0xa5
[OK ]  | 13698 | 0x00005982 | 0x00 | 0x00
[OK ]  | 13699 | 0x00005983 | 0x00 | 0x00
[OK ]  | 13700 | 0x00005984 | 0xb1 | 0xb1
[OK ]  | 13701 | 0x00005985 | 0x2f | 0x2f
[OK ]  | 13702 | 0x00005986 | 0x00 | 0x00
[OK ]  | 13703 | 0x00005987 | 0x00 | 0x00
[OK ]  | 13704 | 0x00005988 | 0x55 | 0x55
[OK ]  | 13705 | 0x00005989 | 0x77 | 0x77
[OK ]  | 13706 | 0x0000598a | 0x00 | 0x00
[OK ]  | 13707 | 0x0000598b | 0x00 | 0x00
[OK ]  | 13708 | 0x0000598c | 0x0e | 0x0e
[OK ]  | 13709 | 0x0000598d | 0xb6 | 0xb6
[OK ]  | 13710 | 0x0000598e | 0x00 | 0x00
[OK ]  | 13711 | 0x0000598f | 0x00 | 0x00
[OK ]  | 13712 | 0x00005990 | 0xf2 | 0xf2
[OK ]  | 13713 | 0x00005991 | 0x23 | 0x23
[OK ]  | 13714 | 0x00005992 | 0x00 | 0x00
[OK ]  | 13715 | 0x00005993 | 0x00 | 0x00
[OK ]  | 13716 | 0x00005994 | 0xc9 | 0xc9
[OK ]  | 13717 | 0x00005995 | 0x1c | 0x1c
[OK ]  | 13718 | 0x00005996 | 0x00 | 0x00
[OK ]  | 13719 | 0x00005997 | 0x00 | 0x00
[OK ]  | 13720 | 0x00005998 | 0x93 | 0x93
[OK ]  | 13721 | 0x00005999 | 0x77 | 0x77
[OK ]  | 13722 | 0x0000599a | 0x00 | 0x00
[OK ]  | 13723 | 0x0000599b | 0x00 | 0x00
[OK ]  | 13724 | 0x0000599c | 0x3b | 0x3b
[OK ]  | 13725 | 0x0000599d | 0xc4 | 0xc4
[OK ]  | 13726 | 0x0000599e | 0x00 | 0x00
[OK ]  | 13727 | 0x0000599f | 0x00 | 0x00
[OK ]  | 13728 | 0x000059a0 | 0x81 | 0x81
[OK ]  | 13729 | 0x000059a1 | 0x3e | 0x3e
[OK ]  | 13730 | 0x000059a2 | 0x00 | 0x00
[OK ]  | 13731 | 0x000059a3 | 0x00 | 0x00
[OK ]  | 13732 | 0x000059a4 | 0xda | 0xda
[OK ]  | 13733 | 0x000059a5 | 0xfe | 0xfe
[OK ]  | 13734 | 0x000059a6 | 0xfe | 0xfe
[OK ]  | 13735 | 0x000059a7 | 0xff | 0xff
[OK ]  | 13736 | 0x000059a8 | 0xb6 | 0xb6
[OK ]  | 13737 | 0x000059a9 | 0x37 | 0x37
[OK ]  | 13738 | 0x000059aa | 0xff | 0xff
[OK ]  | 13739 | 0x000059ab | 0xff | 0xff
[OK ]  | 13740 | 0x000059ac | 0xb2 | 0xb2
[OK ]  | 13741 | 0x000059ad | 0xbf | 0xbf
[OK ]  | 13742 | 0x000059ae | 0xff | 0xff
[OK ]  | 13743 | 0x000059af | 0xff | 0xff
[OK ]  | 13744 | 0x000059b0 | 0xb3 | 0xb3
[OK ]  | 13745 | 0x000059b1 | 0x91 | 0x91
[OK ]  | 13746 | 0x000059b2 | 0x01 | 0x01
[OK ]  | 13747 | 0x000059b3 | 0x00 | 0x00
[OK ]  | 13748 | 0x000059b4 | 0xc7 | 0xc7
[OK ]  | 13749 | 0x000059b5 | 0x0b | 0x0b
[OK ]  | 13750 | 0x000059b6 | 0xff | 0xff
[OK ]  | 13751 | 0x000059b7 | 0xff | 0xff
[OK ]  | 13752 | 0x000059b8 | 0x0c | 0x0c
[OK ]  | 13753 | 0x000059b9 | 0xe2 | 0xe2
[OK ]  | 13754 | 0x000059ba | 0x00 | 0x00
[OK ]  | 13755 | 0x000059bb | 0x00 | 0x00
[OK ]  | 13756 | 0x000059bc | 0x99 | 0x99
[OK ]  | 13757 | 0x000059bd | 0xae | 0xae
[OK ]  | 13758 | 0x000059be | 0xff | 0xff
[OK ]  | 13759 | 0x000059bf | 0xff | 0xff
[OK ]  | 13760 | 0x000059c0 | 0x4d | 0x4d
[OK ]  | 13761 | 0x000059c1 | 0x9e | 0x9e
[OK ]  | 13762 | 0x000059c2 | 0xff | 0xff
[OK ]  | 13763 | 0x000059c3 | 0xff | 0xff
[OK ]  | 13764 | 0x000059c4 | 0x96 | 0x96
[OK ]  | 13765 | 0x000059c5 | 0x51 | 0x51
[OK ]  | 13766 | 0x000059c6 | 0x00 | 0x00
[OK ]  | 13767 | 0x000059c7 | 0x00 | 0x00
[OK ]  | 13768 | 0x000059c8 | 0x94 | 0x94
[OK ]  | 13769 | 0x000059c9 | 0x09 | 0x09
[OK ]  | 13770 | 0x000059ca | 0x00 | 0x00
[OK ]  | 13771 | 0x000059cb | 0x00 | 0x00
[OK ]  | 13772 | 0x000059cc | 0x57 | 0x57
[OK ]  | 13773 | 0x000059cd | 0x30 | 0x30
[OK ]  | 13774 | 0x000059ce | 0xfe | 0xfe
[OK ]  | 13775 | 0x000059cf | 0xff | 0xff
[OK ]  | 13776 | 0x000059d0 | 0xb1 | 0xb1
[OK ]  | 13777 | 0x000059d1 | 0xa6 | 0xa6
[OK ]  | 13778 | 0x000059d2 | 0xff | 0xff
[OK ]  | 13779 | 0x000059d3 | 0xff | 0xff
[OK ]  | 13780 | 0x000059d4 | 0xa5 | 0xa5
[OK ]  | 13781 | 0x000059d5 | 0xb4 | 0xb4
[OK ]  | 13782 | 0x000059d6 | 0x00 | 0x00
[OK ]  | 13783 | 0x000059d7 | 0x00 | 0x00
[OK ]  | 13784 | 0x000059d8 | 0x28 | 0x28
[OK ]  | 13785 | 0x000059d9 | 0x65 | 0x65
[OK ]  | 13786 | 0x000059da | 0xff | 0xff
[OK ]  | 13787 | 0x000059db | 0xff | 0xff
[OK ]  | 13788 | 0x000059dc | 0xb0 | 0xb0
[OK ]  | 13789 | 0x000059dd | 0x5e | 0x5e
[OK ]  | 13790 | 0x000059de | 0xff | 0xff
[OK ]  | 13791 | 0x000059df | 0xff | 0xff
[OK ]  | 13792 | 0x000059e0 | 0x8e | 0x8e
[OK ]  | 13793 | 0x000059e1 | 0x0f | 0x0f
[OK ]  | 13794 | 0x000059e2 | 0x00 | 0x00
[OK ]  | 13795 | 0x000059e3 | 0x00 | 0x00
[OK ]  | 13796 | 0x000059e4 | 0x58 | 0x58
[OK ]  | 13797 | 0x000059e5 | 0xee | 0xee
[OK ]  | 13798 | 0x000059e6 | 0xff | 0xff
[OK ]  | 13799 | 0x000059e7 | 0xff | 0xff
[OK ]  | 13800 | 0x000059e8 | 0x67 | 0x67
[OK ]  | 13801 | 0x000059e9 | 0x22 | 0x22
[OK ]  | 13802 | 0x000059ea | 0x00 | 0x00
[OK ]  | 13803 | 0x000059eb | 0x00 | 0x00
[OK ]  | 13804 | 0x000059ec | 0x7a | 0x7a
[OK ]  | 13805 | 0x000059ed | 0xc1 | 0xc1
[OK ]  | 13806 | 0x000059ee | 0xff | 0xff
[OK ]  | 13807 | 0x000059ef | 0xff | 0xff
[OK ]  | 13808 | 0x000059f0 | 0x50 | 0x50
[OK ]  | 13809 | 0x000059f1 | 0x94 | 0x94
[OK ]  | 13810 | 0x000059f2 | 0x00 | 0x00
[OK ]  | 13811 | 0x000059f3 | 0x00 | 0x00
[OK ]  | 13812 | 0x000059f4 | 0x07 | 0x07
[OK ]  | 13813 | 0x000059f5 | 0x40 | 0x40
[OK ]  | 13814 | 0x000059f6 | 0x00 | 0x00
[OK ]  | 13815 | 0x000059f7 | 0x00 | 0x00
[OK ]  | 13816 | 0x000059f8 | 0xcd | 0xcd
[OK ]  | 13817 | 0x000059f9 | 0xd3 | 0xd3
[OK ]  | 13818 | 0x000059fa | 0xfe | 0xfe
[OK ]  | 13819 | 0x000059fb | 0xff | 0xff
[OK ]  | 13820 | 0x000059fc | 0x9c | 0x9c
[OK ]  | 13821 | 0x000059fd | 0x47 | 0x47
[OK ]  | 13822 | 0x000059fe | 0x01 | 0x01
[OK ]  | 13823 | 0x000059ff | 0x00 | 0x00
[OK ]  | 13824 | 0x00005a00 | 0x22 | 0x22
[OK ]  | 13825 | 0x00005a01 | 0x6c | 0x6c
[OK ]  | 13826 | 0x00005a02 | 0x01 | 0x01
[OK ]  | 13827 | 0x00005a03 | 0x00 | 0x00
[OK ]  | 13828 | 0x00005a04 | 0xcb | 0xcb
[OK ]  | 13829 | 0x00005a05 | 0x0b | 0x0b
[OK ]  | 13830 | 0x00005a06 | 0x00 | 0x00
[OK ]  | 13831 | 0x00005a07 | 0x00 | 0x00
[OK ]  | 13832 | 0x00005a08 | 0x66 | 0x66
[OK ]  | 13833 | 0x00005a09 | 0xf8 | 0xf8
[OK ]  | 13834 | 0x00005a0a | 0xff | 0xff
[OK ]  | 13835 | 0x00005a0b | 0xff | 0xff
[OK ]  | 13836 | 0x00005a0c | 0x01 | 0x01
[OK ]  | 13837 | 0x00005a0d | 0x16 | 0x16
[OK ]  | 13838 | 0x00005a0e | 0xff | 0xff
[OK ]  | 13839 | 0x00005a0f | 0xff | 0xff
[OK ]  | 13840 | 0x00005a10 | 0x20 | 0x20
[OK ]  | 13841 | 0x00005a11 | 0xd1 | 0xd1
[OK ]  | 13842 | 0x00005a12 | 0xfe | 0xfe
[OK ]  | 13843 | 0x00005a13 | 0xff | 0xff
[OK ]  | 13844 | 0x00005a14 | 0xf8 | 0xf8
[OK ]  | 13845 | 0x00005a15 | 0x24 | 0x24
[OK ]  | 13846 | 0x00005a16 | 0x00 | 0x00
[OK ]  | 13847 | 0x00005a17 | 0x00 | 0x00
[OK ]  | 13848 | 0x00005a18 | 0x2b | 0x2b
[OK ]  | 13849 | 0x00005a19 | 0xa7 | 0xa7
[OK ]  | 13850 | 0x00005a1a | 0xff | 0xff
[OK ]  | 13851 | 0x00005a1b | 0xff | 0xff
[OK ]  | 13852 | 0x00005a1c | 0x7c | 0x7c
[OK ]  | 13853 | 0x00005a1d | 0x20 | 0x20
[OK ]  | 13854 | 0x00005a1e | 0x01 | 0x01
[OK ]  | 13855 | 0x00005a1f | 0x00 | 0x00
[OK ]  | 13856 | 0x00005a20 | 0x4d | 0x4d
[OK ]  | 13857 | 0x00005a21 | 0xad | 0xad
[OK ]  | 13858 | 0x00005a22 | 0xff | 0xff
[OK ]  | 13859 | 0x00005a23 | 0xff | 0xff
[OK ]  | 13860 | 0x00005a24 | 0x99 | 0x99
[OK ]  | 13861 | 0x00005a25 | 0xa2 | 0xa2
[OK ]  | 13862 | 0x00005a26 | 0xfe | 0xfe
[OK ]  | 13863 | 0x00005a27 | 0xff | 0xff
[OK ]  | 13864 | 0x00005a28 | 0xc0 | 0xc0
[OK ]  | 13865 | 0x00005a29 | 0x8f | 0x8f
[OK ]  | 13866 | 0x00005a2a | 0x00 | 0x00
[OK ]  | 13867 | 0x00005a2b | 0x00 | 0x00
[OK ]  | 13868 | 0x00005a2c | 0x3b | 0x3b
[OK ]  | 13869 | 0x00005a2d | 0x9c | 0x9c
[OK ]  | 13870 | 0x00005a2e | 0x00 | 0x00
[OK ]  | 13871 | 0x00005a2f | 0x00 | 0x00
[OK ]  | 13872 | 0x00005a30 | 0x8b | 0x8b
[OK ]  | 13873 | 0x00005a31 | 0xac | 0xac
[OK ]  | 13874 | 0x00005a32 | 0x00 | 0x00
[OK ]  | 13875 | 0x00005a33 | 0x00 | 0x00
[OK ]  | 13876 | 0x00005a34 | 0x69 | 0x69
[OK ]  | 13877 | 0x00005a35 | 0xde | 0xde
[OK ]  | 13878 | 0x00005a36 | 0xff | 0xff
[OK ]  | 13879 | 0x00005a37 | 0xff | 0xff
[OK ]  | 13880 | 0x00005a38 | 0xa9 | 0xa9
[OK ]  | 13881 | 0x00005a39 | 0xcd | 0xcd
[OK ]  | 13882 | 0x00005a3a | 0xff | 0xff
[OK ]  | 13883 | 0x00005a3b | 0xff | 0xff
[OK ]  | 13884 | 0x00005a3c | 0x5b | 0x5b
[OK ]  | 13885 | 0x00005a3d | 0xac | 0xac
[OK ]  | 13886 | 0x00005a3e | 0xff | 0xff
[OK ]  | 13887 | 0x00005a3f | 0xff | 0xff
[OK ]  | 13888 | 0x00005a40 | 0x7b | 0x7b
[OK ]  | 13889 | 0x00005a41 | 0xc3 | 0xc3
[OK ]  | 13890 | 0x00005a42 | 0xff | 0xff
[OK ]  | 13891 | 0x00005a43 | 0xff | 0xff
[OK ]  | 13892 | 0x00005a44 | 0x1d | 0x1d
[OK ]  | 13893 | 0x00005a45 | 0x8f | 0x8f
[OK ]  | 13894 | 0x00005a46 | 0xfe | 0xfe
[OK ]  | 13895 | 0x00005a47 | 0xff | 0xff
[OK ]  | 13896 | 0x00005a48 | 0x99 | 0x99
[OK ]  | 13897 | 0x00005a49 | 0xf1 | 0xf1
[OK ]  | 13898 | 0x00005a4a | 0xfe | 0xfe
[OK ]  | 13899 | 0x00005a4b | 0xff | 0xff
[OK ]  | 13900 | 0x00005a4c | 0x20 | 0x20
[OK ]  | 13901 | 0x00005a4d | 0xb0 | 0xb0
[OK ]  | 13902 | 0x00005a4e | 0x00 | 0x00
[OK ]  | 13903 | 0x00005a4f | 0x00 | 0x00
[OK ]  | 13904 | 0x00005a50 | 0x52 | 0x52
[OK ]  | 13905 | 0x00005a51 | 0x7e | 0x7e
[OK ]  | 13906 | 0x00005a52 | 0xff | 0xff
[OK ]  | 13907 | 0x00005a53 | 0xff | 0xff
[OK ]  | 13908 | 0x00005a54 | 0x37 | 0x37
[OK ]  | 13909 | 0x00005a55 | 0xf2 | 0xf2
[OK ]  | 13910 | 0x00005a56 | 0xff | 0xff
[OK ]  | 13911 | 0x00005a57 | 0xff | 0xff
[OK ]  | 13912 | 0x00005a58 | 0x64 | 0x64
[OK ]  | 13913 | 0x00005a59 | 0xaf | 0xaf
[OK ]  | 13914 | 0x00005a5a | 0xfe | 0xfe
[OK ]  | 13915 | 0x00005a5b | 0xff | 0xff
[OK ]  | 13916 | 0x00005a5c | 0xe3 | 0xe3
[OK ]  | 13917 | 0x00005a5d | 0x2a | 0x2a
[OK ]  | 13918 | 0x00005a5e | 0x00 | 0x00
[OK ]  | 13919 | 0x00005a5f | 0x00 | 0x00
[OK ]  | 13920 | 0x00005a60 | 0xdb | 0xdb
[OK ]  | 13921 | 0x00005a61 | 0xa4 | 0xa4
[OK ]  | 13922 | 0x00005a62 | 0xff | 0xff
[OK ]  | 13923 | 0x00005a63 | 0xff | 0xff
[OK ]  | 13924 | 0x00005a64 | 0x5d | 0x5d
[OK ]  | 13925 | 0x00005a65 | 0x4c | 0x4c
[OK ]  | 13926 | 0x00005a66 | 0x00 | 0x00
[OK ]  | 13927 | 0x00005a67 | 0x00 | 0x00
[OK ]  | 13928 | 0x00005a68 | 0x79 | 0x79
[OK ]  | 13929 | 0x00005a69 | 0x07 | 0x07
[OK ]  | 13930 | 0x00005a6a | 0xff | 0xff
[OK ]  | 13931 | 0x00005a6b | 0xff | 0xff
[OK ]  | 13932 | 0x00005a6c | 0x61 | 0x61
[OK ]  | 13933 | 0x00005a6d | 0x4f | 0x4f
[OK ]  | 13934 | 0x00005a6e | 0x00 | 0x00
[OK ]  | 13935 | 0x00005a6f | 0x00 | 0x00
[OK ]  | 13936 | 0x00005a70 | 0xbb | 0xbb
[OK ]  | 13937 | 0x00005a71 | 0xc3 | 0xc3
[OK ]  | 13938 | 0x00005a72 | 0xff | 0xff
[OK ]  | 13939 | 0x00005a73 | 0xff | 0xff
[OK ]  | 13940 | 0x00005a74 | 0xd7 | 0xd7
[OK ]  | 13941 | 0x00005a75 | 0xe6 | 0xe6
[OK ]  | 13942 | 0x00005a76 | 0xff | 0xff
[OK ]  | 13943 | 0x00005a77 | 0xff | 0xff
[OK ]  | 13944 | 0x00005a78 | 0x7e | 0x7e
[OK ]  | 13945 | 0x00005a79 | 0xeb | 0xeb
[OK ]  | 13946 | 0x00005a7a | 0xff | 0xff
[OK ]  | 13947 | 0x00005a7b | 0xff | 0xff
[OK ]  | 13948 | 0x00005a7c | 0xa7 | 0xa7
[OK ]  | 13949 | 0x00005a7d | 0x9b | 0x9b
[OK ]  | 13950 | 0x00005a7e | 0xff | 0xff
[OK ]  | 13951 | 0x00005a7f | 0xff | 0xff
[OK ]  | 13952 | 0x00005a80 | 0x2f | 0x2f
[OK ]  | 13953 | 0x00005a81 | 0xda | 0xda
[OK ]  | 13954 | 0x00005a82 | 0x00 | 0x00
[OK ]  | 13955 | 0x00005a83 | 0x00 | 0x00
[OK ]  | 13956 | 0x00005a84 | 0xf1 | 0xf1
[OK ]  | 13957 | 0x00005a85 | 0x09 | 0x09
[OK ]  | 13958 | 0x00005a86 | 0x00 | 0x00
[OK ]  | 13959 | 0x00005a87 | 0x00 | 0x00
[OK ]  | 13960 | 0x00005a88 | 0x81 | 0x81
[OK ]  | 13961 | 0x00005a89 | 0x17 | 0x17
[OK ]  | 13962 | 0x00005a8a | 0x00 | 0x00
[OK ]  | 13963 | 0x00005a8b | 0x00 | 0x00
[OK ]  | 13964 | 0x00005a8c | 0x8c | 0x8c
[OK ]  | 13965 | 0x00005a8d | 0xf0 | 0xf0
[OK ]  | 13966 | 0x00005a8e | 0x00 | 0x00
[OK ]  | 13967 | 0x00005a8f | 0x00 | 0x00
[OK ]  | 13968 | 0x00005a90 | 0x07 | 0x07
[OK ]  | 13969 | 0x00005a91 | 0x6a | 0x6a
[OK ]  | 13970 | 0x00005a92 | 0x01 | 0x01
[OK ]  | 13971 | 0x00005a93 | 0x00 | 0x00
[OK ]  | 13972 | 0x00005a94 | 0x06 | 0x06
[OK ]  | 13973 | 0x00005a95 | 0x77 | 0x77
[OK ]  | 13974 | 0x00005a96 | 0x00 | 0x00
[OK ]  | 13975 | 0x00005a97 | 0x00 | 0x00
[OK ]  | 13976 | 0x00005a98 | 0x85 | 0x85
[OK ]  | 13977 | 0x00005a99 | 0xe8 | 0xe8
[OK ]  | 13978 | 0x00005a9a | 0xff | 0xff
[OK ]  | 13979 | 0x00005a9b | 0xff | 0xff
[OK ]  | 13980 | 0x00005a9c | 0xe6 | 0xe6
[OK ]  | 13981 | 0x00005a9d | 0x30 | 0x30
[OK ]  | 13982 | 0x00005a9e | 0xff | 0xff
[OK ]  | 13983 | 0x00005a9f | 0xff | 0xff
[OK ]  | 13984 | 0x00005aa0 | 0xbf | 0xbf
[OK ]  | 13985 | 0x00005aa1 | 0xcc | 0xcc
[OK ]  | 13986 | 0x00005aa2 | 0x00 | 0x00
[OK ]  | 13987 | 0x00005aa3 | 0x00 | 0x00
[OK ]  | 13988 | 0x00005aa4 | 0x5f | 0x5f
[OK ]  | 13989 | 0x00005aa5 | 0xf7 | 0xf7
[OK ]  | 13990 | 0x00005aa6 | 0xff | 0xff
[OK ]  | 13991 | 0x00005aa7 | 0xff | 0xff
[OK ]  | 13992 | 0x00005aa8 | 0x4b | 0x4b
[OK ]  | 13993 | 0x00005aa9 | 0xea | 0xea
[OK ]  | 13994 | 0x00005aaa | 0xfe | 0xfe
[OK ]  | 13995 | 0x00005aab | 0xff | 0xff
[OK ]  | 13996 | 0x00005aac | 0xac | 0xac
[OK ]  | 13997 | 0x00005aad | 0x4a | 0x4a
[OK ]  | 13998 | 0x00005aae | 0x00 | 0x00
[OK ]  | 13999 | 0x00005aaf | 0x00 | 0x00
[OK ]  | 14000 | 0x00005ab0 | 0x7d | 0x7d
[OK ]  | 14001 | 0x00005ab1 | 0x7c | 0x7c
[OK ]  | 14002 | 0x00005ab2 | 0xff | 0xff
[OK ]  | 14003 | 0x00005ab3 | 0xff | 0xff
[OK ]  | 14004 | 0x00005ab4 | 0x79 | 0x79
[OK ]  | 14005 | 0x00005ab5 | 0xd1 | 0xd1
[OK ]  | 14006 | 0x00005ab6 | 0xfe | 0xfe
[OK ]  | 14007 | 0x00005ab7 | 0xff | 0xff
[OK ]  | 14008 | 0x00005ab8 | 0xb0 | 0xb0
[OK ]  | 14009 | 0x00005ab9 | 0xd5 | 0xd5
[OK ]  | 14010 | 0x00005aba | 0xff | 0xff
[OK ]  | 14011 | 0x00005abb | 0xff | 0xff
[OK ]  | 14012 | 0x00005abc | 0x3a | 0x3a
[OK ]  | 14013 | 0x00005abd | 0xfc | 0xfc
[OK ]  | 14014 | 0x00005abe | 0xff | 0xff
[OK ]  | 14015 | 0x00005abf | 0xff | 0xff
[OK ]  | 14016 | 0x00005ac0 | 0xba | 0xba
[OK ]  | 14017 | 0x00005ac1 | 0x7b | 0x7b
[OK ]  | 14018 | 0x00005ac2 | 0xfe | 0xfe
[OK ]  | 14019 | 0x00005ac3 | 0xff | 0xff
[OK ]  | 14020 | 0x00005ac4 | 0xcd | 0xcd
[OK ]  | 14021 | 0x00005ac5 | 0x99 | 0x99
[OK ]  | 14022 | 0x00005ac6 | 0xff | 0xff
[OK ]  | 14023 | 0x00005ac7 | 0xff | 0xff
[OK ]  | 14024 | 0x00005ac8 | 0x39 | 0x39
[OK ]  | 14025 | 0x00005ac9 | 0x88 | 0x88
[OK ]  | 14026 | 0x00005aca | 0x01 | 0x01
[OK ]  | 14027 | 0x00005acb | 0x00 | 0x00
[OK ]  | 14028 | 0x00005acc | 0x7a | 0x7a
[OK ]  | 14029 | 0x00005acd | 0x17 | 0x17
[OK ]  | 14030 | 0x00005ace | 0x00 | 0x00
[OK ]  | 14031 | 0x00005acf | 0x00 | 0x00
[OK ]  | 14032 | 0x00005ad0 | 0x09 | 0x09
[OK ]  | 14033 | 0x00005ad1 | 0x48 | 0x48
[OK ]  | 14034 | 0x00005ad2 | 0x00 | 0x00
[OK ]  | 14035 | 0x00005ad3 | 0x00 | 0x00
[OK ]  | 14036 | 0x00005ad4 | 0xbf | 0xbf
[OK ]  | 14037 | 0x00005ad5 | 0x5c | 0x5c
[OK ]  | 14038 | 0x00005ad6 | 0x00 | 0x00
[OK ]  | 14039 | 0x00005ad7 | 0x00 | 0x00
[OK ]  | 14040 | 0x00005ad8 | 0x9b | 0x9b
[OK ]  | 14041 | 0x00005ad9 | 0xe6 | 0xe6
[OK ]  | 14042 | 0x00005ada | 0xff | 0xff
[OK ]  | 14043 | 0x00005adb | 0xff | 0xff
[OK ]  | 14044 | 0x00005adc | 0x76 | 0x76
[OK ]  | 14045 | 0x00005add | 0x2e | 0x2e
[OK ]  | 14046 | 0x00005ade | 0x02 | 0x02
[OK ]  | 14047 | 0x00005adf | 0x00 | 0x00
[OK ]  | 14048 | 0x00005ae0 | 0xb8 | 0xb8
[OK ]  | 14049 | 0x00005ae1 | 0xf1 | 0xf1
[OK ]  | 14050 | 0x00005ae2 | 0xff | 0xff
[OK ]  | 14051 | 0x00005ae3 | 0xff | 0xff
[OK ]  | 14052 | 0x00005ae4 | 0x57 | 0x57
[OK ]  | 14053 | 0x00005ae5 | 0x0f | 0x0f
[OK ]  | 14054 | 0x00005ae6 | 0x00 | 0x00
[OK ]  | 14055 | 0x00005ae7 | 0x00 | 0x00
[OK ]  | 14056 | 0x00005ae8 | 0x30 | 0x30
[OK ]  | 14057 | 0x00005ae9 | 0x24 | 0x24
[OK ]  | 14058 | 0x00005aea | 0xff | 0xff
[OK ]  | 14059 | 0x00005aeb | 0xff | 0xff
[OK ]  | 14060 | 0x00005aec | 0x49 | 0x49
[OK ]  | 14061 | 0x00005aed | 0x7a | 0x7a
[OK ]  | 14062 | 0x00005aee | 0xfe | 0xfe
[OK ]  | 14063 | 0x00005aef | 0xff | 0xff
[OK ]  | 14064 | 0x00005af0 | 0xe7 | 0xe7
[OK ]  | 14065 | 0x00005af1 | 0xad | 0xad
[OK ]  | 14066 | 0x00005af2 | 0xff | 0xff
[OK ]  | 14067 | 0x00005af3 | 0xff | 0xff
[OK ]  | 14068 | 0x00005af4 | 0x1b | 0x1b
[OK ]  | 14069 | 0x00005af5 | 0x41 | 0x41
[OK ]  | 14070 | 0x00005af6 | 0x00 | 0x00
[OK ]  | 14071 | 0x00005af7 | 0x00 | 0x00
[OK ]  | 14072 | 0x00005af8 | 0xd1 | 0xd1
[OK ]  | 14073 | 0x00005af9 | 0x61 | 0x61
[OK ]  | 14074 | 0x00005afa | 0x00 | 0x00
[OK ]  | 14075 | 0x00005afb | 0x00 | 0x00
[OK ]  | 14076 | 0x00005afc | 0x7f | 0x7f
[OK ]  | 14077 | 0x00005afd | 0x1e | 0x1e
[OK ]  | 14078 | 0x00005afe | 0x00 | 0x00
[OK ]  | 14079 | 0x00005aff | 0x00 | 0x00
[OK ]  | 14080 | 0x00005b00 | 0xb6 | 0xb6
[OK ]  | 14081 | 0x00005b01 | 0x7b | 0x7b
[OK ]  | 14082 | 0x00005b02 | 0x00 | 0x00
[OK ]  | 14083 | 0x00005b03 | 0x00 | 0x00
[OK ]  | 14084 | 0x00005b04 | 0xee | 0xee
[OK ]  | 14085 | 0x00005b05 | 0xec | 0xec
[OK ]  | 14086 | 0x00005b06 | 0xff | 0xff
[OK ]  | 14087 | 0x00005b07 | 0xff | 0xff
[OK ]  | 14088 | 0x00005b08 | 0xbb | 0xbb
[OK ]  | 14089 | 0x00005b09 | 0x19 | 0x19
[OK ]  | 14090 | 0x00005b0a | 0x00 | 0x00
[OK ]  | 14091 | 0x00005b0b | 0x00 | 0x00
[OK ]  | 14092 | 0x00005b0c | 0xc9 | 0xc9
[OK ]  | 14093 | 0x00005b0d | 0x58 | 0x58
[OK ]  | 14094 | 0x00005b0e | 0x00 | 0x00
[OK ]  | 14095 | 0x00005b0f | 0x00 | 0x00
[OK ]  | 14096 | 0x00005b10 | 0xde | 0xde
[OK ]  | 14097 | 0x00005b11 | 0x34 | 0x34
[OK ]  | 14098 | 0x00005b12 | 0x01 | 0x01
[OK ]  | 14099 | 0x00005b13 | 0x00 | 0x00
[OK ]  | 14100 | 0x00005b14 | 0x28 | 0x28
[OK ]  | 14101 | 0x00005b15 | 0x2b | 0x2b
[OK ]  | 14102 | 0x00005b16 | 0xff | 0xff
[OK ]  | 14103 | 0x00005b17 | 0xff | 0xff
[OK ]  | 14104 | 0x00005b18 | 0xa1 | 0xa1
[OK ]  | 14105 | 0x00005b19 | 0x8b | 0x8b
[OK ]  | 14106 | 0x00005b1a | 0xff | 0xff
[OK ]  | 14107 | 0x00005b1b | 0xff | 0xff
[OK ]  | 14108 | 0x00005b1c | 0xdd | 0xdd
[OK ]  | 14109 | 0x00005b1d | 0x67 | 0x67
[OK ]  | 14110 | 0x00005b1e | 0x00 | 0x00
[OK ]  | 14111 | 0x00005b1f | 0x00 | 0x00
[OK ]  | 14112 | 0x00005b20 | 0xb4 | 0xb4
[OK ]  | 14113 | 0x00005b21 | 0x10 | 0x10
[OK ]  | 14114 | 0x00005b22 | 0x00 | 0x00
[OK ]  | 14115 | 0x00005b23 | 0x00 | 0x00
[OK ]  | 14116 | 0x00005b24 | 0xec | 0xec
[OK ]  | 14117 | 0x00005b25 | 0xcc | 0xcc
[OK ]  | 14118 | 0x00005b26 | 0x00 | 0x00
[OK ]  | 14119 | 0x00005b27 | 0x00 | 0x00
[OK ]  | 14120 | 0x00005b28 | 0x2c | 0x2c
[OK ]  | 14121 | 0x00005b29 | 0xd9 | 0xd9
[OK ]  | 14122 | 0x00005b2a | 0xff | 0xff
[OK ]  | 14123 | 0x00005b2b | 0xff | 0xff
[OK ]  | 14124 | 0x00005b2c | 0xa9 | 0xa9
[OK ]  | 14125 | 0x00005b2d | 0x95 | 0x95
[OK ]  | 14126 | 0x00005b2e | 0xff | 0xff
[OK ]  | 14127 | 0x00005b2f | 0xff | 0xff
[OK ]  | 14128 | 0x00005b30 | 0x73 | 0x73
[OK ]  | 14129 | 0x00005b31 | 0xbe | 0xbe
[OK ]  | 14130 | 0x00005b32 | 0x00 | 0x00
[OK ]  | 14131 | 0x00005b33 | 0x00 | 0x00
[OK ]  | 14132 | 0x00005b34 | 0xe4 | 0xe4
[OK ]  | 14133 | 0x00005b35 | 0xb0 | 0xb0
[OK ]  | 14134 | 0x00005b36 | 0xfe | 0xfe
[OK ]  | 14135 | 0x00005b37 | 0xff | 0xff
[OK ]  | 14136 | 0x00005b38 | 0xa3 | 0xa3
[OK ]  | 14137 | 0x00005b39 | 0xe8 | 0xe8
[OK ]  | 14138 | 0x00005b3a | 0xff | 0xff
[OK ]  | 14139 | 0x00005b3b | 0xff | 0xff
[OK ]  | 14140 | 0x00005b3c | 0x05 | 0x05
[OK ]  | 14141 | 0x00005b3d | 0x32 | 0x32
[OK ]  | 14142 | 0x00005b3e | 0xff | 0xff
[OK ]  | 14143 | 0x00005b3f | 0xff | 0xff
[OK ]  | 14144 | 0x00005b40 | 0x9f | 0x9f
[OK ]  | 14145 | 0x00005b41 | 0x41 | 0x41
[OK ]  | 14146 | 0x00005b42 | 0x00 | 0x00
[OK ]  | 14147 | 0x00005b43 | 0x00 | 0x00
[OK ]  | 14148 | 0x00005b44 | 0x83 | 0x83
[OK ]  | 14149 | 0x00005b45 | 0xca | 0xca
[OK ]  | 14150 | 0x00005b46 | 0xff | 0xff
[OK ]  | 14151 | 0x00005b47 | 0xff | 0xff
[OK ]  | 14152 | 0x00005b48 | 0xd9 | 0xd9
[OK ]  | 14153 | 0x00005b49 | 0xba | 0xba
[OK ]  | 14154 | 0x00005b4a | 0xff | 0xff
[OK ]  | 14155 | 0x00005b4b | 0xff | 0xff
[OK ]  | 14156 | 0x00005b4c | 0x8f | 0x8f
[OK ]  | 14157 | 0x00005b4d | 0x31 | 0x31
[OK ]  | 14158 | 0x00005b4e | 0xff | 0xff
[OK ]  | 14159 | 0x00005b4f | 0xff | 0xff
[OK ]  | 14160 | 0x00005b50 | 0xee | 0xee
[OK ]  | 14161 | 0x00005b51 | 0xbb | 0xbb
[OK ]  | 14162 | 0x00005b52 | 0xfe | 0xfe
[OK ]  | 14163 | 0x00005b53 | 0xff | 0xff
[OK ]  | 14164 | 0x00005b54 | 0x39 | 0x39
[OK ]  | 14165 | 0x00005b55 | 0x7d | 0x7d
[OK ]  | 14166 | 0x00005b56 | 0xff | 0xff
[OK ]  | 14167 | 0x00005b57 | 0xff | 0xff
[OK ]  | 14168 | 0x00005b58 | 0xd7 | 0xd7
[OK ]  | 14169 | 0x00005b59 | 0x75 | 0x75
[OK ]  | 14170 | 0x00005b5a | 0xff | 0xff
[OK ]  | 14171 | 0x00005b5b | 0xff | 0xff
[OK ]  | 14172 | 0x00005b5c | 0xc5 | 0xc5
[OK ]  | 14173 | 0x00005b5d | 0xdd | 0xdd
[OK ]  | 14174 | 0x00005b5e | 0xff | 0xff
[OK ]  | 14175 | 0x00005b5f | 0xff | 0xff
[OK ]  | 14176 | 0x00005b60 | 0xf7 | 0xf7
[OK ]  | 14177 | 0x00005b61 | 0x0f | 0x0f
[OK ]  | 14178 | 0x00005b62 | 0x00 | 0x00
[OK ]  | 14179 | 0x00005b63 | 0x00 | 0x00
[OK ]  | 14180 | 0x00005b64 | 0x75 | 0x75
[OK ]  | 14181 | 0x00005b65 | 0xde | 0xde
[OK ]  | 14182 | 0x00005b66 | 0x00 | 0x00
[OK ]  | 14183 | 0x00005b67 | 0x00 | 0x00
[OK ]  | 14184 | 0x00005b68 | 0xcd | 0xcd
[OK ]  | 14185 | 0x00005b69 | 0xc0 | 0xc0
[OK ]  | 14186 | 0x00005b6a | 0xff | 0xff
[OK ]  | 14187 | 0x00005b6b | 0xff | 0xff
[OK ]  | 14188 | 0x00005b6c | 0x31 | 0x31
[OK ]  | 14189 | 0x00005b6d | 0x8b | 0x8b
[OK ]  | 14190 | 0x00005b6e | 0xff | 0xff
[OK ]  | 14191 | 0x00005b6f | 0xff | 0xff
[OK ]  | 14192 | 0x00005b70 | 0x5f | 0x5f
[OK ]  | 14193 | 0x00005b71 | 0x83 | 0x83
[OK ]  | 14194 | 0x00005b72 | 0xff | 0xff
[OK ]  | 14195 | 0x00005b73 | 0xff | 0xff
[OK ]  | 14196 | 0x00005b74 | 0xd8 | 0xd8
[OK ]  | 14197 | 0x00005b75 | 0xe7 | 0xe7
[OK ]  | 14198 | 0x00005b76 | 0xfe | 0xfe
[OK ]  | 14199 | 0x00005b77 | 0xff | 0xff
[OK ]  | 14200 | 0x00005b78 | 0xf7 | 0xf7
[OK ]  | 14201 | 0x00005b79 | 0x7b | 0x7b
[OK ]  | 14202 | 0x00005b7a | 0xff | 0xff
[OK ]  | 14203 | 0x00005b7b | 0xff | 0xff
[OK ]  | 14204 | 0x00005b7c | 0x8b | 0x8b
[OK ]  | 14205 | 0x00005b7d | 0x52 | 0x52
[OK ]  | 14206 | 0x00005b7e | 0x02 | 0x02
[OK ]  | 14207 | 0x00005b7f | 0x00 | 0x00
[OK ]  | 14208 | 0x00005b80 | 0x0e | 0x0e
[OK ]  | 14209 | 0x00005b81 | 0xfe | 0xfe
[OK ]  | 14210 | 0x00005b82 | 0xfe | 0xfe
[OK ]  | 14211 | 0x00005b83 | 0xff | 0xff
[OK ]  | 14212 | 0x00005b84 | 0x45 | 0x45
[OK ]  | 14213 | 0x00005b85 | 0x5d | 0x5d
[OK ]  | 14214 | 0x00005b86 | 0x00 | 0x00
[OK ]  | 14215 | 0x00005b87 | 0x00 | 0x00
[OK ]  | 14216 | 0x00005b88 | 0xcb | 0xcb
[OK ]  | 14217 | 0x00005b89 | 0xd8 | 0xd8
[OK ]  | 14218 | 0x00005b8a | 0xff | 0xff
[OK ]  | 14219 | 0x00005b8b | 0xff | 0xff
[OK ]  | 14220 | 0x00005b8c | 0xda | 0xda
[OK ]  | 14221 | 0x00005b8d | 0x20 | 0x20
[OK ]  | 14222 | 0x00005b8e | 0x00 | 0x00
[OK ]  | 14223 | 0x00005b8f | 0x00 | 0x00
[OK ]  | 14224 | 0x00005b90 | 0x88 | 0x88
[OK ]  | 14225 | 0x00005b91 | 0x80 | 0x80
[OK ]  | 14226 | 0x00005b92 | 0xff | 0xff
[OK ]  | 14227 | 0x00005b93 | 0xff | 0xff
[OK ]  | 14228 | 0x00005b94 | 0x60 | 0x60
[OK ]  | 14229 | 0x00005b95 | 0x60 | 0x60
[OK ]  | 14230 | 0x00005b96 | 0x01 | 0x01
[OK ]  | 14231 | 0x00005b97 | 0x00 | 0x00
[OK ]  | 14232 | 0x00005b98 | 0xf0 | 0xf0
[OK ]  | 14233 | 0x00005b99 | 0xd6 | 0xd6
[OK ]  | 14234 | 0x00005b9a | 0xfe | 0xfe
[OK ]  | 14235 | 0x00005b9b | 0xff | 0xff
[OK ]  | 14236 | 0x00005b9c | 0xbd | 0xbd
[OK ]  | 14237 | 0x00005b9d | 0xd3 | 0xd3
[OK ]  | 14238 | 0x00005b9e | 0x00 | 0x00
[OK ]  | 14239 | 0x00005b9f | 0x00 | 0x00
[OK ]  | 14240 | 0x00005ba0 | 0x61 | 0x61
[OK ]  | 14241 | 0x00005ba1 | 0x8d | 0x8d
[OK ]  | 14242 | 0x00005ba2 | 0xfe | 0xfe
[OK ]  | 14243 | 0x00005ba3 | 0xff | 0xff
[OK ]  | 14244 | 0x00005ba4 | 0x0a | 0x0a
[OK ]  | 14245 | 0x00005ba5 | 0x3f | 0x3f
[OK ]  | 14246 | 0x00005ba6 | 0x00 | 0x00
[OK ]  | 14247 | 0x00005ba7 | 0x00 | 0x00
[OK ]  | 14248 | 0x00005ba8 | 0x63 | 0x63
[OK ]  | 14249 | 0x00005ba9 | 0xa7 | 0xa7
[OK ]  | 14250 | 0x00005baa | 0xff | 0xff
[OK ]  | 14251 | 0x00005bab | 0xff | 0xff
[OK ]  | 14252 | 0x00005bac | 0xe4 | 0xe4
[OK ]  | 14253 | 0x00005bad | 0x14 | 0x14
[OK ]  | 14254 | 0x00005bae | 0x00 | 0x00
[OK ]  | 14255 | 0x00005baf | 0x00 | 0x00
[OK ]  | 14256 | 0x00005bb0 | 0x54 | 0x54
[OK ]  | 14257 | 0x00005bb1 | 0xe9 | 0xe9
[OK ]  | 14258 | 0x00005bb2 | 0xfe | 0xfe
[OK ]  | 14259 | 0x00005bb3 | 0xff | 0xff
[OK ]  | 14260 | 0x00005bb4 | 0xcd | 0xcd
[OK ]  | 14261 | 0x00005bb5 | 0x0f | 0x0f
[OK ]  | 14262 | 0x00005bb6 | 0x00 | 0x00
[OK ]  | 14263 | 0x00005bb7 | 0x00 | 0x00
[OK ]  | 14264 | 0x00005bb8 | 0x9a | 0x9a
[OK ]  | 14265 | 0x00005bb9 | 0x61 | 0x61
[OK ]  | 14266 | 0x00005bba | 0xff | 0xff
[OK ]  | 14267 | 0x00005bbb | 0xff | 0xff
[OK ]  | 14268 | 0x00005bbc | 0xc5 | 0xc5
[OK ]  | 14269 | 0x00005bbd | 0xd0 | 0xd0
[OK ]  | 14270 | 0x00005bbe | 0xff | 0xff
[OK ]  | 14271 | 0x00005bbf | 0xff | 0xff
[OK ]  | 14272 | 0x00005bc0 | 0xf1 | 0xf1
[OK ]  | 14273 | 0x00005bc1 | 0x9d | 0x9d
[OK ]  | 14274 | 0x00005bc2 | 0xfe | 0xfe
[OK ]  | 14275 | 0x00005bc3 | 0xff | 0xff
[OK ]  | 14276 | 0x00005bc4 | 0xc3 | 0xc3
[OK ]  | 14277 | 0x00005bc5 | 0xd5 | 0xd5
[OK ]  | 14278 | 0x00005bc6 | 0xff | 0xff
[OK ]  | 14279 | 0x00005bc7 | 0xff | 0xff
[OK ]  | 14280 | 0x00005bc8 | 0x41 | 0x41
[OK ]  | 14281 | 0x00005bc9 | 0x13 | 0x13
[OK ]  | 14282 | 0x00005bca | 0x00 | 0x00
[OK ]  | 14283 | 0x00005bcb | 0x00 | 0x00
[OK ]  | 14284 | 0x00005bcc | 0xc4 | 0xc4
[OK ]  | 14285 | 0x00005bcd | 0x88 | 0x88
[OK ]  | 14286 | 0x00005bce | 0xff | 0xff
[OK ]  | 14287 | 0x00005bcf | 0xff | 0xff
[OK ]  | 14288 | 0x00005bd0 | 0xa5 | 0xa5
[OK ]  | 14289 | 0x00005bd1 | 0x18 | 0x18
[OK ]  | 14290 | 0x00005bd2 | 0x00 | 0x00
[OK ]  | 14291 | 0x00005bd3 | 0x00 | 0x00
[OK ]  | 14292 | 0x00005bd4 | 0x28 | 0x28
[OK ]  | 14293 | 0x00005bd5 | 0x89 | 0x89
[OK ]  | 14294 | 0x00005bd6 | 0xff | 0xff
[OK ]  | 14295 | 0x00005bd7 | 0xff | 0xff
[OK ]  | 14296 | 0x00005bd8 | 0x60 | 0x60
[OK ]  | 14297 | 0x00005bd9 | 0xd3 | 0xd3
[OK ]  | 14298 | 0x00005bda | 0xff | 0xff
[OK ]  | 14299 | 0x00005bdb | 0xff | 0xff
[OK ]  | 14300 | 0x00005bdc | 0x0f | 0x0f
[OK ]  | 14301 | 0x00005bdd | 0x1d | 0x1d
[OK ]  | 14302 | 0x00005bde | 0xff | 0xff
[OK ]  | 14303 | 0x00005bdf | 0xff | 0xff
[OK ]  | 14304 | 0x00005be0 | 0x08 | 0x08
[OK ]  | 14305 | 0x00005be1 | 0x5d | 0x5d
[OK ]  | 14306 | 0x00005be2 | 0x00 | 0x00
[OK ]  | 14307 | 0x00005be3 | 0x00 | 0x00
[OK ]  | 14308 | 0x00005be4 | 0xf0 | 0xf0
[OK ]  | 14309 | 0x00005be5 | 0x2c | 0x2c
[OK ]  | 14310 | 0x00005be6 | 0xff | 0xff
[OK ]  | 14311 | 0x00005be7 | 0xff | 0xff
[OK ]  | 14312 | 0x00005be8 | 0xa2 | 0xa2
[OK ]  | 14313 | 0x00005be9 | 0x16 | 0x16
[OK ]  | 14314 | 0x00005bea | 0xff | 0xff
[OK ]  | 14315 | 0x00005beb | 0xff | 0xff
[OK ]  | 14316 | 0x00005bec | 0x4e | 0x4e
[OK ]  | 14317 | 0x00005bed | 0x94 | 0x94
[OK ]  | 14318 | 0x00005bee | 0x00 | 0x00
[OK ]  | 14319 | 0x00005bef | 0x00 | 0x00
[OK ]  | 14320 | 0x00005bf0 | 0xf1 | 0xf1
[OK ]  | 14321 | 0x00005bf1 | 0x37 | 0x37
[OK ]  | 14322 | 0x00005bf2 | 0x01 | 0x01
[OK ]  | 14323 | 0x00005bf3 | 0x00 | 0x00
[OK ]  | 14324 | 0x00005bf4 | 0xde | 0xde
[OK ]  | 14325 | 0x00005bf5 | 0xe4 | 0xe4
[OK ]  | 14326 | 0x00005bf6 | 0xff | 0xff
[OK ]  | 14327 | 0x00005bf7 | 0xff | 0xff
[OK ]  | 14328 | 0x00005bf8 | 0xb6 | 0xb6
[OK ]  | 14329 | 0x00005bf9 | 0x50 | 0x50
[OK ]  | 14330 | 0x00005bfa | 0x00 | 0x00
[OK ]  | 14331 | 0x00005bfb | 0x00 | 0x00
[OK ]  | 14332 | 0x00005bfc | 0xe8 | 0xe8
[OK ]  | 14333 | 0x00005bfd | 0x2a | 0x2a
[OK ]  | 14334 | 0x00005bfe | 0xff | 0xff
[OK ]  | 14335 | 0x00005bff | 0xff | 0xff
[OK ]  | 14336 | 0x00005c00 | 0x1b | 0x1b
[OK ]  | 14337 | 0x00005c01 | 0x50 | 0x50
[OK ]  | 14338 | 0x00005c02 | 0xfe | 0xfe
[OK ]  | 14339 | 0x00005c03 | 0xff | 0xff
[OK ]  | 14340 | 0x00005c04 | 0x2d | 0x2d
[OK ]  | 14341 | 0x00005c05 | 0x15 | 0x15
[OK ]  | 14342 | 0x00005c06 | 0x01 | 0x01
[OK ]  | 14343 | 0x00005c07 | 0x00 | 0x00
[OK ]  | 14344 | 0x00005c08 | 0x0b | 0x0b
[OK ]  | 14345 | 0x00005c09 | 0x24 | 0x24
[OK ]  | 14346 | 0x00005c0a | 0x00 | 0x00
[OK ]  | 14347 | 0x00005c0b | 0x00 | 0x00
[OK ]  | 14348 | 0x00005c0c | 0x4c | 0x4c
[OK ]  | 14349 | 0x00005c0d | 0x23 | 0x23
[OK ]  | 14350 | 0x00005c0e | 0x01 | 0x01
[OK ]  | 14351 | 0x00005c0f | 0x00 | 0x00
[OK ]  | 14352 | 0x00005c10 | 0xfa | 0xfa
[OK ]  | 14353 | 0x00005c11 | 0x1e | 0x1e
[OK ]  | 14354 | 0x00005c12 | 0x00 | 0x00
[OK ]  | 14355 | 0x00005c13 | 0x00 | 0x00
[OK ]  | 14356 | 0x00005c14 | 0x30 | 0x30
[OK ]  | 14357 | 0x00005c15 | 0x55 | 0x55
[OK ]  | 14358 | 0x00005c16 | 0x00 | 0x00
[OK ]  | 14359 | 0x00005c17 | 0x00 | 0x00
[OK ]  | 14360 | 0x00005c18 | 0x30 | 0x30
[OK ]  | 14361 | 0x00005c19 | 0x41 | 0x41
[OK ]  | 14362 | 0x00005c1a | 0xff | 0xff
[OK ]  | 14363 | 0x00005c1b | 0xff | 0xff
[OK ]  | 14364 | 0x00005c1c | 0x07 | 0x07
[OK ]  | 14365 | 0x00005c1d | 0x64 | 0x64
[OK ]  | 14366 | 0x00005c1e | 0xff | 0xff
[OK ]  | 14367 | 0x00005c1f | 0xff | 0xff
[OK ]  | 14368 | 0x00005c20 | 0x3c | 0x3c
[OK ]  | 14369 | 0x00005c21 | 0x2e | 0x2e
[OK ]  | 14370 | 0x00005c22 | 0xff | 0xff
[OK ]  | 14371 | 0x00005c23 | 0xff | 0xff
[OK ]  | 14372 | 0x00005c24 | 0xcb | 0xcb
[OK ]  | 14373 | 0x00005c25 | 0x25 | 0x25
[OK ]  | 14374 | 0x00005c26 | 0x00 | 0x00
[OK ]  | 14375 | 0x00005c27 | 0x00 | 0x00
[OK ]  | 14376 | 0x00005c28 | 0x00 | 0x00
[OK ]  | 14377 | 0x00005c29 | 0x6f | 0x6f
[OK ]  | 14378 | 0x00005c2a | 0x00 | 0x00
[OK ]  | 14379 | 0x00005c2b | 0x00 | 0x00
[OK ]  | 14380 | 0x00005c2c | 0x25 | 0x25
[OK ]  | 14381 | 0x00005c2d | 0x6a | 0x6a
[OK ]  | 14382 | 0x00005c2e | 0x00 | 0x00
[OK ]  | 14383 | 0x00005c2f | 0x00 | 0x00
[OK ]  | 14384 | 0x00005c30 | 0xaf | 0xaf
[OK ]  | 14385 | 0x00005c31 | 0xcc | 0xcc
[OK ]  | 14386 | 0x00005c32 | 0xff | 0xff
[OK ]  | 14387 | 0x00005c33 | 0xff | 0xff
[OK ]  | 14388 | 0x00005c34 | 0xd9 | 0xd9
[OK ]  | 14389 | 0x00005c35 | 0x02 | 0x02
[OK ]  | 14390 | 0x00005c36 | 0x01 | 0x01
[OK ]  | 14391 | 0x00005c37 | 0x00 | 0x00
[OK ]  | 14392 | 0x00005c38 | 0xa9 | 0xa9
[OK ]  | 14393 | 0x00005c39 | 0xa4 | 0xa4
[OK ]  | 14394 | 0x00005c3a | 0x00 | 0x00
[OK ]  | 14395 | 0x00005c3b | 0x00 | 0x00
[OK ]  | 14396 | 0x00005c3c | 0xc1 | 0xc1
[OK ]  | 14397 | 0x00005c3d | 0xef | 0xef
[OK ]  | 14398 | 0x00005c3e | 0xff | 0xff
[OK ]  | 14399 | 0x00005c3f | 0xff | 0xff
[OK ]  | 14400 | 0x00005c40 | 0x38 | 0x38
[OK ]  | 14401 | 0x00005c41 | 0x55 | 0x55
[OK ]  | 14402 | 0x00005c42 | 0xff | 0xff
[OK ]  | 14403 | 0x00005c43 | 0xff | 0xff
[OK ]  | 14404 | 0x00005c44 | 0xa6 | 0xa6
[OK ]  | 14405 | 0x00005c45 | 0x8d | 0x8d
[OK ]  | 14406 | 0x00005c46 | 0xff | 0xff
[OK ]  | 14407 | 0x00005c47 | 0xff | 0xff
[OK ]  | 14408 | 0x00005c48 | 0x55 | 0x55
[OK ]  | 14409 | 0x00005c49 | 0xc4 | 0xc4
[OK ]  | 14410 | 0x00005c4a | 0x00 | 0x00
[OK ]  | 14411 | 0x00005c4b | 0x00 | 0x00
[OK ]  | 14412 | 0x00005c4c | 0xbf | 0xbf
[OK ]  | 14413 | 0x00005c4d | 0xbd | 0xbd
[OK ]  | 14414 | 0x00005c4e | 0xff | 0xff
[OK ]  | 14415 | 0x00005c4f | 0xff | 0xff
[OK ]  | 14416 | 0x00005c50 | 0x62 | 0x62
[OK ]  | 14417 | 0x00005c51 | 0x01 | 0x01
[OK ]  | 14418 | 0x00005c52 | 0x00 | 0x00
[OK ]  | 14419 | 0x00005c53 | 0x00 | 0x00
[OK ]  | 14420 | 0x00005c54 | 0xe7 | 0xe7
[OK ]  | 14421 | 0x00005c55 | 0xbb | 0xbb
[OK ]  | 14422 | 0x00005c56 | 0x00 | 0x00
[OK ]  | 14423 | 0x00005c57 | 0x00 | 0x00
[OK ]  | 14424 | 0x00005c58 | 0x5e | 0x5e
[OK ]  | 14425 | 0x00005c59 | 0xda | 0xda
[OK ]  | 14426 | 0x00005c5a | 0xff | 0xff
[OK ]  | 14427 | 0x00005c5b | 0xff | 0xff
[OK ]  | 14428 | 0x00005c5c | 0x23 | 0x23
[OK ]  | 14429 | 0x00005c5d | 0x8b | 0x8b
[OK ]  | 14430 | 0x00005c5e | 0xff | 0xff
[OK ]  | 14431 | 0x00005c5f | 0xff | 0xff
[OK ]  | 14432 | 0x00005c60 | 0x6b | 0x6b
[OK ]  | 14433 | 0x00005c61 | 0x83 | 0x83
[OK ]  | 14434 | 0x00005c62 | 0xff | 0xff
[OK ]  | 14435 | 0x00005c63 | 0xff | 0xff
[OK ]  | 14436 | 0x00005c64 | 0x98 | 0x98
[OK ]  | 14437 | 0x00005c65 | 0x4e | 0x4e
[OK ]  | 14438 | 0x00005c66 | 0x01 | 0x01
[OK ]  | 14439 | 0x00005c67 | 0x00 | 0x00
[OK ]  | 14440 | 0x00005c68 | 0x09 | 0x09
[OK ]  | 14441 | 0x00005c69 | 0x12 | 0x12
[OK ]  | 14442 | 0x00005c6a | 0xff | 0xff
[OK ]  | 14443 | 0x00005c6b | 0xff | 0xff
[OK ]  | 14444 | 0x00005c6c | 0xa8 | 0xa8
[OK ]  | 14445 | 0x00005c6d | 0x4b | 0x4b
[OK ]  | 14446 | 0x00005c6e | 0xff | 0xff
[OK ]  | 14447 | 0x00005c6f | 0xff | 0xff
[OK ]  | 14448 | 0x00005c70 | 0xe5 | 0xe5
[OK ]  | 14449 | 0x00005c71 | 0xc5 | 0xc5
[OK ]  | 14450 | 0x00005c72 | 0xff | 0xff
[OK ]  | 14451 | 0x00005c73 | 0xff | 0xff
[OK ]  | 14452 | 0x00005c74 | 0x7c | 0x7c
[OK ]  | 14453 | 0x00005c75 | 0xb1 | 0xb1
[OK ]  | 14454 | 0x00005c76 | 0x00 | 0x00
[OK ]  | 14455 | 0x00005c77 | 0x00 | 0x00
[OK ]  | 14456 | 0x00005c78 | 0x08 | 0x08
[OK ]  | 14457 | 0x00005c79 | 0x3a | 0x3a
[OK ]  | 14458 | 0x00005c7a | 0x00 | 0x00
[OK ]  | 14459 | 0x00005c7b | 0x00 | 0x00
[OK ]  | 14460 | 0x00005c7c | 0xec | 0xec
[OK ]  | 14461 | 0x00005c7d | 0x50 | 0x50
[OK ]  | 14462 | 0x00005c7e | 0x01 | 0x01
[OK ]  | 14463 | 0x00005c7f | 0x00 | 0x00
[OK ]  | 14464 | 0x00005c80 | 0x76 | 0x76
[OK ]  | 14465 | 0x00005c81 | 0xb0 | 0xb0
[OK ]  | 14466 | 0x00005c82 | 0xfe | 0xfe
[OK ]  | 14467 | 0x00005c83 | 0xff | 0xff
[OK ]  | 14468 | 0x00005c84 | 0x35 | 0x35
[OK ]  | 14469 | 0x00005c85 | 0xb2 | 0xb2
[OK ]  | 14470 | 0x00005c86 | 0xff | 0xff
[OK ]  | 14471 | 0x00005c87 | 0xff | 0xff
[OK ]  | 14472 | 0x00005c88 | 0x66 | 0x66
[OK ]  | 14473 | 0x00005c89 | 0xa5 | 0xa5
[OK ]  | 14474 | 0x00005c8a | 0xfe | 0xfe
[OK ]  | 14475 | 0x00005c8b | 0xff | 0xff
[OK ]  | 14476 | 0x00005c8c | 0x1e | 0x1e
[OK ]  | 14477 | 0x00005c8d | 0x54 | 0x54
[OK ]  | 14478 | 0x00005c8e | 0x00 | 0x00
[OK ]  | 14479 | 0x00005c8f | 0x00 | 0x00
[OK ]  | 14480 | 0x00005c90 | 0xe1 | 0xe1
[OK ]  | 14481 | 0x00005c91 | 0x59 | 0x59
[OK ]  | 14482 | 0x00005c92 | 0x00 | 0x00
[OK ]  | 14483 | 0x00005c93 | 0x00 | 0x00
[OK ]  | 14484 | 0x00005c94 | 0x5b | 0x5b
[OK ]  | 14485 | 0x00005c95 | 0x95 | 0x95
[OK ]  | 14486 | 0x00005c96 | 0xfe | 0xfe
[OK ]  | 14487 | 0x00005c97 | 0xff | 0xff
[OK ]  | 14488 | 0x00005c98 | 0xf9 | 0xf9
[OK ]  | 14489 | 0x00005c99 | 0xc6 | 0xc6
[OK ]  | 14490 | 0x00005c9a | 0xff | 0xff
[OK ]  | 14491 | 0x00005c9b | 0xff | 0xff
[OK ]  | 14492 | 0x00005c9c | 0xee | 0xee
[OK ]  | 14493 | 0x00005c9d | 0xd9 | 0xd9
[OK ]  | 14494 | 0x00005c9e | 0x00 | 0x00
[OK ]  | 14495 | 0x00005c9f | 0x00 | 0x00
[OK ]  | 14496 | 0x00005ca0 | 0x5e | 0x5e
[OK ]  | 14497 | 0x00005ca1 | 0x94 | 0x94
[OK ]  | 14498 | 0x00005ca2 | 0xff | 0xff
[OK ]  | 14499 | 0x00005ca3 | 0xff | 0xff
[OK ]  | 14500 | 0x00005ca4 | 0xf5 | 0xf5
[OK ]  | 14501 | 0x00005ca5 | 0x6d | 0x6d
[OK ]  | 14502 | 0x00005ca6 | 0xff | 0xff
[OK ]  | 14503 | 0x00005ca7 | 0xff | 0xff
[OK ]  | 14504 | 0x00005ca8 | 0x55 | 0x55
[OK ]  | 14505 | 0x00005ca9 | 0x76 | 0x76
[OK ]  | 14506 | 0x00005caa | 0xff | 0xff
[OK ]  | 14507 | 0x00005cab | 0xff | 0xff
[OK ]  | 14508 | 0x00005cac | 0x51 | 0x51
[OK ]  | 14509 | 0x00005cad | 0xe4 | 0xe4
[OK ]  | 14510 | 0x00005cae | 0xff | 0xff
[OK ]  | 14511 | 0x00005caf | 0xff | 0xff
[OK ]  | 14512 | 0x00005cb0 | 0x6a | 0x6a
[OK ]  | 14513 | 0x00005cb1 | 0x3c | 0x3c
[OK ]  | 14514 | 0x00005cb2 | 0xff | 0xff
[OK ]  | 14515 | 0x00005cb3 | 0xff | 0xff
[OK ]  | 14516 | 0x00005cb4 | 0x45 | 0x45
[OK ]  | 14517 | 0x00005cb5 | 0x9c | 0x9c
[OK ]  | 14518 | 0x00005cb6 | 0x00 | 0x00
[OK ]  | 14519 | 0x00005cb7 | 0x00 | 0x00
[OK ]  | 14520 | 0x00005cb8 | 0x00 | 0x00
[OK ]  | 14521 | 0x00005cb9 | 0x09 | 0x09
[OK ]  | 14522 | 0x00005cba | 0x01 | 0x01
[OK ]  | 14523 | 0x00005cbb | 0x00 | 0x00
[OK ]  | 14524 | 0x00005cbc | 0xc6 | 0xc6
[OK ]  | 14525 | 0x00005cbd | 0x36 | 0x36
[OK ]  | 14526 | 0x00005cbe | 0x00 | 0x00
[OK ]  | 14527 | 0x00005cbf | 0x00 | 0x00
[OK ]  | 14528 | 0x00005cc0 | 0x0d | 0x0d
[OK ]  | 14529 | 0x00005cc1 | 0x7f | 0x7f
[OK ]  | 14530 | 0x00005cc2 | 0x00 | 0x00
[OK ]  | 14531 | 0x00005cc3 | 0x00 | 0x00
[OK ]  | 14532 | 0x00005cc4 | 0x6f | 0x6f
[OK ]  | 14533 | 0x00005cc5 | 0x75 | 0x75
[OK ]  | 14534 | 0x00005cc6 | 0xff | 0xff
[OK ]  | 14535 | 0x00005cc7 | 0xff | 0xff
[OK ]  | 14536 | 0x00005cc8 | 0xb4 | 0xb4
[OK ]  | 14537 | 0x00005cc9 | 0x8d | 0x8d
[OK ]  | 14538 | 0x00005cca | 0xff | 0xff
[OK ]  | 14539 | 0x00005ccb | 0xff | 0xff
[OK ]  | 14540 | 0x00005ccc | 0x81 | 0x81
[OK ]  | 14541 | 0x00005ccd | 0xeb | 0xeb
[OK ]  | 14542 | 0x00005cce | 0x00 | 0x00
[OK ]  | 14543 | 0x00005ccf | 0x00 | 0x00
[OK ]  | 14544 | 0x00005cd0 | 0xc0 | 0xc0
[OK ]  | 14545 | 0x00005cd1 | 0xf6 | 0xf6
[OK ]  | 14546 | 0x00005cd2 | 0xfe | 0xfe
[OK ]  | 14547 | 0x00005cd3 | 0xff | 0xff
[OK ]  | 14548 | 0x00005cd4 | 0xf1 | 0xf1
[OK ]  | 14549 | 0x00005cd5 | 0x36 | 0x36
[OK ]  | 14550 | 0x00005cd6 | 0x00 | 0x00
[OK ]  | 14551 | 0x00005cd7 | 0x00 | 0x00
[OK ]  | 14552 | 0x00005cd8 | 0xf5 | 0xf5
[OK ]  | 14553 | 0x00005cd9 | 0x84 | 0x84
[OK ]  | 14554 | 0x00005cda | 0xff | 0xff
[OK ]  | 14555 | 0x00005cdb | 0xff | 0xff
[OK ]  | 14556 | 0x00005cdc | 0x4c | 0x4c
[OK ]  | 14557 | 0x00005cdd | 0xbf | 0xbf
[OK ]  | 14558 | 0x00005cde | 0xff | 0xff
[OK ]  | 14559 | 0x00005cdf | 0xff | 0xff
[OK ]  | 14560 | 0x00005ce0 | 0xdc | 0xdc
[OK ]  | 14561 | 0x00005ce1 | 0xa1 | 0xa1
[OK ]  | 14562 | 0x00005ce2 | 0xff | 0xff
[OK ]  | 14563 | 0x00005ce3 | 0xff | 0xff
[OK ]  | 14564 | 0x00005ce4 | 0x57 | 0x57
[OK ]  | 14565 | 0x00005ce5 | 0xbb | 0xbb
[OK ]  | 14566 | 0x00005ce6 | 0xff | 0xff
[OK ]  | 14567 | 0x00005ce7 | 0xff | 0xff
[OK ]  | 14568 | 0x00005ce8 | 0x42 | 0x42
[OK ]  | 14569 | 0x00005ce9 | 0x81 | 0x81
[OK ]  | 14570 | 0x00005cea | 0x00 | 0x00
[OK ]  | 14571 | 0x00005ceb | 0x00 | 0x00
[OK ]  | 14572 | 0x00005cec | 0x87 | 0x87
[OK ]  | 14573 | 0x00005ced | 0xcd | 0xcd
[OK ]  | 14574 | 0x00005cee | 0xff | 0xff
[OK ]  | 14575 | 0x00005cef | 0xff | 0xff
[OK ]  | 14576 | 0x00005cf0 | 0x6f | 0x6f
[OK ]  | 14577 | 0x00005cf1 | 0x63 | 0x63
[OK ]  | 14578 | 0x00005cf2 | 0x00 | 0x00
[OK ]  | 14579 | 0x00005cf3 | 0x00 | 0x00
[OK ]  | 14580 | 0x00005cf4 | 0x50 | 0x50
[OK ]  | 14581 | 0x00005cf5 | 0x25 | 0x25
[OK ]  | 14582 | 0x00005cf6 | 0xff | 0xff
[OK ]  | 14583 | 0x00005cf7 | 0xff | 0xff
[OK ]  | 14584 | 0x00005cf8 | 0xe5 | 0xe5
[OK ]  | 14585 | 0x00005cf9 | 0xf8 | 0xf8
[OK ]  | 14586 | 0x00005cfa | 0xff | 0xff
[OK ]  | 14587 | 0x00005cfb | 0xff | 0xff
[OK ]  | 14588 | 0x00005cfc | 0xf7 | 0xf7
[OK ]  | 14589 | 0x00005cfd | 0x89 | 0x89
[OK ]  | 14590 | 0x00005cfe | 0xff | 0xff
[OK ]  | 14591 | 0x00005cff | 0xff | 0xff
[OK ]  | 14592 | 0x00005d00 | 0x11 | 0x11
[OK ]  | 14593 | 0x00005d01 | 0xe1 | 0xe1
[OK ]  | 14594 | 0x00005d02 | 0xfe | 0xfe
[OK ]  | 14595 | 0x00005d03 | 0xff | 0xff
[OK ]  | 14596 | 0x00005d04 | 0xde | 0xde
[OK ]  | 14597 | 0x00005d05 | 0xeb | 0xeb
[OK ]  | 14598 | 0x00005d06 | 0xff | 0xff
[OK ]  | 14599 | 0x00005d07 | 0xff | 0xff
[OK ]  | 14600 | 0x00005d08 | 0x39 | 0x39
[OK ]  | 14601 | 0x00005d09 | 0xaa | 0xaa
[OK ]  | 14602 | 0x00005d0a | 0xff | 0xff
[OK ]  | 14603 | 0x00005d0b | 0xff | 0xff
[OK ]  | 14604 | 0x00005d0c | 0xaf | 0xaf
[OK ]  | 14605 | 0x00005d0d | 0xb0 | 0xb0
[OK ]  | 14606 | 0x00005d0e | 0xff | 0xff
[OK ]  | 14607 | 0x00005d0f | 0xff | 0xff
[OK ]  | 14608 | 0x00005d10 | 0x25 | 0x25
[OK ]  | 14609 | 0x00005d11 | 0x7f | 0x7f
[OK ]  | 14610 | 0x00005d12 | 0x00 | 0x00
[OK ]  | 14611 | 0x00005d13 | 0x00 | 0x00
[OK ]  | 14612 | 0x00005d14 | 0x52 | 0x52
[OK ]  | 14613 | 0x00005d15 | 0xc0 | 0xc0
[OK ]  | 14614 | 0x00005d16 | 0xfe | 0xfe
[OK ]  | 14615 | 0x00005d17 | 0xff | 0xff
[OK ]  | 14616 | 0x00005d18 | 0xed | 0xed
[OK ]  | 14617 | 0x00005d19 | 0x6c | 0x6c
[OK ]  | 14618 | 0x00005d1a | 0x00 | 0x00
[OK ]  | 14619 | 0x00005d1b | 0x00 | 0x00
[OK ]  | 14620 | 0x00005d1c | 0x97 | 0x97
[OK ]  | 14621 | 0x00005d1d | 0xae | 0xae
[OK ]  | 14622 | 0x00005d1e | 0xff | 0xff
[OK ]  | 14623 | 0x00005d1f | 0xff | 0xff
[OK ]  | 14624 | 0x00005d20 | 0xa3 | 0xa3
[OK ]  | 14625 | 0x00005d21 | 0x5d | 0x5d
[OK ]  | 14626 | 0x00005d22 | 0x00 | 0x00
[OK ]  | 14627 | 0x00005d23 | 0x00 | 0x00
[OK ]  | 14628 | 0x00005d24 | 0x3a | 0x3a
[OK ]  | 14629 | 0x00005d25 | 0x36 | 0x36
[OK ]  | 14630 | 0x00005d26 | 0x00 | 0x00
[OK ]  | 14631 | 0x00005d27 | 0x00 | 0x00
[OK ]  | 14632 | 0x00005d28 | 0xca | 0xca
[OK ]  | 14633 | 0x00005d29 | 0x80 | 0x80
[OK ]  | 14634 | 0x00005d2a | 0x00 | 0x00
[OK ]  | 14635 | 0x00005d2b | 0x00 | 0x00
[OK ]  | 14636 | 0x00005d2c | 0xeb | 0xeb
[OK ]  | 14637 | 0x00005d2d | 0x6d | 0x6d
[OK ]  | 14638 | 0x00005d2e | 0x00 | 0x00
[OK ]  | 14639 | 0x00005d2f | 0x00 | 0x00
[OK ]  | 14640 | 0x00005d30 | 0xfc | 0xfc
[OK ]  | 14641 | 0x00005d31 | 0xab | 0xab
[OK ]  | 14642 | 0x00005d32 | 0xff | 0xff
[OK ]  | 14643 | 0x00005d33 | 0xff | 0xff
[OK ]  | 14644 | 0x00005d34 | 0x75 | 0x75
[OK ]  | 14645 | 0x00005d35 | 0xcf | 0xcf
[OK ]  | 14646 | 0x00005d36 | 0x00 | 0x00
[OK ]  | 14647 | 0x00005d37 | 0x00 | 0x00
[OK ]  | 14648 | 0x00005d38 | 0x45 | 0x45
[OK ]  | 14649 | 0x00005d39 | 0xca | 0xca
[OK ]  | 14650 | 0x00005d3a | 0xfe | 0xfe
[OK ]  | 14651 | 0x00005d3b | 0xff | 0xff
[OK ]  | 14652 | 0x00005d3c | 0xa7 | 0xa7
[OK ]  | 14653 | 0x00005d3d | 0x41 | 0x41
[OK ]  | 14654 | 0x00005d3e | 0x00 | 0x00
[OK ]  | 14655 | 0x00005d3f | 0x00 | 0x00
[OK ]  | 14656 | 0x00005d40 | 0x0c | 0x0c
[OK ]  | 14657 | 0x00005d41 | 0x4b | 0x4b
[OK ]  | 14658 | 0x00005d42 | 0x00 | 0x00
[OK ]  | 14659 | 0x00005d43 | 0x00 | 0x00
[OK ]  | 14660 | 0x00005d44 | 0xe4 | 0xe4
[OK ]  | 14661 | 0x00005d45 | 0xa4 | 0xa4
[OK ]  | 14662 | 0x00005d46 | 0xff | 0xff
[OK ]  | 14663 | 0x00005d47 | 0xff | 0xff
[OK ]  | 14664 | 0x00005d48 | 0x51 | 0x51
[OK ]  | 14665 | 0x00005d49 | 0x3e | 0x3e
[OK ]  | 14666 | 0x00005d4a | 0x00 | 0x00
[OK ]  | 14667 | 0x00005d4b | 0x00 | 0x00
[OK ]  | 14668 | 0x00005d4c | 0x13 | 0x13
[OK ]  | 14669 | 0x00005d4d | 0x59 | 0x59
[OK ]  | 14670 | 0x00005d4e | 0xff | 0xff
[OK ]  | 14671 | 0x00005d4f | 0xff | 0xff
[OK ]  | 14672 | 0x00005d50 | 0xf1 | 0xf1
[OK ]  | 14673 | 0x00005d51 | 0xc6 | 0xc6
[OK ]  | 14674 | 0x00005d52 | 0xff | 0xff
[OK ]  | 14675 | 0x00005d53 | 0xff | 0xff
[OK ]  | 14676 | 0x00005d54 | 0x5a | 0x5a
[OK ]  | 14677 | 0x00005d55 | 0x7a | 0x7a
[OK ]  | 14678 | 0x00005d56 | 0x00 | 0x00
[OK ]  | 14679 | 0x00005d57 | 0x00 | 0x00
[OK ]  | 14680 | 0x00005d58 | 0x41 | 0x41
[OK ]  | 14681 | 0x00005d59 | 0x9f | 0x9f
[OK ]  | 14682 | 0x00005d5a | 0x00 | 0x00
[OK ]  | 14683 | 0x00005d5b | 0x00 | 0x00
[OK ]  | 14684 | 0x00005d5c | 0x02 | 0x02
[OK ]  | 14685 | 0x00005d5d | 0x15 | 0x15
[OK ]  | 14686 | 0x00005d5e | 0x00 | 0x00
[OK ]  | 14687 | 0x00005d5f | 0x00 | 0x00
[OK ]  | 14688 | 0x00005d60 | 0x87 | 0x87
[OK ]  | 14689 | 0x00005d61 | 0x4d | 0x4d
[OK ]  | 14690 | 0x00005d62 | 0x01 | 0x01
[OK ]  | 14691 | 0x00005d63 | 0x00 | 0x00
[OK ]  | 14692 | 0x00005d64 | 0x3a | 0x3a
[OK ]  | 14693 | 0x00005d65 | 0x1c | 0x1c
[OK ]  | 14694 | 0x00005d66 | 0x00 | 0x00
[OK ]  | 14695 | 0x00005d67 | 0x00 | 0x00
[OK ]  | 14696 | 0x00005d68 | 0x6d | 0x6d
[OK ]  | 14697 | 0x00005d69 | 0xbe | 0xbe
[OK ]  | 14698 | 0x00005d6a | 0xff | 0xff
[OK ]  | 14699 | 0x00005d6b | 0xff | 0xff
[OK ]  | 14700 | 0x00005d6c | 0xfe | 0xfe
[OK ]  | 14701 | 0x00005d6d | 0xfd | 0xfd
[OK ]  | 14702 | 0x00005d6e | 0xfe | 0xfe
[OK ]  | 14703 | 0x00005d6f | 0xff | 0xff
[OK ]  | 14704 | 0x00005d70 | 0x6e | 0x6e
[OK ]  | 14705 | 0x00005d71 | 0x95 | 0x95
[OK ]  | 14706 | 0x00005d72 | 0xff | 0xff
[OK ]  | 14707 | 0x00005d73 | 0xff | 0xff
[OK ]  | 14708 | 0x00005d74 | 0x53 | 0x53
[OK ]  | 14709 | 0x00005d75 | 0xa4 | 0xa4
[OK ]  | 14710 | 0x00005d76 | 0x00 | 0x00
[OK ]  | 14711 | 0x00005d77 | 0x00 | 0x00
[OK ]  | 14712 | 0x00005d78 | 0x9f | 0x9f
[OK ]  | 14713 | 0x00005d79 | 0x1c | 0x1c
[OK ]  | 14714 | 0x00005d7a | 0x00 | 0x00
[OK ]  | 14715 | 0x00005d7b | 0x00 | 0x00
[OK ]  | 14716 | 0x00005d7c | 0x6d | 0x6d
[OK ]  | 14717 | 0x00005d7d | 0xec | 0xec
[OK ]  | 14718 | 0x00005d7e | 0xfe | 0xfe
[OK ]  | 14719 | 0x00005d7f | 0xff | 0xff
[OK ]  | 14720 | 0x00005d80 | 0x04 | 0x04
[OK ]  | 14721 | 0x00005d81 | 0xcd | 0xcd
[OK ]  | 14722 | 0x00005d82 | 0xfe | 0xfe
[OK ]  | 14723 | 0x00005d83 | 0xff | 0xff
[OK ]  | 14724 | 0x00005d84 | 0x1b | 0x1b
[OK ]  | 14725 | 0x00005d85 | 0x59 | 0x59
[OK ]  | 14726 | 0x00005d86 | 0x00 | 0x00
[OK ]  | 14727 | 0x00005d87 | 0x00 | 0x00
[OK ]  | 14728 | 0x00005d88 | 0xf8 | 0xf8
[OK ]  | 14729 | 0x00005d89 | 0xb9 | 0xb9
[OK ]  | 14730 | 0x00005d8a | 0xff | 0xff
[OK ]  | 14731 | 0x00005d8b | 0xff | 0xff
[OK ]  | 14732 | 0x00005d8c | 0x33 | 0x33
[OK ]  | 14733 | 0x00005d8d | 0x0f | 0x0f
[OK ]  | 14734 | 0x00005d8e | 0x01 | 0x01
[OK ]  | 14735 | 0x00005d8f | 0x00 | 0x00
[OK ]  | 14736 | 0x00005d90 | 0x7f | 0x7f
[OK ]  | 14737 | 0x00005d91 | 0x10 | 0x10
[OK ]  | 14738 | 0x00005d92 | 0x00 | 0x00
[OK ]  | 14739 | 0x00005d93 | 0x00 | 0x00
[OK ]  | 14740 | 0x00005d94 | 0xb1 | 0xb1
[OK ]  | 14741 | 0x00005d95 | 0x14 | 0x14
[OK ]  | 14742 | 0x00005d96 | 0x01 | 0x01
[OK ]  | 14743 | 0x00005d97 | 0x00 | 0x00
[OK ]  | 14744 | 0x00005d98 | 0xaf | 0xaf
[OK ]  | 14745 | 0x00005d99 | 0xa7 | 0xa7
[OK ]  | 14746 | 0x00005d9a | 0xff | 0xff
[OK ]  | 14747 | 0x00005d9b | 0xff | 0xff
[OK ]  | 14748 | 0x00005d9c | 0x97 | 0x97
[OK ]  | 14749 | 0x00005d9d | 0x0f | 0x0f
[OK ]  | 14750 | 0x00005d9e | 0x01 | 0x01
[OK ]  | 14751 | 0x00005d9f | 0x00 | 0x00
[OK ]  | 14752 | 0x00005da0 | 0x6d | 0x6d
[OK ]  | 14753 | 0x00005da1 | 0x5f | 0x5f
[OK ]  | 14754 | 0x00005da2 | 0xfe | 0xfe
[OK ]  | 14755 | 0x00005da3 | 0xff | 0xff
[OK ]  | 14756 | 0x00005da4 | 0x30 | 0x30
[OK ]  | 14757 | 0x00005da5 | 0x4e | 0x4e
[OK ]  | 14758 | 0x00005da6 | 0x00 | 0x00
[OK ]  | 14759 | 0x00005da7 | 0x00 | 0x00
[OK ]  | 14760 | 0x00005da8 | 0x19 | 0x19
[OK ]  | 14761 | 0x00005da9 | 0x55 | 0x55
[OK ]  | 14762 | 0x00005daa | 0xff | 0xff
[OK ]  | 14763 | 0x00005dab | 0xff | 0xff
[OK ]  | 14764 | 0x00005dac | 0x62 | 0x62
[OK ]  | 14765 | 0x00005dad | 0x4d | 0x4d
[OK ]  | 14766 | 0x00005dae | 0x00 | 0x00
[OK ]  | 14767 | 0x00005daf | 0x00 | 0x00
[OK ]  | 14768 | 0x00005db0 | 0x84 | 0x84
[OK ]  | 14769 | 0x00005db1 | 0x37 | 0x37
[OK ]  | 14770 | 0x00005db2 | 0x00 | 0x00
[OK ]  | 14771 | 0x00005db3 | 0x00 | 0x00
[OK ]  | 14772 | 0x00005db4 | 0x92 | 0x92
[OK ]  | 14773 | 0x00005db5 | 0xdc | 0xdc
[OK ]  | 14774 | 0x00005db6 | 0xff | 0xff
[OK ]  | 14775 | 0x00005db7 | 0xff | 0xff
[OK ]  | 14776 | 0x00005db8 | 0x63 | 0x63
[OK ]  | 14777 | 0x00005db9 | 0x83 | 0x83
[OK ]  | 14778 | 0x00005dba | 0xff | 0xff
[OK ]  | 14779 | 0x00005dbb | 0xff | 0xff
[OK ]  | 14780 | 0x00005dbc | 0xcf | 0xcf
[OK ]  | 14781 | 0x00005dbd | 0xd3 | 0xd3
[OK ]  | 14782 | 0x00005dbe | 0xff | 0xff
[OK ]  | 14783 | 0x00005dbf | 0xff | 0xff
[OK ]  | 14784 | 0x00005dc0 | 0xa7 | 0xa7
[OK ]  | 14785 | 0x00005dc1 | 0xaf | 0xaf
[OK ]  | 14786 | 0x00005dc2 | 0x00 | 0x00
[OK ]  | 14787 | 0x00005dc3 | 0x00 | 0x00
[OK ]  | 14788 | 0x00005dc4 | 0x34 | 0x34
[OK ]  | 14789 | 0x00005dc5 | 0x08 | 0x08
[OK ]  | 14790 | 0x00005dc6 | 0x00 | 0x00
[OK ]  | 14791 | 0x00005dc7 | 0x00 | 0x00
[OK ]  | 14792 | 0x00005dc8 | 0x38 | 0x38
[OK ]  | 14793 | 0x00005dc9 | 0x5b | 0x5b
[OK ]  | 14794 | 0x00005dca | 0x00 | 0x00
[OK ]  | 14795 | 0x00005dcb | 0x00 | 0x00
[OK ]  | 14796 | 0x00005dcc | 0x01 | 0x01
[OK ]  | 14797 | 0x00005dcd | 0x75 | 0x75
[OK ]  | 14798 | 0x00005dce | 0xfe | 0xfe
[OK ]  | 14799 | 0x00005dcf | 0xff | 0xff
[OK ]  | 14800 | 0x00005dd0 | 0xa0 | 0xa0
[OK ]  | 14801 | 0x00005dd1 | 0x2b | 0x2b
[OK ]  | 14802 | 0x00005dd2 | 0xff | 0xff
[OK ]  | 14803 | 0x00005dd3 | 0xff | 0xff
[OK ]  | 14804 | 0x00005dd4 | 0xa5 | 0xa5
[OK ]  | 14805 | 0x00005dd5 | 0x8f | 0x8f
[OK ]  | 14806 | 0x00005dd6 | 0x00 | 0x00
[OK ]  | 14807 | 0x00005dd7 | 0x00 | 0x00
[OK ]  | 14808 | 0x00005dd8 | 0xca | 0xca
[OK ]  | 14809 | 0x00005dd9 | 0x54 | 0x54
[OK ]  | 14810 | 0x00005dda | 0xff | 0xff
[OK ]  | 14811 | 0x00005ddb | 0xff | 0xff
[OK ]  | 14812 | 0x00005ddc | 0x3e | 0x3e
[OK ]  | 14813 | 0x00005ddd | 0x5a | 0x5a
[OK ]  | 14814 | 0x00005dde | 0x00 | 0x00
[OK ]  | 14815 | 0x00005ddf | 0x00 | 0x00
[OK ]  | 14816 | 0x00005de0 | 0x0a | 0x0a
[OK ]  | 14817 | 0x00005de1 | 0x0a | 0x0a
[OK ]  | 14818 | 0x00005de2 | 0x01 | 0x01
[OK ]  | 14819 | 0x00005de3 | 0x00 | 0x00
[OK ]  | 14820 | 0x00005de4 | 0x40 | 0x40
[OK ]  | 14821 | 0x00005de5 | 0x6b | 0x6b
[OK ]  | 14822 | 0x00005de6 | 0x00 | 0x00
[OK ]  | 14823 | 0x00005de7 | 0x00 | 0x00
[OK ]  | 14824 | 0x00005de8 | 0xe1 | 0xe1
[OK ]  | 14825 | 0x00005de9 | 0xa6 | 0xa6
[OK ]  | 14826 | 0x00005dea | 0xfe | 0xfe
[OK ]  | 14827 | 0x00005deb | 0xff | 0xff
[OK ]  | 14828 | 0x00005dec | 0x14 | 0x14
[OK ]  | 14829 | 0x00005ded | 0xdc | 0xdc
[OK ]  | 14830 | 0x00005dee | 0x00 | 0x00
[OK ]  | 14831 | 0x00005def | 0x00 | 0x00
[OK ]  | 14832 | 0x00005df0 | 0x09 | 0x09
[OK ]  | 14833 | 0x00005df1 | 0x4e | 0x4e
[OK ]  | 14834 | 0x00005df2 | 0xff | 0xff
[OK ]  | 14835 | 0x00005df3 | 0xff | 0xff
[OK ]  | 14836 | 0x00005df4 | 0x3d | 0x3d
[OK ]  | 14837 | 0x00005df5 | 0x71 | 0x71
[OK ]  | 14838 | 0x00005df6 | 0xff | 0xff
[OK ]  | 14839 | 0x00005df7 | 0xff | 0xff
[OK ]  | 14840 | 0x00005df8 | 0x53 | 0x53
[OK ]  | 14841 | 0x00005df9 | 0xe3 | 0xe3
[OK ]  | 14842 | 0x00005dfa | 0xff | 0xff
[OK ]  | 14843 | 0x00005dfb | 0xff | 0xff
[OK ]  | 14844 | 0x00005dfc | 0x51 | 0x51
[OK ]  | 14845 | 0x00005dfd | 0x83 | 0x83
[OK ]  | 14846 | 0x00005dfe | 0xfe | 0xfe
[OK ]  | 14847 | 0x00005dff | 0xff | 0xff
[OK ]  | 14848 | 0x00005e00 | 0xc2 | 0xc2
[OK ]  | 14849 | 0x00005e01 | 0x9c | 0x9c
[OK ]  | 14850 | 0x00005e02 | 0x00 | 0x00
[OK ]  | 14851 | 0x00005e03 | 0x00 | 0x00
[OK ]  | 14852 | 0x00005e04 | 0xdc | 0xdc
[OK ]  | 14853 | 0x00005e05 | 0x52 | 0x52
[OK ]  | 14854 | 0x00005e06 | 0x00 | 0x00
[OK ]  | 14855 | 0x00005e07 | 0x00 | 0x00
[OK ]  | 14856 | 0x00005e08 | 0xa9 | 0xa9
[OK ]  | 14857 | 0x00005e09 | 0x10 | 0x10
[OK ]  | 14858 | 0x00005e0a | 0x00 | 0x00
[OK ]  | 14859 | 0x00005e0b | 0x00 | 0x00
[OK ]  | 14860 | 0x00005e0c | 0xd0 | 0xd0
[OK ]  | 14861 | 0x00005e0d | 0x04 | 0x04
[OK ]  | 14862 | 0x00005e0e | 0x00 | 0x00
[OK ]  | 14863 | 0x00005e0f | 0x00 | 0x00
[OK ]  | 14864 | 0x00005e10 | 0x62 | 0x62
[OK ]  | 14865 | 0x00005e11 | 0x8d | 0x8d
[OK ]  | 14866 | 0x00005e12 | 0x00 | 0x00
[OK ]  | 14867 | 0x00005e13 | 0x00 | 0x00
[OK ]  | 14868 | 0x00005e14 | 0x95 | 0x95
[OK ]  | 14869 | 0x00005e15 | 0x17 | 0x17
[OK ]  | 14870 | 0x00005e16 | 0x01 | 0x01
[OK ]  | 14871 | 0x00005e17 | 0x00 | 0x00
[OK ]  | 14872 | 0x00005e18 | 0x42 | 0x42
[OK ]  | 14873 | 0x00005e19 | 0x32 | 0x32
[OK ]  | 14874 | 0x00005e1a | 0x00 | 0x00
[OK ]  | 14875 | 0x00005e1b | 0x00 | 0x00
[OK ]  | 14876 | 0x00005e1c | 0x90 | 0x90
[OK ]  | 14877 | 0x00005e1d | 0xf8 | 0xf8
[OK ]  | 14878 | 0x00005e1e | 0xff | 0xff
[OK ]  | 14879 | 0x00005e1f | 0xff | 0xff
[OK ]  | 14880 | 0x00005e20 | 0x98 | 0x98
[OK ]  | 14881 | 0x00005e21 | 0xbe | 0xbe
[OK ]  | 14882 | 0x00005e22 | 0x00 | 0x00
[OK ]  | 14883 | 0x00005e23 | 0x00 | 0x00
[OK ]  | 14884 | 0x00005e24 | 0x42 | 0x42
[OK ]  | 14885 | 0x00005e25 | 0xcb | 0xcb
[OK ]  | 14886 | 0x00005e26 | 0xff | 0xff
[OK ]  | 14887 | 0x00005e27 | 0xff | 0xff
[OK ]  | 14888 | 0x00005e28 | 0x92 | 0x92
[OK ]  | 14889 | 0x00005e29 | 0xf1 | 0xf1
[OK ]  | 14890 | 0x00005e2a | 0xfe | 0xfe
[OK ]  | 14891 | 0x00005e2b | 0xff | 0xff
[OK ]  | 14892 | 0x00005e2c | 0x7a | 0x7a
[OK ]  | 14893 | 0x00005e2d | 0xbb | 0xbb
[OK ]  | 14894 | 0x00005e2e | 0xff | 0xff
[OK ]  | 14895 | 0x00005e2f | 0xff | 0xff
[OK ]  | 14896 | 0x00005e30 | 0x75 | 0x75
[OK ]  | 14897 | 0x00005e31 | 0x04 | 0x04
[OK ]  | 14898 | 0x00005e32 | 0x01 | 0x01
[OK ]  | 14899 | 0x00005e33 | 0x00 | 0x00
[OK ]  | 14900 | 0x00005e34 | 0x9d | 0x9d
[OK ]  | 14901 | 0x00005e35 | 0xb0 | 0xb0
[OK ]  | 14902 | 0x00005e36 | 0xff | 0xff
[OK ]  | 14903 | 0x00005e37 | 0xff | 0xff
[OK ]  | 14904 | 0x00005e38 | 0x41 | 0x41
[OK ]  | 14905 | 0x00005e39 | 0x98 | 0x98
[OK ]  | 14906 | 0x00005e3a | 0xff | 0xff
[OK ]  | 14907 | 0x00005e3b | 0xff | 0xff
[OK ]  | 14908 | 0x00005e3c | 0xe5 | 0xe5
[OK ]  | 14909 | 0x00005e3d | 0xb1 | 0xb1
[OK ]  | 14910 | 0x00005e3e | 0x00 | 0x00
[OK ]  | 14911 | 0x00005e3f | 0x00 | 0x00
[OK ]  | 14912 | 0x00005e40 | 0x2c | 0x2c
[OK ]  | 14913 | 0x00005e41 | 0x30 | 0x30
[OK ]  | 14914 | 0x00005e42 | 0x00 | 0x00
[OK ]  | 14915 | 0x00005e43 | 0x00 | 0x00
[OK ]  | 14916 | 0x00005e44 | 0x67 | 0x67
[OK ]  | 14917 | 0x00005e45 | 0x7f | 0x7f
[OK ]  | 14918 | 0x00005e46 | 0x00 | 0x00
[OK ]  | 14919 | 0x00005e47 | 0x00 | 0x00
[OK ]  | 14920 | 0x00005e48 | 0xab | 0xab
[OK ]  | 14921 | 0x00005e49 | 0x53 | 0x53
[OK ]  | 14922 | 0x00005e4a | 0x00 | 0x00
[OK ]  | 14923 | 0x00005e4b | 0x00 | 0x00
[OK ]  | 14924 | 0x00005e4c | 0x3b | 0x3b
[OK ]  | 14925 | 0x00005e4d | 0xc8 | 0xc8
[OK ]  | 14926 | 0x00005e4e | 0xff | 0xff
[OK ]  | 14927 | 0x00005e4f | 0xff | 0xff
[OK ]  | 14928 | 0x00005e50 | 0xce | 0xce
[OK ]  | 14929 | 0x00005e51 | 0x46 | 0x46
[OK ]  | 14930 | 0x00005e52 | 0xff | 0xff
[OK ]  | 14931 | 0x00005e53 | 0xff | 0xff
[OK ]  | 14932 | 0x00005e54 | 0x96 | 0x96
[OK ]  | 14933 | 0x00005e55 | 0x55 | 0x55
[OK ]  | 14934 | 0x00005e56 | 0xfe | 0xfe
[OK ]  | 14935 | 0x00005e57 | 0xff | 0xff
[OK ]  | 14936 | 0x00005e58 | 0xa7 | 0xa7
[OK ]  | 14937 | 0x00005e59 | 0x87 | 0x87
[OK ]  | 14938 | 0x00005e5a | 0x00 | 0x00
[OK ]  | 14939 | 0x00005e5b | 0x00 | 0x00
[OK ]  | 14940 | 0x00005e5c | 0x30 | 0x30
[OK ]  | 14941 | 0x00005e5d | 0xb3 | 0xb3
[OK ]  | 14942 | 0x00005e5e | 0xff | 0xff
[OK ]  | 14943 | 0x00005e5f | 0xff | 0xff
[OK ]  | 14944 | 0x00005e60 | 0xf5 | 0xf5
[OK ]  | 14945 | 0x00005e61 | 0x1c | 0x1c
[OK ]  | 14946 | 0x00005e62 | 0xff | 0xff
[OK ]  | 14947 | 0x00005e63 | 0xff | 0xff
[OK ]  | 14948 | 0x00005e64 | 0x96 | 0x96
[OK ]  | 14949 | 0x00005e65 | 0x44 | 0x44
[OK ]  | 14950 | 0x00005e66 | 0x00 | 0x00
[OK ]  | 14951 | 0x00005e67 | 0x00 | 0x00
[OK ]  | 14952 | 0x00005e68 | 0x68 | 0x68
[OK ]  | 14953 | 0x00005e69 | 0x81 | 0x81
[OK ]  | 14954 | 0x00005e6a | 0x00 | 0x00
[OK ]  | 14955 | 0x00005e6b | 0x00 | 0x00
[OK ]  | 14956 | 0x00005e6c | 0x46 | 0x46
[OK ]  | 14957 | 0x00005e6d | 0x50 | 0x50
[OK ]  | 14958 | 0x00005e6e | 0x00 | 0x00
[OK ]  | 14959 | 0x00005e6f | 0x00 | 0x00
[OK ]  | 14960 | 0x00005e70 | 0x9a | 0x9a
[OK ]  | 14961 | 0x00005e71 | 0x29 | 0x29
[OK ]  | 14962 | 0x00005e72 | 0x00 | 0x00
[OK ]  | 14963 | 0x00005e73 | 0x00 | 0x00
[OK ]  | 14964 | 0x00005e74 | 0x42 | 0x42
[OK ]  | 14965 | 0x00005e75 | 0xc0 | 0xc0
[OK ]  | 14966 | 0x00005e76 | 0x00 | 0x00
[OK ]  | 14967 | 0x00005e77 | 0x00 | 0x00
[OK ]  | 14968 | 0x00005e78 | 0x3f | 0x3f
[OK ]  | 14969 | 0x00005e79 | 0xaa | 0xaa
[OK ]  | 14970 | 0x00005e7a | 0xfe | 0xfe
[OK ]  | 14971 | 0x00005e7b | 0xff | 0xff
[OK ]  | 14972 | 0x00005e7c | 0xe4 | 0xe4
[OK ]  | 14973 | 0x00005e7d | 0xbc | 0xbc
[OK ]  | 14974 | 0x00005e7e | 0xff | 0xff
[OK ]  | 14975 | 0x00005e7f | 0xff | 0xff
[OK ]  | 14976 | 0x00005e80 | 0xcc | 0xcc
[OK ]  | 14977 | 0x00005e81 | 0x56 | 0x56
[OK ]  | 14978 | 0x00005e82 | 0x00 | 0x00
[OK ]  | 14979 | 0x00005e83 | 0x00 | 0x00
[OK ]  | 14980 | 0x00005e84 | 0xf9 | 0xf9
[OK ]  | 14981 | 0x00005e85 | 0xd8 | 0xd8
[OK ]  | 14982 | 0x00005e86 | 0xff | 0xff
[OK ]  | 14983 | 0x00005e87 | 0xff | 0xff
[OK ]  | 14984 | 0x00005e88 | 0xd5 | 0xd5
[OK ]  | 14985 | 0x00005e89 | 0x74 | 0x74
[OK ]  | 14986 | 0x00005e8a | 0x00 | 0x00
[OK ]  | 14987 | 0x00005e8b | 0x00 | 0x00
[OK ]  | 14988 | 0x00005e8c | 0x51 | 0x51
[OK ]  | 14989 | 0x00005e8d | 0xc1 | 0xc1
[OK ]  | 14990 | 0x00005e8e | 0xfe | 0xfe
[OK ]  | 14991 | 0x00005e8f | 0xff | 0xff
[OK ]  | 14992 | 0x00005e90 | 0xb5 | 0xb5
[OK ]  | 14993 | 0x00005e91 | 0x20 | 0x20
[OK ]  | 14994 | 0x00005e92 | 0xff | 0xff
[OK ]  | 14995 | 0x00005e93 | 0xff | 0xff
[OK ]  | 14996 | 0x00005e94 | 0xdf | 0xdf
[OK ]  | 14997 | 0x00005e95 | 0xc5 | 0xc5
[OK ]  | 14998 | 0x00005e96 | 0xff | 0xff
[OK ]  | 14999 | 0x00005e97 | 0xff | 0xff
[OK ]  | 15000 | 0x00005e98 | 0xbe | 0xbe
[OK ]  | 15001 | 0x00005e99 | 0xb4 | 0xb4
[OK ]  | 15002 | 0x00005e9a | 0x00 | 0x00
[OK ]  | 15003 | 0x00005e9b | 0x00 | 0x00
[OK ]  | 15004 | 0x00005e9c | 0xf7 | 0xf7
[OK ]  | 15005 | 0x00005e9d | 0x53 | 0x53
[OK ]  | 15006 | 0x00005e9e | 0x01 | 0x01
[OK ]  | 15007 | 0x00005e9f | 0x00 | 0x00
[OK ]  | 15008 | 0x00005ea0 | 0x6b | 0x6b
[OK ]  | 15009 | 0x00005ea1 | 0xc9 | 0xc9
[OK ]  | 15010 | 0x00005ea2 | 0xfe | 0xfe
[OK ]  | 15011 | 0x00005ea3 | 0xff | 0xff
[OK ]  | 15012 | 0x00005ea4 | 0xce | 0xce
[OK ]  | 15013 | 0x00005ea5 | 0x93 | 0x93
[OK ]  | 15014 | 0x00005ea6 | 0xff | 0xff
[OK ]  | 15015 | 0x00005ea7 | 0xff | 0xff
[OK ]  | 15016 | 0x00005ea8 | 0xa3 | 0xa3
[OK ]  | 15017 | 0x00005ea9 | 0xc5 | 0xc5
[OK ]  | 15018 | 0x00005eaa | 0xfe | 0xfe
[OK ]  | 15019 | 0x00005eab | 0xff | 0xff
[OK ]  | 15020 | 0x00005eac | 0xfb | 0xfb
[OK ]  | 15021 | 0x00005ead | 0x9a | 0x9a
[OK ]  | 15022 | 0x00005eae | 0x00 | 0x00
[OK ]  | 15023 | 0x00005eaf | 0x00 | 0x00
[OK ]  | 15024 | 0x00005eb0 | 0x65 | 0x65
[OK ]  | 15025 | 0x00005eb1 | 0x10 | 0x10
[OK ]  | 15026 | 0x00005eb2 | 0x00 | 0x00
[OK ]  | 15027 | 0x00005eb3 | 0x00 | 0x00
[OK ]  | 15028 | 0x00005eb4 | 0x8e | 0x8e
[OK ]  | 15029 | 0x00005eb5 | 0x91 | 0x91
[OK ]  | 15030 | 0x00005eb6 | 0x00 | 0x00
[OK ]  | 15031 | 0x00005eb7 | 0x00 | 0x00
[OK ]  | 15032 | 0x00005eb8 | 0x5e | 0x5e
[OK ]  | 15033 | 0x00005eb9 | 0x10 | 0x10
[OK ]  | 15034 | 0x00005eba | 0x01 | 0x01
[OK ]  | 15035 | 0x00005ebb | 0x00 | 0x00
[OK ]  | 15036 | 0x00005ebc | 0x22 | 0x22
[OK ]  | 15037 | 0x00005ebd | 0x23 | 0x23
[OK ]  | 15038 | 0x00005ebe | 0x00 | 0x00
[OK ]  | 15039 | 0x00005ebf | 0x00 | 0x00
[OK ]  | 15040 | 0x00005ec0 | 0x39 | 0x39
[OK ]  | 15041 | 0x00005ec1 | 0xaa | 0xaa
[OK ]  | 15042 | 0x00005ec2 | 0xfe | 0xfe
[OK ]  | 15043 | 0x00005ec3 | 0xff | 0xff
[OK ]  | 15044 | 0x00005ec4 | 0xf9 | 0xf9
[OK ]  | 15045 | 0x00005ec5 | 0x71 | 0x71
[OK ]  | 15046 | 0x00005ec6 | 0xfe | 0xfe
[OK ]  | 15047 | 0x00005ec7 | 0xff | 0xff
[OK ]  | 15048 | 0x00005ec8 | 0x3d | 0x3d
[OK ]  | 15049 | 0x00005ec9 | 0xf9 | 0xf9
[OK ]  | 15050 | 0x00005eca | 0xff | 0xff
[OK ]  | 15051 | 0x00005ecb | 0xff | 0xff
[OK ]  | 15052 | 0x00005ecc | 0xc1 | 0xc1
[OK ]  | 15053 | 0x00005ecd | 0x44 | 0x44
[OK ]  | 15054 | 0x00005ece | 0xff | 0xff
[OK ]  | 15055 | 0x00005ecf | 0xff | 0xff
[OK ]  | 15056 | 0x00005ed0 | 0xe4 | 0xe4
[OK ]  | 15057 | 0x00005ed1 | 0xe7 | 0xe7
[OK ]  | 15058 | 0x00005ed2 | 0xff | 0xff
[OK ]  | 15059 | 0x00005ed3 | 0xff | 0xff
[OK ]  | 15060 | 0x00005ed4 | 0x9d | 0x9d
[OK ]  | 15061 | 0x00005ed5 | 0xcc | 0xcc
[OK ]  | 15062 | 0x00005ed6 | 0xff | 0xff
[OK ]  | 15063 | 0x00005ed7 | 0xff | 0xff
[OK ]  | 15064 | 0x00005ed8 | 0x82 | 0x82
[OK ]  | 15065 | 0x00005ed9 | 0x2f | 0x2f
[OK ]  | 15066 | 0x00005eda | 0x00 | 0x00
[OK ]  | 15067 | 0x00005edb | 0x00 | 0x00
[OK ]  | 15068 | 0x00005edc | 0x63 | 0x63
[OK ]  | 15069 | 0x00005edd | 0xc2 | 0xc2
[OK ]  | 15070 | 0x00005ede | 0xff | 0xff
[OK ]  | 15071 | 0x00005edf | 0xff | 0xff
[OK ]  | 15072 | 0x00005ee0 | 0x14 | 0x14
[OK ]  | 15073 | 0x00005ee1 | 0x24 | 0x24
[OK ]  | 15074 | 0x00005ee2 | 0x00 | 0x00
[OK ]  | 15075 | 0x00005ee3 | 0x00 | 0x00
[OK ]  | 15076 | 0x00005ee4 | 0x17 | 0x17
[OK ]  | 15077 | 0x00005ee5 | 0xfd | 0xfd
[OK ]  | 15078 | 0x00005ee6 | 0xff | 0xff
[OK ]  | 15079 | 0x00005ee7 | 0xff | 0xff
[OK ]  | 15080 | 0x00005ee8 | 0x4d | 0x4d
[OK ]  | 15081 | 0x00005ee9 | 0x05 | 0x05
[OK ]  | 15082 | 0x00005eea | 0x00 | 0x00
[OK ]  | 15083 | 0x00005eeb | 0x00 | 0x00
[OK ]  | 15084 | 0x00005eec | 0xb6 | 0xb6
[OK ]  | 15085 | 0x00005eed | 0x89 | 0x89
[OK ]  | 15086 | 0x00005eee | 0xff | 0xff
[OK ]  | 15087 | 0x00005eef | 0xff | 0xff
[OK ]  | 15088 | 0x00005ef0 | 0xe3 | 0xe3
[OK ]  | 15089 | 0x00005ef1 | 0xd3 | 0xd3
[OK ]  | 15090 | 0x00005ef2 | 0x00 | 0x00
[OK ]  | 15091 | 0x00005ef3 | 0x00 | 0x00
[OK ]  | 15092 | 0x00005ef4 | 0x51 | 0x51
[OK ]  | 15093 | 0x00005ef5 | 0xe1 | 0xe1
[OK ]  | 15094 | 0x00005ef6 | 0xff | 0xff
[OK ]  | 15095 | 0x00005ef7 | 0xff | 0xff
[OK ]  | 15096 | 0x00005ef8 | 0x67 | 0x67
[OK ]  | 15097 | 0x00005ef9 | 0x89 | 0x89
[OK ]  | 15098 | 0x00005efa | 0x00 | 0x00
[OK ]  | 15099 | 0x00005efb | 0x00 | 0x00
[OK ]  | 15100 | 0x00005efc | 0x78 | 0x78
[OK ]  | 15101 | 0x00005efd | 0x94 | 0x94
[OK ]  | 15102 | 0x00005efe | 0x00 | 0x00
[OK ]  | 15103 | 0x00005eff | 0x00 | 0x00
[OK ]  | 15104 | 0x00005f00 | 0x44 | 0x44
[OK ]  | 15105 | 0x00005f01 | 0xe6 | 0xe6
[OK ]  | 15106 | 0x00005f02 | 0xff | 0xff
[OK ]  | 15107 | 0x00005f03 | 0xff | 0xff
[OK ]  | 15108 | 0x00005f04 | 0xcf | 0xcf
[OK ]  | 15109 | 0x00005f05 | 0x8e | 0x8e
[OK ]  | 15110 | 0x00005f06 | 0x00 | 0x00
[OK ]  | 15111 | 0x00005f07 | 0x00 | 0x00
[OK ]  | 15112 | 0x00005f08 | 0x58 | 0x58
[OK ]  | 15113 | 0x00005f09 | 0xc5 | 0xc5
[OK ]  | 15114 | 0x00005f0a | 0xff | 0xff
[OK ]  | 15115 | 0x00005f0b | 0xff | 0xff
[OK ]  | 15116 | 0x00005f0c | 0xc4 | 0xc4
[OK ]  | 15117 | 0x00005f0d | 0x0e | 0x0e
[OK ]  | 15118 | 0x00005f0e | 0xff | 0xff
[OK ]  | 15119 | 0x00005f0f | 0xff | 0xff
[OK ]  | 15120 | 0x00005f10 | 0x03 | 0x03
[OK ]  | 15121 | 0x00005f11 | 0xea | 0xea
[OK ]  | 15122 | 0x00005f12 | 0x00 | 0x00
[OK ]  | 15123 | 0x00005f13 | 0x00 | 0x00
[OK ]  | 15124 | 0x00005f14 | 0xed | 0xed
[OK ]  | 15125 | 0x00005f15 | 0x79 | 0x79
[OK ]  | 15126 | 0x00005f16 | 0xff | 0xff
[OK ]  | 15127 | 0x00005f17 | 0xff | 0xff
[OK ]  | 15128 | 0x00005f18 | 0x53 | 0x53
[OK ]  | 15129 | 0x00005f19 | 0xd2 | 0xd2
[OK ]  | 15130 | 0x00005f1a | 0x00 | 0x00
[OK ]  | 15131 | 0x00005f1b | 0x00 | 0x00
[OK ]  | 15132 | 0x00005f1c | 0x83 | 0x83
[OK ]  | 15133 | 0x00005f1d | 0x57 | 0x57
[OK ]  | 15134 | 0x00005f1e | 0xff | 0xff
[OK ]  | 15135 | 0x00005f1f | 0xff | 0xff
[OK ]  | 15136 | 0x00005f20 | 0x2e | 0x2e
[OK ]  | 15137 | 0x00005f21 | 0x0d | 0x0d
[OK ]  | 15138 | 0x00005f22 | 0xff | 0xff
[OK ]  | 15139 | 0x00005f23 | 0xff | 0xff
[OK ]  | 15140 | 0x00005f24 | 0x4c | 0x4c
[OK ]  | 15141 | 0x00005f25 | 0x2e | 0x2e
[OK ]  | 15142 | 0x00005f26 | 0x01 | 0x01
[OK ]  | 15143 | 0x00005f27 | 0x00 | 0x00
[OK ]  | 15144 | 0x00005f28 | 0x16 | 0x16
[OK ]  | 15145 | 0x00005f29 | 0x75 | 0x75
[OK ]  | 15146 | 0x00005f2a | 0xfe | 0xfe
[OK ]  | 15147 | 0x00005f2b | 0xff | 0xff
[OK ]  | 15148 | 0x00005f2c | 0xc2 | 0xc2
[OK ]  | 15149 | 0x00005f2d | 0xa0 | 0xa0
[OK ]  | 15150 | 0x00005f2e | 0xff | 0xff
[OK ]  | 15151 | 0x00005f2f | 0xff | 0xff
[OK ]  | 15152 | 0x00005f30 | 0x17 | 0x17
[OK ]  | 15153 | 0x00005f31 | 0xd1 | 0xd1
[OK ]  | 15154 | 0x00005f32 | 0xff | 0xff
[OK ]  | 15155 | 0x00005f33 | 0xff | 0xff
[OK ]  | 15156 | 0x00005f34 | 0x39 | 0x39
[OK ]  | 15157 | 0x00005f35 | 0xb6 | 0xb6
[OK ]  | 15158 | 0x00005f36 | 0xff | 0xff
[OK ]  | 15159 | 0x00005f37 | 0xff | 0xff
[OK ]  | 15160 | 0x00005f38 | 0xa8 | 0xa8
[OK ]  | 15161 | 0x00005f39 | 0x9d | 0x9d
[OK ]  | 15162 | 0x00005f3a | 0xfe | 0xfe
[OK ]  | 15163 | 0x00005f3b | 0xff | 0xff
[OK ]  | 15164 | 0x00005f3c | 0x51 | 0x51
[OK ]  | 15165 | 0x00005f3d | 0x42 | 0x42
[OK ]  | 15166 | 0x00005f3e | 0x00 | 0x00
[OK ]  | 15167 | 0x00005f3f | 0x00 | 0x00
[OK ]  | 15168 | 0x00005f40 | 0xdd | 0xdd
[OK ]  | 15169 | 0x00005f41 | 0x9d | 0x9d
[OK ]  | 15170 | 0x00005f42 | 0x00 | 0x00
[OK ]  | 15171 | 0x00005f43 | 0x00 | 0x00
[OK ]  | 15172 | 0x00005f44 | 0x93 | 0x93
[OK ]  | 15173 | 0x00005f45 | 0xe1 | 0xe1
[OK ]  | 15174 | 0x00005f46 | 0x00 | 0x00
[OK ]  | 15175 | 0x00005f47 | 0x00 | 0x00
[OK ]  | 15176 | 0x00005f48 | 0x4b | 0x4b
[OK ]  | 15177 | 0x00005f49 | 0x8c | 0x8c
[OK ]  | 15178 | 0x00005f4a | 0x00 | 0x00
[OK ]  | 15179 | 0x00005f4b | 0x00 | 0x00
[OK ]  | 15180 | 0x00005f4c | 0x0d | 0x0d
[OK ]  | 15181 | 0x00005f4d | 0x61 | 0x61
[OK ]  | 15182 | 0x00005f4e | 0xff | 0xff
[OK ]  | 15183 | 0x00005f4f | 0xff | 0xff
[OK ]  | 15184 | 0x00005f50 | 0x7b | 0x7b
[OK ]  | 15185 | 0x00005f51 | 0x79 | 0x79
[OK ]  | 15186 | 0x00005f52 | 0x00 | 0x00
[OK ]  | 15187 | 0x00005f53 | 0x00 | 0x00
[OK ]  | 15188 | 0x00005f54 | 0x18 | 0x18
[OK ]  | 15189 | 0x00005f55 | 0x51 | 0x51
[OK ]  | 15190 | 0x00005f56 | 0xff | 0xff
[OK ]  | 15191 | 0x00005f57 | 0xff | 0xff
[OK ]  | 15192 | 0x00005f58 | 0x65 | 0x65
[OK ]  | 15193 | 0x00005f59 | 0x87 | 0x87
[OK ]  | 15194 | 0x00005f5a | 0x00 | 0x00
[OK ]  | 15195 | 0x00005f5b | 0x00 | 0x00
[OK ]  | 15196 | 0x00005f5c | 0x65 | 0x65
[OK ]  | 15197 | 0x00005f5d | 0x6d | 0x6d
[OK ]  | 15198 | 0x00005f5e | 0x00 | 0x00
[OK ]  | 15199 | 0x00005f5f | 0x00 | 0x00
[OK ]  | 15200 | 0x00005f60 | 0xfc | 0xfc
[OK ]  | 15201 | 0x00005f61 | 0xba | 0xba
[OK ]  | 15202 | 0x00005f62 | 0x00 | 0x00
[OK ]  | 15203 | 0x00005f63 | 0x00 | 0x00
[OK ]  | 15204 | 0x00005f64 | 0x2c | 0x2c
[OK ]  | 15205 | 0x00005f65 | 0xca | 0xca
[OK ]  | 15206 | 0x00005f66 | 0x00 | 0x00
[OK ]  | 15207 | 0x00005f67 | 0x00 | 0x00
[OK ]  | 15208 | 0x00005f68 | 0x2a | 0x2a
[OK ]  | 15209 | 0x00005f69 | 0xa3 | 0xa3
[OK ]  | 15210 | 0x00005f6a | 0xff | 0xff
[OK ]  | 15211 | 0x00005f6b | 0xff | 0xff
[OK ]  | 15212 | 0x00005f6c | 0xaa | 0xaa
[OK ]  | 15213 | 0x00005f6d | 0x8c | 0x8c
[OK ]  | 15214 | 0x00005f6e | 0xfe | 0xfe
[OK ]  | 15215 | 0x00005f6f | 0xff | 0xff
[OK ]  | 15216 | 0x00005f70 | 0xc9 | 0xc9
[OK ]  | 15217 | 0x00005f71 | 0xb5 | 0xb5
[OK ]  | 15218 | 0x00005f72 | 0xff | 0xff
[OK ]  | 15219 | 0x00005f73 | 0xff | 0xff
[OK ]  | 15220 | 0x00005f74 | 0x24 | 0x24
[OK ]  | 15221 | 0x00005f75 | 0x7a | 0x7a
[OK ]  | 15222 | 0x00005f76 | 0xff | 0xff
[OK ]  | 15223 | 0x00005f77 | 0xff | 0xff
[OK ]  | 15224 | 0x00005f78 | 0x96 | 0x96
[OK ]  | 15225 | 0x00005f79 | 0x52 | 0x52
[OK ]  | 15226 | 0x00005f7a | 0xff | 0xff
[OK ]  | 15227 | 0x00005f7b | 0xff | 0xff
[OK ]  | 15228 | 0x00005f7c | 0x6f | 0x6f
[OK ]  | 15229 | 0x00005f7d | 0x8e | 0x8e
[OK ]  | 15230 | 0x00005f7e | 0x00 | 0x00
[OK ]  | 15231 | 0x00005f7f | 0x00 | 0x00
[OK ]  | 15232 | 0x00005f80 | 0x4f | 0x4f
[OK ]  | 15233 | 0x00005f81 | 0x6a | 0x6a
[OK ]  | 15234 | 0x00005f82 | 0xff | 0xff
[OK ]  | 15235 | 0x00005f83 | 0xff | 0xff
[OK ]  | 15236 | 0x00005f84 | 0xab | 0xab
[OK ]  | 15237 | 0x00005f85 | 0xaa | 0xaa
[OK ]  | 15238 | 0x00005f86 | 0x01 | 0x01
[OK ]  | 15239 | 0x00005f87 | 0x00 | 0x00
[OK ]  | 15240 | 0x00005f88 | 0xd5 | 0xd5
[OK ]  | 15241 | 0x00005f89 | 0xae | 0xae
[OK ]  | 15242 | 0x00005f8a | 0x01 | 0x01
[OK ]  | 15243 | 0x00005f8b | 0x00 | 0x00
[OK ]  | 15244 | 0x00005f8c | 0x00 | 0x00
[OK ]  | 15245 | 0x00005f8d | 0x1f | 0x1f
[OK ]  | 15246 | 0x00005f8e | 0xff | 0xff
[OK ]  | 15247 | 0x00005f8f | 0xff | 0xff
[OK ]  | 15248 | 0x00005f90 | 0xdf | 0xdf
[OK ]  | 15249 | 0x00005f91 | 0x8a | 0x8a
[OK ]  | 15250 | 0x00005f92 | 0xff | 0xff
[OK ]  | 15251 | 0x00005f93 | 0xff | 0xff
[OK ]  | 15252 | 0x00005f94 | 0x89 | 0x89
[OK ]  | 15253 | 0x00005f95 | 0x39 | 0x39
[OK ]  | 15254 | 0x00005f96 | 0x00 | 0x00
[OK ]  | 15255 | 0x00005f97 | 0x00 | 0x00
[OK ]  | 15256 | 0x00005f98 | 0x59 | 0x59
[OK ]  | 15257 | 0x00005f99 | 0x20 | 0x20
[OK ]  | 15258 | 0x00005f9a | 0xff | 0xff
[OK ]  | 15259 | 0x00005f9b | 0xff | 0xff
[OK ]  | 15260 | 0x00005f9c | 0xe3 | 0xe3
[OK ]  | 15261 | 0x00005f9d | 0xe5 | 0xe5
[OK ]  | 15262 | 0x00005f9e | 0xff | 0xff
[OK ]  | 15263 | 0x00005f9f | 0xff | 0xff
[OK ]  | 15264 | 0x00005fa0 | 0xc7 | 0xc7
[OK ]  | 15265 | 0x00005fa1 | 0x7a | 0x7a
[OK ]  | 15266 | 0x00005fa2 | 0xff | 0xff
[OK ]  | 15267 | 0x00005fa3 | 0xff | 0xff
[OK ]  | 15268 | 0x00005fa4 | 0xee | 0xee
[OK ]  | 15269 | 0x00005fa5 | 0x93 | 0x93
[OK ]  | 15270 | 0x00005fa6 | 0xff | 0xff
[OK ]  | 15271 | 0x00005fa7 | 0xff | 0xff
[OK ]  | 15272 | 0x00005fa8 | 0xdb | 0xdb
[OK ]  | 15273 | 0x00005fa9 | 0xfd | 0xfd
[OK ]  | 15274 | 0x00005faa | 0xff | 0xff
[OK ]  | 15275 | 0x00005fab | 0xff | 0xff
[OK ]  | 15276 | 0x00005fac | 0x3e | 0x3e
[OK ]  | 15277 | 0x00005fad | 0xec | 0xec
[OK ]  | 15278 | 0x00005fae | 0xff | 0xff
[OK ]  | 15279 | 0x00005faf | 0xff | 0xff
[OK ]  | 15280 | 0x00005fb0 | 0xfe | 0xfe
[OK ]  | 15281 | 0x00005fb1 | 0xd2 | 0xd2
[OK ]  | 15282 | 0x00005fb2 | 0x00 | 0x00
[OK ]  | 15283 | 0x00005fb3 | 0x00 | 0x00
[OK ]  | 15284 | 0x00005fb4 | 0xb3 | 0xb3
[OK ]  | 15285 | 0x00005fb5 | 0xa8 | 0xa8
[OK ]  | 15286 | 0x00005fb6 | 0xff | 0xff
[OK ]  | 15287 | 0x00005fb7 | 0xff | 0xff
[OK ]  | 15288 | 0x00005fb8 | 0x27 | 0x27
[OK ]  | 15289 | 0x00005fb9 | 0x0d | 0x0d
[OK ]  | 15290 | 0x00005fba | 0xfe | 0xfe
[OK ]  | 15291 | 0x00005fbb | 0xff | 0xff
[OK ]  | 15292 | 0x00005fbc | 0x27 | 0x27
[OK ]  | 15293 | 0x00005fbd | 0x82 | 0x82
[OK ]  | 15294 | 0x00005fbe | 0x00 | 0x00
[OK ]  | 15295 | 0x00005fbf | 0x00 | 0x00
[OK ]  | 15296 | 0x00005fc0 | 0x06 | 0x06
[OK ]  | 15297 | 0x00005fc1 | 0xb2 | 0xb2
[OK ]  | 15298 | 0x00005fc2 | 0x00 | 0x00
[OK ]  | 15299 | 0x00005fc3 | 0x00 | 0x00
[OK ]  | 15300 | 0x00005fc4 | 0x57 | 0x57
[OK ]  | 15301 | 0x00005fc5 | 0xc1 | 0xc1
[OK ]  | 15302 | 0x00005fc6 | 0xfe | 0xfe
[OK ]  | 15303 | 0x00005fc7 | 0xff | 0xff
[OK ]  | 15304 | 0x00005fc8 | 0x05 | 0x05
[OK ]  | 15305 | 0x00005fc9 | 0xb0 | 0xb0
[OK ]  | 15306 | 0x00005fca | 0x00 | 0x00
[OK ]  | 15307 | 0x00005fcb | 0x00 | 0x00
[OK ]  | 15308 | 0x00005fcc | 0x9a | 0x9a
[OK ]  | 15309 | 0x00005fcd | 0x89 | 0x89
[OK ]  | 15310 | 0x00005fce | 0xff | 0xff
[OK ]  | 15311 | 0x00005fcf | 0xff | 0xff
[OK ]  | 15312 | 0x00005fd0 | 0x3f | 0x3f
[OK ]  | 15313 | 0x00005fd1 | 0x67 | 0x67
[OK ]  | 15314 | 0x00005fd2 | 0x00 | 0x00
[OK ]  | 15315 | 0x00005fd3 | 0x00 | 0x00
[OK ]  | 15316 | 0x00005fd4 | 0xb2 | 0xb2
[OK ]  | 15317 | 0x00005fd5 | 0x6a | 0x6a
[OK ]  | 15318 | 0x00005fd6 | 0xff | 0xff
[OK ]  | 15319 | 0x00005fd7 | 0xff | 0xff
[OK ]  | 15320 | 0x00005fd8 | 0xee | 0xee
[OK ]  | 15321 | 0x00005fd9 | 0xd1 | 0xd1
[OK ]  | 15322 | 0x00005fda | 0x00 | 0x00
[OK ]  | 15323 | 0x00005fdb | 0x00 | 0x00
[OK ]  | 15324 | 0x00005fdc | 0x07 | 0x07
[OK ]  | 15325 | 0x00005fdd | 0x02 | 0x02
[OK ]  | 15326 | 0x00005fde | 0xff | 0xff
[OK ]  | 15327 | 0x00005fdf | 0xff | 0xff
[OK ]  | 15328 | 0x00005fe0 | 0x38 | 0x38
[OK ]  | 15329 | 0x00005fe1 | 0xa9 | 0xa9
[OK ]  | 15330 | 0x00005fe2 | 0xff | 0xff
[OK ]  | 15331 | 0x00005fe3 | 0xff | 0xff
[OK ]  | 15332 | 0x00005fe4 | 0xa8 | 0xa8
[OK ]  | 15333 | 0x00005fe5 | 0xf5 | 0xf5
[OK ]  | 15334 | 0x00005fe6 | 0xff | 0xff
[OK ]  | 15335 | 0x00005fe7 | 0xff | 0xff
[OK ]  | 15336 | 0x00005fe8 | 0xb7 | 0xb7
[OK ]  | 15337 | 0x00005fe9 | 0x68 | 0x68
[OK ]  | 15338 | 0x00005fea | 0xfe | 0xfe
[OK ]  | 15339 | 0x00005feb | 0xff | 0xff
[OK ]  | 15340 | 0x00005fec | 0x80 | 0x80
[OK ]  | 15341 | 0x00005fed | 0xf1 | 0xf1
[OK ]  | 15342 | 0x00005fee | 0xff | 0xff
[OK ]  | 15343 | 0x00005fef | 0xff | 0xff
[OK ]  | 15344 | 0x00005ff0 | 0xcc | 0xcc
[OK ]  | 15345 | 0x00005ff1 | 0xe6 | 0xe6
[OK ]  | 15346 | 0x00005ff2 | 0xff | 0xff
[OK ]  | 15347 | 0x00005ff3 | 0xff | 0xff
[OK ]  | 15348 | 0x00005ff4 | 0xc7 | 0xc7
[OK ]  | 15349 | 0x00005ff5 | 0xdf | 0xdf
[OK ]  | 15350 | 0x00005ff6 | 0xff | 0xff
[OK ]  | 15351 | 0x00005ff7 | 0xff | 0xff
[OK ]  | 15352 | 0x00005ff8 | 0xc1 | 0xc1
[OK ]  | 15353 | 0x00005ff9 | 0xc3 | 0xc3
[OK ]  | 15354 | 0x00005ffa | 0xff | 0xff
[OK ]  | 15355 | 0x00005ffb | 0xff | 0xff
[OK ]  | 15356 | 0x00005ffc | 0x4d | 0x4d
[OK ]  | 15357 | 0x00005ffd | 0x5e | 0x5e
[OK ]  | 15358 | 0x00005ffe | 0xff | 0xff
[OK ]  | 15359 | 0x00005fff | 0xff | 0xff
[OK ]  | 15360 | 0x00006000 | 0xd7 | 0xd7
[OK ]  | 15361 | 0x00006001 | 0xf0 | 0xf0
[OK ]  | 15362 | 0x00006002 | 0xfe | 0xfe
[OK ]  | 15363 | 0x00006003 | 0xff | 0xff
[OK ]  | 15364 | 0x00006004 | 0xf9 | 0xf9
[OK ]  | 15365 | 0x00006005 | 0x6e | 0x6e
[OK ]  | 15366 | 0x00006006 | 0xff | 0xff
[OK ]  | 15367 | 0x00006007 | 0xff | 0xff
[OK ]  | 15368 | 0x00006008 | 0x1b | 0x1b
[OK ]  | 15369 | 0x00006009 | 0xab | 0xab
[OK ]  | 15370 | 0x0000600a | 0x00 | 0x00
[OK ]  | 15371 | 0x0000600b | 0x00 | 0x00
[OK ]  | 15372 | 0x0000600c | 0x4c | 0x4c
[OK ]  | 15373 | 0x0000600d | 0xfe | 0xfe
[OK ]  | 15374 | 0x0000600e | 0x00 | 0x00
[OK ]  | 15375 | 0x0000600f | 0x00 | 0x00
[OK ]  | 15376 | 0x00006010 | 0xc6 | 0xc6
[OK ]  | 15377 | 0x00006011 | 0x76 | 0x76
[OK ]  | 15378 | 0x00006012 | 0x00 | 0x00
[OK ]  | 15379 | 0x00006013 | 0x00 | 0x00
[OK ]  | 15380 | 0x00006014 | 0x96 | 0x96
[OK ]  | 15381 | 0x00006015 | 0x3f | 0x3f
[OK ]  | 15382 | 0x00006016 | 0x00 | 0x00
[OK ]  | 15383 | 0x00006017 | 0x00 | 0x00
[OK ]  | 15384 | 0x00006018 | 0xa9 | 0xa9
[OK ]  | 15385 | 0x00006019 | 0x87 | 0x87
[OK ]  | 15386 | 0x0000601a | 0xff | 0xff
[OK ]  | 15387 | 0x0000601b | 0xff | 0xff
[OK ]  | 15388 | 0x0000601c | 0x69 | 0x69
[OK ]  | 15389 | 0x0000601d | 0xbb | 0xbb
[OK ]  | 15390 | 0x0000601e | 0xff | 0xff
[OK ]  | 15391 | 0x0000601f | 0xff | 0xff
[OK ]  | 15392 | 0x00006020 | 0x46 | 0x46
[OK ]  | 15393 | 0x00006021 | 0xa4 | 0xa4
[OK ]  | 15394 | 0x00006022 | 0x00 | 0x00
[OK ]  | 15395 | 0x00006023 | 0x00 | 0x00
[OK ]  | 15396 | 0x00006024 | 0xae | 0xae
[OK ]  | 15397 | 0x00006025 | 0x12 | 0x12
[OK ]  | 15398 | 0x00006026 | 0x00 | 0x00
[OK ]  | 15399 | 0x00006027 | 0x00 | 0x00
[OK ]  | 15400 | 0x00006028 | 0xb7 | 0xb7
[OK ]  | 15401 | 0x00006029 | 0x1e | 0x1e
[OK ]  | 15402 | 0x0000602a | 0x00 | 0x00
[OK ]  | 15403 | 0x0000602b | 0x00 | 0x00
[OK ]  | 15404 | 0x0000602c | 0x32 | 0x32
[OK ]  | 15405 | 0x0000602d | 0x9b | 0x9b
[OK ]  | 15406 | 0x0000602e | 0xff | 0xff
[OK ]  | 15407 | 0x0000602f | 0xff | 0xff
[OK ]  | 15408 | 0x00006030 | 0x40 | 0x40
[OK ]  | 15409 | 0x00006031 | 0xde | 0xde
[OK ]  | 15410 | 0x00006032 | 0xff | 0xff
[OK ]  | 15411 | 0x00006033 | 0xff | 0xff
[OK ]  | 15412 | 0x00006034 | 0x7d | 0x7d
[OK ]  | 15413 | 0x00006035 | 0xa3 | 0xa3
[OK ]  | 15414 | 0x00006036 | 0xff | 0xff
[OK ]  | 15415 | 0x00006037 | 0xff | 0xff
[OK ]  | 15416 | 0x00006038 | 0x9f | 0x9f
[OK ]  | 15417 | 0x00006039 | 0x9b | 0x9b
[OK ]  | 15418 | 0x0000603a | 0xfe | 0xfe
[OK ]  | 15419 | 0x0000603b | 0xff | 0xff
[OK ]  | 15420 | 0x0000603c | 0xe4 | 0xe4
[OK ]  | 15421 | 0x0000603d | 0x03 | 0x03
[OK ]  | 15422 | 0x0000603e | 0x00 | 0x00
[OK ]  | 15423 | 0x0000603f | 0x00 | 0x00
[OK ]  | 15424 | 0x00006040 | 0x97 | 0x97
[OK ]  | 15425 | 0x00006041 | 0x99 | 0x99
[OK ]  | 15426 | 0x00006042 | 0xff | 0xff
[OK ]  | 15427 | 0x00006043 | 0xff | 0xff
[OK ]  | 15428 | 0x00006044 | 0x38 | 0x38
[OK ]  | 15429 | 0x00006045 | 0x5e | 0x5e
[OK ]  | 15430 | 0x00006046 | 0x00 | 0x00
[OK ]  | 15431 | 0x00006047 | 0x00 | 0x00
[OK ]  | 15432 | 0x00006048 | 0x37 | 0x37
[OK ]  | 15433 | 0x00006049 | 0x95 | 0x95
[OK ]  | 15434 | 0x0000604a | 0x00 | 0x00
[OK ]  | 15435 | 0x0000604b | 0x00 | 0x00
[OK ]  | 15436 | 0x0000604c | 0x3f | 0x3f
[OK ]  | 15437 | 0x0000604d | 0xde | 0xde
[OK ]  | 15438 | 0x0000604e | 0xff | 0xff
[OK ]  | 15439 | 0x0000604f | 0xff | 0xff
[OK ]  | 15440 | 0x00006050 | 0x63 | 0x63
[OK ]  | 15441 | 0x00006051 | 0xdd | 0xdd
[OK ]  | 15442 | 0x00006052 | 0xfe | 0xfe
[OK ]  | 15443 | 0x00006053 | 0xff | 0xff
[OK ]  | 15444 | 0x00006054 | 0x74 | 0x74
[OK ]  | 15445 | 0x00006055 | 0xdf | 0xdf
[OK ]  | 15446 | 0x00006056 | 0xff | 0xff
[OK ]  | 15447 | 0x00006057 | 0xff | 0xff
[OK ]  | 15448 | 0x00006058 | 0x11 | 0x11
[OK ]  | 15449 | 0x00006059 | 0x9f | 0x9f
[OK ]  | 15450 | 0x0000605a | 0xff | 0xff
[OK ]  | 15451 | 0x0000605b | 0xff | 0xff
[OK ]  | 15452 | 0x0000605c | 0xc9 | 0xc9
[OK ]  | 15453 | 0x0000605d | 0x15 | 0x15
[OK ]  | 15454 | 0x0000605e | 0xff | 0xff
[OK ]  | 15455 | 0x0000605f | 0xff | 0xff
[OK ]  | 15456 | 0x00006060 | 0xe3 | 0xe3
[OK ]  | 15457 | 0x00006061 | 0x9d | 0x9d
[OK ]  | 15458 | 0x00006062 | 0xff | 0xff
[OK ]  | 15459 | 0x00006063 | 0xff | 0xff
[OK ]  | 15460 | 0x00006064 | 0x5e | 0x5e
[OK ]  | 15461 | 0x00006065 | 0x86 | 0x86
[OK ]  | 15462 | 0x00006066 | 0xff | 0xff
[OK ]  | 15463 | 0x00006067 | 0xff | 0xff
[OK ]  | 15464 | 0x00006068 | 0xd7 | 0xd7
[OK ]  | 15465 | 0x00006069 | 0x97 | 0x97
[OK ]  | 15466 | 0x0000606a | 0xff | 0xff
[OK ]  | 15467 | 0x0000606b | 0xff | 0xff
[OK ]  | 15468 | 0x0000606c | 0xd8 | 0xd8
[OK ]  | 15469 | 0x0000606d | 0x57 | 0x57
[OK ]  | 15470 | 0x0000606e | 0xfe | 0xfe
[OK ]  | 15471 | 0x0000606f | 0xff | 0xff
[OK ]  | 15472 | 0x00006070 | 0x9b | 0x9b
[OK ]  | 15473 | 0x00006071 | 0xaf | 0xaf
[OK ]  | 15474 | 0x00006072 | 0x00 | 0x00
[OK ]  | 15475 | 0x00006073 | 0x00 | 0x00
[OK ]  | 15476 | 0x00006074 | 0xd9 | 0xd9
[OK ]  | 15477 | 0x00006075 | 0x92 | 0x92
[OK ]  | 15478 | 0x00006076 | 0xff | 0xff
[OK ]  | 15479 | 0x00006077 | 0xff | 0xff
[OK ]  | 15480 | 0x00006078 | 0x67 | 0x67
[OK ]  | 15481 | 0x00006079 | 0x15 | 0x15
[OK ]  | 15482 | 0x0000607a | 0xff | 0xff
[OK ]  | 15483 | 0x0000607b | 0xff | 0xff
[OK ]  | 15484 | 0x0000607c | 0x96 | 0x96
[OK ]  | 15485 | 0x0000607d | 0x91 | 0x91
[OK ]  | 15486 | 0x0000607e | 0xff | 0xff
[OK ]  | 15487 | 0x0000607f | 0xff | 0xff
[OK ]  | 15488 | 0x00006080 | 0xd7 | 0xd7
[OK ]  | 15489 | 0x00006081 | 0x1d | 0x1d
[OK ]  | 15490 | 0x00006082 | 0x00 | 0x00
[OK ]  | 15491 | 0x00006083 | 0x00 | 0x00
[OK ]  | 15492 | 0x00006084 | 0x22 | 0x22
[OK ]  | 15493 | 0x00006085 | 0x4c | 0x4c
[OK ]  | 15494 | 0x00006086 | 0xff | 0xff
[OK ]  | 15495 | 0x00006087 | 0xff | 0xff
[OK ]  | 15496 | 0x00006088 | 0xe2 | 0xe2
[OK ]  | 15497 | 0x00006089 | 0x61 | 0x61
[OK ]  | 15498 | 0x0000608a | 0x00 | 0x00
[OK ]  | 15499 | 0x0000608b | 0x00 | 0x00
[OK ]  | 15500 | 0x0000608c | 0x14 | 0x14
[OK ]  | 15501 | 0x0000608d | 0xf6 | 0xf6
[OK ]  | 15502 | 0x0000608e | 0x00 | 0x00
[OK ]  | 15503 | 0x0000608f | 0x00 | 0x00
[OK ]  | 15504 | 0x00006090 | 0x94 | 0x94
[OK ]  | 15505 | 0x00006091 | 0xff | 0xff
[OK ]  | 15506 | 0x00006092 | 0xff | 0xff
[OK ]  | 15507 | 0x00006093 | 0xff | 0xff
[OK ]  | 15508 | 0x00006094 | 0xd8 | 0xd8
[OK ]  | 15509 | 0x00006095 | 0xb6 | 0xb6
[OK ]  | 15510 | 0x00006096 | 0xff | 0xff
[OK ]  | 15511 | 0x00006097 | 0xff | 0xff
[OK ]  | 15512 | 0x00006098 | 0x92 | 0x92
[OK ]  | 15513 | 0x00006099 | 0xf3 | 0xf3
[OK ]  | 15514 | 0x0000609a | 0x00 | 0x00
[OK ]  | 15515 | 0x0000609b | 0x00 | 0x00
[OK ]  | 15516 | 0x0000609c | 0x75 | 0x75
[OK ]  | 15517 | 0x0000609d | 0xd7 | 0xd7
[OK ]  | 15518 | 0x0000609e | 0x00 | 0x00
[OK ]  | 15519 | 0x0000609f | 0x00 | 0x00
[OK ]  | 15520 | 0x000060a0 | 0x1d | 0x1d
[OK ]  | 15521 | 0x000060a1 | 0x45 | 0x45
[OK ]  | 15522 | 0x000060a2 | 0xff | 0xff
[OK ]  | 15523 | 0x000060a3 | 0xff | 0xff
[OK ]  | 15524 | 0x000060a4 | 0xc9 | 0xc9
[OK ]  | 15525 | 0x000060a5 | 0xfb | 0xfb
[OK ]  | 15526 | 0x000060a6 | 0x00 | 0x00
[OK ]  | 15527 | 0x000060a7 | 0x00 | 0x00
[OK ]  | 15528 | 0x000060a8 | 0x2f | 0x2f
[OK ]  | 15529 | 0x000060a9 | 0x8e | 0x8e
[OK ]  | 15530 | 0x000060aa | 0x00 | 0x00
[OK ]  | 15531 | 0x000060ab | 0x00 | 0x00
[OK ]  | 15532 | 0x000060ac | 0x92 | 0x92
[OK ]  | 15533 | 0x000060ad | 0xa4 | 0xa4
[OK ]  | 15534 | 0x000060ae | 0xff | 0xff
[OK ]  | 15535 | 0x000060af | 0xff | 0xff
[OK ]  | 15536 | 0x000060b0 | 0x08 | 0x08
[OK ]  | 15537 | 0x000060b1 | 0x38 | 0x38
[OK ]  | 15538 | 0x000060b2 | 0xfe | 0xfe
[OK ]  | 15539 | 0x000060b3 | 0xff | 0xff
[OK ]  | 15540 | 0x000060b4 | 0x30 | 0x30
[OK ]  | 15541 | 0x000060b5 | 0x9a | 0x9a
[OK ]  | 15542 | 0x000060b6 | 0x00 | 0x00
[OK ]  | 15543 | 0x000060b7 | 0x00 | 0x00
[OK ]  | 15544 | 0x000060b8 | 0x3c | 0x3c
[OK ]  | 15545 | 0x000060b9 | 0xb3 | 0xb3
[OK ]  | 15546 | 0x000060ba | 0x00 | 0x00
[OK ]  | 15547 | 0x000060bb | 0x00 | 0x00
[OK ]  | 15548 | 0x000060bc | 0x99 | 0x99
[OK ]  | 15549 | 0x000060bd | 0x9d | 0x9d
[OK ]  | 15550 | 0x000060be | 0x00 | 0x00
[OK ]  | 15551 | 0x000060bf | 0x00 | 0x00
[OK ]  | 15552 | 0x000060c0 | 0x90 | 0x90
[OK ]  | 15553 | 0x000060c1 | 0x1a | 0x1a
[OK ]  | 15554 | 0x000060c2 | 0x00 | 0x00
[OK ]  | 15555 | 0x000060c3 | 0x00 | 0x00
[OK ]  | 15556 | 0x000060c4 | 0xb9 | 0xb9
[OK ]  | 15557 | 0x000060c5 | 0xcc | 0xcc
[OK ]  | 15558 | 0x000060c6 | 0xff | 0xff
[OK ]  | 15559 | 0x000060c7 | 0xff | 0xff
[OK ]  | 15560 | 0x000060c8 | 0xdd | 0xdd
[OK ]  | 15561 | 0x000060c9 | 0xa0 | 0xa0
[OK ]  | 15562 | 0x000060ca | 0x00 | 0x00
[OK ]  | 15563 | 0x000060cb | 0x00 | 0x00
[OK ]  | 15564 | 0x000060cc | 0x7e | 0x7e
[OK ]  | 15565 | 0x000060cd | 0x22 | 0x22
[OK ]  | 15566 | 0x000060ce | 0xfe | 0xfe
[OK ]  | 15567 | 0x000060cf | 0xff | 0xff
[OK ]  | 15568 | 0x000060d0 | 0x26 | 0x26
[OK ]  | 15569 | 0x000060d1 | 0x91 | 0x91
[OK ]  | 15570 | 0x000060d2 | 0xff | 0xff
[OK ]  | 15571 | 0x000060d3 | 0xff | 0xff
[OK ]  | 15572 | 0x000060d4 | 0x61 | 0x61
[OK ]  | 15573 | 0x000060d5 | 0x43 | 0x43
[OK ]  | 15574 | 0x000060d6 | 0xfe | 0xfe
[OK ]  | 15575 | 0x000060d7 | 0xff | 0xff
[OK ]  | 15576 | 0x000060d8 | 0xe9 | 0xe9
[OK ]  | 15577 | 0x000060d9 | 0xe6 | 0xe6
[OK ]  | 15578 | 0x000060da | 0x00 | 0x00
[OK ]  | 15579 | 0x000060db | 0x00 | 0x00
[OK ]  | 15580 | 0x000060dc | 0x45 | 0x45
[OK ]  | 15581 | 0x000060dd | 0xa5 | 0xa5
[OK ]  | 15582 | 0x000060de | 0xff | 0xff
[OK ]  | 15583 | 0x000060df | 0xff | 0xff
[OK ]  | 15584 | 0x000060e0 | 0x9e | 0x9e
[OK ]  | 15585 | 0x000060e1 | 0xb6 | 0xb6
[OK ]  | 15586 | 0x000060e2 | 0xff | 0xff
[OK ]  | 15587 | 0x000060e3 | 0xff | 0xff
[OK ]  | 15588 | 0x000060e4 | 0xed | 0xed
[OK ]  | 15589 | 0x000060e5 | 0xc8 | 0xc8
[OK ]  | 15590 | 0x000060e6 | 0x00 | 0x00
[OK ]  | 15591 | 0x000060e7 | 0x00 | 0x00
[OK ]  | 15592 | 0x000060e8 | 0xd2 | 0xd2
[OK ]  | 15593 | 0x000060e9 | 0xc7 | 0xc7
[OK ]  | 15594 | 0x000060ea | 0xfe | 0xfe
[OK ]  | 15595 | 0x000060eb | 0xff | 0xff
[OK ]  | 15596 | 0x000060ec | 0x39 | 0x39
[OK ]  | 15597 | 0x000060ed | 0x60 | 0x60
[OK ]  | 15598 | 0x000060ee | 0xff | 0xff
[OK ]  | 15599 | 0x000060ef | 0xff | 0xff
[OK ]  | 15600 | 0x000060f0 | 0x2c | 0x2c
[OK ]  | 15601 | 0x000060f1 | 0x0c | 0x0c
[OK ]  | 15602 | 0x000060f2 | 0x00 | 0x00
[OK ]  | 15603 | 0x000060f3 | 0x00 | 0x00
[OK ]  | 15604 | 0x000060f4 | 0x20 | 0x20
[OK ]  | 15605 | 0x000060f5 | 0xdf | 0xdf
[OK ]  | 15606 | 0x000060f6 | 0xff | 0xff
[OK ]  | 15607 | 0x000060f7 | 0xff | 0xff
[OK ]  | 15608 | 0x000060f8 | 0x70 | 0x70
[OK ]  | 15609 | 0x000060f9 | 0x2f | 0x2f
[OK ]  | 15610 | 0x000060fa | 0x01 | 0x01
[OK ]  | 15611 | 0x000060fb | 0x00 | 0x00
[OK ]  | 15612 | 0x000060fc | 0x7c | 0x7c
[OK ]  | 15613 | 0x000060fd | 0x7b | 0x7b
[OK ]  | 15614 | 0x000060fe | 0x00 | 0x00
[OK ]  | 15615 | 0x000060ff | 0x00 | 0x00
[OK ]  | 15616 | 0x00006100 | 0x4c | 0x4c
[OK ]  | 15617 | 0x00006101 | 0xe0 | 0xe0
[OK ]  | 15618 | 0x00006102 | 0xfe | 0xfe
[OK ]  | 15619 | 0x00006103 | 0xff | 0xff
[OK ]  | 15620 | 0x00006104 | 0xc2 | 0xc2
[OK ]  | 15621 | 0x00006105 | 0x14 | 0x14
[OK ]  | 15622 | 0x00006106 | 0x01 | 0x01
[OK ]  | 15623 | 0x00006107 | 0x00 | 0x00
[OK ]  | 15624 | 0x00006108 | 0x45 | 0x45
[OK ]  | 15625 | 0x00006109 | 0x5b | 0x5b
[OK ]  | 15626 | 0x0000610a | 0x01 | 0x01
[OK ]  | 15627 | 0x0000610b | 0x00 | 0x00
[OK ]  | 15628 | 0x0000610c | 0x0d | 0x0d
[OK ]  | 15629 | 0x0000610d | 0xe5 | 0xe5
[OK ]  | 15630 | 0x0000610e | 0xff | 0xff
[OK ]  | 15631 | 0x0000610f | 0xff | 0xff
[OK ]  | 15632 | 0x00006110 | 0x42 | 0x42
[OK ]  | 15633 | 0x00006111 | 0x49 | 0x49
[OK ]  | 15634 | 0x00006112 | 0xff | 0xff
[OK ]  | 15635 | 0x00006113 | 0xff | 0xff
[OK ]  | 15636 | 0x00006114 | 0x29 | 0x29
[OK ]  | 15637 | 0x00006115 | 0x92 | 0x92
[OK ]  | 15638 | 0x00006116 | 0xff | 0xff
[OK ]  | 15639 | 0x00006117 | 0xff | 0xff
[OK ]  | 15640 | 0x00006118 | 0xd3 | 0xd3
[OK ]  | 15641 | 0x00006119 | 0x2e | 0x2e
[OK ]  | 15642 | 0x0000611a | 0x00 | 0x00
[OK ]  | 15643 | 0x0000611b | 0x00 | 0x00
[OK ]  | 15644 | 0x0000611c | 0x02 | 0x02
[OK ]  | 15645 | 0x0000611d | 0x3c | 0x3c
[OK ]  | 15646 | 0x0000611e | 0x00 | 0x00
[OK ]  | 15647 | 0x0000611f | 0x00 | 0x00
[OK ]  | 15648 | 0x00006120 | 0xba | 0xba
[OK ]  | 15649 | 0x00006121 | 0xac | 0xac
[OK ]  | 15650 | 0x00006122 | 0x00 | 0x00
[OK ]  | 15651 | 0x00006123 | 0x00 | 0x00
[OK ]  | 15652 | 0x00006124 | 0x3d | 0x3d
[OK ]  | 15653 | 0x00006125 | 0x09 | 0x09
[OK ]  | 15654 | 0x00006126 | 0xff | 0xff
[OK ]  | 15655 | 0x00006127 | 0xff | 0xff
[OK ]  | 15656 | 0x00006128 | 0xc6 | 0xc6
[OK ]  | 15657 | 0x00006129 | 0x0d | 0x0d
[OK ]  | 15658 | 0x0000612a | 0x00 | 0x00
[OK ]  | 15659 | 0x0000612b | 0x00 | 0x00
[OK ]  | 15660 | 0x0000612c | 0x74 | 0x74
[OK ]  | 15661 | 0x0000612d | 0xde | 0xde
[OK ]  | 15662 | 0x0000612e | 0x00 | 0x00
[OK ]  | 15663 | 0x0000612f | 0x00 | 0x00
[OK ]  | 15664 | 0x00006130 | 0x1a | 0x1a
[OK ]  | 15665 | 0x00006131 | 0x16 | 0x16
[OK ]  | 15666 | 0x00006132 | 0x00 | 0x00
[OK ]  | 15667 | 0x00006133 | 0x00 | 0x00
[OK ]  | 15668 | 0x00006134 | 0x74 | 0x74
[OK ]  | 15669 | 0x00006135 | 0x23 | 0x23
[OK ]  | 15670 | 0x00006136 | 0x01 | 0x01
[OK ]  | 15671 | 0x00006137 | 0x00 | 0x00
[OK ]  | 15672 | 0x00006138 | 0x74 | 0x74
[OK ]  | 15673 | 0x00006139 | 0xed | 0xed
[OK ]  | 15674 | 0x0000613a | 0xfe | 0xfe
[OK ]  | 15675 | 0x0000613b | 0xff | 0xff
[OK ]  | 15676 | 0x0000613c | 0xec | 0xec
[OK ]  | 15677 | 0x0000613d | 0x47 | 0x47
[OK ]  | 15678 | 0x0000613e | 0x00 | 0x00
[OK ]  | 15679 | 0x0000613f | 0x00 | 0x00
[OK ]  | 15680 | 0x00006140 | 0xc3 | 0xc3
[OK ]  | 15681 | 0x00006141 | 0x9c | 0x9c
[OK ]  | 15682 | 0x00006142 | 0x01 | 0x01
[OK ]  | 15683 | 0x00006143 | 0x00 | 0x00
[OK ]  | 15684 | 0x00006144 | 0xb7 | 0xb7
[OK ]  | 15685 | 0x00006145 | 0x99 | 0x99
[OK ]  | 15686 | 0x00006146 | 0x00 | 0x00
[OK ]  | 15687 | 0x00006147 | 0x00 | 0x00
[OK ]  | 15688 | 0x00006148 | 0xd7 | 0xd7
[OK ]  | 15689 | 0x00006149 | 0x81 | 0x81
[OK ]  | 15690 | 0x0000614a | 0x01 | 0x01
[OK ]  | 15691 | 0x0000614b | 0x00 | 0x00
[OK ]  | 15692 | 0x0000614c | 0x3f | 0x3f
[OK ]  | 15693 | 0x0000614d | 0xf8 | 0xf8
[OK ]  | 15694 | 0x0000614e | 0xff | 0xff
[OK ]  | 15695 | 0x0000614f | 0xff | 0xff
[OK ]  | 15696 | 0x00006150 | 0xda | 0xda
[OK ]  | 15697 | 0x00006151 | 0x2f | 0x2f
[OK ]  | 15698 | 0x00006152 | 0xfe | 0xfe
[OK ]  | 15699 | 0x00006153 | 0xff | 0xff
[OK ]  | 15700 | 0x00006154 | 0x8b | 0x8b
[OK ]  | 15701 | 0x00006155 | 0xa6 | 0xa6
[OK ]  | 15702 | 0x00006156 | 0x00 | 0x00
[OK ]  | 15703 | 0x00006157 | 0x00 | 0x00
[OK ]  | 15704 | 0x00006158 | 0xd5 | 0xd5
[OK ]  | 15705 | 0x00006159 | 0x21 | 0x21
[OK ]  | 15706 | 0x0000615a | 0xff | 0xff
[OK ]  | 15707 | 0x0000615b | 0xff | 0xff
[OK ]  | 15708 | 0x0000615c | 0xbe | 0xbe
[OK ]  | 15709 | 0x0000615d | 0x9e | 0x9e
[OK ]  | 15710 | 0x0000615e | 0xff | 0xff
[OK ]  | 15711 | 0x0000615f | 0xff | 0xff
[OK ]  | 15712 | 0x00006160 | 0xd8 | 0xd8
[OK ]  | 15713 | 0x00006161 | 0x22 | 0x22
[OK ]  | 15714 | 0x00006162 | 0x00 | 0x00
[OK ]  | 15715 | 0x00006163 | 0x00 | 0x00
[OK ]  | 15716 | 0x00006164 | 0x51 | 0x51
[OK ]  | 15717 | 0x00006165 | 0x44 | 0x44
[OK ]  | 15718 | 0x00006166 | 0x00 | 0x00
[OK ]  | 15719 | 0x00006167 | 0x00 | 0x00
[OK ]  | 15720 | 0x00006168 | 0xe7 | 0xe7
[OK ]  | 15721 | 0x00006169 | 0x66 | 0x66
[OK ]  | 15722 | 0x0000616a | 0x00 | 0x00
[OK ]  | 15723 | 0x0000616b | 0x00 | 0x00
[OK ]  | 15724 | 0x0000616c | 0x7b | 0x7b
[OK ]  | 15725 | 0x0000616d | 0xcb | 0xcb
[OK ]  | 15726 | 0x0000616e | 0x00 | 0x00
[OK ]  | 15727 | 0x0000616f | 0x00 | 0x00
[OK ]  | 15728 | 0x00006170 | 0x47 | 0x47
[OK ]  | 15729 | 0x00006171 | 0xc9 | 0xc9
[OK ]  | 15730 | 0x00006172 | 0x00 | 0x00
[OK ]  | 15731 | 0x00006173 | 0x00 | 0x00
[OK ]  | 15732 | 0x00006174 | 0x73 | 0x73
[OK ]  | 15733 | 0x00006175 | 0xcd | 0xcd
[OK ]  | 15734 | 0x00006176 | 0x00 | 0x00
[OK ]  | 15735 | 0x00006177 | 0x00 | 0x00
[OK ]  | 15736 | 0x00006178 | 0xbd | 0xbd
[OK ]  | 15737 | 0x00006179 | 0x3a | 0x3a
[OK ]  | 15738 | 0x0000617a | 0x01 | 0x01
[OK ]  | 15739 | 0x0000617b | 0x00 | 0x00
[OK ]  | 15740 | 0x0000617c | 0x44 | 0x44
[OK ]  | 15741 | 0x0000617d | 0x2a | 0x2a
[OK ]  | 15742 | 0x0000617e | 0x00 | 0x00
[OK ]  | 15743 | 0x0000617f | 0x00 | 0x00
[OK ]  | 15744 | 0x00006180 | 0x19 | 0x19
[OK ]  | 15745 | 0x00006181 | 0xa8 | 0xa8
[OK ]  | 15746 | 0x00006182 | 0xff | 0xff
[OK ]  | 15747 | 0x00006183 | 0xff | 0xff
[OK ]  | 15748 | 0x00006184 | 0xf3 | 0xf3
[OK ]  | 15749 | 0x00006185 | 0x68 | 0x68
[OK ]  | 15750 | 0x00006186 | 0xff | 0xff
[OK ]  | 15751 | 0x00006187 | 0xff | 0xff
[OK ]  | 15752 | 0x00006188 | 0x50 | 0x50
[OK ]  | 15753 | 0x00006189 | 0xd9 | 0xd9
[OK ]  | 15754 | 0x0000618a | 0xff | 0xff
[OK ]  | 15755 | 0x0000618b | 0xff | 0xff
[OK ]  | 15756 | 0x0000618c | 0xc0 | 0xc0
[OK ]  | 15757 | 0x0000618d | 0x6b | 0x6b
[OK ]  | 15758 | 0x0000618e | 0xff | 0xff
[OK ]  | 15759 | 0x0000618f | 0xff | 0xff
[OK ]  | 15760 | 0x00006190 | 0x5a | 0x5a
[OK ]  | 15761 | 0x00006191 | 0x5d | 0x5d
[OK ]  | 15762 | 0x00006192 | 0x00 | 0x00
[OK ]  | 15763 | 0x00006193 | 0x00 | 0x00
[OK ]  | 15764 | 0x00006194 | 0xc1 | 0xc1
[OK ]  | 15765 | 0x00006195 | 0xd2 | 0xd2
[OK ]  | 15766 | 0x00006196 | 0xff | 0xff
[OK ]  | 15767 | 0x00006197 | 0xff | 0xff
[OK ]  | 15768 | 0x00006198 | 0xfe | 0xfe
[OK ]  | 15769 | 0x00006199 | 0x47 | 0x47
[OK ]  | 15770 | 0x0000619a | 0x00 | 0x00
[OK ]  | 15771 | 0x0000619b | 0x00 | 0x00
[OK ]  | 15772 | 0x0000619c | 0x4a | 0x4a
[OK ]  | 15773 | 0x0000619d | 0xd8 | 0xd8
[OK ]  | 15774 | 0x0000619e | 0xff | 0xff
[OK ]  | 15775 | 0x0000619f | 0xff | 0xff
[OK ]  | 15776 | 0x000061a0 | 0xf1 | 0xf1
[OK ]  | 15777 | 0x000061a1 | 0x7b | 0x7b
[OK ]  | 15778 | 0x000061a2 | 0xff | 0xff
[OK ]  | 15779 | 0x000061a3 | 0xff | 0xff
[OK ]  | 15780 | 0x000061a4 | 0x67 | 0x67
[OK ]  | 15781 | 0x000061a5 | 0x5a | 0x5a
[OK ]  | 15782 | 0x000061a6 | 0x00 | 0x00
[OK ]  | 15783 | 0x000061a7 | 0x00 | 0x00
[OK ]  | 15784 | 0x000061a8 | 0xf0 | 0xf0
[OK ]  | 15785 | 0x000061a9 | 0x90 | 0x90
[OK ]  | 15786 | 0x000061aa | 0xff | 0xff
[OK ]  | 15787 | 0x000061ab | 0xff | 0xff
[OK ]  | 15788 | 0x000061ac | 0x01 | 0x01
[OK ]  | 15789 | 0x000061ad | 0xab | 0xab
[OK ]  | 15790 | 0x000061ae | 0xff | 0xff
[OK ]  | 15791 | 0x000061af | 0xff | 0xff
[OK ]  | 15792 | 0x000061b0 | 0x8c | 0x8c
[OK ]  | 15793 | 0x000061b1 | 0x4c | 0x4c
[OK ]  | 15794 | 0x000061b2 | 0xff | 0xff
[OK ]  | 15795 | 0x000061b3 | 0xff | 0xff
[OK ]  | 15796 | 0x000061b4 | 0x8d | 0x8d
[OK ]  | 15797 | 0x000061b5 | 0x67 | 0x67
[OK ]  | 15798 | 0x000061b6 | 0x00 | 0x00
[OK ]  | 15799 | 0x000061b7 | 0x00 | 0x00
[OK ]  | 15800 | 0x000061b8 | 0xfc | 0xfc
[OK ]  | 15801 | 0x000061b9 | 0x9f | 0x9f
[OK ]  | 15802 | 0x000061ba | 0x00 | 0x00
[OK ]  | 15803 | 0x000061bb | 0x00 | 0x00
[OK ]  | 15804 | 0x000061bc | 0xd3 | 0xd3
[OK ]  | 15805 | 0x000061bd | 0x2b | 0x2b
[OK ]  | 15806 | 0x000061be | 0x00 | 0x00
[OK ]  | 15807 | 0x000061bf | 0x00 | 0x00
[OK ]  | 15808 | 0x000061c0 | 0x9b | 0x9b
[OK ]  | 15809 | 0x000061c1 | 0xc5 | 0xc5
[OK ]  | 15810 | 0x000061c2 | 0xfe | 0xfe
[OK ]  | 15811 | 0x000061c3 | 0xff | 0xff
[OK ]  | 15812 | 0x000061c4 | 0xc0 | 0xc0
[OK ]  | 15813 | 0x000061c5 | 0xba | 0xba
[OK ]  | 15814 | 0x000061c6 | 0x01 | 0x01
[OK ]  | 15815 | 0x000061c7 | 0x00 | 0x00
[OK ]  | 15816 | 0x000061c8 | 0x1b | 0x1b
[OK ]  | 15817 | 0x000061c9 | 0xc5 | 0xc5
[OK ]  | 15818 | 0x000061ca | 0xff | 0xff
[OK ]  | 15819 | 0x000061cb | 0xff | 0xff
[OK ]  | 15820 | 0x000061cc | 0xbf | 0xbf
[OK ]  | 15821 | 0x000061cd | 0x8b | 0x8b
[OK ]  | 15822 | 0x000061ce | 0xff | 0xff
[OK ]  | 15823 | 0x000061cf | 0xff | 0xff
[OK ]  | 15824 | 0x000061d0 | 0xad | 0xad
[OK ]  | 15825 | 0x000061d1 | 0x6b | 0x6b
[OK ]  | 15826 | 0x000061d2 | 0xff | 0xff
[OK ]  | 15827 | 0x000061d3 | 0xff | 0xff
[OK ]  | 15828 | 0x000061d4 | 0xe8 | 0xe8
[OK ]  | 15829 | 0x000061d5 | 0xfe | 0xfe
[OK ]  | 15830 | 0x000061d6 | 0x00 | 0x00
[OK ]  | 15831 | 0x000061d7 | 0x00 | 0x00
[OK ]  | 15832 | 0x000061d8 | 0x4a | 0x4a
[OK ]  | 15833 | 0x000061d9 | 0x7b | 0x7b
[OK ]  | 15834 | 0x000061da | 0xff | 0xff
[OK ]  | 15835 | 0x000061db | 0xff | 0xff
[OK ]  | 15836 | 0x000061dc | 0x87 | 0x87
[OK ]  | 15837 | 0x000061dd | 0xa9 | 0xa9
[OK ]  | 15838 | 0x000061de | 0xfe | 0xfe
[OK ]  | 15839 | 0x000061df | 0xff | 0xff
[OK ]  | 15840 | 0x000061e0 | 0xc0 | 0xc0
[OK ]  | 15841 | 0x000061e1 | 0x67 | 0x67
[OK ]  | 15842 | 0x000061e2 | 0x01 | 0x01
[OK ]  | 15843 | 0x000061e3 | 0x00 | 0x00
[OK ]  | 15844 | 0x000061e4 | 0xc5 | 0xc5
[OK ]  | 15845 | 0x000061e5 | 0x79 | 0x79
[OK ]  | 15846 | 0x000061e6 | 0x00 | 0x00
[OK ]  | 15847 | 0x000061e7 | 0x00 | 0x00
[OK ]  | 15848 | 0x000061e8 | 0x9d | 0x9d
[OK ]  | 15849 | 0x000061e9 | 0xc5 | 0xc5
[OK ]  | 15850 | 0x000061ea | 0xff | 0xff
[OK ]  | 15851 | 0x000061eb | 0xff | 0xff
[OK ]  | 15852 | 0x000061ec | 0xb7 | 0xb7
[OK ]  | 15853 | 0x000061ed | 0xd5 | 0xd5
[OK ]  | 15854 | 0x000061ee | 0x00 | 0x00
[OK ]  | 15855 | 0x000061ef | 0x00 | 0x00
[OK ]  | 15856 | 0x000061f0 | 0x25 | 0x25
[OK ]  | 15857 | 0x000061f1 | 0x33 | 0x33
[OK ]  | 15858 | 0x000061f2 | 0x00 | 0x00
[OK ]  | 15859 | 0x000061f3 | 0x00 | 0x00
[OK ]  | 15860 | 0x000061f4 | 0xab | 0xab
[OK ]  | 15861 | 0x000061f5 | 0xb4 | 0xb4
[OK ]  | 15862 | 0x000061f6 | 0x00 | 0x00
[OK ]  | 15863 | 0x000061f7 | 0x00 | 0x00
[OK ]  | 15864 | 0x000061f8 | 0xf7 | 0xf7
[OK ]  | 15865 | 0x000061f9 | 0xe8 | 0xe8
[OK ]  | 15866 | 0x000061fa | 0x00 | 0x00
[OK ]  | 15867 | 0x000061fb | 0x00 | 0x00
[OK ]  | 15868 | 0x000061fc | 0x26 | 0x26
[OK ]  | 15869 | 0x000061fd | 0xc4 | 0xc4
[OK ]  | 15870 | 0x000061fe | 0xff | 0xff
[OK ]  | 15871 | 0x000061ff | 0xff | 0xff
[OK ]  | 15872 | 0x00006200 | 0x6e | 0x6e
[OK ]  | 15873 | 0x00006201 | 0xcd | 0xcd
[OK ]  | 15874 | 0x00006202 | 0xff | 0xff
[OK ]  | 15875 | 0x00006203 | 0xff | 0xff
[OK ]  | 15876 | 0x00006204 | 0x24 | 0x24
[OK ]  | 15877 | 0x00006205 | 0xe2 | 0xe2
[OK ]  | 15878 | 0x00006206 | 0xff | 0xff
[OK ]  | 15879 | 0x00006207 | 0xff | 0xff
[OK ]  | 15880 | 0x00006208 | 0x10 | 0x10
[OK ]  | 15881 | 0x00006209 | 0x24 | 0x24
[OK ]  | 15882 | 0x0000620a | 0xff | 0xff
[OK ]  | 15883 | 0x0000620b | 0xff | 0xff
[OK ]  | 15884 | 0x0000620c | 0x79 | 0x79
[OK ]  | 15885 | 0x0000620d | 0xd4 | 0xd4
[OK ]  | 15886 | 0x0000620e | 0xff | 0xff
[OK ]  | 15887 | 0x0000620f | 0xff | 0xff
[OK ]  | 15888 | 0x00006210 | 0xe5 | 0xe5
[OK ]  | 15889 | 0x00006211 | 0x3f | 0x3f
[OK ]  | 15890 | 0x00006212 | 0x00 | 0x00
[OK ]  | 15891 | 0x00006213 | 0x00 | 0x00
[OK ]  | 15892 | 0x00006214 | 0xc6 | 0xc6
[OK ]  | 15893 | 0x00006215 | 0x85 | 0x85
[OK ]  | 15894 | 0x00006216 | 0xff | 0xff
[OK ]  | 15895 | 0x00006217 | 0xff | 0xff
[OK ]  | 15896 | 0x00006218 | 0xca | 0xca
[OK ]  | 15897 | 0x00006219 | 0x6d | 0x6d
[OK ]  | 15898 | 0x0000621a | 0x00 | 0x00
[OK ]  | 15899 | 0x0000621b | 0x00 | 0x00
[OK ]  | 15900 | 0x0000621c | 0x89 | 0x89
[OK ]  | 15901 | 0x0000621d | 0x14 | 0x14
[OK ]  | 15902 | 0x0000621e | 0x02 | 0x02
[OK ]  | 15903 | 0x0000621f | 0x00 | 0x00
[OK ]  | 15904 | 0x00006220 | 0x20 | 0x20
[OK ]  | 15905 | 0x00006221 | 0x6b | 0x6b
[OK ]  | 15906 | 0x00006222 | 0xff | 0xff
[OK ]  | 15907 | 0x00006223 | 0xff | 0xff
[OK ]  | 15908 | 0x00006224 | 0xea | 0xea
[OK ]  | 15909 | 0x00006225 | 0xcc | 0xcc
[OK ]  | 15910 | 0x00006226 | 0xff | 0xff
[OK ]  | 15911 | 0x00006227 | 0xff | 0xff
[OK ]  | 15912 | 0x00006228 | 0xcc | 0xcc
[OK ]  | 15913 | 0x00006229 | 0xbd | 0xbd
[OK ]  | 15914 | 0x0000622a | 0x00 | 0x00
[OK ]  | 15915 | 0x0000622b | 0x00 | 0x00
[OK ]  | 15916 | 0x0000622c | 0x4c | 0x4c
[OK ]  | 15917 | 0x0000622d | 0xd1 | 0xd1
[OK ]  | 15918 | 0x0000622e | 0x00 | 0x00
[OK ]  | 15919 | 0x0000622f | 0x00 | 0x00
[OK ]  | 15920 | 0x00006230 | 0x10 | 0x10
[OK ]  | 15921 | 0x00006231 | 0xed | 0xed
[OK ]  | 15922 | 0x00006232 | 0xff | 0xff
[OK ]  | 15923 | 0x00006233 | 0xff | 0xff
[OK ]  | 15924 | 0x00006234 | 0x46 | 0x46
[OK ]  | 15925 | 0x00006235 | 0xc4 | 0xc4
[OK ]  | 15926 | 0x00006236 | 0xfe | 0xfe
[OK ]  | 15927 | 0x00006237 | 0xff | 0xff
[OK ]  | 15928 | 0x00006238 | 0xf0 | 0xf0
[OK ]  | 15929 | 0x00006239 | 0x68 | 0x68
[OK ]  | 15930 | 0x0000623a | 0x00 | 0x00
[OK ]  | 15931 | 0x0000623b | 0x00 | 0x00
[OK ]  | 15932 | 0x0000623c | 0x82 | 0x82
[OK ]  | 15933 | 0x0000623d | 0xd6 | 0xd6
[OK ]  | 15934 | 0x0000623e | 0x00 | 0x00
[OK ]  | 15935 | 0x0000623f | 0x00 | 0x00
[OK ]  | 15936 | 0x00006240 | 0x7e | 0x7e
[OK ]  | 15937 | 0x00006241 | 0xd9 | 0xd9
[OK ]  | 15938 | 0x00006242 | 0xff | 0xff
[OK ]  | 15939 | 0x00006243 | 0xff | 0xff
[OK ]  | 15940 | 0x00006244 | 0x47 | 0x47
[OK ]  | 15941 | 0x00006245 | 0x71 | 0x71
[OK ]  | 15942 | 0x00006246 | 0x00 | 0x00
[OK ]  | 15943 | 0x00006247 | 0x00 | 0x00
[OK ]  | 15944 | 0x00006248 | 0x53 | 0x53
[OK ]  | 15945 | 0x00006249 | 0xd9 | 0xd9
[OK ]  | 15946 | 0x0000624a | 0x01 | 0x01
[OK ]  | 15947 | 0x0000624b | 0x00 | 0x00
[OK ]  | 15948 | 0x0000624c | 0xdb | 0xdb
[OK ]  | 15949 | 0x0000624d | 0xdb | 0xdb
[OK ]  | 15950 | 0x0000624e | 0xff | 0xff
[OK ]  | 15951 | 0x0000624f | 0xff | 0xff
[OK ]  | 15952 | 0x00006250 | 0x29 | 0x29
[OK ]  | 15953 | 0x00006251 | 0x24 | 0x24
[OK ]  | 15954 | 0x00006252 | 0xff | 0xff
[OK ]  | 15955 | 0x00006253 | 0xff | 0xff
[OK ]  | 15956 | 0x00006254 | 0x19 | 0x19
[OK ]  | 15957 | 0x00006255 | 0x0a | 0x0a
[OK ]  | 15958 | 0x00006256 | 0x00 | 0x00
[OK ]  | 15959 | 0x00006257 | 0x00 | 0x00
[OK ]  | 15960 | 0x00006258 | 0xd4 | 0xd4
[OK ]  | 15961 | 0x00006259 | 0x07 | 0x07
[OK ]  | 15962 | 0x0000625a | 0x00 | 0x00
[OK ]  | 15963 | 0x0000625b | 0x00 | 0x00
[OK ]  | 15964 | 0x0000625c | 0x25 | 0x25
[OK ]  | 15965 | 0x0000625d | 0xc3 | 0xc3
[OK ]  | 15966 | 0x0000625e | 0x00 | 0x00
[OK ]  | 15967 | 0x0000625f | 0x00 | 0x00
[OK ]  | 15968 | 0x00006260 | 0x84 | 0x84
[OK ]  | 15969 | 0x00006261 | 0x99 | 0x99
[OK ]  | 15970 | 0x00006262 | 0xff | 0xff
[OK ]  | 15971 | 0x00006263 | 0xff | 0xff
[OK ]  | 15972 | 0x00006264 | 0xfb | 0xfb
[OK ]  | 15973 | 0x00006265 | 0x39 | 0x39
[OK ]  | 15974 | 0x00006266 | 0x00 | 0x00
[OK ]  | 15975 | 0x00006267 | 0x00 | 0x00
[OK ]  | 15976 | 0x00006268 | 0x8d | 0x8d
[OK ]  | 15977 | 0x00006269 | 0x5b | 0x5b
[OK ]  | 15978 | 0x0000626a | 0xff | 0xff
[OK ]  | 15979 | 0x0000626b | 0xff | 0xff
[OK ]  | 15980 | 0x0000626c | 0x3e | 0x3e
[OK ]  | 15981 | 0x0000626d | 0x11 | 0x11
[OK ]  | 15982 | 0x0000626e | 0x01 | 0x01
[OK ]  | 15983 | 0x0000626f | 0x00 | 0x00
[OK ]  | 15984 | 0x00006270 | 0x64 | 0x64
[OK ]  | 15985 | 0x00006271 | 0xe1 | 0xe1
[OK ]  | 15986 | 0x00006272 | 0xfe | 0xfe
[OK ]  | 15987 | 0x00006273 | 0xff | 0xff
[OK ]  | 15988 | 0x00006274 | 0x67 | 0x67
[OK ]  | 15989 | 0x00006275 | 0xc1 | 0xc1
[OK ]  | 15990 | 0x00006276 | 0xff | 0xff
[OK ]  | 15991 | 0x00006277 | 0xff | 0xff
[OK ]  | 15992 | 0x00006278 | 0xe4 | 0xe4
[OK ]  | 15993 | 0x00006279 | 0x2b | 0x2b
[OK ]  | 15994 | 0x0000627a | 0x01 | 0x01
[OK ]  | 15995 | 0x0000627b | 0x00 | 0x00
[OK ]  | 15996 | 0x0000627c | 0x88 | 0x88
[OK ]  | 15997 | 0x0000627d | 0x14 | 0x14
[OK ]  | 15998 | 0x0000627e | 0x01 | 0x01
[OK ]  | 15999 | 0x0000627f | 0x00 | 0x00
[OK ]  | 16000 | 0x00006280 | 0xac | 0xac
[OK ]  | 16001 | 0x00006281 | 0x60 | 0x60
[OK ]  | 16002 | 0x00006282 | 0x00 | 0x00
[OK ]  | 16003 | 0x00006283 | 0x00 | 0x00
[OK ]  | 16004 | 0x00006284 | 0xde | 0xde
[OK ]  | 16005 | 0x00006285 | 0x98 | 0x98
[OK ]  | 16006 | 0x00006286 | 0x00 | 0x00
[OK ]  | 16007 | 0x00006287 | 0x00 | 0x00
[OK ]  | 16008 | 0x00006288 | 0xcc | 0xcc
[OK ]  | 16009 | 0x00006289 | 0x96 | 0x96
[OK ]  | 16010 | 0x0000628a | 0x00 | 0x00
[OK ]  | 16011 | 0x0000628b | 0x00 | 0x00
[OK ]  | 16012 | 0x0000628c | 0xd9 | 0xd9
[OK ]  | 16013 | 0x0000628d | 0xf9 | 0xf9
[OK ]  | 16014 | 0x0000628e | 0xfe | 0xfe
[OK ]  | 16015 | 0x0000628f | 0xff | 0xff
[OK ]  | 16016 | 0x00006290 | 0xf7 | 0xf7
[OK ]  | 16017 | 0x00006291 | 0xac | 0xac
[OK ]  | 16018 | 0x00006292 | 0x00 | 0x00
[OK ]  | 16019 | 0x00006293 | 0x00 | 0x00
[OK ]  | 16020 | 0x00006294 | 0x7e | 0x7e
[OK ]  | 16021 | 0x00006295 | 0x13 | 0x13
[OK ]  | 16022 | 0x00006296 | 0x01 | 0x01
[OK ]  | 16023 | 0x00006297 | 0x00 | 0x00
[OK ]  | 16024 | 0x00006298 | 0x9b | 0x9b
[OK ]  | 16025 | 0x00006299 | 0x9d | 0x9d
[OK ]  | 16026 | 0x0000629a | 0xff | 0xff
[OK ]  | 16027 | 0x0000629b | 0xff | 0xff
[OK ]  | 16028 | 0x0000629c | 0x56 | 0x56
[OK ]  | 16029 | 0x0000629d | 0x53 | 0x53
[OK ]  | 16030 | 0x0000629e | 0x01 | 0x01
[OK ]  | 16031 | 0x0000629f | 0x00 | 0x00
[OK ]  | 16032 | 0x000062a0 | 0x4a | 0x4a
[OK ]  | 16033 | 0x000062a1 | 0x51 | 0x51
[OK ]  | 16034 | 0x000062a2 | 0x00 | 0x00
[OK ]  | 16035 | 0x000062a3 | 0x00 | 0x00
[OK ]  | 16036 | 0x000062a4 | 0x51 | 0x51
[OK ]  | 16037 | 0x000062a5 | 0x60 | 0x60
[OK ]  | 16038 | 0x000062a6 | 0xff | 0xff
[OK ]  | 16039 | 0x000062a7 | 0xff | 0xff
[OK ]  | 16040 | 0x000062a8 | 0x72 | 0x72
[OK ]  | 16041 | 0x000062a9 | 0x57 | 0x57
[OK ]  | 16042 | 0x000062aa | 0xff | 0xff
[OK ]  | 16043 | 0x000062ab | 0xff | 0xff
[OK ]  | 16044 | 0x000062ac | 0xb4 | 0xb4
[OK ]  | 16045 | 0x000062ad | 0xff | 0xff
[OK ]  | 16046 | 0x000062ae | 0xff | 0xff
[OK ]  | 16047 | 0x000062af | 0xff | 0xff
[OK ]  | 16048 | 0x000062b0 | 0x92 | 0x92
[OK ]  | 16049 | 0x000062b1 | 0x49 | 0x49
[OK ]  | 16050 | 0x000062b2 | 0x00 | 0x00
[OK ]  | 16051 | 0x000062b3 | 0x00 | 0x00
[OK ]  | 16052 | 0x000062b4 | 0x94 | 0x94
[OK ]  | 16053 | 0x000062b5 | 0xfb | 0xfb
[OK ]  | 16054 | 0x000062b6 | 0xff | 0xff
[OK ]  | 16055 | 0x000062b7 | 0xff | 0xff
[OK ]  | 16056 | 0x000062b8 | 0xae | 0xae
[OK ]  | 16057 | 0x000062b9 | 0xf4 | 0xf4
[OK ]  | 16058 | 0x000062ba | 0xff | 0xff
[OK ]  | 16059 | 0x000062bb | 0xff | 0xff
[OK ]  | 16060 | 0x000062bc | 0x06 | 0x06
[OK ]  | 16061 | 0x000062bd | 0x9e | 0x9e
[OK ]  | 16062 | 0x000062be | 0xff | 0xff
[OK ]  | 16063 | 0x000062bf | 0xff | 0xff
[OK ]  | 16064 | 0x000062c0 | 0x4c | 0x4c
[OK ]  | 16065 | 0x000062c1 | 0xbd | 0xbd
[OK ]  | 16066 | 0x000062c2 | 0xff | 0xff
[OK ]  | 16067 | 0x000062c3 | 0xff | 0xff
[OK ]  | 16068 | 0x000062c4 | 0x7f | 0x7f
[OK ]  | 16069 | 0x000062c5 | 0xe0 | 0xe0
[OK ]  | 16070 | 0x000062c6 | 0xff | 0xff
[OK ]  | 16071 | 0x000062c7 | 0xff | 0xff
[OK ]  | 16072 | 0x000062c8 | 0x25 | 0x25
[OK ]  | 16073 | 0x000062c9 | 0x18 | 0x18
[OK ]  | 16074 | 0x000062ca | 0x01 | 0x01
[OK ]  | 16075 | 0x000062cb | 0x00 | 0x00
[OK ]  | 16076 | 0x000062cc | 0x0b | 0x0b
[OK ]  | 16077 | 0x000062cd | 0xb2 | 0xb2
[OK ]  | 16078 | 0x000062ce | 0x00 | 0x00
[OK ]  | 16079 | 0x000062cf | 0x00 | 0x00
[OK ]  | 16080 | 0x000062d0 | 0xc7 | 0xc7
[OK ]  | 16081 | 0x000062d1 | 0x46 | 0x46
[OK ]  | 16082 | 0x000062d2 | 0x00 | 0x00
[OK ]  | 16083 | 0x000062d3 | 0x00 | 0x00
[OK ]  | 16084 | 0x000062d4 | 0x5e | 0x5e
[OK ]  | 16085 | 0x000062d5 | 0x1f | 0x1f
[OK ]  | 16086 | 0x000062d6 | 0x01 | 0x01
[OK ]  | 16087 | 0x000062d7 | 0x00 | 0x00
[OK ]  | 16088 | 0x000062d8 | 0x5b | 0x5b
[OK ]  | 16089 | 0x000062d9 | 0xc2 | 0xc2
[OK ]  | 16090 | 0x000062da | 0xff | 0xff
[OK ]  | 16091 | 0x000062db | 0xff | 0xff
[OK ]  | 16092 | 0x000062dc | 0xed | 0xed
[OK ]  | 16093 | 0x000062dd | 0x96 | 0x96
[OK ]  | 16094 | 0x000062de | 0x01 | 0x01
[OK ]  | 16095 | 0x000062df | 0x00 | 0x00
[OK ]  | 16096 | 0x000062e0 | 0x2e | 0x2e
[OK ]  | 16097 | 0x000062e1 | 0x5f | 0x5f
[OK ]  | 16098 | 0x000062e2 | 0x00 | 0x00
[OK ]  | 16099 | 0x000062e3 | 0x00 | 0x00
[OK ]  | 16100 | 0x000062e4 | 0xb9 | 0xb9
[OK ]  | 16101 | 0x000062e5 | 0x49 | 0x49
[OK ]  | 16102 | 0x000062e6 | 0xff | 0xff
[OK ]  | 16103 | 0x000062e7 | 0xff | 0xff
[OK ]  | 16104 | 0x000062e8 | 0xf0 | 0xf0
[OK ]  | 16105 | 0x000062e9 | 0xca | 0xca
[OK ]  | 16106 | 0x000062ea | 0xff | 0xff
[OK ]  | 16107 | 0x000062eb | 0xff | 0xff
[OK ]  | 16108 | 0x000062ec | 0x28 | 0x28
[OK ]  | 16109 | 0x000062ed | 0x60 | 0x60
[OK ]  | 16110 | 0x000062ee | 0xff | 0xff
[OK ]  | 16111 | 0x000062ef | 0xff | 0xff
[OK ]  | 16112 | 0x000062f0 | 0xe8 | 0xe8
[OK ]  | 16113 | 0x000062f1 | 0x31 | 0x31
[OK ]  | 16114 | 0x000062f2 | 0xff | 0xff
[OK ]  | 16115 | 0x000062f3 | 0xff | 0xff
[OK ]  | 16116 | 0x000062f4 | 0xcd | 0xcd
[OK ]  | 16117 | 0x000062f5 | 0xbc | 0xbc
[OK ]  | 16118 | 0x000062f6 | 0xff | 0xff
[OK ]  | 16119 | 0x000062f7 | 0xff | 0xff
[OK ]  | 16120 | 0x000062f8 | 0xfa | 0xfa
[OK ]  | 16121 | 0x000062f9 | 0xfe | 0xfe
[OK ]  | 16122 | 0x000062fa | 0xfe | 0xfe
[OK ]  | 16123 | 0x000062fb | 0xff | 0xff
[OK ]  | 16124 | 0x000062fc | 0x9e | 0x9e
[OK ]  | 16125 | 0x000062fd | 0x9e | 0x9e
[OK ]  | 16126 | 0x000062fe | 0xff | 0xff
[OK ]  | 16127 | 0x000062ff | 0xff | 0xff
[OK ]  | 16128 | 0x00006300 | 0xff | 0xff
[OK ]  | 16129 | 0x00006301 | 0x0c | 0x0c
[OK ]  | 16130 | 0x00006302 | 0x01 | 0x01
[OK ]  | 16131 | 0x00006303 | 0x00 | 0x00
[OK ]  | 16132 | 0x00006304 | 0x27 | 0x27
[OK ]  | 16133 | 0x00006305 | 0x72 | 0x72
[OK ]  | 16134 | 0x00006306 | 0x00 | 0x00
[OK ]  | 16135 | 0x00006307 | 0x00 | 0x00
[OK ]  | 16136 | 0x00006308 | 0x68 | 0x68
[OK ]  | 16137 | 0x00006309 | 0x34 | 0x34
[OK ]  | 16138 | 0x0000630a | 0x01 | 0x01
[OK ]  | 16139 | 0x0000630b | 0x00 | 0x00
[OK ]  | 16140 | 0x0000630c | 0x78 | 0x78
[OK ]  | 16141 | 0x0000630d | 0xad | 0xad
[OK ]  | 16142 | 0x0000630e | 0xfe | 0xfe
[OK ]  | 16143 | 0x0000630f | 0xff | 0xff
[OK ]  | 16144 | 0x00006310 | 0x76 | 0x76
[OK ]  | 16145 | 0x00006311 | 0xad | 0xad
[OK ]  | 16146 | 0x00006312 | 0xff | 0xff
[OK ]  | 16147 | 0x00006313 | 0xff | 0xff
[OK ]  | 16148 | 0x00006314 | 0x8c | 0x8c
[OK ]  | 16149 | 0x00006315 | 0x88 | 0x88
[OK ]  | 16150 | 0x00006316 | 0xff | 0xff
[OK ]  | 16151 | 0x00006317 | 0xff | 0xff
[OK ]  | 16152 | 0x00006318 | 0xfb | 0xfb
[OK ]  | 16153 | 0x00006319 | 0xf7 | 0xf7
[OK ]  | 16154 | 0x0000631a | 0x00 | 0x00
[OK ]  | 16155 | 0x0000631b | 0x00 | 0x00
[OK ]  | 16156 | 0x0000631c | 0x8d | 0x8d
[OK ]  | 16157 | 0x0000631d | 0xf2 | 0xf2
[OK ]  | 16158 | 0x0000631e | 0xff | 0xff
[OK ]  | 16159 | 0x0000631f | 0xff | 0xff
[OK ]  | 16160 | 0x00006320 | 0xfc | 0xfc
[OK ]  | 16161 | 0x00006321 | 0x66 | 0x66
[OK ]  | 16162 | 0x00006322 | 0xff | 0xff
[OK ]  | 16163 | 0x00006323 | 0xff | 0xff
[OK ]  | 16164 | 0x00006324 | 0x48 | 0x48
[OK ]  | 16165 | 0x00006325 | 0xad | 0xad
[OK ]  | 16166 | 0x00006326 | 0x00 | 0x00
[OK ]  | 16167 | 0x00006327 | 0x00 | 0x00
[OK ]  | 16168 | 0x00006328 | 0xf2 | 0xf2
[OK ]  | 16169 | 0x00006329 | 0x45 | 0x45
[OK ]  | 16170 | 0x0000632a | 0x00 | 0x00
[OK ]  | 16171 | 0x0000632b | 0x00 | 0x00
[OK ]  | 16172 | 0x0000632c | 0x99 | 0x99
[OK ]  | 16173 | 0x0000632d | 0xc7 | 0xc7
[OK ]  | 16174 | 0x0000632e | 0x00 | 0x00
[OK ]  | 16175 | 0x0000632f | 0x00 | 0x00
[OK ]  | 16176 | 0x00006330 | 0xe6 | 0xe6
[OK ]  | 16177 | 0x00006331 | 0xda | 0xda
[OK ]  | 16178 | 0x00006332 | 0xff | 0xff
[OK ]  | 16179 | 0x00006333 | 0xff | 0xff
[OK ]  | 16180 | 0x00006334 | 0xd1 | 0xd1
[OK ]  | 16181 | 0x00006335 | 0x3a | 0x3a
[OK ]  | 16182 | 0x00006336 | 0x00 | 0x00
[OK ]  | 16183 | 0x00006337 | 0x00 | 0x00
[OK ]  | 16184 | 0x00006338 | 0xd2 | 0xd2
[OK ]  | 16185 | 0x00006339 | 0xed | 0xed
[OK ]  | 16186 | 0x0000633a | 0xff | 0xff
[OK ]  | 16187 | 0x0000633b | 0xff | 0xff
[OK ]  | 16188 | 0x0000633c | 0x33 | 0x33
[OK ]  | 16189 | 0x0000633d | 0xd2 | 0xd2
[OK ]  | 16190 | 0x0000633e | 0xff | 0xff
[OK ]  | 16191 | 0x0000633f | 0xff | 0xff
[OK ]  | 16192 | 0x00006340 | 0x28 | 0x28
[OK ]  | 16193 | 0x00006341 | 0x4e | 0x4e
[OK ]  | 16194 | 0x00006342 | 0x00 | 0x00
[OK ]  | 16195 | 0x00006343 | 0x00 | 0x00
[OK ]  | 16196 | 0x00006344 | 0xeb | 0xeb
[OK ]  | 16197 | 0x00006345 | 0xdb | 0xdb
[OK ]  | 16198 | 0x00006346 | 0xfe | 0xfe
[OK ]  | 16199 | 0x00006347 | 0xff | 0xff
[OK ]  | 16200 | 0x00006348 | 0xc4 | 0xc4
[OK ]  | 16201 | 0x00006349 | 0x33 | 0x33
[OK ]  | 16202 | 0x0000634a | 0xff | 0xff
[OK ]  | 16203 | 0x0000634b | 0xff | 0xff
[OK ]  | 16204 | 0x0000634c | 0xb1 | 0xb1
[OK ]  | 16205 | 0x0000634d | 0xa9 | 0xa9
[OK ]  | 16206 | 0x0000634e | 0x00 | 0x00
[OK ]  | 16207 | 0x0000634f | 0x00 | 0x00
[OK ]  | 16208 | 0x00006350 | 0xdc | 0xdc
[OK ]  | 16209 | 0x00006351 | 0x3b | 0x3b
[OK ]  | 16210 | 0x00006352 | 0x00 | 0x00
[OK ]  | 16211 | 0x00006353 | 0x00 | 0x00
[OK ]  | 16212 | 0x00006354 | 0x2c | 0x2c
[OK ]  | 16213 | 0x00006355 | 0xe0 | 0xe0
[OK ]  | 16214 | 0x00006356 | 0xff | 0xff
[OK ]  | 16215 | 0x00006357 | 0xff | 0xff
[OK ]  | 16216 | 0x00006358 | 0x57 | 0x57
[OK ]  | 16217 | 0x00006359 | 0x3f | 0x3f
[OK ]  | 16218 | 0x0000635a | 0xff | 0xff
[OK ]  | 16219 | 0x0000635b | 0xff | 0xff
[OK ]  | 16220 | 0x0000635c | 0x48 | 0x48
[OK ]  | 16221 | 0x0000635d | 0x1a | 0x1a
[OK ]  | 16222 | 0x0000635e | 0x00 | 0x00
[OK ]  | 16223 | 0x0000635f | 0x00 | 0x00
[OK ]  | 16224 | 0x00006360 | 0xbf | 0xbf
[OK ]  | 16225 | 0x00006361 | 0x6b | 0x6b
[OK ]  | 16226 | 0x00006362 | 0x00 | 0x00
[OK ]  | 16227 | 0x00006363 | 0x00 | 0x00
[OK ]  | 16228 | 0x00006364 | 0x31 | 0x31
[OK ]  | 16229 | 0x00006365 | 0x9e | 0x9e
[OK ]  | 16230 | 0x00006366 | 0x00 | 0x00
[OK ]  | 16231 | 0x00006367 | 0x00 | 0x00
[OK ]  | 16232 | 0x00006368 | 0x23 | 0x23
[OK ]  | 16233 | 0x00006369 | 0x4e | 0x4e
[OK ]  | 16234 | 0x0000636a | 0x00 | 0x00
[OK ]  | 16235 | 0x0000636b | 0x00 | 0x00
[OK ]  | 16236 | 0x0000636c | 0xa4 | 0xa4
[OK ]  | 16237 | 0x0000636d | 0x06 | 0x06
[OK ]  | 16238 | 0x0000636e | 0x01 | 0x01
[OK ]  | 16239 | 0x0000636f | 0x00 | 0x00
[OK ]  | 16240 | 0x00006370 | 0x13 | 0x13
[OK ]  | 16241 | 0x00006371 | 0x96 | 0x96
[OK ]  | 16242 | 0x00006372 | 0xff | 0xff
[OK ]  | 16243 | 0x00006373 | 0xff | 0xff
[OK ]  | 16244 | 0x00006374 | 0x37 | 0x37
[OK ]  | 16245 | 0x00006375 | 0xcb | 0xcb
[OK ]  | 16246 | 0x00006376 | 0xff | 0xff
[OK ]  | 16247 | 0x00006377 | 0xff | 0xff
[OK ]  | 16248 | 0x00006378 | 0xb0 | 0xb0
[OK ]  | 16249 | 0x00006379 | 0x02 | 0x02
[OK ]  | 16250 | 0x0000637a | 0x01 | 0x01
[OK ]  | 16251 | 0x0000637b | 0x00 | 0x00
[OK ]  | 16252 | 0x0000637c | 0xf4 | 0xf4
[OK ]  | 16253 | 0x0000637d | 0x93 | 0x93
[OK ]  | 16254 | 0x0000637e | 0xff | 0xff
[OK ]  | 16255 | 0x0000637f | 0xff | 0xff
[OK ]  | 16256 | 0x00006380 | 0xa7 | 0xa7
[OK ]  | 16257 | 0x00006381 | 0xbc | 0xbc
[OK ]  | 16258 | 0x00006382 | 0x00 | 0x00
[OK ]  | 16259 | 0x00006383 | 0x00 | 0x00
[OK ]  | 16260 | 0x00006384 | 0xf0 | 0xf0
[OK ]  | 16261 | 0x00006385 | 0xf4 | 0xf4
[OK ]  | 16262 | 0x00006386 | 0xff | 0xff
[OK ]  | 16263 | 0x00006387 | 0xff | 0xff
[OK ]  | 16264 | 0x00006388 | 0x08 | 0x08
[OK ]  | 16265 | 0x00006389 | 0xda | 0xda
[OK ]  | 16266 | 0x0000638a | 0x00 | 0x00
[OK ]  | 16267 | 0x0000638b | 0x00 | 0x00
[OK ]  | 16268 | 0x0000638c | 0xd1 | 0xd1
[OK ]  | 16269 | 0x0000638d | 0x4e | 0x4e
[OK ]  | 16270 | 0x0000638e | 0x00 | 0x00
[OK ]  | 16271 | 0x0000638f | 0x00 | 0x00
[OK ]  | 16272 | 0x00006390 | 0xc0 | 0xc0
[OK ]  | 16273 | 0x00006391 | 0x52 | 0x52
[OK ]  | 16274 | 0x00006392 | 0x00 | 0x00
[OK ]  | 16275 | 0x00006393 | 0x00 | 0x00
[OK ]  | 16276 | 0x00006394 | 0xe3 | 0xe3
[OK ]  | 16277 | 0x00006395 | 0xb7 | 0xb7
[OK ]  | 16278 | 0x00006396 | 0xff | 0xff
[OK ]  | 16279 | 0x00006397 | 0xff | 0xff
[OK ]  | 16280 | 0x00006398 | 0x2c | 0x2c
[OK ]  | 16281 | 0x00006399 | 0xa8 | 0xa8
[OK ]  | 16282 | 0x0000639a | 0xff | 0xff
[OK ]  | 16283 | 0x0000639b | 0xff | 0xff
[OK ]  | 16284 | 0x0000639c | 0x50 | 0x50
[OK ]  | 16285 | 0x0000639d | 0x03 | 0x03
[OK ]  | 16286 | 0x0000639e | 0xff | 0xff
[OK ]  | 16287 | 0x0000639f | 0xff | 0xff
[OK ]  | 16288 | 0x000063a0 | 0x50 | 0x50
[OK ]  | 16289 | 0x000063a1 | 0xba | 0xba
[OK ]  | 16290 | 0x000063a2 | 0x00 | 0x00
[OK ]  | 16291 | 0x000063a3 | 0x00 | 0x00
[OK ]  | 16292 | 0x000063a4 | 0x4d | 0x4d
[OK ]  | 16293 | 0x000063a5 | 0xbd | 0xbd
[OK ]  | 16294 | 0x000063a6 | 0xff | 0xff
[OK ]  | 16295 | 0x000063a7 | 0xff | 0xff
[OK ]  | 16296 | 0x000063a8 | 0xb4 | 0xb4
[OK ]  | 16297 | 0x000063a9 | 0xeb | 0xeb
[OK ]  | 16298 | 0x000063aa | 0xfe | 0xfe
[OK ]  | 16299 | 0x000063ab | 0xff | 0xff
[OK ]  | 16300 | 0x000063ac | 0x9a | 0x9a
[OK ]  | 16301 | 0x000063ad | 0xdc | 0xdc
[OK ]  | 16302 | 0x000063ae | 0x00 | 0x00
[OK ]  | 16303 | 0x000063af | 0x00 | 0x00
[OK ]  | 16304 | 0x000063b0 | 0x17 | 0x17
[OK ]  | 16305 | 0x000063b1 | 0x3a | 0x3a
[OK ]  | 16306 | 0x000063b2 | 0x00 | 0x00
[OK ]  | 16307 | 0x000063b3 | 0x00 | 0x00
[OK ]  | 16308 | 0x000063b4 | 0xa5 | 0xa5
[OK ]  | 16309 | 0x000063b5 | 0x28 | 0x28
[OK ]  | 16310 | 0x000063b6 | 0xff | 0xff
[OK ]  | 16311 | 0x000063b7 | 0xff | 0xff
[OK ]  | 16312 | 0x000063b8 | 0x7a | 0x7a
[OK ]  | 16313 | 0x000063b9 | 0x3e | 0x3e
[OK ]  | 16314 | 0x000063ba | 0xff | 0xff
[OK ]  | 16315 | 0x000063bb | 0xff | 0xff
[OK ]  | 16316 | 0x000063bc | 0x25 | 0x25
[OK ]  | 16317 | 0x000063bd | 0x74 | 0x74
[OK ]  | 16318 | 0x000063be | 0x01 | 0x01
[OK ]  | 16319 | 0x000063bf | 0x00 | 0x00
[OK ]  | 16320 | 0x000063c0 | 0x0d | 0x0d
[OK ]  | 16321 | 0x000063c1 | 0x93 | 0x93
[OK ]  | 16322 | 0x000063c2 | 0x00 | 0x00
[OK ]  | 16323 | 0x000063c3 | 0x00 | 0x00
[OK ]  | 16324 | 0x000063c4 | 0x54 | 0x54
[OK ]  | 16325 | 0x000063c5 | 0x9a | 0x9a
[OK ]  | 16326 | 0x000063c6 | 0xff | 0xff
[OK ]  | 16327 | 0x000063c7 | 0xff | 0xff
[OK ]  | 16328 | 0x000063c8 | 0xf4 | 0xf4
[OK ]  | 16329 | 0x000063c9 | 0x94 | 0x94
[OK ]  | 16330 | 0x000063ca | 0x00 | 0x00
[OK ]  | 16331 | 0x000063cb | 0x00 | 0x00
[OK ]  | 16332 | 0x000063cc | 0x5a | 0x5a
[OK ]  | 16333 | 0x000063cd | 0x46 | 0x46
[OK ]  | 16334 | 0x000063ce | 0x02 | 0x02
[OK ]  | 16335 | 0x000063cf | 0x00 | 0x00
[OK ]  | 16336 | 0x000063d0 | 0x70 | 0x70
[OK ]  | 16337 | 0x000063d1 | 0x51 | 0x51
[OK ]  | 16338 | 0x000063d2 | 0xff | 0xff
[OK ]  | 16339 | 0x000063d3 | 0xff | 0xff
[OK ]  | 16340 | 0x000063d4 | 0x52 | 0x52
[OK ]  | 16341 | 0x000063d5 | 0xfc | 0xfc
[OK ]  | 16342 | 0x000063d6 | 0x00 | 0x00
[OK ]  | 16343 | 0x000063d7 | 0x00 | 0x00
[OK ]  | 16344 | 0x000063d8 | 0xc9 | 0xc9
[OK ]  | 16345 | 0x000063d9 | 0xaa | 0xaa
[OK ]  | 16346 | 0x000063da | 0xff | 0xff
[OK ]  | 16347 | 0x000063db | 0xff | 0xff
[OK ]  | 16348 | 0x000063dc | 0x11 | 0x11
[OK ]  | 16349 | 0x000063dd | 0x1d | 0x1d
[OK ]  | 16350 | 0x000063de | 0x01 | 0x01
[OK ]  | 16351 | 0x000063df | 0x00 | 0x00
[OK ]  | 16352 | 0x000063e0 | 0x10 | 0x10
[OK ]  | 16353 | 0x000063e1 | 0x02 | 0x02
[OK ]  | 16354 | 0x000063e2 | 0x00 | 0x00
[OK ]  | 16355 | 0x000063e3 | 0x00 | 0x00
[OK ]  | 16356 | 0x000063e4 | 0x74 | 0x74
[OK ]  | 16357 | 0x000063e5 | 0x24 | 0x24
[OK ]  | 16358 | 0x000063e6 | 0xff | 0xff
[OK ]  | 16359 | 0x000063e7 | 0xff | 0xff
[OK ]  | 16360 | 0x000063e8 | 0x23 | 0x23
[OK ]  | 16361 | 0x000063e9 | 0x84 | 0x84
[OK ]  | 16362 | 0x000063ea | 0xff | 0xff
[OK ]  | 16363 | 0x000063eb | 0xff | 0xff
[OK ]  | 16364 | 0x000063ec | 0x77 | 0x77
[OK ]  | 16365 | 0x000063ed | 0x05 | 0x05
[OK ]  | 16366 | 0x000063ee | 0x00 | 0x00
[OK ]  | 16367 | 0x000063ef | 0x00 | 0x00
[OK ]  | 16368 | 0x000063f0 | 0x4a | 0x4a
[OK ]  | 16369 | 0x000063f1 | 0x53 | 0x53
[OK ]  | 16370 | 0x000063f2 | 0x00 | 0x00
[OK ]  | 16371 | 0x000063f3 | 0x00 | 0x00
[OK ]  | 16372 | 0x000063f4 | 0xee | 0xee
[OK ]  | 16373 | 0x000063f5 | 0x95 | 0x95
[OK ]  | 16374 | 0x000063f6 | 0xff | 0xff
[OK ]  | 16375 | 0x000063f7 | 0xff | 0xff
[OK ]  | 16376 | 0x000063f8 | 0x68 | 0x68
[OK ]  | 16377 | 0x000063f9 | 0x96 | 0x96
[OK ]  | 16378 | 0x000063fa | 0x01 | 0x01
[OK ]  | 16379 | 0x000063fb | 0x00 | 0x00
[OK ]  | 16380 | 0x000063fc | 0x52 | 0x52
[OK ]  | 16381 | 0x000063fd | 0x46 | 0x46
[OK ]  | 16382 | 0x000063fe | 0x00 | 0x00
[OK ]  | 16383 | 0x000063ff | 0x00 | 0x00
--------------------------------------------------
[PASS] All 16384 bytes matched.
--------------------------------------------------
